Row ID,Order ID,Order Date,Ship Date,Ship Mode,Customer ID,Country/Region,City,State/Province,Postal Code,Division,Region,Product ID,Product Name,Sales,Units,Gross Profit,Cost,Shipping Days,Gross Margin %,Profit per Unit,Cost per Unit,Price per Unit,Factory,Factory_Lat,Factory_Lon
1,US-2024-10001-CH,2026-05-10,2026-05-12,Standard Class,CUST-14426,United States,Athens,Georgia,30605,Sugar,Gulf,PROD-6629,SweeTARTS,73.71,9,20.73,52.98,2,28.12,2.3,5.89,8.19,Sugar Shack,48.11914,-96.18115
2,US-2024-10002-CH,2025-01-07,2025-01-11,Second Class,CUST-16949,United States,Los Angeles,California,90049,Sugar,Pacific,PROD-2120,Everlasting Gobstopper,217.0,25,24.76,192.24,4,11.41,0.99,7.69,8.68,Secret Factory,41.446333,-90.565487
3,US-2024-10003-CH,2024-06-09,2024-06-12,Standard Class,CUST-12558,United States,Henderson,Kentucky,42420,Chocolate,Gulf,PROD-3893,Wonka Bar - Fudge Mallows,59.11,23,23.98,35.13,3,40.57,1.04,1.53,2.57,Lot's O' Nuts,32.881893,-111.768036
4,US-2024-10004-CH,2026-05-25,2026-05-28,Standard Class,CUST-15393,United States,Houston,Texas,77095,Other,Gulf,PROD-9359,Fizzy Lifting Drinks,42.68,4,4.54,38.14,3,10.64,1.14,9.54,10.67,Sugar Shack,48.11914,-96.18115
5,US-2024-10005-CH,2024-11-11,2024-11-14,Standard Class,CUST-17099,United States,Seattle,Washington,98101,Chocolate,Pacific,PROD-0874,Wonka Bar - Milk Chocolate,26.5,10,12.13,14.37,3,45.77,1.21,1.44,2.65,Wicked Choccy's,32.076176,-81.088371
6,US-2024-10006-CH,2024-02-04,2024-02-11,Standard Class,CUST-13843,United States,Los Angeles,California,90049,Sugar,Pacific,PROD-6629,SweeTARTS,156.51,37,62.77,93.74,7,40.11,1.7,2.53,4.23,Sugar Shack,48.11914,-96.18115
7,US-2024-10007-CH,2025-12-30,2026-01-02,First Class,CUST-17629,United States,Philadelphia,Pennsylvania,19143,Sugar,Atlantic,PROD-2533,Laffy Taffy,121.0,11,44.72,76.28,3,36.96,4.07,6.93,11.0,Sugar Shack,48.11914,-96.18115
8,US-2024-10008-CH,2025-12-02,2025-12-05,Standard Class,CUST-14859,United States,Seattle,Washington,98101,Sugar,Pacific,PROD-6629,SweeTARTS,163.2,17,58.42,104.78,3,35.8,3.44,6.16,9.6,Sugar Shack,48.11914,-96.18115
9,US-2024-10009-CH,2024-06-05,2024-06-10,Standard Class,CUST-12695,United States,Seattle,Washington,98101,Sugar,Pacific,PROD-0725,Hair Toffee,5.3,2,1.09,4.21,5,20.57,0.55,2.1,2.65,The Other Factory,35.1175,-89.971107
10,US-2024-10010-CH,2025-08-15,2025-08-19,Standard Class,CUST-16184,United States,Houston,Texas,77095,Sugar,Gulf,PROD-5646,Nerds,353.88,36,93.71,260.17,4,26.48,2.6,7.23,9.83,Sugar Shack,48.11914,-96.18115
11,US-2024-10011-CH,2024-07-19,2024-07-23,Second Class,CUST-18996,United States,Chicago,Illinois,60601,Sugar,Interior,PROD-0725,Hair Toffee,119.35,35,23.0,96.35,4,19.27,0.66,2.75,3.41,The Other Factory,35.1175,-89.971107
12,US-2024-10012-CH,2025-12-26,2025-12-31,First Class,CUST-11028,United States,Los Angeles,California,90049,Chocolate,Pacific,PROD-3776,Wonka Bar -Scrumdiddlyumptious,12.28,2,7.9,4.38,5,64.33,3.95,2.19,6.14,Lot's O' Nuts,32.881893,-111.768036
13,US-2024-10013-CH,2026-02-05,2026-02-08,Standard Class,CUST-11484,United States,Chicago,Illinois,60601,Other,Interior,PROD-9359,Fizzy Lifting Drinks,209.16,28,10.11,199.05,3,4.83,0.36,7.11,7.47,Sugar Shack,48.11914,-96.18115
14,US-2024-10014-CH,2024-08-28,2024-08-31,Second Class,CUST-11678,United States,Chicago,Illinois,60601,Chocolate,Interior,PROD-3776,Wonka Bar -Scrumdiddlyumptious,300.63,33,130.72,169.91,3,43.48,3.96,5.15,9.11,Lot's O' Nuts,32.881893,-111.768036
15,US-2024-10015-CH,2025-06-08,2025-06-10,Standard Class,CUST-12693,United States,Athens,Georgia,30605,Sugar,Gulf,PROD-2120,Everlasting Gobstopper,249.78,23,63.97,185.81,2,25.61,2.78,8.08,10.86,Secret Factory,41.446333,-90.565487
16,US-2024-10016-CH,2026-03-08,2026-03-13,Standard Class,CUST-11306,United States,Athens,Georgia,30605,Sugar,Gulf,PROD-0725,Hair Toffee,170.52,29,55.71,114.81,5,32.67,1.92,3.96,5.88,The Other Factory,35.1175,-89.971107
17,US-2024-10017-CH,2025-09-19,2025-09-22,Standard Class,CUST-13748,United States,Seattle,Washington,98101,Other,Pacific,PROD-9415,Wonka Gum,10.28,4,2.34,7.94,3,22.76,0.58,1.98,2.57,Secret Factory,41.446333,-90.565487
18,US-2024-10018-CH,2024-08-21,2024-08-24,Standard Class,CUST-13763,United States,Houston,Texas,77095,Chocolate,Gulf,PROD-8572,Wonka Bar - Nutty Crunch Surprise,65.6,16,29.83,35.77,3,45.47,1.86,2.24,4.1,Lot's O' Nuts,32.881893,-111.768036
19,US-2024-10019-CH,2025-03-17,2025-03-24,Standard Class,CUST-10698,United States,New York,New York,10001,Chocolate,Atlantic,PROD-8572,Wonka Bar - Nutty Crunch Surprise,288.8,40,137.24,151.56,7,47.52,3.43,3.79,7.22,Lot's O' Nuts,32.881893,-111.768036
20,US-2024-10020-CH,2025-10-03,2025-10-06,Standard Class,CUST-15249,United States,Philadelphia,Pennsylvania,19143,Chocolate,Atlantic,PROD-8572,Wonka Bar - Nutty Crunch Surprise,123.6,24,77.51,46.09,3,62.71,3.23,1.92,5.15,Lot's O' Nuts,32.881893,-111.768036
21,US-2024-10021-CH,2025-11-02,2025-11-05,Standard Class,CUST-14389,United States,Atlanta,Georgia,30301,Chocolate,Gulf,PROD-7514,Wonka Bar - Triple Dazzle Caramel,16.35,5,8.05,8.3,3,49.24,1.61,1.66,3.27,Wicked Choccy's,32.076176,-81.088371
22,US-2024-10022-CH,2026-06-02,2026-06-09,First Class,CUST-19339,United States,Henderson,Kentucky,42420,Sugar,Gulf,PROD-5646,Nerds,174.57,23,46.79,127.78,7,26.8,2.03,5.56,7.59,Sugar Shack,48.11914,-96.18115
23,US-2024-10023-CH,2025-04-08,2025-04-10,Second Class,CUST-18338,United States,Naperville,Illinois,60540,Sugar,Interior,PROD-2120,Everlasting Gobstopper,117.6,21,18.24,99.36,2,15.51,0.87,4.73,5.6,Secret Factory,41.446333,-90.565487
24,US-2024-10024-CH,2026-03-30,2026-04-06,Standard Class,CUST-18155,United States,Chicago,Illinois,60601,Chocolate,Interior,PROD-0874,Wonka Bar - Milk Chocolate,252.97,41,160.43,92.54,7,63.42,3.91,2.26,6.17,Wicked Choccy's,32.076176,-81.088371
25,US-2024-10025-CH,2024-05-30,2024-06-02,First Class,CUST-19208,United States,Seattle,Washington,98101,Sugar,Pacific,PROD-9885,Fun Dip,212.85,43,81.31,131.54,3,38.2,1.89,3.06,4.95,Sugar Shack,48.11914,-96.18115
26,US-2024-10026-CH,2024-01-02,2024-01-09,Standard Class,CUST-17400,United States,New York,New York,10001,Chocolate,Atlantic,PROD-0874,Wonka Bar - Milk Chocolate,101.4,13,62.93,38.47,7,62.06,4.84,2.96,7.8,Wicked Choccy's,32.076176,-81.088371
27,US-2024-10027-CH,2026-03-26,2026-03-31,Second Class,CUST-11648,United States,Houston,Texas,77095,Chocolate,Gulf,PROD-3776,Wonka Bar -Scrumdiddlyumptious,229.53,21,136.56,92.97,5,59.5,6.5,4.43,10.93,Lot's O' Nuts,32.881893,-111.768036
28,US-2024-10028-CH,2025-02-25,2025-03-01,Same Day,CUST-12961,United States,Athens,Georgia,30605,Sugar,Gulf,PROD-5646,Nerds,217.44,36,95.24,122.2,4,43.8,2.65,3.39,6.04,Sugar Shack,48.11914,-96.18115
29,US-2024-10029-CH,2025-12-06,2025-12-10,Standard Class,CUST-14493,United States,Philadelphia,Pennsylvania,19143,Other,Atlantic,PROD-9415,Wonka Gum,203.15,17,29.25,173.9,4,14.4,1.72,10.23,11.95,Secret Factory,41.446333,-90.565487
30,US-2024-10030-CH,2025-05-18,2025-05-22,Standard Class,CUST-19146,United States,Athens,Georgia,30605,Chocolate,Gulf,PROD-7514,Wonka Bar - Triple Dazzle Caramel,74.8,8,35.68,39.12,4,47.7,4.46,4.89,9.35,Wicked Choccy's,32.076176,-81.088371
31,US-2024-10031-CH,2025-01-09,2025-01-12,First Class,CUST-13354,United States,Naperville,Illinois,60540,Chocolate,Interior,PROD-3776,Wonka Bar -Scrumdiddlyumptious,363.94,31,181.34,182.6,3,49.83,5.85,5.89,11.74,Lot's O' Nuts,32.881893,-111.768036
32,US-2024-10032-CH,2024-10-03,2024-10-06,Standard Class,CUST-19007,United States,Philadelphia,Pennsylvania,19143,Sugar,Atlantic,PROD-2120,Everlasting Gobstopper,256.65,29,81.11,175.54,3,31.6,2.8,6.05,8.85,Secret Factory,41.446333,-90.565487
33,US-2024-10033-CH,2025-06-30,2025-07-04,Standard Class,CUST-11060,United States,Athens,Georgia,30605,Chocolate,Gulf,PROD-3776,Wonka Bar -Scrumdiddlyumptious,215.1,18,111.31,103.79,4,51.75,6.18,5.77,11.95,Lot's O' Nuts,32.881893,-111.768036
34,US-2024-10034-CH,2024-10-28,2024-11-04,Standard Class,CUST-12975,United States,New York,New York,10001,Sugar,Atlantic,PROD-5646,Nerds,425.16,36,112.7,312.46,7,26.51,3.13,8.68,11.81,Sugar Shack,48.11914,-96.18115
35,US-2024-10035-CH,2024-09-12,2024-09-15,Second Class,CUST-11895,United States,New York,New York,10001,Sugar,Atlantic,PROD-6629,SweeTARTS,148.01,19,64.71,83.3,3,43.72,3.41,4.38,7.79,Sugar Shack,48.11914,-96.18115
36,US-2024-10036-CH,2025-09-17,2025-09-21,Standard Class,CUST-10784,United States,Los Angeles,California,90049,Other,Pacific,PROD-9415,Wonka Gum,135.93,23,22.23,113.7,4,16.35,0.97,4.94,5.91,Secret Factory,41.446333,-90.565487
37,US-2024-10037-CH,2025-01-27,2025-01-31,Standard Class,CUST-11841,United States,New York,New York,10001,Sugar,Atlantic,PROD-5646,Nerds,379.75,49,117.46,262.29,4,30.93,2.4,5.35,7.75,Sugar Shack,48.11914,-96.18115
38,US-2024-10038-CH,2025-06-08,2025-06-10,Second Class,CUST-16655,United States,Los Angeles,California,90049,Sugar,Pacific,PROD-9885,Fun Dip,58.08,8,23.79,34.29,2,40.96,2.97,4.29,7.26,Sugar Shack,48.11914,-96.18115
39,US-2024-10039-CH,2025-04-15,2025-04-17,Standard Class,CUST-13769,United States,Houston,Texas,77095,Other,Gulf,PROD-9415,Wonka Gum,118.65,35,29.02,89.63,2,24.46,0.83,2.56,3.39,Secret Factory,41.446333,-90.565487
40,US-2024-10040-CH,2024-11-09,2024-11-14,Standard Class,CUST-13124,United States,Naperville,Illinois,60540,Other,Interior,PROD-2646,Kazookles,443.33,43,84.25,359.08,5,19.0,1.96,8.35,10.31,The Other Factory,35.1175,-89.971107
41,US-2024-10041-CH,2024-04-12,2024-04-14,Second Class,CUST-17079,United States,Henderson,Kentucky,42420,Sugar,Gulf,PROD-0725,Hair Toffee,200.1,46,40.59,159.51,2,20.28,0.88,3.47,4.35,The Other Factory,35.1175,-89.971107
42,US-2024-10042-CH,2025-09-27,2025-10-01,Standard Class,CUST-19561,United States,Philadelphia,Pennsylvania,19143,Chocolate,Atlantic,PROD-0874,Wonka Bar - Milk Chocolate,201.0,20,94.01,106.99,4,46.77,4.7,5.35,10.05,Wicked Choccy's,32.076176,-81.088371
43,US-2024-10043-CH,2024-04-26,2024-04-28,First Class,CUST-17805,United States,Atlanta,Georgia,30301,Chocolate,Gulf,PROD-7514,Wonka Bar - Triple Dazzle Caramel,90.4,10,37.48,52.92,2,41.46,3.75,5.29,9.04,Wicked Choccy's,32.076176,-81.088371
44,US-2024-10044-CH,2025-05-02,2025-05-09,Standard Class,CUST-17004,United States,Seattle,Washington,98101,Sugar,Pacific,PROD-2533,Laffy Taffy,23.14,2,9.2,13.94,7,39.76,4.6,6.97,11.57,Sugar Shack,48.11914,-96.18115
45,US-2024-10045-CH,2024-03-16,2024-03-19,Standard Class,CUST-12141,United States,Houston,Texas,77095,Sugar,Gulf,PROD-6629,SweeTARTS,138.32,38,44.04,94.28,3,31.84,1.16,2.48,3.64,Sugar Shack,48.11914,-96.18115
46,US-2024-10046-CH,2025-03-28,2025-03-31,Standard Class,CUST-17421,United States,Athens,Georgia,30605,Other,Gulf,PROD-9415,Wonka Gum,263.25,27,79.43,183.82,3,30.17,2.94,6.81,9.75,Secret Factory,41.446333,-90.565487
47,US-2024-10047-CH,2024-01-23,2024-01-25,Standard Class,CUST-12489,United States,Henderson,Kentucky,42420,Other,Gulf,PROD-9415,Wonka Gum,65.52,6,10.83,54.69,2,16.53,1.8,9.12,10.92,Secret Factory,41.446333,-90.565487
48,US-2024-10048-CH,2024-11-20,2024-11-24,Standard Class,CUST-19087,United States,Los Angeles,California,90049,Chocolate,Pacific,PROD-8572,Wonka Bar - Nutty Crunch Surprise,53.89,17,30.21,23.68,4,56.06,1.78,1.39,3.17,Lot's O' Nuts,32.881893,-111.768036
49,US-2024-10049-CH,2025-10-25,2025-10-29,Standard Class,CUST-15732,United States,Athens,Georgia,30605,Sugar,Gulf,PROD-2120,Everlasting Gobstopper,309.96,36,66.51,243.45,4,21.46,1.85,6.76,8.61,Secret Factory,41.446333,-90.565487
50,US-2024-10050-CH,2025-07-30,2025-08-06,Standard Class,CUST-13373,United States,Houston,Texas,77095,Sugar,Gulf,PROD-0725,Hair Toffee,49.06,11,8.27,40.79,7,16.86,0.75,3.71,4.46,The Other Factory,35.1175,-89.971107
51,US-2024-10051-CH,2026-01-23,2026-01-27,Second Class,CUST-10417,United States,Houston,Texas,77095,Chocolate,Gulf,PROD-3893,Wonka Bar - Fudge Mallows,157.14,18,78.0,79.14,4,49.64,4.33,4.4,8.73,Lot's O' Nuts,32.881893,-111.768036
52,US-2024-10052-CH,2024-07-14,2024-07-18,Standard Class,CUST-17164,United States,Seattle,Washington,98101,Chocolate,Pacific,PROD-3776,Wonka Bar -Scrumdiddlyumptious,524.4,46,214.9,309.5,4,40.98,4.67,6.73,11.4,Lot's O' Nuts,32.881893,-111.768036
53,US-2024-10053-CH,2025-01-28,2025-01-31,Standard Class,CUST-15073,United States,Athens,Georgia,30605,Sugar,Gulf,PROD-9885,Fun Dip,254.0,25,113.82,140.18,3,44.81,4.55,5.61,10.16,Sugar Shack,48.11914,-96.18115
54,US-2024-10054-CH,2024-04-05,2024-04-08,Second Class,CUST-12914,United States,Chicago,Illinois,60601,Chocolate,Interior,PROD-8572,Wonka Bar - Nutty Crunch Surprise,351.45,33,178.27,173.18,3,50.72,5.4,5.25,10.65,Lot's O' Nuts,32.881893,-111.768036
55,US-2024-10055-CH,2026-05-30,2026-06-02,Standard Class,CUST-10395,United States,New York,New York,10001,Sugar,Atlantic,PROD-9885,Fun Dip,303.8,49,94.03,209.77,3,30.95,1.92,4.28,6.2,Sugar Shack,48.11914,-96.18115
56,US-2024-10056-CH,2024-03-16,2024-03-19,Standard Class,CUST-15486,United States,Seattle,Washington,98101,Other,Pacific,PROD-0345,Lickable Wallpaper,334.37,29,56.39,277.98,3,16.86,1.94,9.59,11.53,Secret Factory,41.446333,-90.565487
57,US-2024-10057-CH,2024-04-08,2024-04-12,Second Class,CUST-12156,United States,Henderson,Kentucky,42420,Chocolate,Gulf,PROD-7514,Wonka Bar - Triple Dazzle Caramel,212.3,22,126.93,85.37,4,59.79,5.77,3.88,9.65,Wicked Choccy's,32.076176,-81.088371
58,US-2024-10058-CH,2024-07-04,2024-07-06,Standard Class,CUST-18010,United States,Atlanta,Georgia,30301,Chocolate,Gulf,PROD-7514,Wonka Bar - Triple Dazzle Caramel,96.96,32,56.65,40.31,2,58.43,1.77,1.26,3.03,Wicked Choccy's,32.076176,-81.088371
59,US-2024-10059-CH,2024-03-14,2024-03-19,Second Class,CUST-16313,United States,Seattle,Washington,98101,Chocolate,Pacific,PROD-3893,Wonka Bar - Fudge Mallows,62.28,18,26.22,36.06,5,42.1,1.46,2.0,3.46,Lot's O' Nuts,32.881893,-111.768036
60,US-2024-10060-CH,2026-03-05,2026-03-09,Standard Class,CUST-19580,United States,Philadelphia,Pennsylvania,19143,Sugar,Atlantic,PROD-9885,Fun Dip,44.28,6,13.14,31.14,4,29.67,2.19,5.19,7.38,Sugar Shack,48.11914,-96.18115
61,US-2024-10061-CH,2025-05-14,2025-05-17,Standard Class,CUST-13486,United States,Naperville,Illinois,60540,Chocolate,Interior,PROD-8572,Wonka Bar - Nutty Crunch Surprise,94.96,8,55.87,39.09,3,58.84,6.98,4.89,11.87,Lot's O' Nuts,32.881893,-111.768036
62,US-2024-10062-CH,2024-06-15,2024-06-18,Standard Class,CUST-14849,United States,Naperville,Illinois,60540,Chocolate,Interior,PROD-3776,Wonka Bar -Scrumdiddlyumptious,152.28,27,77.45,74.83,3,50.86,2.87,2.77,5.64,Lot's O' Nuts,32.881893,-111.768036
63,US-2024-10063-CH,2025-10-21,2025-10-23,Standard Class,CUST-10504,United States,Atlanta,Georgia,30301,Sugar,Gulf,PROD-0725,Hair Toffee,401.94,42,108.63,293.31,2,27.03,2.59,6.98,9.57,The Other Factory,35.1175,-89.971107
64,US-2024-10064-CH,2025-02-12,2025-02-17,Same Day,CUST-16316,United States,New York,New York,10001,Other,Atlantic,PROD-2646,Kazookles,259.35,39,77.94,181.41,5,30.05,2.0,4.65,6.65,The Other Factory,35.1175,-89.971107
65,US-2024-10065-CH,2024-03-20,2024-03-23,Second Class,CUST-16190,United States,Henderson,Kentucky,42420,Other,Gulf,PROD-0345,Lickable Wallpaper,134.76,12,1.1,133.66,3,0.82,0.09,11.14,11.23,Secret Factory,41.446333,-90.565487
66,US-2024-10066-CH,2025-06-09,2025-06-12,First Class,CUST-18120,United States,New York,New York,10001,Sugar,Atlantic,PROD-9885,Fun Dip,16.92,2,6.21,10.71,3,36.7,3.1,5.36,8.46,Sugar Shack,48.11914,-96.18115
67,US-2024-10067-CH,2026-01-05,2026-01-07,Standard Class,CUST-16819,United States,Atlanta,Georgia,30301,Sugar,Gulf,PROD-2120,Everlasting Gobstopper,266.37,39,67.93,198.44,2,25.5,1.74,5.09,6.83,Secret Factory,41.446333,-90.565487
68,US-2024-10068-CH,2025-11-28,2025-12-01,Same Day,CUST-17102,United States,Los Angeles,California,90049,Other,Pacific,PROD-9359,Fizzy Lifting Drinks,93.96,29,16.36,77.6,3,17.41,0.56,2.68,3.24,Sugar Shack,48.11914,-96.18115
69,US-2024-10069-CH,2025-12-24,2025-12-28,First Class,CUST-15713,United States,Seattle,Washington,98101,Chocolate,Pacific,PROD-8572,Wonka Bar - Nutty Crunch Surprise,197.96,49,124.27,73.69,4,62.78,2.54,1.5,4.04,Lot's O' Nuts,32.881893,-111.768036
70,US-2024-10070-CH,2026-03-25,2026-04-01,Standard Class,CUST-11015,United States,Henderson,Kentucky,42420,Chocolate,Gulf,PROD-3776,Wonka Bar -Scrumdiddlyumptious,124.96,11,77.04,47.92,7,61.65,7.0,4.36,11.36,Lot's O' Nuts,32.881893,-111.768036
71,US-2024-10071-CH,2024-03-05,2024-03-08,Standard Class,CUST-13925,United States,Naperville,Illinois,60540,Chocolate,Interior,PROD-8572,Wonka Bar - Nutty Crunch Surprise,188.64,48,103.48,85.16,3,54.86,2.16,1.77,3.93,Lot's O' Nuts,32.881893,-111.768036
72,US-2024-10072-CH,2025-04-05,2025-04-07,Standard Class,CUST-12000,United States,New York,New York,10001,Sugar,Atlantic,PROD-2120,Everlasting Gobstopper,270.48,42,45.54,224.94,2,16.84,1.08,5.36,6.44,Secret Factory,41.446333,-90.565487
73,US-2024-10073-CH,2026-05-19,2026-05-26,First Class,CUST-17245,United States,Henderson,Kentucky,42420,Chocolate,Gulf,PROD-7514,Wonka Bar - Triple Dazzle Caramel,235.44,24,149.78,85.66,7,63.62,6.24,3.57,9.81,Wicked Choccy's,32.076176,-81.088371
74,US-2024-10074-CH,2024-02-20,2024-02-23,Second Class,CUST-13419,United States,New York,New York,10001,Sugar,Atlantic,PROD-9885,Fun Dip,23.35,5,8.97,14.38,3,38.42,1.79,2.88,4.67,Sugar Shack,48.11914,-96.18115
75,US-2024-10075-CH,2025-07-04,2025-07-08,Standard Class,CUST-11077,United States,Los Angeles,California,90049,Other,Pacific,PROD-2646,Kazookles,245.7,35,75.64,170.06,4,30.79,2.16,4.86,7.02,The Other Factory,35.1175,-89.971107
76,US-2024-10076-CH,2026-01-03,2026-01-07,Second Class,CUST-16996,United States,Henderson,Kentucky,42420,Sugar,Gulf,PROD-0725,Hair Toffee,67.86,18,7.27,60.59,4,10.71,0.4,3.37,3.77,The Other Factory,35.1175,-89.971107
77,US-2024-10077-CH,2024-03-15,2024-03-18,Second Class,CUST-18017,United States,Philadelphia,Pennsylvania,19143,Other,Atlantic,PROD-9415,Wonka Gum,326.04,39,112.52,213.52,3,34.51,2.89,5.47,8.36,Secret Factory,41.446333,-90.565487
78,US-2024-10078-CH,2025-03-22,2025-03-26,Standard Class,CUST-13177,United States,Houston,Texas,77095,Other,Gulf,PROD-9415,Wonka Gum,264.42,39,86.63,177.79,4,32.76,2.22,4.56,6.78,Secret Factory,41.446333,-90.565487
79,US-2024-10079-CH,2024-05-12,2024-05-16,Standard Class,CUST-14164,United States,New York,New York,10001,Chocolate,Atlantic,PROD-3776,Wonka Bar -Scrumdiddlyumptious,124.3,11,65.01,59.29,4,52.3,5.91,5.39,11.3,Lot's O' Nuts,32.881893,-111.768036
80,US-2024-10080-CH,2024-02-22,2024-02-25,Standard Class,CUST-17830,United States,Naperville,Illinois,60540,Chocolate,Interior,PROD-3893,Wonka Bar - Fudge Mallows,352.44,44,171.07,181.37,3,48.54,3.89,4.12,8.01,Lot's O' Nuts,32.881893,-111.768036
81,US-2024-10081-CH,2025-06-03,2025-06-05,Standard Class,CUST-14188,United States,Naperville,Illinois,60540,Sugar,Interior,PROD-6629,SweeTARTS,28.9,5,12.41,16.49,2,42.94,2.48,3.3,5.78,Sugar Shack,48.11914,-96.18115
82,US-2024-10082-CH,2024-02-20,2024-02-22,Standard Class,CUST-16981,United States,Atlanta,Georgia,30301,Chocolate,Gulf,PROD-3893,Wonka Bar - Fudge Mallows,34.68,6,16.89,17.79,2,48.7,2.82,2.96,5.78,Lot's O' Nuts,32.881893,-111.768036
83,US-2024-10083-CH,2024-08-20,2024-08-23,Second Class,CUST-17240,United States,Henderson,Kentucky,42420,Chocolate,Gulf,PROD-8572,Wonka Bar - Nutty Crunch Surprise,280.12,47,147.3,132.82,3,52.58,3.13,2.83,5.96,Lot's O' Nuts,32.881893,-111.768036
84,US-2024-10084-CH,2024-02-16,2024-02-20,Standard Class,CUST-14432,United States,Seattle,Washington,98101,Other,Pacific,PROD-9359,Fizzy Lifting Drinks,353.28,48,-4.91,358.19,4,-1.39,-0.1,7.46,7.36,Sugar Shack,48.11914,-96.18115
85,US-2024-10085-CH,2024-09-13,2024-09-15,Standard Class,CUST-18717,United States,Athens,Georgia,30605,Other,Gulf,PROD-9359,Fizzy Lifting Drinks,153.0,36,-0.28,153.28,2,-0.18,-0.01,4.26,4.25,Sugar Shack,48.11914,-96.18115
86,US-2024-10086-CH,2024-03-18,2024-03-21,Standard Class,CUST-15122,United States,Chicago,Illinois,60601,Other,Interior,PROD-9359,Fizzy Lifting Drinks,142.14,46,-2.28,144.42,3,-1.6,-0.05,3.14,3.09,Sugar Shack,48.11914,-96.18115
87,US-2024-10087-CH,2026-01-19,2026-01-23,Standard Class,CUST-18152,United States,Chicago,Illinois,60601,Other,Interior,PROD-2646,Kazookles,494.04,46,93.14,400.9,4,18.85,2.02,8.72,10.74,The Other Factory,35.1175,-89.971107
88,US-2024-10088-CH,2024-01-28,2024-01-30,Standard Class,CUST-16288,United States,Henderson,Kentucky,42420,Sugar,Gulf,PROD-6629,SweeTARTS,81.18,18,25.61,55.57,2,31.55,1.42,3.09,4.51,Sugar Shack,48.11914,-96.18115
89,US-2024-10089-CH,2024-01-25,2024-01-29,Standard Class,CUST-19685,United States,Athens,Georgia,30605,Other,Gulf,PROD-0345,Lickable Wallpaper,34.64,4,2.09,32.55,4,6.03,0.52,8.14,8.66,Secret Factory,41.446333,-90.565487
90,US-2024-10090-CH,2025-01-03,2025-01-06,Second Class,CUST-11761,United States,Los Angeles,California,90049,Chocolate,Pacific,PROD-3893,Wonka Bar - Fudge Mallows,223.6,43,109.74,113.86,3,49.08,2.55,2.65,5.2,Lot's O' Nuts,32.881893,-111.768036
91,US-2024-10091-CH,2024-11-10,2024-11-17,Standard Class,CUST-11605,United States,Los Angeles,California,90049,Sugar,Pacific,PROD-2120,Everlasting Gobstopper,432.06,38,44.02,388.04,7,10.19,1.16,10.21,11.37,Secret Factory,41.446333,-90.565487
92,US-2024-10092-CH,2024-12-15,2024-12-17,Standard Class,CUST-18434,United States,Athens,Georgia,30605,Sugar,Gulf,PROD-6629,SweeTARTS,128.65,31,55.24,73.41,2,42.94,1.78,2.37,4.15,Sugar Shack,48.11914,-96.18115
93,US-2024-10093-CH,2024-08-16,2024-08-23,First Class,CUST-15966,United States,Los Angeles,California,90049,Other,Pacific,PROD-2646,Kazookles,352.64,32,86.04,266.6,7,24.4,2.69,8.33,11.02,The Other Factory,35.1175,-89.971107
94,US-2024-10094-CH,2026-05-30,2026-06-02,Standard Class,CUST-16316,United States,Naperville,Illinois,60540,Sugar,Interior,PROD-2533,Laffy Taffy,345.15,39,150.44,194.71,3,43.59,3.86,4.99,8.85,Sugar Shack,48.11914,-96.18115
95,US-2024-10095-CH,2024-11-21,2024-11-28,Standard Class,CUST-12048,United States,Henderson,Kentucky,42420,Sugar,Gulf,PROD-0725,Hair Toffee,32.7,5,7.42,25.28,7,22.69,1.48,5.06,6.54,The Other Factory,35.1175,-89.971107
96,US-2024-10096-CH,2026-03-15,2026-03-18,Standard Class,CUST-10009,United States,Naperville,Illinois,60540,Other,Interior,PROD-9359,Fizzy Lifting Drinks,205.35,37,17.78,187.57,3,8.66,0.48,5.07,5.55,Sugar Shack,48.11914,-96.18115
97,US-2024-10097-CH,2025-10-11,2025-10-18,Standard Class,CUST-12832,United States,Chicago,Illinois,60601,Chocolate,Interior,PROD-7514,Wonka Bar - Triple Dazzle Caramel,126.0,14,53.17,72.83,7,42.2,3.8,5.2,9.0,Wicked Choccy's,32.076176,-81.088371
98,US-2024-10098-CH,2025-07-03,2025-07-06,Second Class,CUST-11908,United States,Los Angeles,California,90049,Sugar,Pacific,PROD-9885,Fun Dip,108.81,31,45.72,63.09,3,42.02,1.47,2.04,3.51,Sugar Shack,48.11914,-96.18115
99,US-2024-10099-CH,2025-08-10,2025-08-13,First Class,CUST-18007,United States,Seattle,Washington,98101,Sugar,Pacific,PROD-5646,Nerds,19.08,2,6.96,12.12,3,36.48,3.48,6.06,9.54,Sugar Shack,48.11914,-96.18115
100,US-2024-10100-CH,2024-08-16,2024-08-19,Standard Class,CUST-10077,United States,Seattle,Washington,98101,Sugar,Pacific,PROD-2120,Everlasting Gobstopper,320.54,31,46.99,273.55,3,14.66,1.52,8.82,10.34,Secret Factory,41.446333,-90.565487
101,US-2024-10101-CH,2025-08-23,2025-08-28,Second Class,CUST-16943,United States,Athens,Georgia,30605,Other,Gulf,PROD-9359,Fizzy Lifting Drinks,233.74,26,12.61,221.13,5,5.39,0.48,8.5,8.99,Sugar Shack,48.11914,-96.18115
102,US-2024-10102-CH,2026-05-14,2026-05-18,Standard Class,CUST-14033,United States,Naperville,Illinois,60540,Chocolate,Interior,PROD-3776,Wonka Bar -Scrumdiddlyumptious,127.84,16,62.49,65.35,4,48.88,3.91,4.08,7.99,Lot's O' Nuts,32.881893,-111.768036
103,US-2024-10103-CH,2025-09-07,2025-09-10,Second Class,CUST-18135,United States,Henderson,Kentucky,42420,Other,Gulf,PROD-9415,Wonka Gum,144.4,40,48.37,96.03,3,33.5,1.21,2.4,3.61,Secret Factory,41.446333,-90.565487
104,US-2024-10104-CH,2024-01-15,2024-01-20,Second Class,CUST-11120,United States,Athens,Georgia,30605,Other,Gulf,PROD-9359,Fizzy Lifting Drinks,257.38,34,40.05,217.33,5,15.56,1.18,6.39,7.57,Sugar Shack,48.11914,-96.18115
105,US-2024-10105-CH,2025-02-14,2025-02-18,First Class,CUST-16028,United States,Henderson,Kentucky,42420,Other,Gulf,PROD-0345,Lickable Wallpaper,39.55,5,4.96,34.59,4,12.54,0.99,6.92,7.91,Secret Factory,41.446333,-90.565487
106,US-2024-10106-CH,2026-05-26,2026-05-28,Standard Class,CUST-12891,United States,Athens,Georgia,30605,Other,Gulf,PROD-2646,Kazookles,161.12,16,22.15,138.97,2,13.75,1.38,8.69,10.07,The Other Factory,35.1175,-89.971107
107,US-2024-10107-CH,2025-02-14,2025-02-18,Standard Class,CUST-16166,United States,Philadelphia,Pennsylvania,19143,Other,Atlantic,PROD-0345,Lickable Wallpaper,283.42,37,2.24,281.18,4,0.79,0.06,7.6,7.66,Secret Factory,41.446333,-90.565487
108,US-2024-10108-CH,2024-10-28,2024-11-01,Second Class,CUST-17790,United States,Atlanta,Georgia,30301,Other,Gulf,PROD-2646,Kazookles,217.89,27,49.35,168.54,4,22.65,1.83,6.24,8.07,The Other Factory,35.1175,-89.971107
109,US-2024-10109-CH,2024-11-19,2024-11-23,Standard Class,CUST-16024,United States,Athens,Georgia,30605,Sugar,Gulf,PROD-5646,Nerds,350.36,38,98.28,252.08,4,28.05,2.59,6.63,9.22,Sugar Shack,48.11914,-96.18115
110,US-2024-10110-CH,2024-01-29,2024-01-31,Standard Class,CUST-13476,United States,Houston,Texas,77095,Sugar,Gulf,PROD-2533,Laffy Taffy,474.18,42,161.3,312.88,2,34.02,3.84,7.45,11.29,Sugar Shack,48.11914,-96.18115
111,US-2024-10111-CH,2024-06-30,2024-07-05,Standard Class,CUST-12708,United States,Athens,Georgia,30605,Other,Gulf,PROD-9359,Fizzy Lifting Drinks,21.52,2,1.49,20.03,5,6.92,0.74,10.02,10.76,Sugar Shack,48.11914,-96.18115
112,US-2024-10112-CH,2024-11-04,2024-11-07,Standard Class,CUST-17973,United States,Seattle,Washington,98101,Other,Pacific,PROD-2646,Kazookles,153.09,27,30.55,122.54,3,19.96,1.13,4.54,5.67,The Other Factory,35.1175,-89.971107
113,US-2024-10113-CH,2024-07-28,2024-07-31,Standard Class,CUST-11205,United States,Chicago,Illinois,60601,Chocolate,Interior,PROD-3893,Wonka Bar - Fudge Mallows,190.4,28,86.85,103.55,3,45.61,3.1,3.7,6.8,Lot's O' Nuts,32.881893,-111.768036
114,US-2024-10114-CH,2024-06-28,2024-07-01,Standard Class,CUST-12713,United States,Seattle,Washington,98101,Sugar,Pacific,PROD-5646,Nerds,136.5,25,55.43,81.07,3,40.61,2.22,3.24,5.46,Sugar Shack,48.11914,-96.18115
115,US-2024-10115-CH,2025-04-13,2025-04-16,Standard Class,CUST-15182,United States,Philadelphia,Pennsylvania,19143,Sugar,Atlantic,PROD-0725,Hair Toffee,209.34,18,28.71,180.63,3,13.71,1.6,10.04,11.63,The Other Factory,35.1175,-89.971107
116,US-2024-10116-CH,2025-07-14,2025-07-17,Standard Class,CUST-18914,United States,Los Angeles,California,90049,Other,Pacific,PROD-0345,Lickable Wallpaper,103.62,33,12.69,90.93,3,12.25,0.38,2.76,3.14,Secret Factory,41.446333,-90.565487
117,US-2024-10117-CH,2025-03-04,2025-03-07,Second Class,CUST-16645,United States,New York,New York,10001,Other,Atlantic,PROD-9415,Wonka Gum,133.79,17,15.58,118.21,3,11.65,0.92,6.95,7.87,Secret Factory,41.446333,-90.565487
118,US-2024-10118-CH,2024-04-23,2024-04-26,First Class,CUST-14873,United States,New York,New York,10001,Sugar,Atlantic,PROD-0725,Hair Toffee,21.15,5,6.67,14.48,3,31.54,1.33,2.9,4.23,The Other Factory,35.1175,-89.971107
119,US-2024-10119-CH,2026-05-27,2026-05-30,Second Class,CUST-10832,United States,Houston,Texas,77095,Other,Gulf,PROD-9359,Fizzy Lifting Drinks,93.16,34,-1.31,94.47,3,-1.41,-0.04,2.78,2.74,Sugar Shack,48.11914,-96.18115
120,US-2024-10120-CH,2026-04-14,2026-04-17,Standard Class,CUST-17776,United States,Chicago,Illinois,60601,Sugar,Interior,PROD-9885,Fun Dip,31.41,9,12.88,18.53,3,41.01,1.43,2.06,3.49,Sugar Shack,48.11914,-96.18115
121,US-2024-10121-CH,2025-02-21,2025-02-26,First Class,CUST-14547,United States,Los Angeles,California,90049,Sugar,Pacific,PROD-0725,Hair Toffee,234.0,25,73.46,160.54,5,31.39,2.94,6.42,9.36,The Other Factory,35.1175,-89.971107
122,US-2024-10122-CH,2024-06-30,2024-07-03,Second Class,CUST-12198,United States,Henderson,Kentucky,42420,Chocolate,Gulf,PROD-0874,Wonka Bar - Milk Chocolate,178.56,32,75.3,103.26,3,42.17,2.35,3.23,5.58,Wicked Choccy's,32.076176,-81.088371
123,US-2024-10123-CH,2025-09-15,2025-09-17,First Class,CUST-16852,United States,Houston,Texas,77095,Chocolate,Gulf,PROD-7514,Wonka Bar - Triple Dazzle Caramel,318.57,37,183.49,135.08,2,57.6,4.96,3.65,8.61,Wicked Choccy's,32.076176,-81.088371
124,US-2024-10124-CH,2025-01-20,2025-01-23,Second Class,CUST-17083,United States,Atlanta,Georgia,30301,Chocolate,Gulf,PROD-0874,Wonka Bar - Milk Chocolate,135.07,13,65.68,69.39,3,48.63,5.05,5.34,10.39,Wicked Choccy's,32.076176,-81.088371
125,US-2024-10125-CH,2025-05-20,2025-05-24,Same Day,CUST-14223,United States,Athens,Georgia,30605,Chocolate,Gulf,PROD-3776,Wonka Bar -Scrumdiddlyumptious,89.75,25,48.59,41.16,4,54.14,1.94,1.65,3.59,Lot's O' Nuts,32.881893,-111.768036
126,US-2024-10126-CH,2024-04-24,2024-04-27,Standard Class,CUST-15877,United States,Philadelphia,Pennsylvania,19143,Chocolate,Atlantic,PROD-8572,Wonka Bar - Nutty Crunch Surprise,76.5,10,42.72,33.78,3,55.84,4.27,3.38,7.65,Lot's O' Nuts,32.881893,-111.768036
127,US-2024-10127-CH,2025-10-27,2025-10-30,First Class,CUST-15475,United States,Athens,Georgia,30605,Sugar,Gulf,PROD-2533,Laffy Taffy,417.22,46,161.31,255.91,3,38.66,3.51,5.56,9.07,Sugar Shack,48.11914,-96.18115
128,US-2024-10128-CH,2024-02-03,2024-02-06,Standard Class,CUST-10341,United States,Naperville,Illinois,60540,Sugar,Interior,PROD-9885,Fun Dip,187.98,26,74.07,113.91,3,39.4,2.85,4.38,7.23,Sugar Shack,48.11914,-96.18115
129,US-2024-10129-CH,2024-10-13,2024-10-18,Standard Class,CUST-19900,United States,Seattle,Washington,98101,Chocolate,Pacific,PROD-7514,Wonka Bar - Triple Dazzle Caramel,200.08,41,111.7,88.38,5,55.83,2.72,2.16,4.88,Wicked Choccy's,32.076176,-81.088371
130,US-2024-10130-CH,2025-04-20,2025-04-24,Second Class,CUST-12866,United States,Atlanta,Georgia,30301,Chocolate,Gulf,PROD-8572,Wonka Bar - Nutty Crunch Surprise,138.65,47,61.22,77.43,4,44.15,1.3,1.65,2.95,Lot's O' Nuts,32.881893,-111.768036
131,US-2024-10131-CH,2025-01-05,2025-01-08,First Class,CUST-18378,United States,Athens,Georgia,30605,Chocolate,Gulf,PROD-7514,Wonka Bar - Triple Dazzle Caramel,229.9,22,117.09,112.81,3,50.93,5.32,5.13,10.45,Wicked Choccy's,32.076176,-81.088371
132,US-2024-10132-CH,2024-08-14,2024-08-21,Standard Class,CUST-19977,United States,Los Angeles,California,90049,Sugar,Pacific,PROD-6629,SweeTARTS,554.88,48,153.7,401.18,7,27.7,3.2,8.36,11.56,Sugar Shack,48.11914,-96.18115
133,US-2024-10133-CH,2025-04-11,2025-04-14,Standard Class,CUST-10153,United States,Athens,Georgia,30605,Chocolate,Gulf,PROD-0874,Wonka Bar - Milk Chocolate,463.76,44,296.25,167.51,3,63.88,6.73,3.81,10.54,Wicked Choccy's,32.076176,-81.088371
134,US-2024-10134-CH,2024-03-13,2024-03-15,Standard Class,CUST-17970,United States,Henderson,Kentucky,42420,Chocolate,Gulf,PROD-3893,Wonka Bar - Fudge Mallows,115.56,18,66.59,48.97,2,57.62,3.7,2.72,6.42,Lot's O' Nuts,32.881893,-111.768036
135,US-2024-10135-CH,2024-08-16,2024-08-18,Standard Class,CUST-14090,United States,Philadelphia,Pennsylvania,19143,Chocolate,Atlantic,PROD-3776,Wonka Bar -Scrumdiddlyumptious,79.05,31,33.66,45.39,2,42.58,1.09,1.46,2.55,Lot's O' Nuts,32.881893,-111.768036
136,US-2024-10136-CH,2024-11-25,2024-11-29,Second Class,CUST-12708,United States,New York,New York,10001,Chocolate,Atlantic,PROD-8572,Wonka Bar - Nutty Crunch Surprise,159.36,48,101.92,57.44,4,63.96,2.12,1.2,3.32,Lot's O' Nuts,32.881893,-111.768036
137,US-2024-10137-CH,2025-04-29,2025-05-03,Second Class,CUST-13993,United States,Chicago,Illinois,60601,Chocolate,Interior,PROD-8572,Wonka Bar - Nutty Crunch Surprise,82.74,7,51.78,30.96,4,62.58,7.4,4.42,11.82,Lot's O' Nuts,32.881893,-111.768036
138,US-2024-10138-CH,2024-02-16,2024-02-18,Standard Class,CUST-10390,United States,Atlanta,Georgia,30301,Sugar,Gulf,PROD-9885,Fun Dip,191.93,17,54.91,137.02,2,28.61,3.23,8.06,11.29,Sugar Shack,48.11914,-96.18115
139,US-2024-10139-CH,2025-06-02,2025-06-05,Second Class,CUST-13294,United States,Henderson,Kentucky,42420,Other,Gulf,PROD-9415,Wonka Gum,176.4,49,36.24,140.16,3,20.54,0.74,2.86,3.6,Secret Factory,41.446333,-90.565487
140,US-2024-10140-CH,2025-02-05,2025-02-08,Standard Class,CUST-17980,United States,Athens,Georgia,30605,Other,Gulf,PROD-9415,Wonka Gum,114.0,40,28.39,85.61,3,24.9,0.71,2.14,2.85,Secret Factory,41.446333,-90.565487
141,US-2024-10141-CH,2026-03-15,2026-03-18,Standard Class,CUST-16640,United States,Houston,Texas,77095,Chocolate,Gulf,PROD-3893,Wonka Bar - Fudge Mallows,253.53,27,105.55,147.98,3,41.63,3.91,5.48,9.39,Lot's O' Nuts,32.881893,-111.768036
142,US-2024-10142-CH,2025-01-31,2025-02-04,Standard Class,CUST-18930,United States,Naperville,Illinois,60540,Chocolate,Interior,PROD-0874,Wonka Bar - Milk Chocolate,111.35,17,68.94,42.41,4,61.91,4.06,2.49,6.55,Wicked Choccy's,32.076176,-81.088371
143,US-2024-10143-CH,2025-02-17,2025-02-19,Second Class,CUST-17206,United States,Philadelphia,Pennsylvania,19143,Other,Atlantic,PROD-9359,Fizzy Lifting Drinks,105.28,14,17.47,87.81,2,16.59,1.25,6.27,7.52,Sugar Shack,48.11914,-96.18115
144,US-2024-10144-CH,2024-01-29,2024-02-02,Standard Class,CUST-11771,United States,Athens,Georgia,30605,Other,Gulf,PROD-9415,Wonka Gum,85.8,30,18.87,66.93,4,21.99,0.63,2.23,2.86,Secret Factory,41.446333,-90.565487
145,US-2024-10145-CH,2024-09-22,2024-09-24,Standard Class,CUST-11165,United States,Seattle,Washington,98101,Other,Pacific,PROD-2646,Kazookles,298.4,40,84.47,213.93,2,28.31,2.11,5.35,7.46,The Other Factory,35.1175,-89.971107
146,US-2024-10146-CH,2024-11-19,2024-11-23,Same Day,CUST-12632,United States,Philadelphia,Pennsylvania,19143,Sugar,Atlantic,PROD-5646,Nerds,110.2,38,27.94,82.26,4,25.35,0.74,2.16,2.9,Sugar Shack,48.11914,-96.18115
147,US-2024-10147-CH,2026-06-07,2026-06-11,Standard Class,CUST-14805,United States,New York,New York,10001,Other,Atlantic,PROD-2646,Kazookles,150.67,13,45.13,105.54,4,29.95,3.47,8.12,11.59,The Other Factory,35.1175,-89.971107
148,US-2024-10148-CH,2024-11-14,2024-11-21,Second Class,CUST-15690,United States,Los Angeles,California,90049,Sugar,Pacific,PROD-6629,SweeTARTS,133.08,12,59.6,73.48,7,44.79,4.97,6.12,11.09,Sugar Shack,48.11914,-96.18115
149,US-2024-10149-CH,2026-05-10,2026-05-14,Standard Class,CUST-10936,United States,Athens,Georgia,30605,Sugar,Gulf,PROD-5646,Nerds,167.44,46,43.43,124.01,4,25.94,0.94,2.7,3.64,Sugar Shack,48.11914,-96.18115
150,US-2024-10150-CH,2024-09-15,2024-09-20,First Class,CUST-11913,United States,Atlanta,Georgia,30301,Chocolate,Gulf,PROD-8572,Wonka Bar - Nutty Crunch Surprise,18.3,6,11.75,6.55,5,64.21,1.96,1.09,3.05,Lot's O' Nuts,32.881893,-111.768036
151,US-2024-10151-CH,2025-02-22,2025-02-26,Standard Class,CUST-17287,United States,Atlanta,Georgia,30301,Chocolate,Gulf,PROD-8572,Wonka Bar - Nutty Crunch Surprise,71.28,18,43.05,28.23,4,60.4,2.39,1.57,3.96,Lot's O' Nuts,32.881893,-111.768036
152,US-2024-10152-CH,2024-11-24,2024-11-29,Standard Class,CUST-19179,United States,Seattle,Washington,98101,Other,Pacific,PROD-0345,Lickable Wallpaper,128.06,38,19.44,108.62,5,15.18,0.51,2.86,3.37,Secret Factory,41.446333,-90.565487
153,US-2024-10153-CH,2024-07-13,2024-07-20,First Class,CUST-19610,United States,Seattle,Washington,98101,Other,Pacific,PROD-0345,Lickable Wallpaper,36.92,13,0.95,35.97,7,2.57,0.07,2.77,2.84,Secret Factory,41.446333,-90.565487
154,US-2024-10154-CH,2024-05-03,2024-05-06,Standard Class,CUST-18228,United States,Philadelphia,Pennsylvania,19143,Sugar,Atlantic,PROD-2120,Everlasting Gobstopper,81.99,9,9.2,72.79,3,11.22,1.02,8.09,9.11,Secret Factory,41.446333,-90.565487
155,US-2024-10155-CH,2025-08-15,2025-08-17,First Class,CUST-11591,United States,Henderson,Kentucky,42420,Sugar,Gulf,PROD-0725,Hair Toffee,325.22,46,80.69,244.53,2,24.81,1.75,5.32,7.07,The Other Factory,35.1175,-89.971107
156,US-2024-10156-CH,2024-02-09,2024-02-12,First Class,CUST-12139,United States,Philadelphia,Pennsylvania,19143,Sugar,Atlantic,PROD-5646,Nerds,435.62,46,154.32,281.3,3,35.43,3.35,6.12,9.47,Sugar Shack,48.11914,-96.18115
157,US-2024-10157-CH,2026-02-19,2026-02-24,Second Class,CUST-14795,United States,Seattle,Washington,98101,Chocolate,Pacific,PROD-8572,Wonka Bar - Nutty Crunch Surprise,294.84,26,125.74,169.1,5,42.65,4.84,6.5,11.34,Lot's O' Nuts,32.881893,-111.768036
158,US-2024-10158-CH,2026-01-16,2026-01-23,Standard Class,CUST-13741,United States,Henderson,Kentucky,42420,Sugar,Gulf,PROD-6629,SweeTARTS,331.2,32,91.34,239.86,7,27.58,2.85,7.5,10.35,Sugar Shack,48.11914,-96.18115
159,US-2024-10159-CH,2024-12-21,2024-12-24,Standard Class,CUST-19882,United States,Philadelphia,Pennsylvania,19143,Sugar,Atlantic,PROD-6629,SweeTARTS,102.48,14,25.75,76.73,3,25.13,1.84,5.48,7.32,Sugar Shack,48.11914,-96.18115
160,US-2024-10160-CH,2024-01-17,2024-01-19,Second Class,CUST-15445,United States,Seattle,Washington,98101,Chocolate,Pacific,PROD-8572,Wonka Bar - Nutty Crunch Surprise,298.2,35,159.54,138.66,2,53.5,4.56,3.96,8.52,Lot's O' Nuts,32.881893,-111.768036
161,US-2024-10161-CH,2025-08-08,2025-08-11,First Class,CUST-15084,United States,Chicago,Illinois,60601,Chocolate,Interior,PROD-3776,Wonka Bar -Scrumdiddlyumptious,201.25,35,112.33,88.92,3,55.82,3.21,2.54,5.75,Lot's O' Nuts,32.881893,-111.768036
162,US-2024-10162-CH,2026-05-13,2026-05-17,Standard Class,CUST-18073,United States,Athens,Georgia,30605,Sugar,Gulf,PROD-2533,Laffy Taffy,26.8,5,10.5,16.3,4,39.18,2.1,3.26,5.36,Sugar Shack,48.11914,-96.18115
163,US-2024-10163-CH,2024-01-22,2024-01-26,Same Day,CUST-18954,United States,New York,New York,10001,Sugar,Atlantic,PROD-2533,Laffy Taffy,204.82,19,91.08,113.74,4,44.47,4.79,5.99,10.78,Sugar Shack,48.11914,-96.18115
164,US-2024-10164-CH,2025-01-15,2025-01-18,Standard Class,CUST-19645,United States,Athens,Georgia,30605,Chocolate,Gulf,PROD-3776,Wonka Bar -Scrumdiddlyumptious,81.3,30,39.1,42.2,3,48.09,1.3,1.41,2.71,Lot's O' Nuts,32.881893,-111.768036
165,US-2024-10165-CH,2024-04-08,2024-04-11,Standard Class,CUST-11823,United States,Athens,Georgia,30605,Chocolate,Gulf,PROD-3893,Wonka Bar - Fudge Mallows,300.4,40,182.19,118.21,3,60.65,4.55,2.96,7.51,Lot's O' Nuts,32.881893,-111.768036
166,US-2024-10166-CH,2024-01-22,2024-01-24,Standard Class,CUST-14116,United States,Athens,Georgia,30605,Chocolate,Gulf,PROD-3893,Wonka Bar - Fudge Mallows,46.12,4,20.19,25.93,2,43.78,5.05,6.48,11.53,Lot's O' Nuts,32.881893,-111.768036
167,US-2024-10167-CH,2024-03-24,2024-03-27,First Class,CUST-13598,United States,Henderson,Kentucky,42420,Other,Gulf,PROD-2646,Kazookles,71.1,6,14.39,56.71,3,20.24,2.4,9.45,11.85,The Other Factory,35.1175,-89.971107
168,US-2024-10168-CH,2026-04-11,2026-04-16,Standard Class,CUST-11607,United States,Houston,Texas,77095,Chocolate,Gulf,PROD-3893,Wonka Bar - Fudge Mallows,150.0,25,92.41,57.59,5,61.61,3.7,2.3,6.0,Lot's O' Nuts,32.881893,-111.768036
169,US-2024-10169-CH,2025-10-18,2025-10-20,Second Class,CUST-10959,United States,Seattle,Washington,98101,Sugar,Pacific,PROD-0725,Hair Toffee,88.38,9,27.5,60.88,2,31.12,3.06,6.76,9.82,The Other Factory,35.1175,-89.971107
170,US-2024-10170-CH,2025-06-19,2025-06-26,Standard Class,CUST-11875,United States,Henderson,Kentucky,42420,Sugar,Gulf,PROD-0725,Hair Toffee,17.04,4,3.67,13.37,7,21.54,0.92,3.34,4.26,The Other Factory,35.1175,-89.971107
171,US-2024-10171-CH,2025-11-08,2025-11-11,Second Class,CUST-18586,United States,Seattle,Washington,98101,Chocolate,Pacific,PROD-0874,Wonka Bar - Milk Chocolate,184.69,23,86.3,98.39,3,46.73,3.75,4.28,8.03,Wicked Choccy's,32.076176,-81.088371
172,US-2024-10172-CH,2024-03-12,2024-03-15,Second Class,CUST-19759,United States,New York,New York,10001,Other,Atlantic,PROD-0345,Lickable Wallpaper,193.13,31,11.66,181.47,3,6.04,0.38,5.85,6.23,Secret Factory,41.446333,-90.565487
173,US-2024-10173-CH,2026-03-11,2026-03-18,Standard Class,CUST-16731,United States,Seattle,Washington,98101,Sugar,Pacific,PROD-2120,Everlasting Gobstopper,120.96,42,26.63,94.33,7,22.02,0.63,2.25,2.88,Secret Factory,41.446333,-90.565487
174,US-2024-10174-CH,2024-03-26,2024-03-29,Standard Class,CUST-10001,United States,Naperville,Illinois,60540,Sugar,Interior,PROD-9885,Fun Dip,265.88,34,66.99,198.89,3,25.2,1.97,5.85,7.82,Sugar Shack,48.11914,-96.18115
175,US-2024-10175-CH,2026-01-14,2026-01-17,Standard Class,CUST-17014,United States,New York,New York,10001,Chocolate,Atlantic,PROD-8572,Wonka Bar - Nutty Crunch Surprise,351.22,34,171.9,179.32,3,48.94,5.06,5.27,10.33,Lot's O' Nuts,32.881893,-111.768036
176,US-2024-10176-CH,2024-05-22,2024-05-25,Second Class,CUST-11925,United States,Atlanta,Georgia,30301,Other,Gulf,PROD-9359,Fizzy Lifting Drinks,157.05,45,15.14,141.91,3,9.64,0.34,3.15,3.49,Sugar Shack,48.11914,-96.18115
177,US-2024-10177-CH,2024-03-13,2024-03-15,First Class,CUST-13389,United States,Naperville,Illinois,60540,Sugar,Interior,PROD-9885,Fun Dip,176.22,33,77.02,99.2,2,43.71,2.33,3.01,5.34,Sugar Shack,48.11914,-96.18115
178,US-2024-10178-CH,2025-04-03,2025-04-08,Standard Class,CUST-17294,United States,Chicago,Illinois,60601,Chocolate,Interior,PROD-0874,Wonka Bar - Milk Chocolate,40.9,5,24.37,16.53,5,59.58,4.87,3.31,8.18,Wicked Choccy's,32.076176,-81.088371
179,US-2024-10179-CH,2024-01-14,2024-01-16,First Class,CUST-13638,United States,Atlanta,Georgia,30301,Sugar,Gulf,PROD-9885,Fun Dip,63.05,13,17.77,45.28,2,28.18,1.37,3.48,4.85,Sugar Shack,48.11914,-96.18115
180,US-2024-10180-CH,2025-11-15,2025-11-17,Second Class,CUST-10661,United States,Athens,Georgia,30605,Other,Gulf,PROD-9415,Wonka Gum,238.59,33,56.99,181.6,2,23.89,1.73,5.5,7.23,Secret Factory,41.446333,-90.565487
181,US-2024-10181-CH,2026-05-22,2026-05-25,Standard Class,CUST-16078,United States,Los Angeles,California,90049,Chocolate,Pacific,PROD-7514,Wonka Bar - Triple Dazzle Caramel,127.6,29,72.74,54.86,3,57.01,2.51,1.89,4.4,Wicked Choccy's,32.076176,-81.088371
182,US-2024-10182-CH,2024-11-27,2024-11-29,Standard Class,CUST-19579,United States,New York,New York,10001,Other,Atlantic,PROD-2646,Kazookles,207.02,22,59.14,147.88,2,28.57,2.69,6.72,9.41,The Other Factory,35.1175,-89.971107
183,US-2024-10183-CH,2024-05-31,2024-06-03,Standard Class,CUST-19633,United States,Athens,Georgia,30605,Other,Gulf,PROD-9415,Wonka Gum,266.97,33,28.66,238.31,3,10.74,0.87,7.22,8.09,Secret Factory,41.446333,-90.565487
184,US-2024-10184-CH,2024-10-21,2024-10-24,First Class,CUST-17904,United States,Naperville,Illinois,60540,Chocolate,Interior,PROD-0874,Wonka Bar - Milk Chocolate,79.95,13,41.29,38.66,3,51.64,3.18,2.97,6.15,Wicked Choccy's,32.076176,-81.088371
185,US-2024-10185-CH,2025-06-03,2025-06-06,Same Day,CUST-10374,United States,Atlanta,Georgia,30301,Chocolate,Gulf,PROD-3776,Wonka Bar -Scrumdiddlyumptious,130.51,31,59.95,70.56,3,45.94,1.93,2.28,4.21,Lot's O' Nuts,32.881893,-111.768036
186,US-2024-10186-CH,2025-07-06,2025-07-09,Second Class,CUST-13814,United States,Henderson,Kentucky,42420,Chocolate,Gulf,PROD-7514,Wonka Bar - Triple Dazzle Caramel,390.24,48,212.62,177.62,3,54.48,4.43,3.7,8.13,Wicked Choccy's,32.076176,-81.088371
187,US-2024-10187-CH,2026-06-09,2026-06-12,Standard Class,CUST-15543,United States,New York,New York,10001,Sugar,Atlantic,PROD-2533,Laffy Taffy,143.55,29,54.74,88.81,3,38.13,1.89,3.06,4.95,Sugar Shack,48.11914,-96.18115
188,US-2024-10188-CH,2025-11-06,2025-11-13,Standard Class,CUST-15724,United States,Los Angeles,California,90049,Sugar,Pacific,PROD-0725,Hair Toffee,227.04,48,72.86,154.18,7,32.09,1.52,3.21,4.73,The Other Factory,35.1175,-89.971107
189,US-2024-10189-CH,2024-09-13,2024-09-16,Standard Class,CUST-16099,United States,Seattle,Washington,98101,Other,Pacific,PROD-9359,Fizzy Lifting Drinks,75.24,9,8.47,66.77,3,11.26,0.94,7.42,8.36,Sugar Shack,48.11914,-96.18115
190,US-2024-10190-CH,2024-04-16,2024-04-20,Second Class,CUST-12203,United States,Seattle,Washington,98101,Sugar,Pacific,PROD-0725,Hair Toffee,287.66,38,84.99,202.67,4,29.55,2.24,5.33,7.57,The Other Factory,35.1175,-89.971107
191,US-2024-10191-CH,2025-09-11,2025-09-14,Standard Class,CUST-19235,United States,Naperville,Illinois,60540,Other,Interior,PROD-2646,Kazookles,106.26,21,12.14,94.12,3,11.42,0.58,4.48,5.06,The Other Factory,35.1175,-89.971107
192,US-2024-10192-CH,2024-04-28,2024-05-01,Standard Class,CUST-11229,United States,New York,New York,10001,Other,Atlantic,PROD-9359,Fizzy Lifting Drinks,432.06,38,9.81,422.25,3,2.27,0.26,11.11,11.37,Sugar Shack,48.11914,-96.18115
193,US-2024-10193-CH,2024-10-02,2024-10-09,Standard Class,CUST-19400,United States,Atlanta,Georgia,30301,Sugar,Gulf,PROD-0725,Hair Toffee,225.5,25,23.53,201.97,7,10.43,0.94,8.08,9.02,The Other Factory,35.1175,-89.971107
194,US-2024-10194-CH,2025-05-09,2025-05-12,Standard Class,CUST-11969,United States,Los Angeles,California,90049,Sugar,Pacific,PROD-6629,SweeTARTS,212.16,24,58.97,153.19,3,27.8,2.46,6.38,8.84,Sugar Shack,48.11914,-96.18115
195,US-2024-10195-CH,2024-01-08,2024-01-15,Standard Class,CUST-19710,United States,Chicago,Illinois,60601,Other,Interior,PROD-9359,Fizzy Lifting Drinks,18.88,2,-0.27,19.15,7,-1.43,-0.14,9.57,9.44,Sugar Shack,48.11914,-96.18115
196,US-2024-10196-CH,2024-07-11,2024-07-16,Standard Class,CUST-17705,United States,Philadelphia,Pennsylvania,19143,Sugar,Atlantic,PROD-2533,Laffy Taffy,163.62,27,41.48,122.14,5,25.35,1.54,4.52,6.06,Sugar Shack,48.11914,-96.18115
197,US-2024-10197-CH,2026-05-30,2026-06-01,Second Class,CUST-13124,United States,Los Angeles,California,90049,Sugar,Pacific,PROD-5646,Nerds,90.54,9,39.27,51.27,2,43.37,4.36,5.7,10.06,Sugar Shack,48.11914,-96.18115
198,US-2024-10198-CH,2025-08-24,2025-08-27,Same Day,CUST-17848,United States,Seattle,Washington,98101,Chocolate,Pacific,PROD-7514,Wonka Bar - Triple Dazzle Caramel,35.97,3,14.82,21.15,3,41.2,4.94,7.05,11.99,Wicked Choccy's,32.076176,-81.088371
199,US-2024-10199-CH,2026-01-26,2026-01-29,Second Class,CUST-11667,United States,Seattle,Washington,98101,Sugar,Pacific,PROD-9885,Fun Dip,148.68,42,56.51,92.17,3,38.01,1.35,2.19,3.54,Sugar Shack,48.11914,-96.18115
200,US-2024-10200-CH,2025-03-29,2025-04-05,First Class,CUST-11367,United States,Houston,Texas,77095,Sugar,Gulf,PROD-2533,Laffy Taffy,141.12,14,47.57,93.55,7,33.71,3.4,6.68,10.08,Sugar Shack,48.11914,-96.18115
201,US-2024-10201-CH,2025-03-30,2025-04-01,Standard Class,CUST-12875,United States,Naperville,Illinois,60540,Other,Interior,PROD-9415,Wonka Gum,135.84,16,34.29,101.55,2,25.24,2.14,6.35,8.49,Secret Factory,41.446333,-90.565487
202,US-2024-10202-CH,2025-02-20,2025-02-23,Second Class,CUST-17117,United States,Seattle,Washington,98101,Other,Pacific,PROD-0345,Lickable Wallpaper,167.76,36,-5.56,173.32,3,-3.31,-0.15,4.81,4.66,Secret Factory,41.446333,-90.565487
203,US-2024-10203-CH,2026-02-15,2026-02-18,First Class,CUST-11177,United States,Philadelphia,Pennsylvania,19143,Other,Atlantic,PROD-9359,Fizzy Lifting Drinks,311.58,27,45.13,266.45,3,14.48,1.67,9.87,11.54,Sugar Shack,48.11914,-96.18115
204,US-2024-10204-CH,2024-10-30,2024-11-02,Standard Class,CUST-16570,United States,Henderson,Kentucky,42420,Sugar,Gulf,PROD-9885,Fun Dip,316.35,45,104.04,212.31,3,32.89,2.31,4.72,7.03,Sugar Shack,48.11914,-96.18115
205,US-2024-10205-CH,2025-02-10,2025-02-13,Standard Class,CUST-18906,United States,Henderson,Kentucky,42420,Other,Gulf,PROD-0345,Lickable Wallpaper,147.05,17,23.02,124.03,3,15.65,1.35,7.3,8.65,Secret Factory,41.446333,-90.565487
206,US-2024-10206-CH,2026-02-27,2026-03-02,Standard Class,CUST-13610,United States,Athens,Georgia,30605,Chocolate,Gulf,PROD-3776,Wonka Bar -Scrumdiddlyumptious,69.2,20,36.09,33.11,3,52.15,1.8,1.66,3.46,Lot's O' Nuts,32.881893,-111.768036
207,US-2024-10207-CH,2025-10-09,2025-10-12,Same Day,CUST-12137,United States,Houston,Texas,77095,Other,Gulf,PROD-0345,Lickable Wallpaper,344.84,37,14.48,330.36,3,4.2,0.39,8.93,9.32,Secret Factory,41.446333,-90.565487
208,US-2024-10208-CH,2024-12-16,2024-12-21,Standard Class,CUST-18105,United States,Chicago,Illinois,60601,Sugar,Interior,PROD-9885,Fun Dip,299.6,40,117.39,182.21,5,39.18,2.93,4.56,7.49,Sugar Shack,48.11914,-96.18115
209,US-2024-10209-CH,2024-02-05,2024-02-08,Standard Class,CUST-16284,United States,Atlanta,Georgia,30301,Other,Gulf,PROD-0345,Lickable Wallpaper,82.0,8,2.94,79.06,3,3.59,0.37,9.88,10.25,Secret Factory,41.446333,-90.565487
210,US-2024-10210-CH,2024-04-27,2024-04-30,Second Class,CUST-15752,United States,Naperville,Illinois,60540,Sugar,Interior,PROD-6629,SweeTARTS,135.43,29,39.6,95.83,3,29.24,1.37,3.3,4.67,Sugar Shack,48.11914,-96.18115
211,US-2024-10211-CH,2025-08-06,2025-08-10,Second Class,CUST-13683,United States,Atlanta,Georgia,30301,Other,Gulf,PROD-0345,Lickable Wallpaper,133.11,27,2.59,130.52,4,1.95,0.1,4.83,4.93,Secret Factory,41.446333,-90.565487
212,US-2024-10212-CH,2024-07-20,2024-07-25,Standard Class,CUST-19776,United States,Chicago,Illinois,60601,Sugar,Interior,PROD-0725,Hair Toffee,168.6,20,35.9,132.7,5,21.29,1.8,6.64,8.43,The Other Factory,35.1175,-89.971107
213,US-2024-10213-CH,2025-11-03,2025-11-06,Standard Class,CUST-17622,United States,Philadelphia,Pennsylvania,19143,Chocolate,Atlantic,PROD-3776,Wonka Bar -Scrumdiddlyumptious,75.6,18,36.14,39.46,3,47.8,2.01,2.19,4.2,Lot's O' Nuts,32.881893,-111.768036
214,US-2024-10214-CH,2025-08-12,2025-08-16,Second Class,CUST-19769,United States,Atlanta,Georgia,30301,Sugar,Gulf,PROD-2120,Everlasting Gobstopper,308.88,26,41.42,267.46,4,13.41,1.59,10.29,11.88,Secret Factory,41.446333,-90.565487
215,US-2024-10215-CH,2026-01-22,2026-01-24,Second Class,CUST-19382,United States,Chicago,Illinois,60601,Sugar,Interior,PROD-2533,Laffy Taffy,93.0,25,25.19,67.81,2,27.09,1.01,2.71,3.72,Sugar Shack,48.11914,-96.18115
216,US-2024-10216-CH,2026-01-13,2026-01-17,Standard Class,CUST-12472,United States,Athens,Georgia,30605,Other,Gulf,PROD-0345,Lickable Wallpaper,159.84,37,3.9,155.94,4,2.44,0.11,4.21,4.32,Secret Factory,41.446333,-90.565487
217,US-2024-10217-CH,2026-02-19,2026-02-22,Second Class,CUST-17397,United States,Athens,Georgia,30605,Sugar,Gulf,PROD-6629,SweeTARTS,26.58,3,7.02,19.56,3,26.41,2.34,6.52,8.86,Sugar Shack,48.11914,-96.18115
218,US-2024-10218-CH,2024-03-07,2024-03-10,Standard Class,CUST-19424,United States,Philadelphia,Pennsylvania,19143,Sugar,Atlantic,PROD-5646,Nerds,17.24,4,4.49,12.75,3,26.04,1.12,3.19,4.31,Sugar Shack,48.11914,-96.18115
219,US-2024-10219-CH,2025-04-15,2025-04-18,Same Day,CUST-13374,United States,Philadelphia,Pennsylvania,19143,Chocolate,Atlantic,PROD-3776,Wonka Bar -Scrumdiddlyumptious,72.09,9,30.44,41.65,3,42.22,3.38,4.63,8.01,Lot's O' Nuts,32.881893,-111.768036
220,US-2024-10220-CH,2024-07-26,2024-07-29,Standard Class,CUST-13719,United States,Chicago,Illinois,60601,Sugar,Interior,PROD-9885,Fun Dip,210.18,31,84.33,125.85,3,40.12,2.72,4.06,6.78,Sugar Shack,48.11914,-96.18115
221,US-2024-10221-CH,2025-10-17,2025-10-20,Same Day,CUST-18555,United States,Houston,Texas,77095,Chocolate,Gulf,PROD-0874,Wonka Bar - Milk Chocolate,150.96,24,66.14,84.82,3,43.81,2.76,3.53,6.29,Wicked Choccy's,32.076176,-81.088371
222,US-2024-10222-CH,2024-10-12,2024-10-15,First Class,CUST-11012,United States,Seattle,Washington,98101,Chocolate,Pacific,PROD-8572,Wonka Bar - Nutty Crunch Surprise,34.58,7,20.64,13.94,3,59.69,2.95,1.99,4.94,Lot's O' Nuts,32.881893,-111.768036
223,US-2024-10223-CH,2025-05-14,2025-05-18,Standard Class,CUST-12408,United States,Naperville,Illinois,60540,Sugar,Interior,PROD-0725,Hair Toffee,54.3,15,8.52,45.78,4,15.69,0.57,3.05,3.62,The Other Factory,35.1175,-89.971107
224,US-2024-10224-CH,2026-01-30,2026-02-02,First Class,CUST-14406,United States,Philadelphia,Pennsylvania,19143,Chocolate,Atlantic,PROD-7514,Wonka Bar - Triple Dazzle Caramel,124.08,12,58.31,65.77,3,46.99,4.86,5.48,10.34,Wicked Choccy's,32.076176,-81.088371
225,US-2024-10225-CH,2025-02-09,2025-02-12,Standard Class,CUST-10560,United States,Houston,Texas,77095,Sugar,Gulf,PROD-2533,Laffy Taffy,181.24,23,59.48,121.76,3,32.82,2.59,5.29,7.88,Sugar Shack,48.11914,-96.18115
226,US-2024-10226-CH,2025-08-16,2025-08-20,First Class,CUST-17693,United States,Naperville,Illinois,60540,Other,Interior,PROD-9359,Fizzy Lifting Drinks,336.04,31,50.29,285.75,4,14.97,1.62,9.22,10.84,Sugar Shack,48.11914,-96.18115
227,US-2024-10227-CH,2025-11-05,2025-11-07,Standard Class,CUST-15656,United States,Henderson,Kentucky,42420,Sugar,Gulf,PROD-9885,Fun Dip,13.86,3,6.12,7.74,2,44.16,2.04,2.58,4.62,Sugar Shack,48.11914,-96.18115
228,US-2024-10228-CH,2024-09-09,2024-09-14,First Class,CUST-18429,United States,Seattle,Washington,98101,Chocolate,Pacific,PROD-3893,Wonka Bar - Fudge Mallows,305.62,37,132.88,172.74,5,43.48,3.59,4.67,8.26,Lot's O' Nuts,32.881893,-111.768036
229,US-2024-10229-CH,2026-06-17,2026-06-24,Standard Class,CUST-17137,United States,Athens,Georgia,30605,Other,Gulf,PROD-0345,Lickable Wallpaper,27.23,7,0.94,26.29,7,3.45,0.13,3.76,3.89,Secret Factory,41.446333,-90.565487
230,US-2024-10230-CH,2024-03-19,2024-03-26,Standard Class,CUST-10845,United States,Seattle,Washington,98101,Chocolate,Pacific,PROD-0874,Wonka Bar - Milk Chocolate,151.84,13,77.15,74.69,7,50.81,5.93,5.75,11.68,Wicked Choccy's,32.076176,-81.088371
231,US-2024-10231-CH,2026-04-07,2026-04-12,Second Class,CUST-16610,United States,Philadelphia,Pennsylvania,19143,Chocolate,Atlantic,PROD-0874,Wonka Bar - Milk Chocolate,150.15,33,83.32,66.83,5,55.49,2.52,2.03,4.55,Wicked Choccy's,32.076176,-81.088371
232,US-2024-10232-CH,2025-05-31,2025-06-04,Second Class,CUST-15175,United States,Houston,Texas,77095,Other,Gulf,PROD-2646,Kazookles,49.61,11,10.97,38.64,4,22.11,1.0,3.51,4.51,The Other Factory,35.1175,-89.971107
233,US-2024-10233-CH,2024-03-23,2024-03-25,Standard Class,CUST-18591,United States,Seattle,Washington,98101,Other,Pacific,PROD-2646,Kazookles,80.3,22,14.12,66.18,2,17.58,0.64,3.01,3.65,The Other Factory,35.1175,-89.971107
234,US-2024-10234-CH,2024-09-16,2024-09-20,Standard Class,CUST-19011,United States,New York,New York,10001,Sugar,Atlantic,PROD-0725,Hair Toffee,419.43,41,106.45,312.98,4,25.38,2.6,7.63,10.23,The Other Factory,35.1175,-89.971107
235,US-2024-10235-CH,2024-08-18,2024-08-22,Standard Class,CUST-11549,United States,Naperville,Illinois,60540,Chocolate,Interior,PROD-0874,Wonka Bar - Milk Chocolate,414.96,38,212.64,202.32,4,51.24,5.6,5.32,10.92,Wicked Choccy's,32.076176,-81.088371
236,US-2024-10236-CH,2025-08-20,2025-08-27,Second Class,CUST-16793,United States,Henderson,Kentucky,42420,Sugar,Gulf,PROD-6629,SweeTARTS,11.31,3,3.77,7.54,7,33.33,1.26,2.51,3.77,Sugar Shack,48.11914,-96.18115
237,US-2024-10237-CH,2026-06-06,2026-06-09,Second Class,CUST-12385,United States,Atlanta,Georgia,30301,Sugar,Gulf,PROD-6629,SweeTARTS,11.14,2,4.64,6.5,3,41.65,2.32,3.25,5.57,Sugar Shack,48.11914,-96.18115
238,US-2024-10238-CH,2025-04-09,2025-04-11,Standard Class,CUST-17961,United States,Athens,Georgia,30605,Chocolate,Gulf,PROD-7514,Wonka Bar - Triple Dazzle Caramel,81.84,12,50.01,31.83,2,61.11,4.17,2.65,6.82,Wicked Choccy's,32.076176,-81.088371
239,US-2024-10239-CH,2025-06-29,2025-07-02,Standard Class,CUST-13493,United States,Athens,Georgia,30605,Other,Gulf,PROD-9415,Wonka Gum,133.38,19,25.87,107.51,3,19.4,1.36,5.66,7.02,Secret Factory,41.446333,-90.565487
240,US-2024-10240-CH,2025-07-07,2025-07-12,First Class,CUST-10571,United States,Henderson,Kentucky,42420,Other,Gulf,PROD-9359,Fizzy Lifting Drinks,145.74,42,14.79,130.95,5,10.15,0.35,3.12,3.47,Sugar Shack,48.11914,-96.18115
241,US-2024-10241-CH,2024-01-10,2024-01-17,Second Class,CUST-16869,United States,New York,New York,10001,Other,Atlantic,PROD-0345,Lickable Wallpaper,282.08,41,27.24,254.84,7,9.66,0.66,6.22,6.88,Secret Factory,41.446333,-90.565487
242,US-2024-10242-CH,2024-03-19,2024-03-24,Second Class,CUST-16230,United States,New York,New York,10001,Sugar,Atlantic,PROD-5646,Nerds,178.08,24,49.87,128.21,5,28.0,2.08,5.34,7.42,Sugar Shack,48.11914,-96.18115
243,US-2024-10243-CH,2026-04-24,2026-04-26,Standard Class,CUST-12711,United States,Los Angeles,California,90049,Chocolate,Pacific,PROD-7514,Wonka Bar - Triple Dazzle Caramel,223.44,24,93.4,130.04,2,41.8,3.89,5.42,9.31,Wicked Choccy's,32.076176,-81.088371
244,US-2024-10244-CH,2024-05-27,2024-05-31,Second Class,CUST-15510,United States,Henderson,Kentucky,42420,Chocolate,Gulf,PROD-8572,Wonka Bar - Nutty Crunch Surprise,170.24,32,82.98,87.26,4,48.74,2.59,2.73,5.32,Lot's O' Nuts,32.881893,-111.768036
245,US-2024-10245-CH,2025-05-05,2025-05-08,Standard Class,CUST-19765,United States,Houston,Texas,77095,Chocolate,Gulf,PROD-3776,Wonka Bar -Scrumdiddlyumptious,52.62,6,31.1,21.52,3,59.1,5.18,3.59,8.77,Lot's O' Nuts,32.881893,-111.768036
246,US-2024-10246-CH,2024-08-10,2024-08-14,Standard Class,CUST-11827,United States,New York,New York,10001,Other,Atlantic,PROD-2646,Kazookles,345.63,41,67.57,278.06,4,19.55,1.65,6.78,8.43,The Other Factory,35.1175,-89.971107
247,US-2024-10247-CH,2025-08-12,2025-08-14,Same Day,CUST-12196,United States,Athens,Georgia,30605,Other,Gulf,PROD-9415,Wonka Gum,196.04,26,21.66,174.38,2,11.05,0.83,6.71,7.54,Secret Factory,41.446333,-90.565487
248,US-2024-10248-CH,2026-02-08,2026-02-12,Second Class,CUST-18714,United States,Los Angeles,California,90049,Chocolate,Pacific,PROD-0874,Wonka Bar - Milk Chocolate,317.13,33,191.21,125.92,4,60.29,5.79,3.82,9.61,Wicked Choccy's,32.076176,-81.088371
249,US-2024-10249-CH,2025-02-05,2025-02-08,Standard Class,CUST-12461,United States,New York,New York,10001,Other,Atlantic,PROD-9359,Fizzy Lifting Drinks,157.82,26,12.08,145.74,3,7.65,0.46,5.61,6.07,Sugar Shack,48.11914,-96.18115
250,US-2024-10250-CH,2024-06-20,2024-06-22,Second Class,CUST-15341,United States,Henderson,Kentucky,42420,Chocolate,Gulf,PROD-0874,Wonka Bar - Milk Chocolate,123.14,47,79.81,43.33,2,64.81,1.7,0.92,2.62,Wicked Choccy's,32.076176,-81.088371
251,US-2024-10251-CH,2025-05-11,2025-05-14,Standard Class,CUST-10301,United States,Chicago,Illinois,60601,Sugar,Interior,PROD-6629,SweeTARTS,235.2,48,94.32,140.88,3,40.1,1.96,2.94,4.9,Sugar Shack,48.11914,-96.18115
252,US-2024-10252-CH,2025-10-24,2025-10-28,Standard Class,CUST-17003,United States,Chicago,Illinois,60601,Sugar,Interior,PROD-5646,Nerds,66.48,12,26.63,39.85,4,40.06,2.22,3.32,5.54,Sugar Shack,48.11914,-96.18115
253,US-2024-10253-CH,2026-02-08,2026-02-10,Standard Class,CUST-14183,United States,Philadelphia,Pennsylvania,19143,Other,Atlantic,PROD-0345,Lickable Wallpaper,53.92,16,9.27,44.65,2,17.19,0.58,2.79,3.37,Secret Factory,41.446333,-90.565487
254,US-2024-10254-CH,2025-11-13,2025-11-17,Standard Class,CUST-12460,United States,Naperville,Illinois,60540,Sugar,Interior,PROD-0725,Hair Toffee,249.22,34,43.46,205.76,4,17.44,1.28,6.05,7.33,The Other Factory,35.1175,-89.971107
255,US-2024-10255-CH,2024-04-17,2024-04-21,Standard Class,CUST-16272,United States,Chicago,Illinois,60601,Other,Interior,PROD-9415,Wonka Gum,152.76,38,32.9,119.86,4,21.54,0.87,3.15,4.02,Secret Factory,41.446333,-90.565487
256,US-2024-10256-CH,2025-05-29,2025-06-05,Second Class,CUST-12520,United States,Henderson,Kentucky,42420,Sugar,Gulf,PROD-0725,Hair Toffee,177.94,41,56.93,121.01,7,31.99,1.39,2.95,4.34,The Other Factory,35.1175,-89.971107
257,US-2024-10257-CH,2026-06-14,2026-06-19,Second Class,CUST-12547,United States,Henderson,Kentucky,42420,Other,Gulf,PROD-9359,Fizzy Lifting Drinks,120.12,28,3.81,116.31,5,3.17,0.14,4.15,4.29,Sugar Shack,48.11914,-96.18115
258,US-2024-10258-CH,2024-08-21,2024-08-25,Same Day,CUST-17544,United States,Naperville,Illinois,60540,Chocolate,Interior,PROD-0874,Wonka Bar - Milk Chocolate,124.54,13,56.12,68.42,4,45.06,4.32,5.26,9.58,Wicked Choccy's,32.076176,-81.088371
259,US-2024-10259-CH,2026-01-04,2026-01-07,Standard Class,CUST-19235,United States,Houston,Texas,77095,Chocolate,Gulf,PROD-0874,Wonka Bar - Milk Chocolate,239.4,20,117.8,121.6,3,49.21,5.89,6.08,11.97,Wicked Choccy's,32.076176,-81.088371
260,US-2024-10260-CH,2024-08-14,2024-08-16,Standard Class,CUST-15891,United States,Los Angeles,California,90049,Other,Pacific,PROD-9359,Fizzy Lifting Drinks,250.38,39,27.54,222.84,2,11.0,0.71,5.71,6.42,Sugar Shack,48.11914,-96.18115
261,US-2024-10261-CH,2024-01-20,2024-01-23,Standard Class,CUST-14431,United States,Seattle,Washington,98101,Sugar,Pacific,PROD-0725,Hair Toffee,56.56,8,14.74,41.82,3,26.06,1.84,5.23,7.07,The Other Factory,35.1175,-89.971107
262,US-2024-10262-CH,2025-05-14,2025-05-17,Standard Class,CUST-13390,United States,Chicago,Illinois,60601,Other,Interior,PROD-9359,Fizzy Lifting Drinks,223.25,25,30.17,193.08,3,13.51,1.21,7.72,8.93,Sugar Shack,48.11914,-96.18115
263,US-2024-10263-CH,2025-02-09,2025-02-13,Second Class,CUST-18623,United States,Houston,Texas,77095,Other,Gulf,PROD-9415,Wonka Gum,129.48,13,35.86,93.62,4,27.7,2.76,7.2,9.96,Secret Factory,41.446333,-90.565487
264,US-2024-10264-CH,2024-12-15,2024-12-18,Standard Class,CUST-19518,United States,Athens,Georgia,30605,Other,Gulf,PROD-0345,Lickable Wallpaper,113.56,34,0.08,113.48,3,0.07,0.0,3.34,3.34,Secret Factory,41.446333,-90.565487
265,US-2024-10265-CH,2024-04-27,2024-05-01,Standard Class,CUST-18590,United States,Seattle,Washington,98101,Sugar,Pacific,PROD-2120,Everlasting Gobstopper,154.08,18,34.52,119.56,4,22.4,1.92,6.64,8.56,Secret Factory,41.446333,-90.565487
266,US-2024-10266-CH,2024-05-16,2024-05-23,Standard Class,CUST-15068,United States,Chicago,Illinois,60601,Sugar,Interior,PROD-2533,Laffy Taffy,25.5,6,8.22,17.28,7,32.24,1.37,2.88,4.25,Sugar Shack,48.11914,-96.18115
267,US-2024-10267-CH,2026-05-11,2026-05-16,Second Class,CUST-11449,United States,New York,New York,10001,Sugar,Atlantic,PROD-2120,Everlasting Gobstopper,419.98,46,139.6,280.38,5,33.24,3.03,6.1,9.13,Secret Factory,41.446333,-90.565487
268,US-2024-10268-CH,2025-08-03,2025-08-08,First Class,CUST-19817,United States,Atlanta,Georgia,30301,Chocolate,Gulf,PROD-3776,Wonka Bar -Scrumdiddlyumptious,268.66,38,136.69,131.97,5,50.88,3.6,3.47,7.07,Lot's O' Nuts,32.881893,-111.768036
269,US-2024-10269-CH,2024-10-21,2024-10-24,Standard Class,CUST-10685,United States,Chicago,Illinois,60601,Chocolate,Interior,PROD-0874,Wonka Bar - Milk Chocolate,19.82,2,7.96,11.86,3,40.16,3.98,5.93,9.91,Wicked Choccy's,32.076176,-81.088371
270,US-2024-10270-CH,2025-06-26,2025-07-03,Standard Class,CUST-19557,United States,Seattle,Washington,98101,Sugar,Pacific,PROD-0725,Hair Toffee,301.34,26,35.33,266.01,7,11.72,1.36,10.23,11.59,The Other Factory,35.1175,-89.971107
271,US-2024-10271-CH,2024-06-11,2024-06-14,Second Class,CUST-19833,United States,Chicago,Illinois,60601,Sugar,Interior,PROD-0725,Hair Toffee,73.05,15,12.27,60.78,3,16.8,0.82,4.05,4.87,The Other Factory,35.1175,-89.971107
272,US-2024-10272-CH,2025-07-09,2025-07-11,First Class,CUST-15560,United States,Naperville,Illinois,60540,Sugar,Interior,PROD-9885,Fun Dip,104.34,37,27.39,76.95,2,26.25,0.74,2.08,2.82,Sugar Shack,48.11914,-96.18115
273,US-2024-10273-CH,2025-11-20,2025-11-23,Second Class,CUST-11171,United States,Athens,Georgia,30605,Chocolate,Gulf,PROD-7514,Wonka Bar - Triple Dazzle Caramel,26.56,8,12.2,14.36,3,45.93,1.52,1.8,3.32,Wicked Choccy's,32.076176,-81.088371
274,US-2024-10274-CH,2025-03-01,2025-03-06,Standard Class,CUST-13670,United States,Chicago,Illinois,60601,Sugar,Interior,PROD-5646,Nerds,141.6,15,63.19,78.41,5,44.63,4.21,5.23,9.44,Sugar Shack,48.11914,-96.18115
275,US-2024-10275-CH,2024-10-31,2024-11-03,Standard Class,CUST-16304,United States,Henderson,Kentucky,42420,Other,Gulf,PROD-9359,Fizzy Lifting Drinks,299.0,26,51.58,247.42,3,17.25,1.98,9.52,11.5,Sugar Shack,48.11914,-96.18115
276,US-2024-10276-CH,2025-12-08,2025-12-11,Same Day,CUST-10572,United States,Henderson,Kentucky,42420,Chocolate,Gulf,PROD-3893,Wonka Bar - Fudge Mallows,72.0,8,38.61,33.39,3,53.62,4.83,4.17,9.0,Lot's O' Nuts,32.881893,-111.768036
277,US-2024-10277-CH,2024-02-12,2024-02-14,Standard Class,CUST-13648,United States,Atlanta,Georgia,30301,Chocolate,Gulf,PROD-3893,Wonka Bar - Fudge Mallows,177.33,23,98.1,79.23,2,55.32,4.27,3.44,7.71,Lot's O' Nuts,32.881893,-111.768036
278,US-2024-10278-CH,2025-05-31,2025-06-07,First Class,CUST-13750,United States,Henderson,Kentucky,42420,Other,Gulf,PROD-9359,Fizzy Lifting Drinks,222.95,49,-6.14,229.09,7,-2.75,-0.13,4.68,4.55,Sugar Shack,48.11914,-96.18115
279,US-2024-10279-CH,2024-10-20,2024-10-25,Standard Class,CUST-12324,United States,Los Angeles,California,90049,Sugar,Pacific,PROD-2533,Laffy Taffy,129.69,11,53.02,76.67,5,40.88,4.82,6.97,11.79,Sugar Shack,48.11914,-96.18115
280,US-2024-10280-CH,2025-01-17,2025-01-21,Second Class,CUST-10781,United States,Atlanta,Georgia,30301,Chocolate,Gulf,PROD-0874,Wonka Bar - Milk Chocolate,61.41,23,26.5,34.91,4,43.15,1.15,1.52,2.67,Wicked Choccy's,32.076176,-81.088371
281,US-2024-10281-CH,2025-11-10,2025-11-17,Standard Class,CUST-13970,United States,Seattle,Washington,98101,Sugar,Pacific,PROD-2120,Everlasting Gobstopper,210.6,27,50.15,160.45,7,23.81,1.86,5.94,7.8,Secret Factory,41.446333,-90.565487
282,US-2024-10282-CH,2025-07-07,2025-07-10,Standard Class,CUST-15546,United States,New York,New York,10001,Sugar,Atlantic,PROD-5646,Nerds,42.21,7,14.37,27.84,3,34.04,2.05,3.98,6.03,Sugar Shack,48.11914,-96.18115
283,US-2024-10283-CH,2024-11-02,2024-11-04,Second Class,CUST-18676,United States,Henderson,Kentucky,42420,Chocolate,Gulf,PROD-3776,Wonka Bar -Scrumdiddlyumptious,97.11,13,45.81,51.3,2,47.17,3.52,3.95,7.47,Lot's O' Nuts,32.881893,-111.768036
284,US-2024-10284-CH,2025-07-20,2025-07-24,Standard Class,CUST-13525,United States,Los Angeles,California,90049,Chocolate,Pacific,PROD-7514,Wonka Bar - Triple Dazzle Caramel,179.04,16,95.47,83.57,4,53.32,5.97,5.22,11.19,Wicked Choccy's,32.076176,-81.088371
285,US-2024-10285-CH,2026-02-13,2026-02-17,Same Day,CUST-13200,United States,Philadelphia,Pennsylvania,19143,Sugar,Atlantic,PROD-0725,Hair Toffee,511.06,46,86.48,424.58,4,16.92,1.88,9.23,11.11,The Other Factory,35.1175,-89.971107
286,US-2024-10286-CH,2025-09-04,2025-09-08,Second Class,CUST-19973,United States,Los Angeles,California,90049,Sugar,Pacific,PROD-6629,SweeTARTS,193.06,49,65.27,127.79,4,33.81,1.33,2.61,3.94,Sugar Shack,48.11914,-96.18115
287,US-2024-10287-CH,2025-06-07,2025-06-11,Standard Class,CUST-10669,United States,Seattle,Washington,98101,Chocolate,Pacific,PROD-3776,Wonka Bar -Scrumdiddlyumptious,202.13,17,105.38,96.75,4,52.13,6.2,5.69,11.89,Lot's O' Nuts,32.881893,-111.768036
288,US-2024-10288-CH,2024-09-16,2024-09-23,Second Class,CUST-16274,United States,Philadelphia,Pennsylvania,19143,Other,Atlantic,PROD-0345,Lickable Wallpaper,279.36,32,-5.63,284.99,7,-2.02,-0.18,8.91,8.73,Secret Factory,41.446333,-90.565487
289,US-2024-10289-CH,2026-03-03,2026-03-08,Standard Class,CUST-10264,United States,Athens,Georgia,30605,Chocolate,Gulf,PROD-8572,Wonka Bar - Nutty Crunch Surprise,87.75,27,51.15,36.6,5,58.29,1.89,1.36,3.25,Lot's O' Nuts,32.881893,-111.768036
290,US-2024-10290-CH,2025-03-09,2025-03-11,Second Class,CUST-12504,United States,Naperville,Illinois,60540,Chocolate,Interior,PROD-0874,Wonka Bar - Milk Chocolate,535.05,45,334.58,200.47,2,62.53,7.44,4.45,11.89,Wicked Choccy's,32.076176,-81.088371
291,US-2024-10291-CH,2024-08-13,2024-08-18,Second Class,CUST-13831,United States,Los Angeles,California,90049,Chocolate,Pacific,PROD-7514,Wonka Bar - Triple Dazzle Caramel,73.84,13,32.74,41.1,5,44.34,2.52,3.16,5.68,Wicked Choccy's,32.076176,-81.088371
292,US-2024-10292-CH,2025-11-05,2025-11-07,Second Class,CUST-12326,United States,New York,New York,10001,Other,Atlantic,PROD-9359,Fizzy Lifting Drinks,400.26,42,-2.41,402.67,2,-0.6,-0.06,9.59,9.53,Sugar Shack,48.11914,-96.18115
293,US-2024-10293-CH,2026-04-16,2026-04-21,Standard Class,CUST-16049,United States,New York,New York,10001,Sugar,Atlantic,PROD-2533,Laffy Taffy,365.8,31,137.84,227.96,5,37.68,4.45,7.35,11.8,Sugar Shack,48.11914,-96.18115
294,US-2024-10294-CH,2024-09-04,2024-09-06,Same Day,CUST-13830,United States,Houston,Texas,77095,Chocolate,Gulf,PROD-3893,Wonka Bar - Fudge Mallows,163.6,40,92.24,71.36,2,56.38,2.31,1.78,4.09,Lot's O' Nuts,32.881893,-111.768036
295,US-2024-10295-CH,2025-05-30,2025-06-04,Standard Class,CUST-10948,United States,Houston,Texas,77095,Sugar,Gulf,PROD-6629,SweeTARTS,259.2,48,75.82,183.38,5,29.25,1.58,3.82,5.4,Sugar Shack,48.11914,-96.18115
296,US-2024-10296-CH,2025-10-15,2025-10-22,Second Class,CUST-11138,United States,Athens,Georgia,30605,Other,Gulf,PROD-9415,Wonka Gum,176.04,18,52.3,123.74,7,29.71,2.91,6.87,9.78,Secret Factory,41.446333,-90.565487
297,US-2024-10297-CH,2024-09-07,2024-09-09,Standard Class,CUST-14596,United States,Naperville,Illinois,60540,Chocolate,Interior,PROD-8572,Wonka Bar - Nutty Crunch Surprise,173.6,28,85.91,87.69,2,49.49,3.07,3.13,6.2,Lot's O' Nuts,32.881893,-111.768036
298,US-2024-10298-CH,2025-10-20,2025-10-27,Standard Class,CUST-14249,United States,Houston,Texas,77095,Sugar,Gulf,PROD-5646,Nerds,105.75,15,26.82,78.93,7,25.36,1.79,5.26,7.05,Sugar Shack,48.11914,-96.18115
299,US-2024-10299-CH,2025-10-23,2025-10-28,Second Class,CUST-15075,United States,Chicago,Illinois,60601,Sugar,Interior,PROD-2533,Laffy Taffy,234.8,20,97.49,137.31,5,41.52,4.87,6.87,11.74,Sugar Shack,48.11914,-96.18115
300,US-2024-10300-CH,2025-12-18,2025-12-22,Second Class,CUST-12723,United States,Chicago,Illinois,60601,Other,Interior,PROD-0345,Lickable Wallpaper,215.8,20,-5.2,221.0,4,-2.41,-0.26,11.05,10.79,Secret Factory,41.446333,-90.565487
301,US-2024-10301-CH,2024-10-12,2024-10-14,Standard Class,CUST-11762,United States,New York,New York,10001,Sugar,Atlantic,PROD-5646,Nerds,236.3,34,73.31,162.99,2,31.02,2.16,4.79,6.95,Sugar Shack,48.11914,-96.18115
302,US-2024-10302-CH,2025-12-08,2025-12-10,Standard Class,CUST-13198,United States,Seattle,Washington,98101,Sugar,Pacific,PROD-9885,Fun Dip,307.4,29,117.91,189.49,2,38.36,4.07,6.53,10.6,Sugar Shack,48.11914,-96.18115
303,US-2024-10303-CH,2024-01-16,2024-01-19,Same Day,CUST-19777,United States,Chicago,Illinois,60601,Other,Interior,PROD-2646,Kazookles,138.67,49,34.07,104.6,3,24.57,0.7,2.13,2.83,The Other Factory,35.1175,-89.971107
304,US-2024-10304-CH,2024-11-20,2024-11-23,Standard Class,CUST-13516,United States,Henderson,Kentucky,42420,Chocolate,Gulf,PROD-7514,Wonka Bar - Triple Dazzle Caramel,311.22,38,133.43,177.79,3,42.87,3.51,4.68,8.19,Wicked Choccy's,32.076176,-81.088371
305,US-2024-10305-CH,2024-02-04,2024-02-09,Second Class,CUST-11447,United States,Athens,Georgia,30605,Sugar,Gulf,PROD-9885,Fun Dip,289.5,25,73.83,215.67,5,25.5,2.95,8.63,11.58,Sugar Shack,48.11914,-96.18115
306,US-2024-10306-CH,2025-08-10,2025-08-13,Standard Class,CUST-17986,United States,Naperville,Illinois,60540,Sugar,Interior,PROD-0725,Hair Toffee,131.52,16,42.5,89.02,3,32.31,2.66,5.56,8.22,The Other Factory,35.1175,-89.971107
307,US-2024-10307-CH,2025-05-19,2025-05-23,Standard Class,CUST-18770,United States,Athens,Georgia,30605,Sugar,Gulf,PROD-2533,Laffy Taffy,44.65,5,12.34,32.31,4,27.64,2.47,6.46,8.93,Sugar Shack,48.11914,-96.18115
308,US-2024-10308-CH,2024-06-10,2024-06-13,Standard Class,CUST-13736,United States,Philadelphia,Pennsylvania,19143,Sugar,Atlantic,PROD-2533,Laffy Taffy,307.02,42,115.69,191.33,3,37.68,2.75,4.56,7.31,Sugar Shack,48.11914,-96.18115
309,US-2024-10309-CH,2025-07-26,2025-07-29,Standard Class,CUST-19836,United States,New York,New York,10001,Chocolate,Atlantic,PROD-3893,Wonka Bar - Fudge Mallows,300.24,27,138.02,162.22,3,45.97,5.11,6.01,11.12,Lot's O' Nuts,32.881893,-111.768036
310,US-2024-10310-CH,2025-02-27,2025-03-02,Standard Class,CUST-15093,United States,Houston,Texas,77095,Chocolate,Gulf,PROD-8572,Wonka Bar - Nutty Crunch Surprise,253.33,49,114.44,138.89,3,45.17,2.34,2.83,5.17,Lot's O' Nuts,32.881893,-111.768036
311,US-2024-10311-CH,2024-07-08,2024-07-13,First Class,CUST-11968,United States,New York,New York,10001,Chocolate,Atlantic,PROD-8572,Wonka Bar - Nutty Crunch Surprise,74.13,21,35.93,38.2,5,48.47,1.71,1.82,3.53,Lot's O' Nuts,32.881893,-111.768036
312,US-2024-10312-CH,2024-12-28,2024-12-30,Second Class,CUST-10855,United States,Atlanta,Georgia,30301,Other,Gulf,PROD-9415,Wonka Gum,263.34,42,32.07,231.27,2,12.18,0.76,5.51,6.27,Secret Factory,41.446333,-90.565487
313,US-2024-10313-CH,2025-07-24,2025-07-27,Standard Class,CUST-15002,United States,Houston,Texas,77095,Chocolate,Gulf,PROD-7514,Wonka Bar - Triple Dazzle Caramel,116.76,42,66.42,50.34,3,56.89,1.58,1.2,2.78,Wicked Choccy's,32.076176,-81.088371
314,US-2024-10314-CH,2024-06-16,2024-06-19,Standard Class,CUST-16588,United States,New York,New York,10001,Other,Atlantic,PROD-0345,Lickable Wallpaper,141.44,13,14.75,126.69,3,10.43,1.13,9.75,10.88,Secret Factory,41.446333,-90.565487
315,US-2024-10315-CH,2024-04-12,2024-04-19,Standard Class,CUST-13052,United States,Atlanta,Georgia,30301,Chocolate,Gulf,PROD-8572,Wonka Bar - Nutty Crunch Surprise,15.06,6,8.42,6.64,7,55.91,1.4,1.11,2.51,Lot's O' Nuts,32.881893,-111.768036
316,US-2024-10316-CH,2025-11-19,2025-11-23,First Class,CUST-18611,United States,Chicago,Illinois,60601,Other,Interior,PROD-2646,Kazookles,93.86,19,25.0,68.86,4,26.64,1.32,3.62,4.94,The Other Factory,35.1175,-89.971107
317,US-2024-10317-CH,2025-10-20,2025-10-23,Standard Class,CUST-12702,United States,Henderson,Kentucky,42420,Chocolate,Gulf,PROD-3893,Wonka Bar - Fudge Mallows,395.24,41,165.11,230.13,3,41.77,4.03,5.61,9.64,Lot's O' Nuts,32.881893,-111.768036
318,US-2024-10318-CH,2026-02-08,2026-02-12,Standard Class,CUST-19101,United States,Chicago,Illinois,60601,Sugar,Interior,PROD-9885,Fun Dip,362.88,42,155.17,207.71,4,42.76,3.69,4.95,8.64,Sugar Shack,48.11914,-96.18115
319,US-2024-10319-CH,2024-04-27,2024-04-29,Standard Class,CUST-11628,United States,Houston,Texas,77095,Chocolate,Gulf,PROD-3893,Wonka Bar - Fudge Mallows,432.0,40,250.99,181.01,2,58.1,6.27,4.53,10.8,Lot's O' Nuts,32.881893,-111.768036
320,US-2024-10320-CH,2024-12-15,2024-12-17,Standard Class,CUST-17980,United States,Houston,Texas,77095,Sugar,Gulf,PROD-2533,Laffy Taffy,163.8,18,58.39,105.41,2,35.65,3.24,5.86,9.1,Sugar Shack,48.11914,-96.18115
321,US-2024-10321-CH,2024-12-22,2024-12-24,Standard Class,CUST-11130,United States,Atlanta,Georgia,30301,Other,Gulf,PROD-2646,Kazookles,221.76,32,67.46,154.3,2,30.42,2.11,4.82,6.93,The Other Factory,35.1175,-89.971107
322,US-2024-10322-CH,2025-09-02,2025-09-04,Standard Class,CUST-11823,United States,Athens,Georgia,30605,Chocolate,Gulf,PROD-3893,Wonka Bar - Fudge Mallows,54.1,10,32.31,21.79,2,59.72,3.23,2.18,5.41,Lot's O' Nuts,32.881893,-111.768036
323,US-2024-10323-CH,2024-06-04,2024-06-07,Standard Class,CUST-11141,United States,Houston,Texas,77095,Chocolate,Gulf,PROD-3776,Wonka Bar -Scrumdiddlyumptious,276.78,42,132.78,144.0,3,47.97,3.16,3.43,6.59,Lot's O' Nuts,32.881893,-111.768036
324,US-2024-10324-CH,2025-11-09,2025-11-12,First Class,CUST-12606,United States,New York,New York,10001,Chocolate,Atlantic,PROD-0874,Wonka Bar - Milk Chocolate,191.11,29,83.26,107.85,3,43.57,2.87,3.72,6.59,Wicked Choccy's,32.076176,-81.088371
325,US-2024-10325-CH,2025-10-30,2025-11-02,Standard Class,CUST-11829,United States,Houston,Texas,77095,Chocolate,Gulf,PROD-0874,Wonka Bar - Milk Chocolate,162.45,19,78.81,83.64,3,48.51,4.15,4.4,8.55,Wicked Choccy's,32.076176,-81.088371
326,US-2024-10326-CH,2025-11-18,2025-11-21,Standard Class,CUST-19649,United States,Los Angeles,California,90049,Chocolate,Pacific,PROD-7514,Wonka Bar - Triple Dazzle Caramel,101.66,13,43.34,58.32,3,42.63,3.33,4.49,7.82,Wicked Choccy's,32.076176,-81.088371
327,US-2024-10327-CH,2024-12-09,2024-12-12,Standard Class,CUST-14458,United States,Los Angeles,California,90049,Chocolate,Pacific,PROD-7514,Wonka Bar - Triple Dazzle Caramel,45.48,12,19.32,26.16,3,42.48,1.61,2.18,3.79,Wicked Choccy's,32.076176,-81.088371
328,US-2024-10328-CH,2025-07-16,2025-07-18,First Class,CUST-15668,United States,Atlanta,Georgia,30301,Sugar,Gulf,PROD-2120,Everlasting Gobstopper,114.08,16,15.12,98.96,2,13.25,0.94,6.18,7.13,Secret Factory,41.446333,-90.565487
329,US-2024-10329-CH,2024-02-04,2024-02-09,Standard Class,CUST-14154,United States,Henderson,Kentucky,42420,Other,Gulf,PROD-9359,Fizzy Lifting Drinks,59.75,5,4.51,55.24,5,7.55,0.9,11.05,11.95,Sugar Shack,48.11914,-96.18115
330,US-2024-10330-CH,2024-04-18,2024-04-25,Standard Class,CUST-18556,United States,Athens,Georgia,30605,Other,Gulf,PROD-2646,Kazookles,175.72,23,24.34,151.38,7,13.85,1.06,6.58,7.64,The Other Factory,35.1175,-89.971107
331,US-2024-10331-CH,2025-01-13,2025-01-18,Standard Class,CUST-10340,United States,Henderson,Kentucky,42420,Sugar,Gulf,PROD-2533,Laffy Taffy,21.48,4,6.48,15.0,5,30.17,1.62,3.75,5.37,Sugar Shack,48.11914,-96.18115
332,US-2024-10332-CH,2024-10-26,2024-10-31,Standard Class,CUST-16626,United States,Henderson,Kentucky,42420,Other,Gulf,PROD-9415,Wonka Gum,29.0,5,7.11,21.89,5,24.52,1.42,4.38,5.8,Secret Factory,41.446333,-90.565487
333,US-2024-10333-CH,2024-05-18,2024-05-21,Standard Class,CUST-16905,United States,Philadelphia,Pennsylvania,19143,Other,Atlantic,PROD-0345,Lickable Wallpaper,170.64,18,3.26,167.38,3,1.91,0.18,9.3,9.48,Secret Factory,41.446333,-90.565487
334,US-2024-10334-CH,2026-05-02,2026-05-04,Standard Class,CUST-16207,United States,Henderson,Kentucky,42420,Chocolate,Gulf,PROD-3776,Wonka Bar -Scrumdiddlyumptious,42.12,6,22.57,19.55,2,53.58,3.76,3.26,7.02,Lot's O' Nuts,32.881893,-111.768036
335,US-2024-10335-CH,2026-05-15,2026-05-19,Second Class,CUST-19702,United States,Henderson,Kentucky,42420,Sugar,Gulf,PROD-2120,Everlasting Gobstopper,315.56,46,34.55,281.01,4,10.95,0.75,6.11,6.86,Secret Factory,41.446333,-90.565487
336,US-2024-10336-CH,2024-07-02,2024-07-05,First Class,CUST-14761,United States,Henderson,Kentucky,42420,Sugar,Gulf,PROD-0725,Hair Toffee,133.01,47,45.54,87.47,3,34.24,0.97,1.86,2.83,The Other Factory,35.1175,-89.971107
337,US-2024-10337-CH,2026-05-13,2026-05-16,Second Class,CUST-14494,United States,Athens,Georgia,30605,Sugar,Gulf,PROD-0725,Hair Toffee,192.77,37,29.07,163.7,3,15.08,0.79,4.42,5.21,The Other Factory,35.1175,-89.971107
338,US-2024-10338-CH,2025-05-13,2025-05-16,Second Class,CUST-12819,United States,Seattle,Washington,98101,Sugar,Pacific,PROD-2120,Everlasting Gobstopper,102.45,15,21.6,80.85,3,21.08,1.44,5.39,6.83,Secret Factory,41.446333,-90.565487
339,US-2024-10339-CH,2024-02-17,2024-02-24,First Class,CUST-13935,United States,Houston,Texas,77095,Sugar,Gulf,PROD-6629,SweeTARTS,95.49,9,32.26,63.23,7,33.78,3.58,7.03,10.61,Sugar Shack,48.11914,-96.18115
340,US-2024-10340-CH,2025-07-28,2025-08-02,First Class,CUST-12767,United States,Houston,Texas,77095,Sugar,Gulf,PROD-5646,Nerds,44.1,6,16.55,27.55,5,37.53,2.76,4.59,7.35,Sugar Shack,48.11914,-96.18115
341,US-2024-10341-CH,2024-12-14,2024-12-16,Standard Class,CUST-11999,United States,Naperville,Illinois,60540,Chocolate,Interior,PROD-3893,Wonka Bar - Fudge Mallows,36.32,4,15.75,20.57,2,43.36,3.94,5.14,9.08,Lot's O' Nuts,32.881893,-111.768036
342,US-2024-10342-CH,2025-11-11,2025-11-14,Same Day,CUST-12841,United States,Philadelphia,Pennsylvania,19143,Sugar,Atlantic,PROD-0725,Hair Toffee,359.6,31,36.76,322.84,3,10.22,1.19,10.41,11.6,The Other Factory,35.1175,-89.971107
343,US-2024-10343-CH,2024-11-22,2024-11-24,Second Class,CUST-15668,United States,Los Angeles,California,90049,Chocolate,Pacific,PROD-8572,Wonka Bar - Nutty Crunch Surprise,38.04,4,23.15,14.89,2,60.86,5.79,3.72,9.51,Lot's O' Nuts,32.881893,-111.768036
344,US-2024-10344-CH,2025-10-09,2025-10-13,Second Class,CUST-13175,United States,Los Angeles,California,90049,Other,Pacific,PROD-0345,Lickable Wallpaper,97.8,10,14.14,83.66,4,14.46,1.41,8.37,9.78,Secret Factory,41.446333,-90.565487
345,US-2024-10345-CH,2026-03-12,2026-03-14,Standard Class,CUST-17938,United States,Seattle,Washington,98101,Sugar,Pacific,PROD-6629,SweeTARTS,31.85,5,8.38,23.47,2,26.31,1.68,4.69,6.37,Sugar Shack,48.11914,-96.18115
346,US-2024-10346-CH,2024-02-14,2024-02-21,Standard Class,CUST-17913,United States,Philadelphia,Pennsylvania,19143,Other,Atlantic,PROD-9415,Wonka Gum,208.65,39,24.87,183.78,7,11.92,0.64,4.71,5.35,Secret Factory,41.446333,-90.565487
347,US-2024-10347-CH,2024-07-06,2024-07-08,Standard Class,CUST-12951,United States,Naperville,Illinois,60540,Sugar,Interior,PROD-0725,Hair Toffee,170.91,27,29.71,141.2,2,17.38,1.1,5.23,6.33,The Other Factory,35.1175,-89.971107
348,US-2024-10348-CH,2026-06-12,2026-06-15,Standard Class,CUST-15789,United States,Los Angeles,California,90049,Sugar,Pacific,PROD-6629,SweeTARTS,241.2,30,100.93,140.27,3,41.84,3.36,4.68,8.04,Sugar Shack,48.11914,-96.18115
349,US-2024-10349-CH,2025-02-06,2025-02-09,Standard Class,CUST-15565,United States,Henderson,Kentucky,42420,Chocolate,Gulf,PROD-7514,Wonka Bar - Triple Dazzle Caramel,95.42,26,59.37,36.05,3,62.22,2.28,1.39,3.67,Wicked Choccy's,32.076176,-81.088371
350,US-2024-10350-CH,2025-04-28,2025-05-02,Second Class,CUST-19203,United States,Atlanta,Georgia,30301,Other,Gulf,PROD-9359,Fizzy Lifting Drinks,188.58,21,1.06,187.52,4,0.56,0.05,8.93,8.98,Sugar Shack,48.11914,-96.18115
351,US-2024-10351-CH,2026-04-26,2026-04-29,Standard Class,CUST-16046,United States,Los Angeles,California,90049,Chocolate,Pacific,PROD-7514,Wonka Bar - Triple Dazzle Caramel,19.3,5,11.46,7.84,3,59.38,2.29,1.57,3.86,Wicked Choccy's,32.076176,-81.088371
352,US-2024-10352-CH,2026-04-29,2026-05-04,Standard Class,CUST-19456,United States,Philadelphia,Pennsylvania,19143,Other,Atlantic,PROD-9415,Wonka Gum,60.96,12,12.23,48.73,5,20.06,1.02,4.06,5.08,Secret Factory,41.446333,-90.565487
353,US-2024-10353-CH,2026-02-24,2026-02-27,Standard Class,CUST-12437,United States,Atlanta,Georgia,30301,Other,Gulf,PROD-9359,Fizzy Lifting Drinks,429.39,39,36.13,393.26,3,8.41,0.93,10.08,11.01,Sugar Shack,48.11914,-96.18115
354,US-2024-10354-CH,2026-04-11,2026-04-14,Standard Class,CUST-15793,United States,Seattle,Washington,98101,Chocolate,Pacific,PROD-7514,Wonka Bar - Triple Dazzle Caramel,124.2,12,53.71,70.49,3,43.24,4.48,5.87,10.35,Wicked Choccy's,32.076176,-81.088371
355,US-2024-10355-CH,2025-09-03,2025-09-10,First Class,CUST-18662,United States,Athens,Georgia,30605,Sugar,Gulf,PROD-0725,Hair Toffee,91.14,14,17.71,73.43,7,19.43,1.27,5.24,6.51,The Other Factory,35.1175,-89.971107
356,US-2024-10356-CH,2026-04-07,2026-04-11,First Class,CUST-19120,United States,New York,New York,10001,Other,Atlantic,PROD-9359,Fizzy Lifting Drinks,42.02,11,0.36,41.66,4,0.86,0.03,3.79,3.82,Sugar Shack,48.11914,-96.18115
357,US-2024-10357-CH,2025-03-27,2025-03-31,Second Class,CUST-11316,United States,New York,New York,10001,Sugar,Atlantic,PROD-5646,Nerds,156.86,31,54.13,102.73,4,34.51,1.75,3.31,5.06,Sugar Shack,48.11914,-96.18115
358,US-2024-10358-CH,2024-04-10,2024-04-13,Standard Class,CUST-15777,United States,New York,New York,10001,Other,Atlantic,PROD-9359,Fizzy Lifting Drinks,290.0,40,14.36,275.64,3,4.95,0.36,6.89,7.25,Sugar Shack,48.11914,-96.18115
359,US-2024-10359-CH,2024-08-23,2024-08-25,First Class,CUST-14424,United States,Houston,Texas,77095,Other,Gulf,PROD-9415,Wonka Gum,78.32,8,15.99,62.33,2,20.42,2.0,7.79,9.79,Secret Factory,41.446333,-90.565487
360,US-2024-10360-CH,2024-04-09,2024-04-13,First Class,CUST-17170,United States,Naperville,Illinois,60540,Sugar,Interior,PROD-2533,Laffy Taffy,130.64,46,42.97,87.67,4,32.89,0.93,1.91,2.84,Sugar Shack,48.11914,-96.18115
361,US-2024-10361-CH,2024-05-28,2024-06-01,Standard Class,CUST-17480,United States,Naperville,Illinois,60540,Sugar,Interior,PROD-0725,Hair Toffee,21.92,2,3.77,18.15,4,17.2,1.88,9.07,10.96,The Other Factory,35.1175,-89.971107
362,US-2024-10362-CH,2024-02-23,2024-02-26,Standard Class,CUST-13173,United States,Naperville,Illinois,60540,Chocolate,Interior,PROD-8572,Wonka Bar - Nutty Crunch Surprise,155.25,45,88.8,66.45,3,57.2,1.97,1.48,3.45,Lot's O' Nuts,32.881893,-111.768036
363,US-2024-10363-CH,2026-04-28,2026-04-30,Standard Class,CUST-13253,United States,Philadelphia,Pennsylvania,19143,Sugar,Atlantic,PROD-5646,Nerds,30.8,11,12.23,18.57,2,39.71,1.11,1.69,2.8,Sugar Shack,48.11914,-96.18115
364,US-2024-10364-CH,2025-06-24,2025-06-27,Second Class,CUST-14214,United States,Los Angeles,California,90049,Chocolate,Pacific,PROD-0874,Wonka Bar - Milk Chocolate,107.3,37,53.59,53.71,3,49.94,1.45,1.45,2.9,Wicked Choccy's,32.076176,-81.088371
365,US-2024-10365-CH,2024-04-13,2024-04-15,Second Class,CUST-12792,United States,New York,New York,10001,Sugar,Atlantic,PROD-0725,Hair Toffee,47.97,13,5.0,42.97,2,10.42,0.38,3.31,3.69,The Other Factory,35.1175,-89.971107
366,US-2024-10366-CH,2024-05-13,2024-05-16,Standard Class,CUST-12803,United States,Henderson,Kentucky,42420,Chocolate,Gulf,PROD-3893,Wonka Bar - Fudge Mallows,174.57,33,103.57,71.0,3,59.33,3.14,2.15,5.29,Lot's O' Nuts,32.881893,-111.768036
367,US-2024-10367-CH,2025-04-28,2025-05-01,First Class,CUST-18835,United States,Henderson,Kentucky,42420,Sugar,Gulf,PROD-9885,Fun Dip,390.35,37,99.43,290.92,3,25.47,2.69,7.86,10.55,Sugar Shack,48.11914,-96.18115
368,US-2024-10368-CH,2025-05-03,2025-05-10,Standard Class,CUST-19433,United States,Houston,Texas,77095,Sugar,Gulf,PROD-5646,Nerds,248.5,35,99.27,149.23,7,39.95,2.84,4.26,7.1,Sugar Shack,48.11914,-96.18115
369,US-2024-10369-CH,2024-04-13,2024-04-20,Second Class,CUST-16683,United States,Atlanta,Georgia,30301,Chocolate,Gulf,PROD-0874,Wonka Bar - Milk Chocolate,45.24,6,25.46,19.78,7,56.28,4.24,3.3,7.54,Wicked Choccy's,32.076176,-81.088371
370,US-2024-10370-CH,2025-06-12,2025-06-15,First Class,CUST-17468,United States,Seattle,Washington,98101,Sugar,Pacific,PROD-2533,Laffy Taffy,377.55,45,162.05,215.5,3,42.92,3.6,4.79,8.39,Sugar Shack,48.11914,-96.18115
371,US-2024-10371-CH,2025-03-31,2025-04-04,First Class,CUST-16707,United States,Henderson,Kentucky,42420,Chocolate,Gulf,PROD-3776,Wonka Bar -Scrumdiddlyumptious,194.88,48,109.27,85.61,4,56.07,2.28,1.78,4.06,Lot's O' Nuts,32.881893,-111.768036
372,US-2024-10372-CH,2025-03-13,2025-03-16,Second Class,CUST-17763,United States,Los Angeles,California,90049,Sugar,Pacific,PROD-2533,Laffy Taffy,147.84,48,57.36,90.48,3,38.8,1.2,1.88,3.08,Sugar Shack,48.11914,-96.18115
373,US-2024-10373-CH,2025-04-03,2025-04-05,Standard Class,CUST-13644,United States,Seattle,Washington,98101,Chocolate,Pacific,PROD-0874,Wonka Bar - Milk Chocolate,394.4,34,209.98,184.42,2,53.24,6.18,5.42,11.6,Wicked Choccy's,32.076176,-81.088371
374,US-2024-10374-CH,2025-07-11,2025-07-13,Standard Class,CUST-11932,United States,Henderson,Kentucky,42420,Other,Gulf,PROD-9359,Fizzy Lifting Drinks,441.48,39,55.18,386.3,2,12.5,1.41,9.91,11.32,Sugar Shack,48.11914,-96.18115
375,US-2024-10375-CH,2025-06-01,2025-06-04,Standard Class,CUST-16474,United States,Houston,Texas,77095,Other,Gulf,PROD-2646,Kazookles,496.35,45,133.31,363.04,3,26.86,2.96,8.07,11.03,The Other Factory,35.1175,-89.971107
376,US-2024-10376-CH,2025-06-06,2025-06-09,Same Day,CUST-12743,United States,Philadelphia,Pennsylvania,19143,Other,Atlantic,PROD-0345,Lickable Wallpaper,523.35,45,-2.46,525.81,3,-0.47,-0.05,11.68,11.63,Secret Factory,41.446333,-90.565487
377,US-2024-10377-CH,2025-03-21,2025-03-24,Standard Class,CUST-19061,United States,Atlanta,Georgia,30301,Sugar,Gulf,PROD-2120,Everlasting Gobstopper,82.32,12,27.15,55.17,3,32.98,2.26,4.6,6.86,Secret Factory,41.446333,-90.565487
378,US-2024-10378-CH,2024-06-02,2024-06-04,First Class,CUST-18436,United States,Philadelphia,Pennsylvania,19143,Sugar,Atlantic,PROD-2533,Laffy Taffy,451.35,45,194.79,256.56,2,43.16,4.33,5.7,10.03,Sugar Shack,48.11914,-96.18115
379,US-2024-10379-CH,2024-09-03,2024-09-06,Standard Class,CUST-16976,United States,Philadelphia,Pennsylvania,19143,Chocolate,Atlantic,PROD-3893,Wonka Bar - Fudge Mallows,302.29,43,175.2,127.09,3,57.96,4.07,2.96,7.03,Lot's O' Nuts,32.881893,-111.768036
380,US-2024-10380-CH,2025-08-15,2025-08-17,Second Class,CUST-12468,United States,Chicago,Illinois,60601,Sugar,Interior,PROD-2120,Everlasting Gobstopper,243.75,25,76.49,167.26,2,31.38,3.06,6.69,9.75,Secret Factory,41.446333,-90.565487
381,US-2024-10381-CH,2025-09-04,2025-09-07,Standard Class,CUST-14967,United States,Athens,Georgia,30605,Other,Gulf,PROD-9359,Fizzy Lifting Drinks,135.43,29,12.99,122.44,3,9.59,0.45,4.22,4.67,Sugar Shack,48.11914,-96.18115
382,US-2024-10382-CH,2025-03-31,2025-04-05,Standard Class,CUST-11676,United States,Chicago,Illinois,60601,Chocolate,Interior,PROD-3893,Wonka Bar - Fudge Mallows,151.11,23,61.55,89.56,5,40.73,2.68,3.89,6.57,Lot's O' Nuts,32.881893,-111.768036
383,US-2024-10383-CH,2026-01-09,2026-01-12,Standard Class,CUST-14422,United States,Atlanta,Georgia,30301,Other,Gulf,PROD-0345,Lickable Wallpaper,323.96,28,20.66,303.3,3,6.38,0.74,10.83,11.57,Secret Factory,41.446333,-90.565487
384,US-2024-10384-CH,2025-02-07,2025-02-11,Standard Class,CUST-14369,United States,Houston,Texas,77095,Chocolate,Gulf,PROD-8572,Wonka Bar - Nutty Crunch Surprise,109.8,36,56.12,53.68,4,51.11,1.56,1.49,3.05,Lot's O' Nuts,32.881893,-111.768036
385,US-2024-10385-CH,2026-05-10,2026-05-13,First Class,CUST-18345,United States,Athens,Georgia,30605,Other,Gulf,PROD-0345,Lickable Wallpaper,180.6,28,26.16,154.44,3,14.49,0.93,5.52,6.45,Secret Factory,41.446333,-90.565487
386,US-2024-10386-CH,2025-09-19,2025-09-21,Same Day,CUST-11772,United States,Athens,Georgia,30605,Other,Gulf,PROD-0345,Lickable Wallpaper,115.68,12,0.3,115.38,2,0.26,0.02,9.62,9.64,Secret Factory,41.446333,-90.565487
387,US-2024-10387-CH,2025-12-09,2025-12-13,Standard Class,CUST-10699,United States,Athens,Georgia,30605,Sugar,Gulf,PROD-9885,Fun Dip,163.02,22,65.49,97.53,4,40.17,2.98,4.43,7.41,Sugar Shack,48.11914,-96.18115
388,US-2024-10388-CH,2024-11-22,2024-11-27,Standard Class,CUST-11422,United States,Chicago,Illinois,60601,Sugar,Interior,PROD-6629,SweeTARTS,38.88,6,15.79,23.09,5,40.61,2.63,3.85,6.48,Sugar Shack,48.11914,-96.18115
389,US-2024-10389-CH,2024-04-18,2024-04-21,Standard Class,CUST-14570,United States,Athens,Georgia,30605,Chocolate,Gulf,PROD-3893,Wonka Bar - Fudge Mallows,223.02,42,122.32,100.7,3,54.85,2.91,2.4,5.31,Lot's O' Nuts,32.881893,-111.768036
390,US-2024-10390-CH,2024-09-27,2024-10-02,First Class,CUST-13607,United States,Atlanta,Georgia,30301,Chocolate,Gulf,PROD-0874,Wonka Bar - Milk Chocolate,12.78,2,7.7,5.08,5,60.25,3.85,2.54,6.39,Wicked Choccy's,32.076176,-81.088371
391,US-2024-10391-CH,2024-01-04,2024-01-06,First Class,CUST-14958,United States,Atlanta,Georgia,30301,Sugar,Gulf,PROD-5646,Nerds,70.32,24,21.66,48.66,2,30.8,0.9,2.03,2.93,Sugar Shack,48.11914,-96.18115
392,US-2024-10392-CH,2026-04-09,2026-04-12,Standard Class,CUST-13156,United States,Henderson,Kentucky,42420,Other,Gulf,PROD-9415,Wonka Gum,21.14,7,7.26,13.88,3,34.34,1.04,1.98,3.02,Secret Factory,41.446333,-90.565487
393,US-2024-10393-CH,2025-05-29,2025-06-03,Standard Class,CUST-13240,United States,Athens,Georgia,30605,Other,Gulf,PROD-0345,Lickable Wallpaper,216.89,23,37.39,179.5,5,17.24,1.63,7.8,9.43,Secret Factory,41.446333,-90.565487
394,US-2024-10394-CH,2026-04-05,2026-04-08,Standard Class,CUST-14591,United States,Chicago,Illinois,60601,Chocolate,Interior,PROD-7514,Wonka Bar - Triple Dazzle Caramel,352.26,38,212.83,139.43,3,60.42,5.6,3.67,9.27,Wicked Choccy's,32.076176,-81.088371
395,US-2024-10395-CH,2026-01-09,2026-01-16,Second Class,CUST-13273,United States,Naperville,Illinois,60540,Sugar,Interior,PROD-2120,Everlasting Gobstopper,143.52,23,35.54,107.98,7,24.76,1.55,4.69,6.24,Secret Factory,41.446333,-90.565487
396,US-2024-10396-CH,2026-02-05,2026-02-08,Standard Class,CUST-15679,United States,Philadelphia,Pennsylvania,19143,Sugar,Atlantic,PROD-2120,Everlasting Gobstopper,207.9,18,22.99,184.91,3,11.06,1.28,10.27,11.55,Secret Factory,41.446333,-90.565487
397,US-2024-10397-CH,2025-09-26,2025-09-30,Standard Class,CUST-11104,United States,Seattle,Washington,98101,Chocolate,Pacific,PROD-0874,Wonka Bar - Milk Chocolate,386.88,39,223.28,163.6,4,57.71,5.73,4.19,9.92,Wicked Choccy's,32.076176,-81.088371
398,US-2024-10398-CH,2024-07-12,2024-07-16,Standard Class,CUST-10166,United States,Los Angeles,California,90049,Sugar,Pacific,PROD-9885,Fun Dip,113.19,33,46.49,66.7,4,41.07,1.41,2.02,3.43,Sugar Shack,48.11914,-96.18115
399,US-2024-10399-CH,2025-08-15,2025-08-17,Standard Class,CUST-19523,United States,Seattle,Washington,98101,Other,Pacific,PROD-0345,Lickable Wallpaper,182.7,42,5.38,177.32,2,2.94,0.13,4.22,4.35,Secret Factory,41.446333,-90.565487
400,US-2024-10400-CH,2024-12-02,2024-12-06,Standard Class,CUST-17106,United States,Houston,Texas,77095,Chocolate,Gulf,PROD-7514,Wonka Bar - Triple Dazzle Caramel,115.44,13,58.74,56.7,4,50.88,4.52,4.36,8.88,Wicked Choccy's,32.076176,-81.088371
401,US-2024-10401-CH,2025-06-27,2025-06-30,First Class,CUST-12535,United States,Athens,Georgia,30605,Other,Gulf,PROD-9359,Fizzy Lifting Drinks,30.75,5,-1.36,32.11,3,-4.42,-0.27,6.42,6.15,Sugar Shack,48.11914,-96.18115
402,US-2024-10402-CH,2026-03-11,2026-03-18,Second Class,CUST-10992,United States,Atlanta,Georgia,30301,Other,Gulf,PROD-9415,Wonka Gum,39.05,5,8.8,30.25,7,22.54,1.76,6.05,7.81,Secret Factory,41.446333,-90.565487
403,US-2024-10403-CH,2024-12-04,2024-12-07,Standard Class,CUST-11855,United States,Los Angeles,California,90049,Chocolate,Pacific,PROD-8572,Wonka Bar - Nutty Crunch Surprise,55.98,6,34.46,21.52,3,61.56,5.74,3.59,9.33,Lot's O' Nuts,32.881893,-111.768036
404,US-2024-10404-CH,2025-10-20,2025-10-23,Standard Class,CUST-19729,United States,Houston,Texas,77095,Other,Gulf,PROD-9415,Wonka Gum,471.68,44,65.71,405.97,3,13.93,1.49,9.23,10.72,Secret Factory,41.446333,-90.565487
405,US-2024-10405-CH,2026-06-01,2026-06-04,Standard Class,CUST-17951,United States,Naperville,Illinois,60540,Sugar,Interior,PROD-5646,Nerds,43.92,9,16.47,27.45,3,37.5,1.83,3.05,4.88,Sugar Shack,48.11914,-96.18115
406,US-2024-10406-CH,2024-06-27,2024-06-29,Standard Class,CUST-10139,United States,Houston,Texas,77095,Sugar,Gulf,PROD-6629,SweeTARTS,68.85,17,19.79,49.06,2,28.74,1.16,2.89,4.05,Sugar Shack,48.11914,-96.18115
407,US-2024-10407-CH,2024-04-06,2024-04-09,Second Class,CUST-10049,United States,Naperville,Illinois,60540,Chocolate,Interior,PROD-8572,Wonka Bar - Nutty Crunch Surprise,183.86,29,76.69,107.17,3,41.71,2.64,3.7,6.34,Lot's O' Nuts,32.881893,-111.768036
408,US-2024-10408-CH,2025-12-26,2025-12-29,Same Day,CUST-13765,United States,Houston,Texas,77095,Sugar,Gulf,PROD-9885,Fun Dip,13.35,3,4.36,8.99,3,32.66,1.45,3.0,4.45,Sugar Shack,48.11914,-96.18115
409,US-2024-10409-CH,2025-06-09,2025-06-13,Standard Class,CUST-12761,United States,Chicago,Illinois,60601,Sugar,Interior,PROD-6629,SweeTARTS,103.8,30,31.72,72.08,4,30.56,1.06,2.4,3.46,Sugar Shack,48.11914,-96.18115
410,US-2024-10410-CH,2025-01-26,2025-01-28,Standard Class,CUST-19533,United States,Seattle,Washington,98101,Sugar,Pacific,PROD-9885,Fun Dip,353.4,30,95.64,257.76,2,27.06,3.19,8.59,11.78,Sugar Shack,48.11914,-96.18115
411,US-2024-10411-CH,2024-03-22,2024-03-26,Standard Class,CUST-16241,United States,Henderson,Kentucky,42420,Sugar,Gulf,PROD-9885,Fun Dip,186.48,42,66.0,120.48,4,35.39,1.57,2.87,4.44,Sugar Shack,48.11914,-96.18115
412,US-2024-10412-CH,2024-07-26,2024-07-30,Second Class,CUST-11518,United States,Houston,Texas,77095,Sugar,Gulf,PROD-9885,Fun Dip,218.5,25,96.95,121.55,4,44.37,3.88,4.86,8.74,Sugar Shack,48.11914,-96.18115
413,US-2024-10413-CH,2025-07-06,2025-07-08,Standard Class,CUST-12849,United States,Athens,Georgia,30605,Sugar,Gulf,PROD-2533,Laffy Taffy,308.25,45,82.74,225.51,2,26.84,1.84,5.01,6.85,Sugar Shack,48.11914,-96.18115
414,US-2024-10414-CH,2024-05-13,2024-05-16,Standard Class,CUST-14195,United States,Houston,Texas,77095,Sugar,Gulf,PROD-2533,Laffy Taffy,74.58,11,28.67,45.91,3,38.44,2.61,4.17,6.78,Sugar Shack,48.11914,-96.18115
415,US-2024-10415-CH,2025-02-16,2025-02-18,First Class,CUST-14757,United States,Philadelphia,Pennsylvania,19143,Sugar,Atlantic,PROD-2120,Everlasting Gobstopper,70.2,20,9.74,60.46,2,13.87,0.49,3.02,3.51,Secret Factory,41.446333,-90.565487
416,US-2024-10416-CH,2026-06-09,2026-06-13,Standard Class,CUST-14396,United States,Henderson,Kentucky,42420,Chocolate,Gulf,PROD-3776,Wonka Bar -Scrumdiddlyumptious,338.92,37,193.19,145.73,4,57.0,5.22,3.94,9.16,Lot's O' Nuts,32.881893,-111.768036
417,US-2024-10417-CH,2026-03-27,2026-03-30,First Class,CUST-17071,United States,Chicago,Illinois,60601,Chocolate,Interior,PROD-0874,Wonka Bar - Milk Chocolate,232.0,20,115.94,116.06,3,49.97,5.8,5.8,11.6,Wicked Choccy's,32.076176,-81.088371
418,US-2024-10418-CH,2025-10-18,2025-10-21,Second Class,CUST-17294,United States,Naperville,Illinois,60540,Sugar,Interior,PROD-2533,Laffy Taffy,185.36,28,49.77,135.59,3,26.85,1.78,4.84,6.62,Sugar Shack,48.11914,-96.18115
419,US-2024-10419-CH,2025-08-27,2025-08-30,Second Class,CUST-12424,United States,Athens,Georgia,30605,Sugar,Gulf,PROD-9885,Fun Dip,72.52,28,26.68,45.84,3,36.79,0.95,1.64,2.59,Sugar Shack,48.11914,-96.18115
420,US-2024-10420-CH,2024-07-30,2024-08-02,Second Class,CUST-15166,United States,Atlanta,Georgia,30301,Sugar,Gulf,PROD-9885,Fun Dip,175.6,40,74.72,100.88,3,42.55,1.87,2.52,4.39,Sugar Shack,48.11914,-96.18115
421,US-2024-10421-CH,2024-12-31,2025-01-03,Standard Class,CUST-13901,United States,New York,New York,10001,Other,Atlantic,PROD-2646,Kazookles,546.84,49,103.2,443.64,3,18.87,2.11,9.05,11.16,The Other Factory,35.1175,-89.971107
422,US-2024-10422-CH,2024-11-26,2024-11-29,First Class,CUST-14370,United States,New York,New York,10001,Other,Atlantic,PROD-9359,Fizzy Lifting Drinks,357.74,31,51.1,306.64,3,14.28,1.65,9.89,11.54,Sugar Shack,48.11914,-96.18115
423,US-2024-10423-CH,2025-11-16,2025-11-19,Standard Class,CUST-10690,United States,Los Angeles,California,90049,Chocolate,Pacific,PROD-0874,Wonka Bar - Milk Chocolate,372.84,39,217.92,154.92,3,58.45,5.59,3.97,9.56,Wicked Choccy's,32.076176,-81.088371
424,US-2024-10424-CH,2025-12-21,2025-12-28,First Class,CUST-12912,United States,Atlanta,Georgia,30301,Other,Gulf,PROD-9415,Wonka Gum,70.7,7,12.97,57.73,7,18.35,1.85,8.25,10.1,Secret Factory,41.446333,-90.565487
425,US-2024-10425-CH,2025-10-10,2025-10-12,Second Class,CUST-18933,United States,Henderson,Kentucky,42420,Sugar,Gulf,PROD-2533,Laffy Taffy,141.02,22,59.9,81.12,2,42.48,2.72,3.69,6.41,Sugar Shack,48.11914,-96.18115
426,US-2024-10426-CH,2025-02-23,2025-02-26,First Class,CUST-17829,United States,Los Angeles,California,90049,Other,Pacific,PROD-9359,Fizzy Lifting Drinks,501.16,44,-17.68,518.84,3,-3.53,-0.4,11.79,11.39,Sugar Shack,48.11914,-96.18115
427,US-2024-10427-CH,2024-07-03,2024-07-06,Standard Class,CUST-18003,United States,Atlanta,Georgia,30301,Sugar,Gulf,PROD-2120,Everlasting Gobstopper,167.21,23,19.07,148.14,3,11.4,0.83,6.44,7.27,Secret Factory,41.446333,-90.565487
428,US-2024-10428-CH,2026-04-02,2026-04-06,Standard Class,CUST-15103,United States,New York,New York,10001,Sugar,Atlantic,PROD-0725,Hair Toffee,340.08,39,56.13,283.95,4,16.5,1.44,7.28,8.72,The Other Factory,35.1175,-89.971107
429,US-2024-10429-CH,2025-12-14,2025-12-21,Standard Class,CUST-15059,United States,Henderson,Kentucky,42420,Other,Gulf,PROD-0345,Lickable Wallpaper,74.8,8,10.48,64.32,7,14.01,1.31,8.04,9.35,Secret Factory,41.446333,-90.565487
430,US-2024-10430-CH,2024-07-14,2024-07-21,Standard Class,CUST-13927,United States,New York,New York,10001,Chocolate,Atlantic,PROD-7514,Wonka Bar - Triple Dazzle Caramel,206.92,28,110.47,96.45,7,53.39,3.95,3.44,7.39,Wicked Choccy's,32.076176,-81.088371
431,US-2024-10431-CH,2026-03-24,2026-03-31,Standard Class,CUST-12854,United States,Chicago,Illinois,60601,Sugar,Interior,PROD-9885,Fun Dip,329.01,33,123.85,205.16,7,37.64,3.75,6.22,9.97,Sugar Shack,48.11914,-96.18115
432,US-2024-10432-CH,2024-07-31,2024-08-07,Standard Class,CUST-10086,United States,New York,New York,10001,Chocolate,Atlantic,PROD-8572,Wonka Bar - Nutty Crunch Surprise,54.32,7,28.56,25.76,7,52.58,4.08,3.68,7.76,Lot's O' Nuts,32.881893,-111.768036
433,US-2024-10433-CH,2025-02-17,2025-02-20,Standard Class,CUST-16815,United States,Chicago,Illinois,60601,Chocolate,Interior,PROD-8572,Wonka Bar - Nutty Crunch Surprise,122.13,23,62.87,59.26,3,51.48,2.73,2.58,5.31,Lot's O' Nuts,32.881893,-111.768036
434,US-2024-10434-CH,2025-05-09,2025-05-12,Second Class,CUST-18837,United States,Athens,Georgia,30605,Other,Gulf,PROD-9415,Wonka Gum,187.22,46,18.82,168.4,3,10.05,0.41,3.66,4.07,Secret Factory,41.446333,-90.565487
435,US-2024-10435-CH,2025-08-28,2025-08-30,Second Class,CUST-18690,United States,Philadelphia,Pennsylvania,19143,Sugar,Atlantic,PROD-0725,Hair Toffee,196.52,34,40.0,156.52,2,20.35,1.18,4.6,5.78,The Other Factory,35.1175,-89.971107
436,US-2024-10436-CH,2025-10-11,2025-10-15,Standard Class,CUST-12294,United States,Atlanta,Georgia,30301,Other,Gulf,PROD-9415,Wonka Gum,133.94,37,20.49,113.45,4,15.3,0.55,3.07,3.62,Secret Factory,41.446333,-90.565487
437,US-2024-10437-CH,2024-05-06,2024-05-09,Same Day,CUST-18328,United States,Naperville,Illinois,60540,Other,Interior,PROD-2646,Kazookles,153.92,16,37.4,116.52,3,24.3,2.34,7.28,9.62,The Other Factory,35.1175,-89.971107
438,US-2024-10438-CH,2025-04-25,2025-04-28,Standard Class,CUST-15618,United States,New York,New York,10001,Other,Atlantic,PROD-2646,Kazookles,70.51,11,20.33,50.18,3,28.83,1.85,4.56,6.41,The Other Factory,35.1175,-89.971107
439,US-2024-10439-CH,2026-06-15,2026-06-19,Standard Class,CUST-14390,United States,Naperville,Illinois,60540,Other,Interior,PROD-0345,Lickable Wallpaper,562.52,49,62.0,500.52,4,11.02,1.27,10.21,11.48,Secret Factory,41.446333,-90.565487
440,US-2024-10440-CH,2024-01-17,2024-01-20,Second Class,CUST-19012,United States,Atlanta,Georgia,30301,Sugar,Gulf,PROD-5646,Nerds,58.62,6,22.61,36.01,3,38.57,3.77,6.0,9.77,Sugar Shack,48.11914,-96.18115
441,US-2024-10441-CH,2025-07-27,2025-07-31,First Class,CUST-19359,United States,New York,New York,10001,Chocolate,Atlantic,PROD-8572,Wonka Bar - Nutty Crunch Surprise,231.4,26,116.17,115.23,4,50.2,4.47,4.43,8.9,Lot's O' Nuts,32.881893,-111.768036
442,US-2024-10442-CH,2025-10-29,2025-11-02,Standard Class,CUST-19579,United States,Naperville,Illinois,60540,Sugar,Interior,PROD-9885,Fun Dip,13.84,2,5.88,7.96,4,42.49,2.94,3.98,6.92,Sugar Shack,48.11914,-96.18115
443,US-2024-10443-CH,2026-01-14,2026-01-17,First Class,CUST-14994,United States,Naperville,Illinois,60540,Chocolate,Interior,PROD-3776,Wonka Bar -Scrumdiddlyumptious,127.2,30,78.07,49.13,3,61.38,2.6,1.64,4.24,Lot's O' Nuts,32.881893,-111.768036
444,US-2024-10444-CH,2025-06-25,2025-06-29,Standard Class,CUST-12581,United States,Henderson,Kentucky,42420,Sugar,Gulf,PROD-2120,Everlasting Gobstopper,210.33,19,31.73,178.6,4,15.09,1.67,9.4,11.07,Secret Factory,41.446333,-90.565487
445,US-2024-10445-CH,2026-05-21,2026-05-28,Standard Class,CUST-16476,United States,Seattle,Washington,98101,Sugar,Pacific,PROD-2533,Laffy Taffy,222.72,29,99.41,123.31,7,44.63,3.43,4.25,7.68,Sugar Shack,48.11914,-96.18115
446,US-2024-10446-CH,2024-11-30,2024-12-03,Standard Class,CUST-18397,United States,Naperville,Illinois,60540,Other,Interior,PROD-0345,Lickable Wallpaper,234.3,30,5.59,228.71,3,2.39,0.19,7.62,7.81,Secret Factory,41.446333,-90.565487
447,US-2024-10447-CH,2025-07-27,2025-07-30,Standard Class,CUST-13306,United States,Chicago,Illinois,60601,Sugar,Interior,PROD-5646,Nerds,104.88,12,41.09,63.79,3,39.18,3.42,5.32,8.74,Sugar Shack,48.11914,-96.18115
448,US-2024-10448-CH,2024-12-13,2024-12-17,Standard Class,CUST-15255,United States,New York,New York,10001,Chocolate,Atlantic,PROD-3893,Wonka Bar - Fudge Mallows,344.4,35,184.98,159.42,4,53.71,5.29,4.55,9.84,Lot's O' Nuts,32.881893,-111.768036
449,US-2024-10449-CH,2024-11-09,2024-11-13,Second Class,CUST-15330,United States,Atlanta,Georgia,30301,Sugar,Gulf,PROD-9885,Fun Dip,268.18,46,103.38,164.8,4,38.55,2.25,3.58,5.83,Sugar Shack,48.11914,-96.18115
450,US-2024-10450-CH,2024-04-01,2024-04-03,Standard Class,CUST-10990,United States,Chicago,Illinois,60601,Sugar,Interior,PROD-0725,Hair Toffee,180.09,29,25.15,154.94,2,13.97,0.87,5.34,6.21,The Other Factory,35.1175,-89.971107
451,US-2024-10451-CH,2025-07-29,2025-08-02,Standard Class,CUST-19897,United States,Henderson,Kentucky,42420,Chocolate,Gulf,PROD-3776,Wonka Bar -Scrumdiddlyumptious,344.0,43,191.99,152.01,4,55.81,4.46,3.54,8.0,Lot's O' Nuts,32.881893,-111.768036
452,US-2024-10452-CH,2025-06-11,2025-06-14,First Class,CUST-18841,United States,Naperville,Illinois,60540,Other,Interior,PROD-0345,Lickable Wallpaper,336.2,41,49.81,286.39,3,14.82,1.21,6.99,8.2,Secret Factory,41.446333,-90.565487
453,US-2024-10453-CH,2025-12-30,2026-01-03,Same Day,CUST-10383,United States,New York,New York,10001,Sugar,Atlantic,PROD-0725,Hair Toffee,87.36,13,18.58,68.78,4,21.27,1.43,5.29,6.72,The Other Factory,35.1175,-89.971107
454,US-2024-10454-CH,2025-05-19,2025-05-22,Standard Class,CUST-16111,United States,Naperville,Illinois,60540,Other,Interior,PROD-9415,Wonka Gum,374.79,39,58.56,316.23,3,15.62,1.5,8.11,9.61,Secret Factory,41.446333,-90.565487
455,US-2024-10455-CH,2025-01-12,2025-01-15,Second Class,CUST-19166,United States,Henderson,Kentucky,42420,Sugar,Gulf,PROD-0725,Hair Toffee,228.48,28,37.96,190.52,3,16.61,1.36,6.8,8.16,The Other Factory,35.1175,-89.971107
456,US-2024-10456-CH,2025-04-24,2025-04-28,Second Class,CUST-10160,United States,Athens,Georgia,30605,Other,Gulf,PROD-2646,Kazookles,69.79,7,20.48,49.31,4,29.35,2.93,7.04,9.97,The Other Factory,35.1175,-89.971107
457,US-2024-10457-CH,2026-02-07,2026-02-10,Standard Class,CUST-19732,United States,Los Angeles,California,90049,Sugar,Pacific,PROD-0725,Hair Toffee,64.86,23,20.74,44.12,3,31.98,0.9,1.92,2.82,The Other Factory,35.1175,-89.971107
458,US-2024-10458-CH,2026-03-24,2026-03-28,Standard Class,CUST-18092,United States,Los Angeles,California,90049,Sugar,Pacific,PROD-0725,Hair Toffee,46.06,7,6.92,39.14,4,15.02,0.99,5.59,6.58,The Other Factory,35.1175,-89.971107
459,US-2024-10459-CH,2024-03-17,2024-03-22,Second Class,CUST-15669,United States,Los Angeles,California,90049,Sugar,Pacific,PROD-6629,SweeTARTS,28.83,3,11.89,16.94,5,41.24,3.96,5.65,9.61,Sugar Shack,48.11914,-96.18115
460,US-2024-10460-CH,2025-10-13,2025-10-16,Standard Class,CUST-17002,United States,Athens,Georgia,30605,Sugar,Gulf,PROD-2120,Everlasting Gobstopper,323.52,32,86.89,236.63,3,26.86,2.72,7.39,10.11,Secret Factory,41.446333,-90.565487
461,US-2024-10461-CH,2026-03-13,2026-03-15,Standard Class,CUST-16644,United States,New York,New York,10001,Chocolate,Atlantic,PROD-3776,Wonka Bar -Scrumdiddlyumptious,218.9,22,118.54,100.36,2,54.15,5.39,4.56,9.95,Lot's O' Nuts,32.881893,-111.768036
462,US-2024-10462-CH,2024-06-14,2024-06-16,Standard Class,CUST-13839,United States,Naperville,Illinois,60540,Chocolate,Interior,PROD-3776,Wonka Bar -Scrumdiddlyumptious,210.75,25,124.46,86.29,2,59.06,4.98,3.45,8.43,Lot's O' Nuts,32.881893,-111.768036
463,US-2024-10463-CH,2024-12-20,2024-12-27,Standard Class,CUST-19788,United States,Atlanta,Georgia,30301,Sugar,Gulf,PROD-2120,Everlasting Gobstopper,64.26,6,15.86,48.4,7,24.68,2.64,8.07,10.71,Secret Factory,41.446333,-90.565487
464,US-2024-10464-CH,2025-11-13,2025-11-17,First Class,CUST-10650,United States,Houston,Texas,77095,Other,Gulf,PROD-0345,Lickable Wallpaper,352.0,44,28.51,323.49,4,8.1,0.65,7.35,8.0,Secret Factory,41.446333,-90.565487
465,US-2024-10465-CH,2025-11-25,2025-11-29,Second Class,CUST-15232,United States,Philadelphia,Pennsylvania,19143,Other,Atlantic,PROD-9415,Wonka Gum,71.76,6,24.78,46.98,4,34.53,4.13,7.83,11.96,Secret Factory,41.446333,-90.565487
466,US-2024-10466-CH,2025-11-08,2025-11-11,Standard Class,CUST-16837,United States,Athens,Georgia,30605,Other,Gulf,PROD-9359,Fizzy Lifting Drinks,138.24,12,19.57,118.67,3,14.16,1.63,9.89,11.52,Sugar Shack,48.11914,-96.18115
467,US-2024-10467-CH,2025-04-15,2025-04-22,Second Class,CUST-12505,United States,Los Angeles,California,90049,Chocolate,Pacific,PROD-3893,Wonka Bar - Fudge Mallows,326.25,45,186.85,139.4,7,57.27,4.15,3.1,7.25,Lot's O' Nuts,32.881893,-111.768036
468,US-2024-10468-CH,2026-04-12,2026-04-16,Standard Class,CUST-17086,United States,Houston,Texas,77095,Sugar,Gulf,PROD-2533,Laffy Taffy,32.15,5,9.35,22.8,4,29.08,1.87,4.56,6.43,Sugar Shack,48.11914,-96.18115
469,US-2024-10469-CH,2025-02-07,2025-02-11,First Class,CUST-11141,United States,Philadelphia,Pennsylvania,19143,Chocolate,Atlantic,PROD-8572,Wonka Bar - Nutty Crunch Surprise,281.86,34,162.04,119.82,4,57.49,4.77,3.52,8.29,Lot's O' Nuts,32.881893,-111.768036
470,US-2024-10470-CH,2025-10-04,2025-10-08,Standard Class,CUST-12789,United States,Naperville,Illinois,60540,Chocolate,Interior,PROD-0874,Wonka Bar - Milk Chocolate,170.64,27,74.81,95.83,4,43.84,2.77,3.55,6.32,Wicked Choccy's,32.076176,-81.088371
471,US-2024-10471-CH,2025-03-13,2025-03-16,Second Class,CUST-17129,United States,Athens,Georgia,30605,Chocolate,Gulf,PROD-3893,Wonka Bar - Fudge Mallows,30.6,9,16.78,13.82,3,54.84,1.86,1.54,3.4,Lot's O' Nuts,32.881893,-111.768036
472,US-2024-10472-CH,2025-10-01,2025-10-05,Standard Class,CUST-19146,United States,New York,New York,10001,Other,Atlantic,PROD-9415,Wonka Gum,154.02,17,38.38,115.64,4,24.92,2.26,6.8,9.06,Secret Factory,41.446333,-90.565487
473,US-2024-10473-CH,2024-06-03,2024-06-07,Standard Class,CUST-11257,United States,Los Angeles,California,90049,Other,Pacific,PROD-2646,Kazookles,272.5,25,35.78,236.72,4,13.13,1.43,9.47,10.9,The Other Factory,35.1175,-89.971107
474,US-2024-10474-CH,2026-04-04,2026-04-07,Standard Class,CUST-15750,United States,Chicago,Illinois,60601,Chocolate,Interior,PROD-8572,Wonka Bar - Nutty Crunch Surprise,315.84,32,136.44,179.4,3,43.2,4.26,5.61,9.87,Lot's O' Nuts,32.881893,-111.768036
475,US-2024-10475-CH,2026-02-23,2026-02-28,Second Class,CUST-11094,United States,New York,New York,10001,Sugar,Atlantic,PROD-0725,Hair Toffee,167.71,31,39.91,127.8,5,23.8,1.29,4.12,5.41,The Other Factory,35.1175,-89.971107
476,US-2024-10476-CH,2026-03-12,2026-03-15,Standard Class,CUST-13155,United States,Atlanta,Georgia,30301,Sugar,Gulf,PROD-0725,Hair Toffee,446.55,39,53.01,393.54,3,11.87,1.36,10.09,11.45,The Other Factory,35.1175,-89.971107
477,US-2024-10477-CH,2025-09-29,2025-10-01,Second Class,CUST-18301,United States,Henderson,Kentucky,42420,Chocolate,Gulf,PROD-3776,Wonka Bar -Scrumdiddlyumptious,60.12,9,28.23,31.89,2,46.96,3.14,3.54,6.68,Lot's O' Nuts,32.881893,-111.768036
478,US-2024-10478-CH,2024-02-29,2024-03-05,Standard Class,CUST-12148,United States,Los Angeles,California,90049,Sugar,Pacific,PROD-5646,Nerds,170.52,29,65.62,104.9,5,38.48,2.26,3.62,5.88,Sugar Shack,48.11914,-96.18115
479,US-2024-10479-CH,2025-05-30,2025-06-01,Standard Class,CUST-17542,United States,Naperville,Illinois,60540,Other,Interior,PROD-9359,Fizzy Lifting Drinks,417.69,39,-6.0,423.69,2,-1.44,-0.15,10.86,10.71,Sugar Shack,48.11914,-96.18115
480,US-2024-10480-CH,2024-07-10,2024-07-13,Standard Class,CUST-15462,United States,Henderson,Kentucky,42420,Sugar,Gulf,PROD-2120,Everlasting Gobstopper,220.58,41,39.25,181.33,3,17.79,0.96,4.42,5.38,Secret Factory,41.446333,-90.565487
481,US-2024-10481-CH,2024-09-03,2024-09-10,Standard Class,CUST-10776,United States,New York,New York,10001,Chocolate,Atlantic,PROD-8572,Wonka Bar - Nutty Crunch Surprise,443.33,43,183.65,259.68,7,41.43,4.27,6.04,10.31,Lot's O' Nuts,32.881893,-111.768036
482,US-2024-10482-CH,2025-11-18,2025-11-21,Standard Class,CUST-16974,United States,Seattle,Washington,98101,Sugar,Pacific,PROD-2533,Laffy Taffy,128.44,13,54.26,74.18,3,42.25,4.17,5.71,9.88,Sugar Shack,48.11914,-96.18115
483,US-2024-10483-CH,2025-06-08,2025-06-15,Standard Class,CUST-10844,United States,Chicago,Illinois,60601,Sugar,Interior,PROD-6629,SweeTARTS,114.3,10,28.94,85.36,7,25.32,2.89,8.54,11.43,Sugar Shack,48.11914,-96.18115
484,US-2024-10484-CH,2024-07-29,2024-08-02,Second Class,CUST-10186,United States,Naperville,Illinois,60540,Sugar,Interior,PROD-9885,Fun Dip,363.6,36,99.86,263.74,4,27.46,2.77,7.33,10.1,Sugar Shack,48.11914,-96.18115
485,US-2024-10485-CH,2026-05-26,2026-06-02,Standard Class,CUST-10269,United States,Los Angeles,California,90049,Sugar,Pacific,PROD-9885,Fun Dip,279.3,38,110.95,168.35,7,39.72,2.92,4.43,7.35,Sugar Shack,48.11914,-96.18115
486,US-2024-10486-CH,2024-05-11,2024-05-18,Standard Class,CUST-11445,United States,Naperville,Illinois,60540,Other,Interior,PROD-2646,Kazookles,54.36,9,14.43,39.93,7,26.55,1.6,4.44,6.04,The Other Factory,35.1175,-89.971107
487,US-2024-10487-CH,2026-01-03,2026-01-08,Standard Class,CUST-16855,United States,Henderson,Kentucky,42420,Sugar,Gulf,PROD-5646,Nerds,16.96,4,7.04,9.92,5,41.51,1.76,2.48,4.24,Sugar Shack,48.11914,-96.18115
488,US-2024-10488-CH,2026-04-09,2026-04-11,First Class,CUST-17243,United States,Los Angeles,California,90049,Sugar,Pacific,PROD-6629,SweeTARTS,73.5,15,32.18,41.32,2,43.78,2.15,2.75,4.9,Sugar Shack,48.11914,-96.18115
489,US-2024-10489-CH,2025-12-02,2025-12-09,Standard Class,CUST-14478,United States,Henderson,Kentucky,42420,Chocolate,Gulf,PROD-8572,Wonka Bar - Nutty Crunch Surprise,205.8,42,109.08,96.72,7,53.0,2.6,2.3,4.9,Lot's O' Nuts,32.881893,-111.768036
490,US-2024-10490-CH,2025-06-08,2025-06-12,Second Class,CUST-12979,United States,Athens,Georgia,30605,Sugar,Gulf,PROD-2533,Laffy Taffy,431.29,43,161.93,269.36,4,37.55,3.77,6.26,10.03,Sugar Shack,48.11914,-96.18115
491,US-2024-10491-CH,2024-09-29,2024-10-02,Standard Class,CUST-19991,United States,New York,New York,10001,Chocolate,Atlantic,PROD-8572,Wonka Bar - Nutty Crunch Surprise,101.25,9,41.51,59.74,3,41.0,4.61,6.64,11.25,Lot's O' Nuts,32.881893,-111.768036
492,US-2024-10492-CH,2024-04-20,2024-04-27,Second Class,CUST-10886,United States,Atlanta,Georgia,30301,Sugar,Gulf,PROD-2120,Everlasting Gobstopper,102.4,40,30.02,72.38,7,29.32,0.75,1.81,2.56,Secret Factory,41.446333,-90.565487
493,US-2024-10493-CH,2025-12-22,2025-12-25,Standard Class,CUST-11117,United States,Naperville,Illinois,60540,Chocolate,Interior,PROD-3893,Wonka Bar - Fudge Mallows,372.0,31,220.36,151.64,3,59.24,7.11,4.89,12.0,Lot's O' Nuts,32.881893,-111.768036
494,US-2024-10494-CH,2025-08-28,2025-08-31,First Class,CUST-12761,United States,Henderson,Kentucky,42420,Chocolate,Gulf,PROD-3893,Wonka Bar - Fudge Mallows,132.3,18,73.27,59.03,3,55.38,4.07,3.28,7.35,Lot's O' Nuts,32.881893,-111.768036
495,US-2024-10495-CH,2025-04-15,2025-04-19,First Class,CUST-13072,United States,Henderson,Kentucky,42420,Sugar,Gulf,PROD-0725,Hair Toffee,239.94,31,50.28,189.66,4,20.96,1.62,6.12,7.74,The Other Factory,35.1175,-89.971107
496,US-2024-10496-CH,2026-04-22,2026-04-25,Second Class,CUST-15048,United States,Houston,Texas,77095,Sugar,Gulf,PROD-0725,Hair Toffee,56.9,10,12.31,44.59,3,21.63,1.23,4.46,5.69,The Other Factory,35.1175,-89.971107
497,US-2024-10497-CH,2025-10-28,2025-10-30,Standard Class,CUST-17850,United States,Los Angeles,California,90049,Sugar,Pacific,PROD-5646,Nerds,16.6,2,4.81,11.79,2,28.98,2.4,5.9,8.3,Sugar Shack,48.11914,-96.18115
498,US-2024-10498-CH,2025-04-25,2025-04-28,First Class,CUST-18100,United States,New York,New York,10001,Other,Atlantic,PROD-2646,Kazookles,319.2,30,98.56,220.64,3,30.88,3.29,7.35,10.64,The Other Factory,35.1175,-89.971107
499,US-2024-10499-CH,2026-04-01,2026-04-03,Standard Class,CUST-19665,United States,Houston,Texas,77095,Other,Gulf,PROD-0345,Lickable Wallpaper,233.28,36,4.03,229.25,2,1.73,0.11,6.37,6.48,Secret Factory,41.446333,-90.565487
500,US-2024-10500-CH,2026-04-30,2026-05-04,Standard Class,CUST-19765,United States,Los Angeles,California,90049,Other,Pacific,PROD-2646,Kazookles,156.78,18,23.22,133.56,4,14.81,1.29,7.42,8.71,The Other Factory,35.1175,-89.971107
501,US-2024-10501-CH,2025-01-05,2025-01-08,Same Day,CUST-10307,United States,Henderson,Kentucky,42420,Sugar,Gulf,PROD-6629,SweeTARTS,118.22,23,36.21,82.01,3,30.63,1.57,3.57,5.14,Sugar Shack,48.11914,-96.18115
502,US-2024-10502-CH,2024-04-14,2024-04-17,Standard Class,CUST-14891,United States,New York,New York,10001,Other,Atlantic,PROD-9359,Fizzy Lifting Drinks,472.35,47,6.6,465.75,3,1.4,0.14,9.91,10.05,Sugar Shack,48.11914,-96.18115
503,US-2024-10503-CH,2024-07-28,2024-08-04,Standard Class,CUST-14005,United States,Atlanta,Georgia,30301,Chocolate,Gulf,PROD-8572,Wonka Bar - Nutty Crunch Surprise,387.26,34,172.89,214.37,7,44.64,5.08,6.3,11.39,Lot's O' Nuts,32.881893,-111.768036
504,US-2024-10504-CH,2025-01-01,2025-01-03,Standard Class,CUST-17678,United States,Seattle,Washington,98101,Sugar,Pacific,PROD-0725,Hair Toffee,66.17,13,12.27,53.9,2,18.54,0.94,4.15,5.09,The Other Factory,35.1175,-89.971107
505,US-2024-10505-CH,2024-09-06,2024-09-08,Standard Class,CUST-18002,United States,Houston,Texas,77095,Chocolate,Gulf,PROD-3893,Wonka Bar - Fudge Mallows,477.3,43,268.18,209.12,2,56.19,6.24,4.86,11.1,Lot's O' Nuts,32.881893,-111.768036
506,US-2024-10506-CH,2024-07-13,2024-07-17,First Class,CUST-16305,United States,Henderson,Kentucky,42420,Sugar,Gulf,PROD-5646,Nerds,169.15,17,57.93,111.22,4,34.25,3.41,6.54,9.95,Sugar Shack,48.11914,-96.18115
507,US-2024-10507-CH,2026-05-01,2026-05-05,Standard Class,CUST-13672,United States,Philadelphia,Pennsylvania,19143,Sugar,Atlantic,PROD-6629,SweeTARTS,27.4,5,10.64,16.76,4,38.83,2.13,3.35,5.48,Sugar Shack,48.11914,-96.18115
508,US-2024-10508-CH,2025-01-12,2025-01-16,Second Class,CUST-12341,United States,Houston,Texas,77095,Chocolate,Gulf,PROD-3893,Wonka Bar - Fudge Mallows,218.19,21,93.82,124.37,4,43.0,4.47,5.92,10.39,Lot's O' Nuts,32.881893,-111.768036
509,US-2024-10509-CH,2024-09-06,2024-09-08,Standard Class,CUST-12672,United States,Atlanta,Georgia,30301,Other,Gulf,PROD-0345,Lickable Wallpaper,105.92,16,-1.29,107.21,2,-1.22,-0.08,6.7,6.62,Secret Factory,41.446333,-90.565487
510,US-2024-10510-CH,2024-03-31,2024-04-07,Second Class,CUST-17409,United States,Chicago,Illinois,60601,Sugar,Interior,PROD-2120,Everlasting Gobstopper,312.91,29,72.22,240.69,7,23.08,2.49,8.3,10.79,Secret Factory,41.446333,-90.565487
511,US-2024-10511-CH,2024-06-28,2024-06-30,Standard Class,CUST-10310,United States,Seattle,Washington,98101,Other,Pacific,PROD-9359,Fizzy Lifting Drinks,121.32,12,-3.15,124.47,2,-2.6,-0.26,10.37,10.11,Sugar Shack,48.11914,-96.18115
512,US-2024-10512-CH,2025-03-18,2025-03-25,Second Class,CUST-18551,United States,Los Angeles,California,90049,Chocolate,Pacific,PROD-7514,Wonka Bar - Triple Dazzle Caramel,139.5,30,87.04,52.46,7,62.39,2.9,1.75,4.65,Wicked Choccy's,32.076176,-81.088371
513,US-2024-10513-CH,2024-01-30,2024-02-04,Standard Class,CUST-16078,United States,Houston,Texas,77095,Sugar,Gulf,PROD-0725,Hair Toffee,156.6,45,22.41,134.19,5,14.31,0.5,2.98,3.48,The Other Factory,35.1175,-89.971107
514,US-2024-10514-CH,2026-01-01,2026-01-08,Standard Class,CUST-16686,United States,Naperville,Illinois,60540,Other,Interior,PROD-0345,Lickable Wallpaper,28.0,10,3.64,24.36,7,13.0,0.36,2.44,2.8,Secret Factory,41.446333,-90.565487
515,US-2024-10515-CH,2025-08-10,2025-08-13,Standard Class,CUST-16837,United States,Seattle,Washington,98101,Chocolate,Pacific,PROD-0874,Wonka Bar - Milk Chocolate,106.95,23,59.2,47.75,3,55.35,2.57,2.08,4.65,Wicked Choccy's,32.076176,-81.088371
516,US-2024-10516-CH,2024-11-30,2024-12-05,Standard Class,CUST-15904,United States,Henderson,Kentucky,42420,Other,Gulf,PROD-9359,Fizzy Lifting Drinks,429.39,39,56.94,372.45,5,13.26,1.46,9.55,11.01,Sugar Shack,48.11914,-96.18115
517,US-2024-10517-CH,2025-08-24,2025-08-26,First Class,CUST-16509,United States,Naperville,Illinois,60540,Chocolate,Interior,PROD-8572,Wonka Bar - Nutty Crunch Surprise,270.27,39,140.68,129.59,2,52.05,3.61,3.32,6.93,Lot's O' Nuts,32.881893,-111.768036
518,US-2024-10518-CH,2025-03-20,2025-03-23,Standard Class,CUST-19275,United States,Los Angeles,California,90049,Other,Pacific,PROD-9415,Wonka Gum,277.76,28,46.92,230.84,3,16.89,1.68,8.24,9.92,Secret Factory,41.446333,-90.565487
519,US-2024-10519-CH,2025-07-23,2025-07-27,Standard Class,CUST-14485,United States,Henderson,Kentucky,42420,Sugar,Gulf,PROD-2533,Laffy Taffy,213.72,26,93.49,120.23,4,43.74,3.6,4.62,8.22,Sugar Shack,48.11914,-96.18115
520,US-2024-10520-CH,2024-05-25,2024-05-28,Standard Class,CUST-17566,United States,Philadelphia,Pennsylvania,19143,Sugar,Atlantic,PROD-2533,Laffy Taffy,157.95,15,46.56,111.39,3,29.48,3.1,7.43,10.53,Sugar Shack,48.11914,-96.18115
521,US-2024-10521-CH,2024-12-02,2024-12-06,First Class,CUST-11895,United States,Houston,Texas,77095,Chocolate,Gulf,PROD-3776,Wonka Bar -Scrumdiddlyumptious,162.33,21,81.3,81.03,4,50.08,3.87,3.86,7.73,Lot's O' Nuts,32.881893,-111.768036
522,US-2024-10522-CH,2024-11-22,2024-11-25,Standard Class,CUST-19343,United States,New York,New York,10001,Sugar,Atlantic,PROD-5646,Nerds,13.44,2,5.38,8.06,3,40.03,2.69,4.03,6.72,Sugar Shack,48.11914,-96.18115
523,US-2024-10523-CH,2026-05-29,2026-06-01,First Class,CUST-14524,United States,Henderson,Kentucky,42420,Other,Gulf,PROD-9415,Wonka Gum,38.95,5,4.18,34.77,3,10.73,0.84,6.95,7.79,Secret Factory,41.446333,-90.565487
524,US-2024-10524-CH,2024-10-13,2024-10-15,Same Day,CUST-19772,United States,Philadelphia,Pennsylvania,19143,Other,Atlantic,PROD-9359,Fizzy Lifting Drinks,65.43,9,7.74,57.69,2,11.83,0.86,6.41,7.27,Sugar Shack,48.11914,-96.18115
525,US-2024-10525-CH,2025-08-05,2025-08-12,Standard Class,CUST-19673,United States,Los Angeles,California,90049,Chocolate,Pacific,PROD-3893,Wonka Bar - Fudge Mallows,341.6,40,190.43,151.17,7,55.75,4.76,3.78,8.54,Lot's O' Nuts,32.881893,-111.768036
526,US-2024-10526-CH,2026-05-31,2026-06-04,First Class,CUST-12710,United States,Philadelphia,Pennsylvania,19143,Sugar,Atlantic,PROD-2533,Laffy Taffy,188.4,30,63.83,124.57,4,33.88,2.13,4.15,6.28,Sugar Shack,48.11914,-96.18115
527,US-2024-10527-CH,2025-09-25,2025-09-28,Standard Class,CUST-13217,United States,Naperville,Illinois,60540,Chocolate,Interior,PROD-7514,Wonka Bar - Triple Dazzle Caramel,274.5,45,172.6,101.9,3,62.88,3.84,2.26,6.1,Wicked Choccy's,32.076176,-81.088371
528,US-2024-10528-CH,2026-06-08,2026-06-11,First Class,CUST-13177,United States,Los Angeles,California,90049,Other,Pacific,PROD-2646,Kazookles,420.66,38,64.7,355.96,3,15.38,1.7,9.37,11.07,The Other Factory,35.1175,-89.971107
529,US-2024-10529-CH,2024-04-05,2024-04-12,First Class,CUST-17701,United States,New York,New York,10001,Sugar,Atlantic,PROD-2120,Everlasting Gobstopper,23.6,5,3.6,20.0,7,15.25,0.72,4.0,4.72,Secret Factory,41.446333,-90.565487
530,US-2024-10530-CH,2024-05-29,2024-06-02,Same Day,CUST-12123,United States,Athens,Georgia,30605,Chocolate,Gulf,PROD-8572,Wonka Bar - Nutty Crunch Surprise,81.84,12,48.7,33.14,4,59.51,4.06,2.76,6.82,Lot's O' Nuts,32.881893,-111.768036
531,US-2024-10531-CH,2025-06-13,2025-06-15,First Class,CUST-12931,United States,New York,New York,10001,Sugar,Atlantic,PROD-6629,SweeTARTS,183.96,42,48.41,135.55,2,26.32,1.15,3.23,4.38,Sugar Shack,48.11914,-96.18115
532,US-2024-10532-CH,2024-08-24,2024-08-27,Standard Class,CUST-16782,United States,Seattle,Washington,98101,Sugar,Pacific,PROD-6629,SweeTARTS,465.12,48,199.81,265.31,3,42.96,4.16,5.53,9.69,Sugar Shack,48.11914,-96.18115
533,US-2024-10533-CH,2024-11-29,2024-12-01,Standard Class,CUST-16548,United States,Seattle,Washington,98101,Sugar,Pacific,PROD-9885,Fun Dip,198.45,49,58.89,139.56,2,29.67,1.2,2.85,4.05,Sugar Shack,48.11914,-96.18115
534,US-2024-10534-CH,2025-05-17,2025-05-20,Standard Class,CUST-15450,United States,Chicago,Illinois,60601,Sugar,Interior,PROD-2533,Laffy Taffy,33.9,3,11.32,22.58,3,33.39,3.77,7.53,11.3,Sugar Shack,48.11914,-96.18115
535,US-2024-10535-CH,2025-06-13,2025-06-18,Standard Class,CUST-18430,United States,Houston,Texas,77095,Chocolate,Gulf,PROD-8572,Wonka Bar - Nutty Crunch Surprise,310.23,27,184.71,125.52,5,59.54,6.84,4.65,11.49,Lot's O' Nuts,32.881893,-111.768036
536,US-2024-10536-CH,2026-01-27,2026-01-30,First Class,CUST-11902,United States,Athens,Georgia,30605,Other,Gulf,PROD-9359,Fizzy Lifting Drinks,258.72,28,3.22,255.5,3,1.24,0.12,9.12,9.24,Sugar Shack,48.11914,-96.18115
537,US-2024-10537-CH,2026-06-10,2026-06-13,Standard Class,CUST-18711,United States,Los Angeles,California,90049,Sugar,Pacific,PROD-6629,SweeTARTS,446.6,44,131.69,314.91,3,29.49,2.99,7.16,10.15,Sugar Shack,48.11914,-96.18115
538,US-2024-10538-CH,2025-12-20,2025-12-22,Standard Class,CUST-15901,United States,Atlanta,Georgia,30301,Chocolate,Gulf,PROD-7514,Wonka Bar - Triple Dazzle Caramel,253.5,30,119.61,133.89,2,47.18,3.99,4.46,8.45,Wicked Choccy's,32.076176,-81.088371
539,US-2024-10539-CH,2024-06-28,2024-07-01,Second Class,CUST-15555,United States,Chicago,Illinois,60601,Other,Interior,PROD-9359,Fizzy Lifting Drinks,357.58,38,21.96,335.62,3,6.14,0.58,8.83,9.41,Sugar Shack,48.11914,-96.18115
540,US-2024-10540-CH,2024-01-21,2024-01-26,Second Class,CUST-14926,United States,Atlanta,Georgia,30301,Chocolate,Gulf,PROD-3776,Wonka Bar -Scrumdiddlyumptious,312.2,28,167.61,144.59,5,53.69,5.99,5.16,11.15,Lot's O' Nuts,32.881893,-111.768036
541,US-2024-10541-CH,2024-08-11,2024-08-15,Standard Class,CUST-19021,United States,Philadelphia,Pennsylvania,19143,Chocolate,Atlantic,PROD-0874,Wonka Bar - Milk Chocolate,62.16,6,33.95,28.21,4,54.62,5.66,4.7,10.36,Wicked Choccy's,32.076176,-81.088371
542,US-2024-10542-CH,2025-06-17,2025-06-20,Standard Class,CUST-16382,United States,Athens,Georgia,30605,Sugar,Gulf,PROD-2533,Laffy Taffy,255.36,48,75.59,179.77,3,29.6,1.57,3.75,5.32,Sugar Shack,48.11914,-96.18115
543,US-2024-10543-CH,2024-05-27,2024-05-31,Second Class,CUST-13748,United States,Seattle,Washington,98101,Other,Pacific,PROD-2646,Kazookles,17.5,5,1.95,15.55,4,11.14,0.39,3.11,3.5,The Other Factory,35.1175,-89.971107
544,US-2024-10544-CH,2026-04-15,2026-04-18,Standard Class,CUST-14675,United States,Atlanta,Georgia,30301,Sugar,Gulf,PROD-2533,Laffy Taffy,97.65,35,33.09,64.56,3,33.89,0.95,1.84,2.79,Sugar Shack,48.11914,-96.18115
545,US-2024-10545-CH,2025-04-22,2025-04-25,Standard Class,CUST-10287,United States,Atlanta,Georgia,30301,Chocolate,Gulf,PROD-3776,Wonka Bar -Scrumdiddlyumptious,287.64,36,177.34,110.3,3,61.65,4.93,3.06,7.99,Lot's O' Nuts,32.881893,-111.768036
546,US-2024-10546-CH,2024-05-17,2024-05-20,Standard Class,CUST-10244,United States,Athens,Georgia,30605,Chocolate,Gulf,PROD-3893,Wonka Bar - Fudge Mallows,196.5,25,120.38,76.12,3,61.26,4.82,3.04,7.86,Lot's O' Nuts,32.881893,-111.768036
547,US-2024-10547-CH,2024-05-08,2024-05-10,First Class,CUST-12654,United States,Los Angeles,California,90049,Other,Pacific,PROD-2646,Kazookles,218.02,22,22.69,195.33,2,10.41,1.03,8.88,9.91,The Other Factory,35.1175,-89.971107
548,US-2024-10548-CH,2024-12-13,2024-12-15,Standard Class,CUST-19323,United States,New York,New York,10001,Chocolate,Atlantic,PROD-8572,Wonka Bar - Nutty Crunch Surprise,216.0,48,127.73,88.27,2,59.13,2.66,1.84,4.5,Lot's O' Nuts,32.881893,-111.768036
549,US-2024-10549-CH,2024-10-22,2024-10-24,Second Class,CUST-12229,United States,Atlanta,Georgia,30301,Chocolate,Gulf,PROD-3776,Wonka Bar -Scrumdiddlyumptious,126.6,12,60.91,65.69,2,48.11,5.08,5.47,10.55,Lot's O' Nuts,32.881893,-111.768036
550,US-2024-10550-CH,2025-10-17,2025-10-19,Standard Class,CUST-14873,United States,New York,New York,10001,Chocolate,Atlantic,PROD-3893,Wonka Bar - Fudge Mallows,188.79,31,82.28,106.51,2,43.58,2.65,3.44,6.09,Lot's O' Nuts,32.881893,-111.768036
551,US-2024-10551-CH,2026-03-18,2026-03-21,Second Class,CUST-11260,United States,Atlanta,Georgia,30301,Sugar,Gulf,PROD-0725,Hair Toffee,365.4,42,59.48,305.92,3,16.28,1.42,7.28,8.7,The Other Factory,35.1175,-89.971107
552,US-2024-10552-CH,2025-04-12,2025-04-16,Standard Class,CUST-16155,United States,Seattle,Washington,98101,Sugar,Pacific,PROD-2533,Laffy Taffy,265.16,28,84.39,180.77,4,31.83,3.01,6.46,9.47,Sugar Shack,48.11914,-96.18115
553,US-2024-10553-CH,2025-08-10,2025-08-12,Standard Class,CUST-14155,United States,Seattle,Washington,98101,Sugar,Pacific,PROD-5646,Nerds,36.08,11,10.89,25.19,2,30.18,0.99,2.29,3.28,Sugar Shack,48.11914,-96.18115
554,US-2024-10554-CH,2025-03-10,2025-03-13,First Class,CUST-17452,United States,New York,New York,10001,Chocolate,Atlantic,PROD-3893,Wonka Bar - Fudge Mallows,179.5,25,100.22,79.28,3,55.83,4.01,3.17,7.18,Lot's O' Nuts,32.881893,-111.768036
555,US-2024-10555-CH,2024-06-04,2024-06-06,Standard Class,CUST-17825,United States,Henderson,Kentucky,42420,Other,Gulf,PROD-2646,Kazookles,290.0,40,34.03,255.97,2,11.73,0.85,6.4,7.25,The Other Factory,35.1175,-89.971107
556,US-2024-10556-CH,2024-05-07,2024-05-12,Standard Class,CUST-14535,United States,Philadelphia,Pennsylvania,19143,Sugar,Atlantic,PROD-5646,Nerds,88.78,23,34.89,53.89,5,39.3,1.52,2.34,3.86,Sugar Shack,48.11914,-96.18115
557,US-2024-10557-CH,2024-06-12,2024-06-16,Standard Class,CUST-15060,United States,New York,New York,10001,Sugar,Atlantic,PROD-9885,Fun Dip,207.09,39,51.82,155.27,4,25.02,1.33,3.98,5.31,Sugar Shack,48.11914,-96.18115
558,US-2024-10558-CH,2024-04-13,2024-04-15,Standard Class,CUST-17148,United States,Henderson,Kentucky,42420,Chocolate,Gulf,PROD-0874,Wonka Bar - Milk Chocolate,106.0,40,61.71,44.29,2,58.22,1.54,1.11,2.65,Wicked Choccy's,32.076176,-81.088371
559,US-2024-10559-CH,2025-07-11,2025-07-13,Standard Class,CUST-17940,United States,Chicago,Illinois,60601,Sugar,Interior,PROD-6629,SweeTARTS,507.6,45,173.67,333.93,2,34.21,3.86,7.42,11.28,Sugar Shack,48.11914,-96.18115
560,US-2024-10560-CH,2026-05-04,2026-05-08,Second Class,CUST-18976,United States,Athens,Georgia,30605,Other,Gulf,PROD-0345,Lickable Wallpaper,54.3,15,-2.71,57.01,4,-4.99,-0.18,3.8,3.62,Secret Factory,41.446333,-90.565487
561,US-2024-10561-CH,2024-04-19,2024-04-21,First Class,CUST-10325,United States,Houston,Texas,77095,Sugar,Gulf,PROD-0725,Hair Toffee,246.0,24,79.61,166.39,2,32.36,3.32,6.93,10.25,The Other Factory,35.1175,-89.971107
562,US-2024-10562-CH,2025-08-29,2025-09-01,Standard Class,CUST-18832,United States,Seattle,Washington,98101,Other,Pacific,PROD-2646,Kazookles,546.94,46,85.56,461.38,3,15.64,1.86,10.03,11.89,The Other Factory,35.1175,-89.971107
563,US-2024-10563-CH,2025-08-30,2025-09-01,Standard Class,CUST-12575,United States,Chicago,Illinois,60601,Chocolate,Interior,PROD-0874,Wonka Bar - Milk Chocolate,565.44,48,283.39,282.05,2,50.12,5.9,5.88,11.78,Wicked Choccy's,32.076176,-81.088371
564,US-2024-10564-CH,2025-07-11,2025-07-14,First Class,CUST-14103,United States,Athens,Georgia,30605,Chocolate,Gulf,PROD-3776,Wonka Bar -Scrumdiddlyumptious,264.96,48,138.38,126.58,3,52.23,2.88,2.64,5.52,Lot's O' Nuts,32.881893,-111.768036
565,US-2024-10565-CH,2025-11-03,2025-11-07,Standard Class,CUST-13144,United States,Houston,Texas,77095,Other,Gulf,PROD-0345,Lickable Wallpaper,317.88,36,-7.15,325.03,4,-2.25,-0.2,9.03,8.83,Secret Factory,41.446333,-90.565487
566,US-2024-10566-CH,2024-08-30,2024-09-02,Second Class,CUST-13512,United States,Athens,Georgia,30605,Sugar,Gulf,PROD-6629,SweeTARTS,131.82,39,53.53,78.29,3,40.61,1.37,2.01,3.38,Sugar Shack,48.11914,-96.18115
567,US-2024-10567-CH,2024-04-20,2024-04-24,Standard Class,CUST-10857,United States,Athens,Georgia,30605,Sugar,Gulf,PROD-2533,Laffy Taffy,108.33,23,31.98,76.35,4,29.52,1.39,3.32,4.71,Sugar Shack,48.11914,-96.18115
568,US-2024-10568-CH,2024-10-25,2024-10-28,Standard Class,CUST-14875,United States,Atlanta,Georgia,30301,Chocolate,Gulf,PROD-3776,Wonka Bar -Scrumdiddlyumptious,33.2,10,13.75,19.45,3,41.42,1.38,1.94,3.32,Lot's O' Nuts,32.881893,-111.768036
569,US-2024-10569-CH,2026-02-17,2026-02-21,Standard Class,CUST-12949,United States,Chicago,Illinois,60601,Other,Interior,PROD-2646,Kazookles,318.08,28,73.41,244.67,4,23.08,2.62,8.74,11.36,The Other Factory,35.1175,-89.971107
570,US-2024-10570-CH,2026-01-11,2026-01-15,Standard Class,CUST-13957,United States,Athens,Georgia,30605,Other,Gulf,PROD-9415,Wonka Gum,319.87,29,96.75,223.12,4,30.25,3.34,7.69,11.03,Secret Factory,41.446333,-90.565487
571,US-2024-10571-CH,2024-09-19,2024-09-23,Standard Class,CUST-18106,United States,Los Angeles,California,90049,Other,Pacific,PROD-2646,Kazookles,21.5,5,5.92,15.58,4,27.53,1.18,3.12,4.3,The Other Factory,35.1175,-89.971107
572,US-2024-10572-CH,2025-02-24,2025-02-26,First Class,CUST-13637,United States,Henderson,Kentucky,42420,Chocolate,Gulf,PROD-3776,Wonka Bar -Scrumdiddlyumptious,282.0,25,181.55,100.45,2,64.38,7.26,4.02,11.28,Lot's O' Nuts,32.881893,-111.768036
573,US-2024-10573-CH,2025-09-21,2025-09-25,Standard Class,CUST-17382,United States,Athens,Georgia,30605,Sugar,Gulf,PROD-9885,Fun Dip,319.44,33,108.88,210.56,4,34.08,3.3,6.38,9.68,Sugar Shack,48.11914,-96.18115
574,US-2024-10574-CH,2025-05-12,2025-05-15,Standard Class,CUST-17008,United States,Chicago,Illinois,60601,Other,Interior,PROD-0345,Lickable Wallpaper,277.44,48,38.18,239.26,3,13.76,0.8,4.98,5.78,Secret Factory,41.446333,-90.565487
575,US-2024-10575-CH,2026-03-08,2026-03-11,Standard Class,CUST-10946,United States,Houston,Texas,77095,Chocolate,Gulf,PROD-0874,Wonka Bar - Milk Chocolate,27.16,4,13.27,13.89,3,48.86,3.32,3.47,6.79,Wicked Choccy's,32.076176,-81.088371
576,US-2024-10576-CH,2025-05-21,2025-05-25,Second Class,CUST-11192,United States,Atlanta,Georgia,30301,Sugar,Gulf,PROD-2533,Laffy Taffy,266.37,39,88.7,177.67,4,33.3,2.27,4.56,6.83,Sugar Shack,48.11914,-96.18115
577,US-2024-10577-CH,2025-03-16,2025-03-20,Standard Class,CUST-11211,United States,Atlanta,Georgia,30301,Other,Gulf,PROD-9359,Fizzy Lifting Drinks,419.25,39,7.71,411.54,4,1.84,0.2,10.55,10.75,Sugar Shack,48.11914,-96.18115
578,US-2024-10578-CH,2025-10-05,2025-10-08,Standard Class,CUST-14386,United States,Athens,Georgia,30605,Chocolate,Gulf,PROD-3893,Wonka Bar - Fudge Mallows,122.58,27,50.32,72.26,3,41.05,1.86,2.68,4.54,Lot's O' Nuts,32.881893,-111.768036
579,US-2024-10579-CH,2024-10-18,2024-10-21,Standard Class,CUST-10507,United States,Los Angeles,California,90049,Sugar,Pacific,PROD-5646,Nerds,346.72,44,149.65,197.07,3,43.16,3.4,4.48,7.88,Sugar Shack,48.11914,-96.18115
580,US-2024-10580-CH,2025-07-12,2025-07-17,First Class,CUST-18111,United States,Houston,Texas,77095,Other,Gulf,PROD-0345,Lickable Wallpaper,261.12,32,-8.21,269.33,5,-3.14,-0.26,8.42,8.16,Secret Factory,41.446333,-90.565487
581,US-2024-10581-CH,2025-10-05,2025-10-08,First Class,CUST-10692,United States,Seattle,Washington,98101,Sugar,Pacific,PROD-6629,SweeTARTS,161.69,23,60.8,100.89,3,37.6,2.64,4.39,7.03,Sugar Shack,48.11914,-96.18115
582,US-2024-10582-CH,2024-09-09,2024-09-11,Second Class,CUST-19927,United States,Chicago,Illinois,60601,Other,Interior,PROD-2646,Kazookles,316.44,27,45.66,270.78,2,14.43,1.69,10.03,11.72,The Other Factory,35.1175,-89.971107
583,US-2024-10583-CH,2024-01-19,2024-01-22,First Class,CUST-16089,United States,Naperville,Illinois,60540,Sugar,Interior,PROD-5646,Nerds,382.72,32,96.48,286.24,3,25.21,3.02,8.94,11.96,Sugar Shack,48.11914,-96.18115
584,US-2024-10584-CH,2026-05-11,2026-05-13,Standard Class,CUST-18938,United States,Naperville,Illinois,60540,Chocolate,Interior,PROD-7514,Wonka Bar - Triple Dazzle Caramel,108.0,10,43.55,64.45,2,40.32,4.35,6.44,10.8,Wicked Choccy's,32.076176,-81.088371
585,US-2024-10585-CH,2024-09-27,2024-10-01,Standard Class,CUST-19898,United States,Henderson,Kentucky,42420,Other,Gulf,PROD-9415,Wonka Gum,244.8,40,27.82,216.98,4,11.36,0.7,5.42,6.12,Secret Factory,41.446333,-90.565487
586,US-2024-10586-CH,2025-02-24,2025-03-03,First Class,CUST-16748,United States,Naperville,Illinois,60540,Chocolate,Interior,PROD-3893,Wonka Bar - Fudge Mallows,133.2,45,80.6,52.6,7,60.51,1.79,1.17,2.96,Lot's O' Nuts,32.881893,-111.768036
587,US-2024-10587-CH,2025-03-25,2025-03-30,Standard Class,CUST-15882,United States,Naperville,Illinois,60540,Sugar,Interior,PROD-5646,Nerds,48.51,7,16.45,32.06,5,33.91,2.35,4.58,6.93,Sugar Shack,48.11914,-96.18115
588,US-2024-10588-CH,2025-02-15,2025-02-18,First Class,CUST-15673,United States,Chicago,Illinois,60601,Other,Interior,PROD-2646,Kazookles,27.0,10,8.23,18.77,3,30.48,0.82,1.88,2.7,The Other Factory,35.1175,-89.971107
589,US-2024-10589-CH,2024-09-07,2024-09-11,Standard Class,CUST-12395,United States,Atlanta,Georgia,30301,Chocolate,Gulf,PROD-7514,Wonka Bar - Triple Dazzle Caramel,135.04,16,54.43,80.61,4,40.31,3.4,5.04,8.44,Wicked Choccy's,32.076176,-81.088371
590,US-2024-10590-CH,2025-06-01,2025-06-04,Standard Class,CUST-14086,United States,Houston,Texas,77095,Other,Gulf,PROD-0345,Lickable Wallpaper,287.04,39,17.55,269.49,3,6.11,0.45,6.91,7.36,Secret Factory,41.446333,-90.565487
591,US-2024-10591-CH,2024-06-23,2024-06-26,Standard Class,CUST-13567,United States,Athens,Georgia,30605,Other,Gulf,PROD-9359,Fizzy Lifting Drinks,60.5,22,4.67,55.83,3,7.72,0.21,2.54,2.75,Sugar Shack,48.11914,-96.18115
592,US-2024-10592-CH,2024-11-22,2024-11-24,Standard Class,CUST-19643,United States,Henderson,Kentucky,42420,Sugar,Gulf,PROD-9885,Fun Dip,402.09,39,173.12,228.97,2,43.06,4.44,5.87,10.31,Sugar Shack,48.11914,-96.18115
593,US-2024-10593-CH,2025-05-05,2025-05-08,Standard Class,CUST-19915,United States,Atlanta,Georgia,30301,Chocolate,Gulf,PROD-8572,Wonka Bar - Nutty Crunch Surprise,47.88,9,20.08,27.8,3,41.94,2.23,3.09,5.32,Lot's O' Nuts,32.881893,-111.768036
594,US-2024-10594-CH,2025-02-23,2025-02-26,Standard Class,CUST-13261,United States,Seattle,Washington,98101,Other,Pacific,PROD-9359,Fizzy Lifting Drinks,398.64,44,46.89,351.75,3,11.76,1.07,7.99,9.06,Sugar Shack,48.11914,-96.18115
595,US-2024-10595-CH,2024-11-10,2024-11-12,Standard Class,CUST-17235,United States,Philadelphia,Pennsylvania,19143,Other,Atlantic,PROD-0345,Lickable Wallpaper,249.4,29,11.09,238.31,2,4.45,0.38,8.22,8.6,Secret Factory,41.446333,-90.565487
596,US-2024-10596-CH,2024-11-18,2024-11-25,Standard Class,CUST-13340,United States,Seattle,Washington,98101,Other,Pacific,PROD-9415,Wonka Gum,65.94,7,11.79,54.15,7,17.88,1.68,7.74,9.42,Secret Factory,41.446333,-90.565487
597,US-2024-10597-CH,2024-05-27,2024-05-29,Standard Class,CUST-14270,United States,Seattle,Washington,98101,Chocolate,Pacific,PROD-7514,Wonka Bar - Triple Dazzle Caramel,214.56,48,117.35,97.21,2,54.69,2.44,2.03,4.47,Wicked Choccy's,32.076176,-81.088371
598,US-2024-10598-CH,2024-04-20,2024-04-23,Second Class,CUST-19643,United States,Philadelphia,Pennsylvania,19143,Other,Atlantic,PROD-2646,Kazookles,126.24,12,22.88,103.36,3,18.12,1.91,8.61,10.52,The Other Factory,35.1175,-89.971107
599,US-2024-10599-CH,2025-12-05,2025-12-08,Standard Class,CUST-14534,United States,Seattle,Washington,98101,Sugar,Pacific,PROD-5646,Nerds,97.06,23,39.78,57.28,3,40.98,1.73,2.49,4.22,Sugar Shack,48.11914,-96.18115
600,US-2024-10600-CH,2025-06-23,2025-06-28,Standard Class,CUST-12639,United States,New York,New York,10001,Sugar,Atlantic,PROD-0725,Hair Toffee,344.66,38,46.53,298.13,5,13.5,1.22,7.85,9.07,The Other Factory,35.1175,-89.971107
601,US-2024-10601-CH,2024-11-05,2024-11-07,Standard Class,CUST-19654,United States,Chicago,Illinois,60601,Sugar,Interior,PROD-2533,Laffy Taffy,258.68,29,85.16,173.52,2,32.92,2.94,5.98,8.92,Sugar Shack,48.11914,-96.18115
602,US-2024-10602-CH,2024-03-25,2024-03-28,Standard Class,CUST-15014,United States,Naperville,Illinois,60540,Sugar,Interior,PROD-6629,SweeTARTS,262.24,22,76.49,185.75,3,29.17,3.48,8.44,11.92,Sugar Shack,48.11914,-96.18115
603,US-2024-10603-CH,2026-05-04,2026-05-07,Standard Class,CUST-15585,United States,Philadelphia,Pennsylvania,19143,Other,Atlantic,PROD-9415,Wonka Gum,153.56,22,36.6,116.96,3,23.83,1.66,5.32,6.98,Secret Factory,41.446333,-90.565487
604,US-2024-10604-CH,2024-10-29,2024-10-31,Second Class,CUST-19562,United States,Houston,Texas,77095,Sugar,Gulf,PROD-5646,Nerds,300.57,43,77.75,222.82,2,25.87,1.81,5.18,6.99,Sugar Shack,48.11914,-96.18115
605,US-2024-10605-CH,2024-04-18,2024-04-21,Standard Class,CUST-16772,United States,Henderson,Kentucky,42420,Sugar,Gulf,PROD-9885,Fun Dip,208.56,22,77.59,130.97,3,37.2,3.53,5.95,9.48,Sugar Shack,48.11914,-96.18115
606,US-2024-10606-CH,2024-01-28,2024-01-31,First Class,CUST-17164,United States,New York,New York,10001,Sugar,Atlantic,PROD-0725,Hair Toffee,143.78,26,29.31,114.47,3,20.39,1.13,4.4,5.53,The Other Factory,35.1175,-89.971107
607,US-2024-10607-CH,2024-03-15,2024-03-18,Standard Class,CUST-15650,United States,Naperville,Illinois,60540,Sugar,Interior,PROD-2533,Laffy Taffy,152.52,41,55.63,96.89,3,36.47,1.36,2.36,3.72,Sugar Shack,48.11914,-96.18115
608,US-2024-10608-CH,2026-06-02,2026-06-05,Standard Class,CUST-14603,United States,New York,New York,10001,Chocolate,Atlantic,PROD-3893,Wonka Bar - Fudge Mallows,225.86,46,126.6,99.26,3,56.05,2.75,2.16,4.91,Lot's O' Nuts,32.881893,-111.768036
609,US-2024-10609-CH,2024-12-10,2024-12-13,Second Class,CUST-15618,United States,Philadelphia,Pennsylvania,19143,Other,Atlantic,PROD-9415,Wonka Gum,306.0,30,63.47,242.53,3,20.74,2.12,8.08,10.2,Secret Factory,41.446333,-90.565487
610,US-2024-10610-CH,2024-02-11,2024-02-13,Standard Class,CUST-18536,United States,New York,New York,10001,Sugar,Atlantic,PROD-9885,Fun Dip,147.7,35,60.28,87.42,2,40.81,1.72,2.5,4.22,Sugar Shack,48.11914,-96.18115
611,US-2024-10611-CH,2024-01-21,2024-01-24,Second Class,CUST-11033,United States,Naperville,Illinois,60540,Other,Interior,PROD-0345,Lickable Wallpaper,343.2,33,-3.16,346.36,3,-0.92,-0.1,10.5,10.4,Secret Factory,41.446333,-90.565487
612,US-2024-10612-CH,2026-01-25,2026-01-28,Standard Class,CUST-11191,United States,Seattle,Washington,98101,Other,Pacific,PROD-9415,Wonka Gum,157.5,25,47.72,109.78,3,30.3,1.91,4.39,6.3,Secret Factory,41.446333,-90.565487
613,US-2024-10613-CH,2024-06-02,2024-06-09,Second Class,CUST-13332,United States,Seattle,Washington,98101,Sugar,Pacific,PROD-9885,Fun Dip,96.22,17,34.78,61.44,7,36.15,2.05,3.61,5.66,Sugar Shack,48.11914,-96.18115
614,US-2024-10614-CH,2025-09-14,2025-09-18,Standard Class,CUST-14712,United States,Philadelphia,Pennsylvania,19143,Chocolate,Atlantic,PROD-0874,Wonka Bar - Milk Chocolate,37.52,14,21.91,15.61,4,58.4,1.56,1.12,2.68,Wicked Choccy's,32.076176,-81.088371
615,US-2024-10615-CH,2025-05-10,2025-05-13,First Class,CUST-17465,United States,Houston,Texas,77095,Sugar,Gulf,PROD-5646,Nerds,38.1,10,9.53,28.57,3,25.01,0.95,2.86,3.81,Sugar Shack,48.11914,-96.18115
616,US-2024-10616-CH,2025-01-10,2025-01-13,Second Class,CUST-19973,United States,Athens,Georgia,30605,Other,Gulf,PROD-0345,Lickable Wallpaper,181.26,38,22.54,158.72,3,12.44,0.59,4.18,4.77,Secret Factory,41.446333,-90.565487
617,US-2024-10617-CH,2025-09-06,2025-09-13,Standard Class,CUST-12244,United States,Chicago,Illinois,60601,Sugar,Interior,PROD-5646,Nerds,132.0,40,43.19,88.81,7,32.72,1.08,2.22,3.3,Sugar Shack,48.11914,-96.18115
618,US-2024-10618-CH,2026-03-09,2026-03-16,Same Day,CUST-10731,United States,Seattle,Washington,98101,Sugar,Pacific,PROD-6629,SweeTARTS,135.9,45,38.93,96.97,7,28.65,0.87,2.15,3.02,Sugar Shack,48.11914,-96.18115
619,US-2024-10619-CH,2025-08-04,2025-08-07,Second Class,CUST-15074,United States,Chicago,Illinois,60601,Other,Interior,PROD-9359,Fizzy Lifting Drinks,236.16,36,23.24,212.92,3,9.84,0.65,5.91,6.56,Sugar Shack,48.11914,-96.18115
620,US-2024-10620-CH,2026-06-12,2026-06-14,Second Class,CUST-11515,United States,Houston,Texas,77095,Sugar,Gulf,PROD-2533,Laffy Taffy,173.57,17,72.04,101.53,2,41.5,4.24,5.97,10.21,Sugar Shack,48.11914,-96.18115
621,US-2024-10621-CH,2024-07-01,2024-07-03,Standard Class,CUST-11167,United States,Houston,Texas,77095,Sugar,Gulf,PROD-6629,SweeTARTS,231.6,20,75.35,156.25,2,32.53,3.77,7.81,11.58,Sugar Shack,48.11914,-96.18115
622,US-2024-10622-CH,2024-08-19,2024-08-24,First Class,CUST-12220,United States,Naperville,Illinois,60540,Other,Interior,PROD-2646,Kazookles,104.69,19,31.64,73.05,5,30.22,1.67,3.84,5.51,The Other Factory,35.1175,-89.971107
623,US-2024-10623-CH,2024-06-03,2024-06-07,First Class,CUST-13197,United States,Chicago,Illinois,60601,Other,Interior,PROD-0345,Lickable Wallpaper,143.93,37,15.66,128.27,4,10.88,0.42,3.47,3.89,Secret Factory,41.446333,-90.565487
624,US-2024-10624-CH,2026-04-28,2026-05-02,Standard Class,CUST-14994,United States,Chicago,Illinois,60601,Sugar,Interior,PROD-9885,Fun Dip,88.2,12,24.17,64.03,4,27.4,2.01,5.34,7.35,Sugar Shack,48.11914,-96.18115
625,US-2024-10625-CH,2024-07-07,2024-07-09,Standard Class,CUST-14922,United States,Naperville,Illinois,60540,Sugar,Interior,PROD-2120,Everlasting Gobstopper,89.1,27,24.12,64.98,2,27.07,0.89,2.41,3.3,Secret Factory,41.446333,-90.565487
626,US-2024-10626-CH,2026-02-26,2026-03-01,Second Class,CUST-10190,United States,Houston,Texas,77095,Sugar,Gulf,PROD-5646,Nerds,245.18,23,67.75,177.43,3,27.63,2.95,7.71,10.66,Sugar Shack,48.11914,-96.18115
627,US-2024-10627-CH,2025-12-08,2025-12-12,Second Class,CUST-11754,United States,Los Angeles,California,90049,Sugar,Pacific,PROD-5646,Nerds,16.4,4,4.28,12.12,4,26.1,1.07,3.03,4.1,Sugar Shack,48.11914,-96.18115
628,US-2024-10628-CH,2024-06-20,2024-06-22,Standard Class,CUST-12212,United States,Chicago,Illinois,60601,Sugar,Interior,PROD-2533,Laffy Taffy,107.16,12,40.42,66.74,2,37.72,3.37,5.56,8.93,Sugar Shack,48.11914,-96.18115
629,US-2024-10629-CH,2026-01-08,2026-01-12,Standard Class,CUST-18307,United States,New York,New York,10001,Sugar,Atlantic,PROD-9885,Fun Dip,508.62,49,199.32,309.3,4,39.19,4.07,6.31,10.38,Sugar Shack,48.11914,-96.18115
630,US-2024-10630-CH,2026-06-10,2026-06-14,Standard Class,CUST-13150,United States,New York,New York,10001,Other,Atlantic,PROD-9415,Wonka Gum,199.44,24,35.22,164.22,4,17.66,1.47,6.84,8.31,Secret Factory,41.446333,-90.565487
631,US-2024-10631-CH,2026-03-14,2026-03-17,Standard Class,CUST-10983,United States,Philadelphia,Pennsylvania,19143,Sugar,Atlantic,PROD-2533,Laffy Taffy,77.76,16,34.09,43.67,3,43.84,2.13,2.73,4.86,Sugar Shack,48.11914,-96.18115
632,US-2024-10632-CH,2026-01-22,2026-01-25,Standard Class,CUST-17265,United States,Athens,Georgia,30605,Sugar,Gulf,PROD-5646,Nerds,210.35,35,67.61,142.74,3,32.14,1.93,4.08,6.01,Sugar Shack,48.11914,-96.18115
633,US-2024-10633-CH,2025-04-21,2025-04-23,Standard Class,CUST-14435,United States,Naperville,Illinois,60540,Chocolate,Interior,PROD-3893,Wonka Bar - Fudge Mallows,99.06,26,63.96,35.1,2,64.57,2.46,1.35,3.81,Lot's O' Nuts,32.881893,-111.768036
634,US-2024-10634-CH,2024-01-22,2024-01-24,Standard Class,CUST-18633,United States,Henderson,Kentucky,42420,Chocolate,Gulf,PROD-7514,Wonka Bar - Triple Dazzle Caramel,180.37,17,102.52,77.85,2,56.84,6.03,4.58,10.61,Wicked Choccy's,32.076176,-81.088371
635,US-2024-10635-CH,2024-05-11,2024-05-14,First Class,CUST-17236,United States,Philadelphia,Pennsylvania,19143,Sugar,Atlantic,PROD-6629,SweeTARTS,335.65,35,104.83,230.82,3,31.23,3.0,6.59,9.59,Sugar Shack,48.11914,-96.18115
636,US-2024-10636-CH,2025-09-08,2025-09-11,Standard Class,CUST-12659,United States,Houston,Texas,77095,Chocolate,Gulf,PROD-0874,Wonka Bar - Milk Chocolate,64.8,10,29.48,35.32,3,45.49,2.95,3.53,6.48,Wicked Choccy's,32.076176,-81.088371
637,US-2024-10637-CH,2024-10-04,2024-10-09,Second Class,CUST-17104,United States,Naperville,Illinois,60540,Sugar,Interior,PROD-2533,Laffy Taffy,109.2,30,28.78,80.42,5,26.36,0.96,2.68,3.64,Sugar Shack,48.11914,-96.18115
638,US-2024-10638-CH,2025-05-27,2025-05-29,Second Class,CUST-11128,United States,New York,New York,10001,Other,Atlantic,PROD-2646,Kazookles,24.0,5,2.84,21.16,2,11.83,0.57,4.23,4.8,The Other Factory,35.1175,-89.971107
639,US-2024-10639-CH,2025-11-30,2025-12-07,Standard Class,CUST-12741,United States,Athens,Georgia,30605,Sugar,Gulf,PROD-6629,SweeTARTS,80.07,17,32.03,48.04,7,40.0,1.88,2.83,4.71,Sugar Shack,48.11914,-96.18115
640,US-2024-10640-CH,2024-08-16,2024-08-20,Second Class,CUST-12809,United States,New York,New York,10001,Other,Atlantic,PROD-0345,Lickable Wallpaper,466.12,43,59.59,406.53,4,12.78,1.39,9.45,10.84,Secret Factory,41.446333,-90.565487
641,US-2024-10641-CH,2025-12-08,2025-12-15,Standard Class,CUST-10192,United States,Atlanta,Georgia,30301,Chocolate,Gulf,PROD-3893,Wonka Bar - Fudge Mallows,225.72,19,132.87,92.85,7,58.86,6.99,4.89,11.88,Lot's O' Nuts,32.881893,-111.768036
642,US-2024-10642-CH,2024-02-21,2024-02-26,Standard Class,CUST-11867,United States,New York,New York,10001,Chocolate,Atlantic,PROD-0874,Wonka Bar - Milk Chocolate,276.3,30,134.39,141.91,5,48.64,4.48,4.73,9.21,Wicked Choccy's,32.076176,-81.088371
643,US-2024-10643-CH,2025-11-26,2025-12-01,Standard Class,CUST-10240,United States,Houston,Texas,77095,Other,Gulf,PROD-9359,Fizzy Lifting Drinks,217.56,21,-10.85,228.41,5,-4.99,-0.52,10.88,10.36,Sugar Shack,48.11914,-96.18115
644,US-2024-10644-CH,2025-01-18,2025-01-20,Standard Class,CUST-16429,United States,Los Angeles,California,90049,Chocolate,Pacific,PROD-8572,Wonka Bar - Nutty Crunch Surprise,131.4,20,54.58,76.82,2,41.54,2.73,3.84,6.57,Lot's O' Nuts,32.881893,-111.768036
645,US-2024-10645-CH,2025-04-03,2025-04-10,First Class,CUST-17325,United States,Naperville,Illinois,60540,Other,Interior,PROD-0345,Lickable Wallpaper,285.3,30,20.98,264.32,7,7.35,0.7,8.81,9.51,Secret Factory,41.446333,-90.565487
646,US-2024-10646-CH,2024-05-01,2024-05-04,First Class,CUST-11910,United States,Chicago,Illinois,60601,Chocolate,Interior,PROD-3893,Wonka Bar - Fudge Mallows,133.5,15,81.58,51.92,3,61.11,5.44,3.46,8.9,Lot's O' Nuts,32.881893,-111.768036
647,US-2024-10647-CH,2025-04-26,2025-05-03,Standard Class,CUST-10178,United States,Seattle,Washington,98101,Chocolate,Pacific,PROD-3776,Wonka Bar -Scrumdiddlyumptious,20.6,2,11.04,9.56,7,53.59,5.52,4.78,10.3,Lot's O' Nuts,32.881893,-111.768036
648,US-2024-10648-CH,2025-06-11,2025-06-13,First Class,CUST-15823,United States,Henderson,Kentucky,42420,Chocolate,Gulf,PROD-8572,Wonka Bar - Nutty Crunch Surprise,185.32,41,79.48,105.84,2,42.89,1.94,2.58,4.52,Lot's O' Nuts,32.881893,-111.768036
649,US-2024-10649-CH,2026-06-07,2026-06-12,Standard Class,CUST-16957,United States,New York,New York,10001,Sugar,Atlantic,PROD-2120,Everlasting Gobstopper,35.12,8,6.01,29.11,5,17.11,0.75,3.64,4.39,Secret Factory,41.446333,-90.565487
650,US-2024-10650-CH,2024-07-24,2024-07-27,Standard Class,CUST-11104,United States,Athens,Georgia,30605,Other,Gulf,PROD-0345,Lickable Wallpaper,65.04,8,7.23,57.81,3,11.12,0.9,7.23,8.13,Secret Factory,41.446333,-90.565487
651,US-2024-10651-CH,2024-05-29,2024-06-02,Standard Class,CUST-18081,United States,Naperville,Illinois,60540,Chocolate,Interior,PROD-7514,Wonka Bar - Triple Dazzle Caramel,184.8,21,79.38,105.42,4,42.95,3.78,5.02,8.8,Wicked Choccy's,32.076176,-81.088371
652,US-2024-10652-CH,2024-10-05,2024-10-12,Standard Class,CUST-17118,United States,New York,New York,10001,Sugar,Atlantic,PROD-2533,Laffy Taffy,162.12,14,71.45,90.67,7,44.07,5.1,6.48,11.58,Sugar Shack,48.11914,-96.18115
653,US-2024-10653-CH,2025-12-04,2025-12-06,Standard Class,CUST-18997,United States,Chicago,Illinois,60601,Chocolate,Interior,PROD-0874,Wonka Bar - Milk Chocolate,23.04,6,13.61,9.43,2,59.07,2.27,1.57,3.84,Wicked Choccy's,32.076176,-81.088371
654,US-2024-10654-CH,2025-06-30,2025-07-04,Standard Class,CUST-16726,United States,Atlanta,Georgia,30301,Sugar,Gulf,PROD-6629,SweeTARTS,204.48,24,69.53,134.95,4,34.0,2.9,5.62,8.52,Sugar Shack,48.11914,-96.18115
655,US-2024-10655-CH,2024-02-01,2024-02-05,Standard Class,CUST-19951,United States,Atlanta,Georgia,30301,Chocolate,Gulf,PROD-3776,Wonka Bar -Scrumdiddlyumptious,139.04,44,67.25,71.79,4,48.37,1.53,1.63,3.16,Lot's O' Nuts,32.881893,-111.768036
656,US-2024-10656-CH,2024-01-10,2024-01-12,Standard Class,CUST-14078,United States,Chicago,Illinois,60601,Sugar,Interior,PROD-2533,Laffy Taffy,316.4,35,114.03,202.37,2,36.04,3.26,5.78,9.04,Sugar Shack,48.11914,-96.18115
657,US-2024-10657-CH,2025-12-16,2025-12-20,Second Class,CUST-13565,United States,Houston,Texas,77095,Other,Gulf,PROD-9359,Fizzy Lifting Drinks,315.0,42,39.26,275.74,4,12.46,0.93,6.57,7.5,Sugar Shack,48.11914,-96.18115
658,US-2024-10658-CH,2025-03-17,2025-03-19,Standard Class,CUST-16587,United States,Philadelphia,Pennsylvania,19143,Sugar,Atlantic,PROD-2120,Everlasting Gobstopper,274.17,37,55.73,218.44,2,20.33,1.51,5.9,7.41,Secret Factory,41.446333,-90.565487
659,US-2024-10659-CH,2025-12-15,2025-12-17,Standard Class,CUST-10343,United States,Atlanta,Georgia,30301,Sugar,Gulf,PROD-2533,Laffy Taffy,224.96,38,60.16,164.8,2,26.74,1.58,4.34,5.92,Sugar Shack,48.11914,-96.18115
660,US-2024-10660-CH,2025-08-31,2025-09-02,Standard Class,CUST-17127,United States,Los Angeles,California,90049,Sugar,Pacific,PROD-5646,Nerds,401.28,38,132.2,269.08,2,32.94,3.48,7.08,10.56,Sugar Shack,48.11914,-96.18115
661,US-2024-10661-CH,2024-12-02,2024-12-04,Standard Class,CUST-10924,United States,Athens,Georgia,30605,Sugar,Gulf,PROD-9885,Fun Dip,392.98,49,154.42,238.56,2,39.29,3.15,4.87,8.02,Sugar Shack,48.11914,-96.18115
662,US-2024-10662-CH,2026-05-26,2026-05-31,Standard Class,CUST-12120,United States,Atlanta,Georgia,30301,Sugar,Gulf,PROD-5646,Nerds,175.44,43,76.02,99.42,5,43.33,1.77,2.31,4.08,Sugar Shack,48.11914,-96.18115
663,US-2024-10663-CH,2024-06-05,2024-06-08,Standard Class,CUST-17246,United States,New York,New York,10001,Other,Atlantic,PROD-9415,Wonka Gum,138.13,19,33.95,104.18,3,24.58,1.79,5.48,7.27,Secret Factory,41.446333,-90.565487
664,US-2024-10664-CH,2024-09-03,2024-09-07,Same Day,CUST-16481,United States,Henderson,Kentucky,42420,Sugar,Gulf,PROD-2120,Everlasting Gobstopper,176.31,27,32.71,143.6,4,18.55,1.21,5.32,6.53,Secret Factory,41.446333,-90.565487
665,US-2024-10665-CH,2025-03-25,2025-04-01,First Class,CUST-18834,United States,Houston,Texas,77095,Chocolate,Gulf,PROD-7514,Wonka Bar - Triple Dazzle Caramel,158.2,20,93.42,64.78,7,59.05,4.67,3.24,7.91,Wicked Choccy's,32.076176,-81.088371
666,US-2024-10666-CH,2025-07-20,2025-07-25,Second Class,CUST-12349,United States,New York,New York,10001,Sugar,Atlantic,PROD-2120,Everlasting Gobstopper,90.36,9,30.29,60.07,5,33.52,3.37,6.67,10.04,Secret Factory,41.446333,-90.565487
667,US-2024-10667-CH,2024-07-07,2024-07-11,Second Class,CUST-17367,United States,Los Angeles,California,90049,Chocolate,Pacific,PROD-0874,Wonka Bar - Milk Chocolate,5.98,2,2.99,2.99,4,50.0,1.5,1.5,2.99,Wicked Choccy's,32.076176,-81.088371
668,US-2024-10668-CH,2026-05-09,2026-05-13,Standard Class,CUST-14185,United States,Chicago,Illinois,60601,Other,Interior,PROD-0345,Lickable Wallpaper,89.67,21,10.97,78.7,4,12.23,0.52,3.75,4.27,Secret Factory,41.446333,-90.565487
669,US-2024-10669-CH,2024-06-09,2024-06-13,Standard Class,CUST-12506,United States,Chicago,Illinois,60601,Other,Interior,PROD-9415,Wonka Gum,281.06,46,35.56,245.5,4,12.65,0.77,5.34,6.11,Secret Factory,41.446333,-90.565487
670,US-2024-10670-CH,2024-05-19,2024-05-26,Standard Class,CUST-17067,United States,New York,New York,10001,Chocolate,Atlantic,PROD-3893,Wonka Bar - Fudge Mallows,313.48,34,145.15,168.33,7,46.3,4.27,4.95,9.22,Lot's O' Nuts,32.881893,-111.768036
671,US-2024-10671-CH,2025-07-31,2025-08-02,First Class,CUST-15499,United States,Los Angeles,California,90049,Chocolate,Pacific,PROD-0874,Wonka Bar - Milk Chocolate,115.2,24,65.18,50.02,2,56.58,2.72,2.08,4.8,Wicked Choccy's,32.076176,-81.088371
672,US-2024-10672-CH,2024-10-02,2024-10-06,First Class,CUST-18269,United States,Athens,Georgia,30605,Chocolate,Gulf,PROD-3893,Wonka Bar - Fudge Mallows,28.72,4,16.52,12.2,4,57.52,4.13,3.05,7.18,Lot's O' Nuts,32.881893,-111.768036
673,US-2024-10673-CH,2025-07-09,2025-07-13,Standard Class,CUST-14275,United States,Philadelphia,Pennsylvania,19143,Chocolate,Atlantic,PROD-3776,Wonka Bar -Scrumdiddlyumptious,50.54,7,22.47,28.07,4,44.46,3.21,4.01,7.22,Lot's O' Nuts,32.881893,-111.768036
674,US-2024-10674-CH,2026-01-03,2026-01-06,Standard Class,CUST-17322,United States,Naperville,Illinois,60540,Sugar,Interior,PROD-2120,Everlasting Gobstopper,287.0,41,90.01,196.99,3,31.36,2.2,4.8,7.0,Secret Factory,41.446333,-90.565487
675,US-2024-10675-CH,2026-03-26,2026-03-29,Standard Class,CUST-10534,United States,Henderson,Kentucky,42420,Chocolate,Gulf,PROD-7514,Wonka Bar - Triple Dazzle Caramel,25.38,6,12.88,12.5,3,50.75,2.15,2.08,4.23,Wicked Choccy's,32.076176,-81.088371
676,US-2024-10676-CH,2024-01-09,2024-01-13,Second Class,CUST-19080,United States,Henderson,Kentucky,42420,Chocolate,Gulf,PROD-7514,Wonka Bar - Triple Dazzle Caramel,156.6,30,82.92,73.68,4,52.95,2.76,2.46,5.22,Wicked Choccy's,32.076176,-81.088371
677,US-2024-10677-CH,2026-04-19,2026-04-26,Second Class,CUST-10363,United States,Naperville,Illinois,60540,Sugar,Interior,PROD-2120,Everlasting Gobstopper,194.76,36,32.38,162.38,7,16.63,0.9,4.51,5.41,Secret Factory,41.446333,-90.565487
678,US-2024-10678-CH,2024-06-17,2024-06-22,Standard Class,CUST-16923,United States,Philadelphia,Pennsylvania,19143,Sugar,Atlantic,PROD-6629,SweeTARTS,65.7,18,20.4,45.3,5,31.05,1.13,2.52,3.65,Sugar Shack,48.11914,-96.18115
679,US-2024-10679-CH,2025-01-31,2025-02-04,Second Class,CUST-10641,United States,Athens,Georgia,30605,Sugar,Gulf,PROD-6629,SweeTARTS,183.92,22,81.65,102.27,4,44.39,3.71,4.65,8.36,Sugar Shack,48.11914,-96.18115
680,US-2024-10680-CH,2024-11-25,2024-11-28,Standard Class,CUST-16795,United States,New York,New York,10001,Sugar,Atlantic,PROD-0725,Hair Toffee,50.58,9,11.22,39.36,3,22.18,1.25,4.37,5.62,The Other Factory,35.1175,-89.971107
681,US-2024-10681-CH,2025-06-03,2025-06-06,Standard Class,CUST-16620,United States,Philadelphia,Pennsylvania,19143,Sugar,Atlantic,PROD-9885,Fun Dip,162.06,37,66.61,95.45,3,41.1,1.8,2.58,4.38,Sugar Shack,48.11914,-96.18115
682,US-2024-10682-CH,2026-01-23,2026-01-26,First Class,CUST-16998,United States,Naperville,Illinois,60540,Other,Interior,PROD-9359,Fizzy Lifting Drinks,83.6,22,-2.84,86.44,3,-3.4,-0.13,3.93,3.8,Sugar Shack,48.11914,-96.18115
683,US-2024-10683-CH,2024-05-08,2024-05-12,Standard Class,CUST-19661,United States,Seattle,Washington,98101,Sugar,Pacific,PROD-6629,SweeTARTS,111.15,39,38.34,72.81,4,34.49,0.98,1.87,2.85,Sugar Shack,48.11914,-96.18115
684,US-2024-10684-CH,2025-10-18,2025-10-22,Same Day,CUST-15367,United States,Naperville,Illinois,60540,Other,Interior,PROD-9359,Fizzy Lifting Drinks,277.29,39,-8.42,285.71,4,-3.04,-0.22,7.33,7.11,Sugar Shack,48.11914,-96.18115
685,US-2024-10685-CH,2024-02-26,2024-02-29,Second Class,CUST-10755,United States,Henderson,Kentucky,42420,Sugar,Gulf,PROD-2533,Laffy Taffy,175.5,25,71.36,104.14,3,40.66,2.85,4.17,7.02,Sugar Shack,48.11914,-96.18115
686,US-2024-10686-CH,2024-10-09,2024-10-12,Standard Class,CUST-10737,United States,Atlanta,Georgia,30301,Sugar,Gulf,PROD-0725,Hair Toffee,132.87,43,32.45,100.42,3,24.42,0.75,2.34,3.09,The Other Factory,35.1175,-89.971107
687,US-2024-10687-CH,2024-08-19,2024-08-24,First Class,CUST-16401,United States,Athens,Georgia,30605,Sugar,Gulf,PROD-9885,Fun Dip,279.9,30,100.63,179.27,5,35.95,3.35,5.98,9.33,Sugar Shack,48.11914,-96.18115
688,US-2024-10688-CH,2024-08-16,2024-08-18,Second Class,CUST-17933,United States,New York,New York,10001,Chocolate,Atlantic,PROD-3893,Wonka Bar - Fudge Mallows,384.48,36,187.07,197.41,2,48.66,5.2,5.48,10.68,Lot's O' Nuts,32.881893,-111.768036
689,US-2024-10689-CH,2026-06-11,2026-06-16,First Class,CUST-13235,United States,Los Angeles,California,90049,Sugar,Pacific,PROD-5646,Nerds,69.74,11,31.29,38.45,5,44.87,2.84,3.5,6.34,Sugar Shack,48.11914,-96.18115
690,US-2024-10690-CH,2025-08-23,2025-08-26,Standard Class,CUST-13381,United States,Los Angeles,California,90049,Chocolate,Pacific,PROD-8572,Wonka Bar - Nutty Crunch Surprise,180.2,20,85.15,95.05,3,47.25,4.26,4.75,9.01,Lot's O' Nuts,32.881893,-111.768036
691,US-2024-10691-CH,2025-06-29,2025-07-01,Standard Class,CUST-19554,United States,Los Angeles,California,90049,Chocolate,Pacific,PROD-8572,Wonka Bar - Nutty Crunch Surprise,37.17,9,19.95,17.22,2,53.67,2.22,1.91,4.13,Lot's O' Nuts,32.881893,-111.768036
692,US-2024-10692-CH,2024-03-30,2024-04-02,Standard Class,CUST-15092,United States,Houston,Texas,77095,Other,Gulf,PROD-0345,Lickable Wallpaper,144.43,13,17.47,126.96,3,12.1,1.34,9.77,11.11,Secret Factory,41.446333,-90.565487
693,US-2024-10693-CH,2024-03-28,2024-03-31,Standard Class,CUST-13044,United States,Atlanta,Georgia,30301,Sugar,Gulf,PROD-6629,SweeTARTS,192.72,24,77.72,115.0,3,40.33,3.24,4.79,8.03,Sugar Shack,48.11914,-96.18115
694,US-2024-10694-CH,2025-04-03,2025-04-08,First Class,CUST-10759,United States,Henderson,Kentucky,42420,Other,Gulf,PROD-0345,Lickable Wallpaper,71.12,14,1.62,69.5,5,2.28,0.12,4.96,5.08,Secret Factory,41.446333,-90.565487
695,US-2024-10695-CH,2024-02-09,2024-02-12,Second Class,CUST-16154,United States,Chicago,Illinois,60601,Other,Interior,PROD-2646,Kazookles,192.96,36,28.17,164.79,3,14.6,0.78,4.58,5.36,The Other Factory,35.1175,-89.971107
696,US-2024-10696-CH,2025-02-24,2025-03-03,Same Day,CUST-12508,United States,Atlanta,Georgia,30301,Sugar,Gulf,PROD-0725,Hair Toffee,152.9,22,20.95,131.95,7,13.7,0.95,6.0,6.95,The Other Factory,35.1175,-89.971107
697,US-2024-10697-CH,2025-09-07,2025-09-10,First Class,CUST-11007,United States,Athens,Georgia,30605,Sugar,Gulf,PROD-6629,SweeTARTS,121.69,43,41.27,80.42,3,33.91,0.96,1.87,2.83,Sugar Shack,48.11914,-96.18115
698,US-2024-10698-CH,2025-06-07,2025-06-10,First Class,CUST-11868,United States,Seattle,Washington,98101,Chocolate,Pacific,PROD-8572,Wonka Bar - Nutty Crunch Surprise,301.02,29,130.47,170.55,3,43.34,4.5,5.88,10.38,Lot's O' Nuts,32.881893,-111.768036
699,US-2024-10699-CH,2024-12-30,2025-01-03,Second Class,CUST-11223,United States,Atlanta,Georgia,30301,Sugar,Gulf,PROD-6629,SweeTARTS,51.6,15,17.32,34.28,4,33.57,1.15,2.29,3.44,Sugar Shack,48.11914,-96.18115
700,US-2024-10700-CH,2025-08-08,2025-08-10,Standard Class,CUST-14402,United States,Houston,Texas,77095,Chocolate,Gulf,PROD-7514,Wonka Bar - Triple Dazzle Caramel,152.32,16,63.36,88.96,2,41.6,3.96,5.56,9.52,Wicked Choccy's,32.076176,-81.088371
701,US-2024-10701-CH,2024-01-04,2024-01-11,Standard Class,CUST-19635,United States,Naperville,Illinois,60540,Other,Interior,PROD-9359,Fizzy Lifting Drinks,158.44,17,27.67,130.77,7,17.46,1.63,7.69,9.32,Sugar Shack,48.11914,-96.18115
702,US-2024-10702-CH,2025-06-04,2025-06-09,Second Class,CUST-18417,United States,Houston,Texas,77095,Chocolate,Gulf,PROD-7514,Wonka Bar - Triple Dazzle Caramel,181.26,19,97.09,84.17,5,53.56,5.11,4.43,9.54,Wicked Choccy's,32.076176,-81.088371
703,US-2024-10703-CH,2026-05-10,2026-05-14,First Class,CUST-17795,United States,Athens,Georgia,30605,Sugar,Gulf,PROD-9885,Fun Dip,220.8,46,68.08,152.72,4,30.83,1.48,3.32,4.8,Sugar Shack,48.11914,-96.18115
704,US-2024-10704-CH,2026-01-15,2026-01-18,Standard Class,CUST-18098,United States,Philadelphia,Pennsylvania,19143,Chocolate,Atlantic,PROD-7514,Wonka Bar - Triple Dazzle Caramel,193.71,33,96.85,96.86,3,50.0,2.93,2.94,5.87,Wicked Choccy's,32.076176,-81.088371
705,US-2024-10705-CH,2026-01-27,2026-01-29,Standard Class,CUST-10835,United States,Atlanta,Georgia,30301,Other,Gulf,PROD-9415,Wonka Gum,392.34,39,46.83,345.51,2,11.94,1.2,8.86,10.06,Secret Factory,41.446333,-90.565487
706,US-2024-10706-CH,2026-06-16,2026-06-23,Standard Class,CUST-15287,United States,Chicago,Illinois,60601,Sugar,Interior,PROD-6629,SweeTARTS,359.98,41,92.76,267.22,7,25.77,2.26,6.52,8.78,Sugar Shack,48.11914,-96.18115
707,US-2024-10707-CH,2025-12-28,2025-12-31,First Class,CUST-17619,United States,Philadelphia,Pennsylvania,19143,Chocolate,Atlantic,PROD-3776,Wonka Bar -Scrumdiddlyumptious,216.81,27,129.97,86.84,3,59.95,4.81,3.22,8.03,Lot's O' Nuts,32.881893,-111.768036
708,US-2024-10708-CH,2025-12-07,2025-12-11,Standard Class,CUST-18779,United States,Athens,Georgia,30605,Other,Gulf,PROD-9415,Wonka Gum,246.1,23,85.94,160.16,4,34.92,3.74,6.96,10.7,Secret Factory,41.446333,-90.565487
709,US-2024-10709-CH,2026-04-03,2026-04-07,Standard Class,CUST-16811,United States,Henderson,Kentucky,42420,Sugar,Gulf,PROD-6629,SweeTARTS,199.8,45,82.98,116.82,4,41.53,1.84,2.6,4.44,Sugar Shack,48.11914,-96.18115
710,US-2024-10710-CH,2024-05-24,2024-05-27,Standard Class,CUST-10867,United States,Henderson,Kentucky,42420,Chocolate,Gulf,PROD-7514,Wonka Bar - Triple Dazzle Caramel,121.52,14,67.29,54.23,3,55.37,4.81,3.87,8.68,Wicked Choccy's,32.076176,-81.088371
711,US-2024-10711-CH,2024-01-19,2024-01-22,Standard Class,CUST-16468,United States,Athens,Georgia,30605,Chocolate,Gulf,PROD-0874,Wonka Bar - Milk Chocolate,20.72,8,8.68,12.04,3,41.89,1.08,1.5,2.59,Wicked Choccy's,32.076176,-81.088371
712,US-2024-10712-CH,2024-02-11,2024-02-14,Second Class,CUST-11467,United States,Atlanta,Georgia,30301,Sugar,Gulf,PROD-6629,SweeTARTS,438.8,40,150.1,288.7,3,34.21,3.75,7.22,10.97,Sugar Shack,48.11914,-96.18115
713,US-2024-10713-CH,2025-01-26,2025-01-28,Standard Class,CUST-11168,United States,Henderson,Kentucky,42420,Chocolate,Gulf,PROD-3776,Wonka Bar -Scrumdiddlyumptious,341.6,40,202.05,139.55,2,59.15,5.05,3.49,8.54,Lot's O' Nuts,32.881893,-111.768036
714,US-2024-10714-CH,2025-11-27,2025-11-29,Second Class,CUST-15111,United States,Atlanta,Georgia,30301,Chocolate,Gulf,PROD-7514,Wonka Bar - Triple Dazzle Caramel,269.37,41,109.57,159.8,2,40.68,2.67,3.9,6.57,Wicked Choccy's,32.076176,-81.088371
715,US-2024-10715-CH,2026-03-14,2026-03-17,Second Class,CUST-18283,United States,New York,New York,10001,Chocolate,Atlantic,PROD-8572,Wonka Bar - Nutty Crunch Surprise,80.74,11,50.64,30.1,3,62.72,4.6,2.74,7.34,Lot's O' Nuts,32.881893,-111.768036
716,US-2024-10716-CH,2024-08-25,2024-08-28,Standard Class,CUST-11812,United States,Los Angeles,California,90049,Other,Pacific,PROD-2646,Kazookles,161.7,21,52.17,109.53,3,32.26,2.48,5.22,7.7,The Other Factory,35.1175,-89.971107
717,US-2024-10717-CH,2024-02-26,2024-02-29,Standard Class,CUST-10551,United States,Naperville,Illinois,60540,Chocolate,Interior,PROD-3893,Wonka Bar - Fudge Mallows,407.66,34,168.67,238.99,3,41.38,4.96,7.03,11.99,Lot's O' Nuts,32.881893,-111.768036
718,US-2024-10718-CH,2025-09-30,2025-10-03,Standard Class,CUST-14052,United States,Seattle,Washington,98101,Chocolate,Pacific,PROD-3776,Wonka Bar -Scrumdiddlyumptious,228.16,46,109.31,118.85,3,47.91,2.38,2.58,4.96,Lot's O' Nuts,32.881893,-111.768036
719,US-2024-10719-CH,2025-01-02,2025-01-09,Second Class,CUST-16354,United States,Chicago,Illinois,60601,Sugar,Interior,PROD-5646,Nerds,81.2,14,33.2,48.0,7,40.89,2.37,3.43,5.8,Sugar Shack,48.11914,-96.18115
720,US-2024-10720-CH,2024-04-27,2024-04-29,Standard Class,CUST-18449,United States,Chicago,Illinois,60601,Sugar,Interior,PROD-5646,Nerds,492.35,43,200.7,291.65,2,40.76,4.67,6.78,11.45,Sugar Shack,48.11914,-96.18115
721,US-2024-10721-CH,2024-01-19,2024-01-23,Standard Class,CUST-15670,United States,Athens,Georgia,30605,Other,Gulf,PROD-2646,Kazookles,429.6,40,145.62,283.98,4,33.9,3.64,7.1,10.74,The Other Factory,35.1175,-89.971107
722,US-2024-10722-CH,2025-03-04,2025-03-06,Second Class,CUST-11992,United States,Los Angeles,California,90049,Chocolate,Pacific,PROD-0874,Wonka Bar - Milk Chocolate,275.86,26,144.71,131.15,2,52.46,5.57,5.04,10.61,Wicked Choccy's,32.076176,-81.088371
723,US-2024-10723-CH,2025-10-25,2025-10-29,Standard Class,CUST-14893,United States,Houston,Texas,77095,Chocolate,Gulf,PROD-0874,Wonka Bar - Milk Chocolate,63.84,19,36.2,27.64,4,56.7,1.91,1.45,3.36,Wicked Choccy's,32.076176,-81.088371
724,US-2024-10724-CH,2024-10-05,2024-10-08,Standard Class,CUST-15819,United States,Houston,Texas,77095,Sugar,Gulf,PROD-5646,Nerds,44.32,16,13.2,31.12,3,29.78,0.82,1.94,2.77,Sugar Shack,48.11914,-96.18115
725,US-2024-10725-CH,2025-12-26,2025-12-30,Standard Class,CUST-16784,United States,Houston,Texas,77095,Other,Gulf,PROD-0345,Lickable Wallpaper,468.74,46,2.25,466.49,4,0.48,0.05,10.14,10.19,Secret Factory,41.446333,-90.565487
726,US-2024-10726-CH,2026-06-10,2026-06-13,First Class,CUST-10678,United States,Chicago,Illinois,60601,Other,Interior,PROD-9359,Fizzy Lifting Drinks,572.81,49,46.61,526.2,3,8.14,0.95,10.74,11.69,Sugar Shack,48.11914,-96.18115
727,US-2024-10727-CH,2025-03-03,2025-03-06,Standard Class,CUST-16654,United States,Philadelphia,Pennsylvania,19143,Chocolate,Atlantic,PROD-8572,Wonka Bar - Nutty Crunch Surprise,298.24,32,147.04,151.2,3,49.3,4.6,4.72,9.32,Lot's O' Nuts,32.881893,-111.768036
728,US-2024-10728-CH,2025-05-08,2025-05-10,Second Class,CUST-16310,United States,Seattle,Washington,98101,Sugar,Pacific,PROD-9885,Fun Dip,278.28,36,98.17,180.11,2,35.28,2.73,5.0,7.73,Sugar Shack,48.11914,-96.18115
729,US-2024-10729-CH,2025-02-15,2025-02-18,Standard Class,CUST-13382,United States,Seattle,Washington,98101,Chocolate,Pacific,PROD-0874,Wonka Bar - Milk Chocolate,182.16,44,85.01,97.15,3,46.67,1.93,2.21,4.14,Wicked Choccy's,32.076176,-81.088371
730,US-2024-10730-CH,2024-08-04,2024-08-07,Standard Class,CUST-19573,United States,Los Angeles,California,90049,Chocolate,Pacific,PROD-0874,Wonka Bar - Milk Chocolate,229.12,32,110.02,119.1,3,48.02,3.44,3.72,7.16,Wicked Choccy's,32.076176,-81.088371
731,US-2024-10731-CH,2025-10-19,2025-10-23,Standard Class,CUST-10317,United States,Chicago,Illinois,60601,Sugar,Interior,PROD-0725,Hair Toffee,127.68,16,44.16,83.52,4,34.59,2.76,5.22,7.98,The Other Factory,35.1175,-89.971107
732,US-2024-10732-CH,2024-09-08,2024-09-11,Standard Class,CUST-13250,United States,Houston,Texas,77095,Sugar,Gulf,PROD-9885,Fun Dip,357.2,40,93.88,263.32,3,26.28,2.35,6.58,8.93,Sugar Shack,48.11914,-96.18115
733,US-2024-10733-CH,2025-07-09,2025-07-13,Standard Class,CUST-12261,United States,Philadelphia,Pennsylvania,19143,Other,Atlantic,PROD-9415,Wonka Gum,73.64,7,15.84,57.8,4,21.51,2.26,8.26,10.52,Secret Factory,41.446333,-90.565487
734,US-2024-10734-CH,2025-07-16,2025-07-18,Standard Class,CUST-13209,United States,Atlanta,Georgia,30301,Sugar,Gulf,PROD-2533,Laffy Taffy,92.17,13,27.1,65.07,2,29.4,2.08,5.01,7.09,Sugar Shack,48.11914,-96.18115
735,US-2024-10735-CH,2025-06-12,2025-06-15,Standard Class,CUST-13557,United States,Los Angeles,California,90049,Sugar,Pacific,PROD-6629,SweeTARTS,128.2,20,50.1,78.1,3,39.08,2.5,3.9,6.41,Sugar Shack,48.11914,-96.18115
736,US-2024-10736-CH,2025-04-27,2025-05-02,Standard Class,CUST-16763,United States,Los Angeles,California,90049,Chocolate,Pacific,PROD-0874,Wonka Bar - Milk Chocolate,119.7,38,57.36,62.34,5,47.92,1.51,1.64,3.15,Wicked Choccy's,32.076176,-81.088371
737,US-2024-10737-CH,2025-04-05,2025-04-10,Standard Class,CUST-15360,United States,Los Angeles,California,90049,Sugar,Pacific,PROD-9885,Fun Dip,39.3,15,14.89,24.41,5,37.89,0.99,1.63,2.62,Sugar Shack,48.11914,-96.18115
738,US-2024-10738-CH,2026-02-08,2026-02-10,Second Class,CUST-19582,United States,New York,New York,10001,Chocolate,Atlantic,PROD-3776,Wonka Bar -Scrumdiddlyumptious,16.89,3,9.68,7.21,2,57.31,3.23,2.4,5.63,Lot's O' Nuts,32.881893,-111.768036
739,US-2024-10739-CH,2026-04-14,2026-04-17,Same Day,CUST-18684,United States,Chicago,Illinois,60601,Sugar,Interior,PROD-2120,Everlasting Gobstopper,122.33,13,33.42,88.91,3,27.32,2.57,6.84,9.41,Secret Factory,41.446333,-90.565487
740,US-2024-10740-CH,2024-12-18,2024-12-21,Standard Class,CUST-18714,United States,Los Angeles,California,90049,Sugar,Pacific,PROD-0725,Hair Toffee,134.47,17,13.52,120.95,3,10.05,0.8,7.11,7.91,The Other Factory,35.1175,-89.971107
741,US-2024-10741-CH,2024-04-26,2024-04-29,Standard Class,CUST-14934,United States,Chicago,Illinois,60601,Other,Interior,PROD-9415,Wonka Gum,399.47,43,84.35,315.12,3,21.12,1.96,7.33,9.29,Secret Factory,41.446333,-90.565487
742,US-2024-10742-CH,2024-03-10,2024-03-12,Standard Class,CUST-16539,United States,Philadelphia,Pennsylvania,19143,Other,Atlantic,PROD-0345,Lickable Wallpaper,287.1,33,-10.87,297.97,2,-3.79,-0.33,9.03,8.7,Secret Factory,41.446333,-90.565487
743,US-2024-10743-CH,2025-10-18,2025-10-21,Second Class,CUST-12689,United States,Chicago,Illinois,60601,Sugar,Interior,PROD-6629,SweeTARTS,64.54,7,17.51,47.03,3,27.13,2.5,6.72,9.22,Sugar Shack,48.11914,-96.18115
744,US-2024-10744-CH,2025-08-23,2025-08-26,Standard Class,CUST-17406,United States,Athens,Georgia,30605,Sugar,Gulf,PROD-2533,Laffy Taffy,217.5,30,87.64,129.86,3,40.29,2.92,4.33,7.25,Sugar Shack,48.11914,-96.18115
745,US-2024-10745-CH,2026-02-24,2026-02-28,Standard Class,CUST-14777,United States,Chicago,Illinois,60601,Chocolate,Interior,PROD-7514,Wonka Bar - Triple Dazzle Caramel,251.94,38,119.21,132.73,4,47.32,3.14,3.49,6.63,Wicked Choccy's,32.076176,-81.088371
746,US-2024-10746-CH,2024-03-27,2024-03-29,Standard Class,CUST-13535,United States,Philadelphia,Pennsylvania,19143,Sugar,Atlantic,PROD-2120,Everlasting Gobstopper,151.32,39,48.31,103.01,2,31.93,1.24,2.64,3.88,Secret Factory,41.446333,-90.565487
747,US-2024-10747-CH,2025-01-09,2025-01-12,Standard Class,CUST-13385,United States,Henderson,Kentucky,42420,Sugar,Gulf,PROD-2120,Everlasting Gobstopper,414.8,40,106.4,308.4,3,25.65,2.66,7.71,10.37,Secret Factory,41.446333,-90.565487
748,US-2024-10748-CH,2024-05-07,2024-05-10,First Class,CUST-16881,United States,Atlanta,Georgia,30301,Other,Gulf,PROD-0345,Lickable Wallpaper,238.56,48,9.2,229.36,3,3.86,0.19,4.78,4.97,Secret Factory,41.446333,-90.565487
749,US-2024-10749-CH,2025-07-13,2025-07-15,Standard Class,CUST-17206,United States,Atlanta,Georgia,30301,Chocolate,Gulf,PROD-7514,Wonka Bar - Triple Dazzle Caramel,113.6,10,69.81,43.79,2,61.45,6.98,4.38,11.36,Wicked Choccy's,32.076176,-81.088371
750,US-2024-10750-CH,2024-03-04,2024-03-08,Second Class,CUST-17718,United States,Houston,Texas,77095,Chocolate,Gulf,PROD-0874,Wonka Bar - Milk Chocolate,32.76,12,18.81,13.95,4,57.42,1.57,1.16,2.73,Wicked Choccy's,32.076176,-81.088371
751,US-2024-10751-CH,2024-02-15,2024-02-17,Second Class,CUST-12658,United States,Naperville,Illinois,60540,Other,Interior,PROD-2646,Kazookles,381.47,37,99.78,281.69,2,26.16,2.7,7.61,10.31,The Other Factory,35.1175,-89.971107
752,US-2024-10752-CH,2026-06-15,2026-06-22,Standard Class,CUST-13007,United States,Chicago,Illinois,60601,Chocolate,Interior,PROD-3776,Wonka Bar -Scrumdiddlyumptious,315.51,39,142.98,172.53,7,45.32,3.67,4.42,8.09,Lot's O' Nuts,32.881893,-111.768036
753,US-2024-10753-CH,2026-02-15,2026-02-18,Standard Class,CUST-10501,United States,Henderson,Kentucky,42420,Other,Gulf,PROD-9359,Fizzy Lifting Drinks,441.48,39,43.02,398.46,3,9.74,1.1,10.22,11.32,Sugar Shack,48.11914,-96.18115
754,US-2024-10754-CH,2025-05-09,2025-05-16,Second Class,CUST-13052,United States,New York,New York,10001,Chocolate,Atlantic,PROD-7514,Wonka Bar - Triple Dazzle Caramel,28.16,4,13.77,14.39,7,48.9,3.44,3.6,7.04,Wicked Choccy's,32.076176,-81.088371
755,US-2024-10755-CH,2024-09-11,2024-09-14,Standard Class,CUST-13727,United States,Naperville,Illinois,60540,Other,Interior,PROD-9359,Fizzy Lifting Drinks,51.84,9,5.36,46.48,3,10.34,0.6,5.16,5.76,Sugar Shack,48.11914,-96.18115
756,US-2024-10756-CH,2024-02-16,2024-02-21,Second Class,CUST-13749,United States,Houston,Texas,77095,Chocolate,Gulf,PROD-7514,Wonka Bar - Triple Dazzle Caramel,116.62,17,48.89,67.73,5,41.92,2.88,3.98,6.86,Wicked Choccy's,32.076176,-81.088371
757,US-2024-10757-CH,2026-04-09,2026-04-12,Standard Class,CUST-18677,United States,Atlanta,Georgia,30301,Other,Gulf,PROD-9359,Fizzy Lifting Drinks,536.27,47,16.59,519.68,3,3.09,0.35,11.06,11.41,Sugar Shack,48.11914,-96.18115
758,US-2024-10758-CH,2025-01-05,2025-01-09,First Class,CUST-19713,United States,Los Angeles,California,90049,Chocolate,Pacific,PROD-7514,Wonka Bar - Triple Dazzle Caramel,213.84,22,88.14,125.7,4,41.22,4.01,5.71,9.72,Wicked Choccy's,32.076176,-81.088371
759,US-2024-10759-CH,2024-09-27,2024-10-01,Standard Class,CUST-18740,United States,Seattle,Washington,98101,Sugar,Pacific,PROD-9885,Fun Dip,88.33,11,25.38,62.95,4,28.73,2.31,5.72,8.03,Sugar Shack,48.11914,-96.18115
760,US-2024-10760-CH,2025-02-10,2025-02-13,Standard Class,CUST-14468,United States,Chicago,Illinois,60601,Sugar,Interior,PROD-2533,Laffy Taffy,80.1,30,20.81,59.29,3,25.98,0.69,1.98,2.67,Sugar Shack,48.11914,-96.18115
761,US-2024-10761-CH,2024-03-13,2024-03-16,Second Class,CUST-16058,United States,Seattle,Washington,98101,Chocolate,Pacific,PROD-8572,Wonka Bar - Nutty Crunch Surprise,143.08,28,58.18,84.9,3,40.66,2.08,3.03,5.11,Lot's O' Nuts,32.881893,-111.768036
762,US-2024-10762-CH,2025-12-27,2025-12-31,Standard Class,CUST-13885,United States,Los Angeles,California,90049,Sugar,Pacific,PROD-0725,Hair Toffee,191.78,43,36.08,155.7,4,18.81,0.84,3.62,4.46,The Other Factory,35.1175,-89.971107
763,US-2024-10763-CH,2024-03-13,2024-03-18,Standard Class,CUST-10066,United States,Seattle,Washington,98101,Chocolate,Pacific,PROD-3893,Wonka Bar - Fudge Mallows,6.48,2,3.42,3.06,5,52.78,1.71,1.53,3.24,Lot's O' Nuts,32.881893,-111.768036
764,US-2024-10764-CH,2024-11-21,2024-11-25,Second Class,CUST-14631,United States,Atlanta,Georgia,30301,Sugar,Gulf,PROD-2533,Laffy Taffy,198.17,19,51.77,146.4,4,26.12,2.72,7.71,10.43,Sugar Shack,48.11914,-96.18115
765,US-2024-10765-CH,2024-07-27,2024-07-30,Second Class,CUST-19546,United States,New York,New York,10001,Chocolate,Atlantic,PROD-0874,Wonka Bar - Milk Chocolate,368.46,46,162.72,205.74,3,44.16,3.54,4.47,8.01,Wicked Choccy's,32.076176,-81.088371
766,US-2024-10766-CH,2025-05-06,2025-05-08,Second Class,CUST-16683,United States,Naperville,Illinois,60540,Sugar,Interior,PROD-5646,Nerds,63.14,14,17.61,45.53,2,27.89,1.26,3.25,4.51,Sugar Shack,48.11914,-96.18115
767,US-2024-10767-CH,2024-01-16,2024-01-20,Standard Class,CUST-18014,United States,Los Angeles,California,90049,Chocolate,Pacific,PROD-0874,Wonka Bar - Milk Chocolate,63.84,16,36.44,27.4,4,57.08,2.28,1.71,3.99,Wicked Choccy's,32.076176,-81.088371
768,US-2024-10768-CH,2025-08-02,2025-08-05,Same Day,CUST-18488,United States,Houston,Texas,77095,Other,Gulf,PROD-9359,Fizzy Lifting Drinks,146.52,36,-7.25,153.77,3,-4.95,-0.2,4.27,4.07,Sugar Shack,48.11914,-96.18115
769,US-2024-10769-CH,2024-08-02,2024-08-07,First Class,CUST-15988,United States,Philadelphia,Pennsylvania,19143,Other,Atlantic,PROD-9359,Fizzy Lifting Drinks,448.0,40,4.98,443.02,5,1.11,0.12,11.08,11.2,Sugar Shack,48.11914,-96.18115
770,US-2024-10770-CH,2026-06-13,2026-06-15,Standard Class,CUST-11356,United States,Philadelphia,Pennsylvania,19143,Other,Atlantic,PROD-2646,Kazookles,38.4,5,10.41,27.99,2,27.11,2.08,5.6,7.68,The Other Factory,35.1175,-89.971107
771,US-2024-10771-CH,2025-06-30,2025-07-03,Standard Class,CUST-11600,United States,Los Angeles,California,90049,Chocolate,Pacific,PROD-8572,Wonka Bar - Nutty Crunch Surprise,143.19,37,61.02,82.17,3,42.61,1.65,2.22,3.87,Lot's O' Nuts,32.881893,-111.768036
772,US-2024-10772-CH,2025-06-17,2025-06-20,Standard Class,CUST-17633,United States,Houston,Texas,77095,Chocolate,Gulf,PROD-7514,Wonka Bar - Triple Dazzle Caramel,201.02,46,85.31,115.71,3,42.44,1.85,2.52,4.37,Wicked Choccy's,32.076176,-81.088371
773,US-2024-10773-CH,2025-06-17,2025-06-20,Standard Class,CUST-14917,United States,Seattle,Washington,98101,Chocolate,Pacific,PROD-3893,Wonka Bar - Fudge Mallows,332.63,37,185.34,147.29,3,55.72,5.01,3.98,8.99,Lot's O' Nuts,32.881893,-111.768036
774,US-2024-10774-CH,2026-02-23,2026-02-28,Standard Class,CUST-16657,United States,Henderson,Kentucky,42420,Other,Gulf,PROD-9359,Fizzy Lifting Drinks,122.88,32,5.86,117.02,5,4.77,0.18,3.66,3.84,Sugar Shack,48.11914,-96.18115
775,US-2024-10775-CH,2024-04-08,2024-04-11,Standard Class,CUST-17396,United States,New York,New York,10001,Chocolate,Atlantic,PROD-0874,Wonka Bar - Milk Chocolate,524.64,48,245.93,278.71,3,46.88,5.12,5.81,10.93,Wicked Choccy's,32.076176,-81.088371
776,US-2024-10776-CH,2024-05-19,2024-05-22,Second Class,CUST-11129,United States,Athens,Georgia,30605,Chocolate,Gulf,PROD-3893,Wonka Bar - Fudge Mallows,99.9,15,47.71,52.19,3,47.76,3.18,3.48,6.66,Lot's O' Nuts,32.881893,-111.768036
777,US-2024-10777-CH,2024-03-09,2024-03-14,First Class,CUST-19244,United States,New York,New York,10001,Other,Atlantic,PROD-9359,Fizzy Lifting Drinks,84.3,10,4.98,79.32,5,5.91,0.5,7.93,8.43,Sugar Shack,48.11914,-96.18115
778,US-2024-10778-CH,2025-04-06,2025-04-09,Standard Class,CUST-15560,United States,Philadelphia,Pennsylvania,19143,Other,Atlantic,PROD-0345,Lickable Wallpaper,65.31,7,-2.84,68.15,3,-4.35,-0.41,9.74,9.33,Secret Factory,41.446333,-90.565487
779,US-2024-10779-CH,2025-12-20,2025-12-27,Standard Class,CUST-19644,United States,Chicago,Illinois,60601,Chocolate,Interior,PROD-8572,Wonka Bar - Nutty Crunch Surprise,25.4,4,13.94,11.46,7,54.88,3.48,2.86,6.35,Lot's O' Nuts,32.881893,-111.768036
780,US-2024-10780-CH,2024-09-11,2024-09-13,Standard Class,CUST-13936,United States,Philadelphia,Pennsylvania,19143,Other,Atlantic,PROD-9359,Fizzy Lifting Drinks,587.51,49,-0.81,588.32,2,-0.14,-0.02,12.01,11.99,Sugar Shack,48.11914,-96.18115
781,US-2024-10781-CH,2026-03-15,2026-03-17,Same Day,CUST-16792,United States,Athens,Georgia,30605,Sugar,Gulf,PROD-0725,Hair Toffee,351.75,35,47.11,304.64,2,13.39,1.35,8.7,10.05,The Other Factory,35.1175,-89.971107
782,US-2024-10782-CH,2025-09-29,2025-10-02,Standard Class,CUST-16041,United States,New York,New York,10001,Other,Atlantic,PROD-9359,Fizzy Lifting Drinks,129.09,13,-0.4,129.49,3,-0.31,-0.03,9.96,9.93,Sugar Shack,48.11914,-96.18115
783,US-2024-10783-CH,2025-03-05,2025-03-08,Standard Class,CUST-11468,United States,Houston,Texas,77095,Chocolate,Gulf,PROD-3893,Wonka Bar - Fudge Mallows,155.54,14,67.57,87.97,3,43.44,4.83,6.28,11.11,Lot's O' Nuts,32.881893,-111.768036
784,US-2024-10784-CH,2024-06-20,2024-06-22,Standard Class,CUST-18249,United States,Seattle,Washington,98101,Sugar,Pacific,PROD-2533,Laffy Taffy,448.65,45,134.03,314.62,2,29.87,2.98,6.99,9.97,Sugar Shack,48.11914,-96.18115
785,US-2024-10785-CH,2026-02-06,2026-02-13,Standard Class,CUST-10885,United States,Atlanta,Georgia,30301,Other,Gulf,PROD-9359,Fizzy Lifting Drinks,250.9,26,16.31,234.59,7,6.5,0.63,9.02,9.65,Sugar Shack,48.11914,-96.18115
786,US-2024-10786-CH,2025-01-31,2025-02-02,Standard Class,CUST-12032,United States,Houston,Texas,77095,Sugar,Gulf,PROD-6629,SweeTARTS,165.0,25,67.53,97.47,2,40.93,2.7,3.9,6.6,Sugar Shack,48.11914,-96.18115
787,US-2024-10787-CH,2025-06-06,2025-06-10,Standard Class,CUST-14651,United States,Philadelphia,Pennsylvania,19143,Chocolate,Atlantic,PROD-0874,Wonka Bar - Milk Chocolate,107.19,27,59.67,47.52,4,55.67,2.21,1.76,3.97,Wicked Choccy's,32.076176,-81.088371
788,US-2024-10788-CH,2025-11-29,2025-12-02,Standard Class,CUST-14920,United States,Henderson,Kentucky,42420,Sugar,Gulf,PROD-2533,Laffy Taffy,417.56,44,131.12,286.44,3,31.4,2.98,6.51,9.49,Sugar Shack,48.11914,-96.18115
789,US-2024-10789-CH,2024-04-24,2024-04-29,Standard Class,CUST-16870,United States,Seattle,Washington,98101,Other,Pacific,PROD-2646,Kazookles,229.06,26,42.57,186.49,5,18.58,1.64,7.17,8.81,The Other Factory,35.1175,-89.971107
790,US-2024-10790-CH,2024-01-26,2024-01-29,Standard Class,CUST-14264,United States,Los Angeles,California,90049,Sugar,Pacific,PROD-2120,Everlasting Gobstopper,148.4,20,15.12,133.28,3,10.19,0.76,6.66,7.42,Secret Factory,41.446333,-90.565487
791,US-2024-10791-CH,2024-08-16,2024-08-20,Standard Class,CUST-15191,United States,Houston,Texas,77095,Chocolate,Gulf,PROD-8572,Wonka Bar - Nutty Crunch Surprise,567.84,48,281.49,286.35,4,49.57,5.86,5.97,11.83,Lot's O' Nuts,32.881893,-111.768036
792,US-2024-10792-CH,2026-01-01,2026-01-03,Standard Class,CUST-15738,United States,Atlanta,Georgia,30301,Chocolate,Gulf,PROD-7514,Wonka Bar - Triple Dazzle Caramel,220.86,27,129.14,91.72,2,58.47,4.78,3.4,8.18,Wicked Choccy's,32.076176,-81.088371
793,US-2024-10793-CH,2026-01-16,2026-01-20,Standard Class,CUST-19903,United States,New York,New York,10001,Sugar,Atlantic,PROD-6629,SweeTARTS,345.96,31,135.07,210.89,4,39.04,4.36,6.8,11.16,Sugar Shack,48.11914,-96.18115
794,US-2024-10794-CH,2025-02-25,2025-02-28,Second Class,CUST-11946,United States,New York,New York,10001,Chocolate,Atlantic,PROD-8572,Wonka Bar - Nutty Crunch Surprise,70.77,7,36.29,34.48,3,51.28,5.18,4.93,10.11,Lot's O' Nuts,32.881893,-111.768036
795,US-2024-10795-CH,2026-04-21,2026-04-23,Standard Class,CUST-11561,United States,Los Angeles,California,90049,Sugar,Pacific,PROD-9885,Fun Dip,146.4,30,60.95,85.45,2,41.63,2.03,2.85,4.88,Sugar Shack,48.11914,-96.18115
796,US-2024-10796-CH,2024-10-04,2024-10-09,Second Class,CUST-16376,United States,Houston,Texas,77095,Sugar,Gulf,PROD-6629,SweeTARTS,297.43,49,80.26,217.17,5,26.98,1.64,4.43,6.07,Sugar Shack,48.11914,-96.18115
797,US-2024-10797-CH,2025-11-25,2025-11-28,First Class,CUST-11209,United States,Henderson,Kentucky,42420,Other,Gulf,PROD-9359,Fizzy Lifting Drinks,111.2,16,16.26,94.94,3,14.62,1.02,5.93,6.95,Sugar Shack,48.11914,-96.18115
798,US-2024-10798-CH,2026-01-11,2026-01-14,Standard Class,CUST-12544,United States,Houston,Texas,77095,Chocolate,Gulf,PROD-3893,Wonka Bar - Fudge Mallows,509.55,43,288.71,220.84,3,56.66,6.71,5.14,11.85,Lot's O' Nuts,32.881893,-111.768036
799,US-2024-10799-CH,2024-07-28,2024-08-04,Second Class,CUST-10964,United States,Houston,Texas,77095,Chocolate,Gulf,PROD-3776,Wonka Bar -Scrumdiddlyumptious,112.58,13,51.94,60.64,7,46.14,4.0,4.66,8.66,Lot's O' Nuts,32.881893,-111.768036
800,US-2024-10800-CH,2025-06-07,2025-06-09,Standard Class,CUST-19621,United States,Philadelphia,Pennsylvania,19143,Chocolate,Atlantic,PROD-8572,Wonka Bar - Nutty Crunch Surprise,8.19,3,4.11,4.08,2,50.18,1.37,1.36,2.73,Lot's O' Nuts,32.881893,-111.768036
801,US-2024-10801-CH,2026-04-05,2026-04-08,Standard Class,CUST-12024,United States,Chicago,Illinois,60601,Chocolate,Interior,PROD-0874,Wonka Bar - Milk Chocolate,307.44,36,126.17,181.27,3,41.04,3.5,5.04,8.54,Wicked Choccy's,32.076176,-81.088371
802,US-2024-10802-CH,2024-07-10,2024-07-14,First Class,CUST-17399,United States,Atlanta,Georgia,30301,Sugar,Gulf,PROD-2120,Everlasting Gobstopper,15.15,3,5.29,9.86,4,34.92,1.76,3.29,5.05,Secret Factory,41.446333,-90.565487
803,US-2024-10803-CH,2025-05-20,2025-05-24,Second Class,CUST-11416,United States,Houston,Texas,77095,Other,Gulf,PROD-9359,Fizzy Lifting Drinks,72.8,26,-1.6,74.4,4,-2.2,-0.06,2.86,2.8,Sugar Shack,48.11914,-96.18115
804,US-2024-10804-CH,2024-05-28,2024-06-02,Standard Class,CUST-10555,United States,Chicago,Illinois,60601,Sugar,Interior,PROD-2533,Laffy Taffy,231.44,22,64.31,167.13,5,27.79,2.92,7.6,10.52,Sugar Shack,48.11914,-96.18115
805,US-2024-10805-CH,2025-09-30,2025-10-04,Standard Class,CUST-12773,United States,New York,New York,10001,Chocolate,Atlantic,PROD-0874,Wonka Bar - Milk Chocolate,41.36,4,24.73,16.63,4,59.79,6.18,4.16,10.34,Wicked Choccy's,32.076176,-81.088371
806,US-2024-10806-CH,2025-01-27,2025-02-03,Standard Class,CUST-18864,United States,Henderson,Kentucky,42420,Sugar,Gulf,PROD-6629,SweeTARTS,17.82,6,4.99,12.83,7,28.0,0.83,2.14,2.97,Sugar Shack,48.11914,-96.18115
807,US-2024-10807-CH,2024-04-24,2024-05-01,Second Class,CUST-12786,United States,Henderson,Kentucky,42420,Sugar,Gulf,PROD-6629,SweeTARTS,232.64,32,70.15,162.49,7,30.15,2.19,5.08,7.27,Sugar Shack,48.11914,-96.18115
808,US-2024-10808-CH,2024-04-10,2024-04-15,Second Class,CUST-14133,United States,Chicago,Illinois,60601,Chocolate,Interior,PROD-3893,Wonka Bar - Fudge Mallows,69.36,6,43.41,25.95,5,62.59,7.24,4.32,11.56,Lot's O' Nuts,32.881893,-111.768036
809,US-2024-10809-CH,2025-06-20,2025-06-23,First Class,CUST-10818,United States,Philadelphia,Pennsylvania,19143,Chocolate,Atlantic,PROD-0874,Wonka Bar - Milk Chocolate,148.5,33,71.41,77.09,3,48.09,2.16,2.34,4.5,Wicked Choccy's,32.076176,-81.088371
810,US-2024-10810-CH,2025-07-13,2025-07-15,Second Class,CUST-19420,United States,Houston,Texas,77095,Chocolate,Gulf,PROD-7514,Wonka Bar - Triple Dazzle Caramel,267.12,36,111.72,155.4,2,41.82,3.1,4.32,7.42,Wicked Choccy's,32.076176,-81.088371
811,US-2024-10811-CH,2025-01-21,2025-01-25,Second Class,CUST-16343,United States,Naperville,Illinois,60540,Sugar,Interior,PROD-9885,Fun Dip,152.67,21,52.06,100.61,4,34.1,2.48,4.79,7.27,Sugar Shack,48.11914,-96.18115
812,US-2024-10812-CH,2024-07-30,2024-08-02,Same Day,CUST-10727,United States,Philadelphia,Pennsylvania,19143,Sugar,Atlantic,PROD-5646,Nerds,69.16,13,17.3,51.86,3,25.01,1.33,3.99,5.32,Sugar Shack,48.11914,-96.18115
813,US-2024-10813-CH,2025-05-12,2025-05-14,Second Class,CUST-17492,United States,Seattle,Washington,98101,Other,Pacific,PROD-2646,Kazookles,162.82,14,53.03,109.79,2,32.57,3.79,7.84,11.63,The Other Factory,35.1175,-89.971107
814,US-2024-10814-CH,2024-11-25,2024-11-30,Standard Class,CUST-18719,United States,Seattle,Washington,98101,Sugar,Pacific,PROD-2533,Laffy Taffy,203.87,19,75.17,128.7,5,36.87,3.96,6.77,10.73,Sugar Shack,48.11914,-96.18115
815,US-2024-10815-CH,2025-06-24,2025-06-28,Standard Class,CUST-12233,United States,Atlanta,Georgia,30301,Chocolate,Gulf,PROD-3776,Wonka Bar -Scrumdiddlyumptious,120.3,15,50.49,69.81,4,41.97,3.37,4.65,8.02,Lot's O' Nuts,32.881893,-111.768036
816,US-2024-10816-CH,2024-06-06,2024-06-11,Standard Class,CUST-16944,United States,Athens,Georgia,30605,Other,Gulf,PROD-9415,Wonka Gum,229.6,40,69.19,160.41,5,30.14,1.73,4.01,5.74,Secret Factory,41.446333,-90.565487
817,US-2024-10817-CH,2025-06-13,2025-06-16,Standard Class,CUST-19186,United States,Los Angeles,California,90049,Sugar,Pacific,PROD-6629,SweeTARTS,236.61,33,86.26,150.35,3,36.46,2.61,4.56,7.17,Sugar Shack,48.11914,-96.18115
818,US-2024-10818-CH,2025-06-29,2025-07-02,Standard Class,CUST-15519,United States,Henderson,Kentucky,42420,Sugar,Gulf,PROD-5646,Nerds,58.95,5,23.85,35.1,3,40.46,4.77,7.02,11.79,Sugar Shack,48.11914,-96.18115
819,US-2024-10819-CH,2025-08-14,2025-08-18,Standard Class,CUST-18106,United States,New York,New York,10001,Other,Atlantic,PROD-9359,Fizzy Lifting Drinks,276.12,36,21.23,254.89,4,7.69,0.59,7.08,7.67,Sugar Shack,48.11914,-96.18115
820,US-2024-10820-CH,2024-10-14,2024-10-17,Standard Class,CUST-14532,United States,New York,New York,10001,Chocolate,Atlantic,PROD-0874,Wonka Bar - Milk Chocolate,128.0,25,74.59,53.41,3,58.27,2.98,2.14,5.12,Wicked Choccy's,32.076176,-81.088371
821,US-2024-10821-CH,2024-09-15,2024-09-18,Standard Class,CUST-18428,United States,Naperville,Illinois,60540,Other,Interior,PROD-0345,Lickable Wallpaper,228.8,40,18.23,210.57,3,7.97,0.46,5.26,5.72,Secret Factory,41.446333,-90.565487
822,US-2024-10822-CH,2025-05-20,2025-05-25,Standard Class,CUST-17964,United States,Seattle,Washington,98101,Other,Pacific,PROD-9359,Fizzy Lifting Drinks,484.1,47,23.55,460.55,5,4.86,0.5,9.8,10.3,Sugar Shack,48.11914,-96.18115
823,US-2024-10823-CH,2024-08-19,2024-08-22,Second Class,CUST-17795,United States,New York,New York,10001,Other,Atlantic,PROD-9359,Fizzy Lifting Drinks,180.32,49,15.17,165.15,3,8.41,0.31,3.37,3.68,Sugar Shack,48.11914,-96.18115
824,US-2024-10824-CH,2024-02-06,2024-02-10,Second Class,CUST-15021,United States,Philadelphia,Pennsylvania,19143,Chocolate,Atlantic,PROD-3893,Wonka Bar - Fudge Mallows,428.4,36,199.75,228.65,4,46.63,5.55,6.35,11.9,Lot's O' Nuts,32.881893,-111.768036
825,US-2024-10825-CH,2024-08-22,2024-08-29,Second Class,CUST-16546,United States,Houston,Texas,77095,Chocolate,Gulf,PROD-7514,Wonka Bar - Triple Dazzle Caramel,343.04,32,188.92,154.12,7,55.07,5.9,4.82,10.72,Wicked Choccy's,32.076176,-81.088371
826,US-2024-10826-CH,2025-11-07,2025-11-11,Standard Class,CUST-18405,United States,Henderson,Kentucky,42420,Sugar,Gulf,PROD-0725,Hair Toffee,142.56,44,14.9,127.66,4,10.45,0.34,2.9,3.24,The Other Factory,35.1175,-89.971107
827,US-2024-10827-CH,2026-03-01,2026-03-06,Second Class,CUST-19354,United States,Naperville,Illinois,60540,Chocolate,Interior,PROD-3893,Wonka Bar - Fudge Mallows,83.76,12,54.05,29.71,5,64.53,4.5,2.48,6.98,Lot's O' Nuts,32.881893,-111.768036
828,US-2024-10828-CH,2025-03-14,2025-03-16,First Class,CUST-19918,United States,Philadelphia,Pennsylvania,19143,Chocolate,Atlantic,PROD-7514,Wonka Bar - Triple Dazzle Caramel,106.95,15,59.49,47.46,2,55.62,3.97,3.16,7.13,Wicked Choccy's,32.076176,-81.088371
829,US-2024-10829-CH,2025-11-23,2025-11-27,Second Class,CUST-19230,United States,Houston,Texas,77095,Sugar,Gulf,PROD-0725,Hair Toffee,259.84,29,39.16,220.68,4,15.07,1.35,7.61,8.96,The Other Factory,35.1175,-89.971107
830,US-2024-10830-CH,2024-05-28,2024-05-30,First Class,CUST-19037,United States,Naperville,Illinois,60540,Chocolate,Interior,PROD-3776,Wonka Bar -Scrumdiddlyumptious,119.25,45,69.46,49.79,2,58.25,1.54,1.11,2.65,Lot's O' Nuts,32.881893,-111.768036
831,US-2024-10831-CH,2025-09-24,2025-10-01,Standard Class,CUST-12800,United States,Seattle,Washington,98101,Sugar,Pacific,PROD-5646,Nerds,329.46,38,102.31,227.15,7,31.05,2.69,5.98,8.67,Sugar Shack,48.11914,-96.18115
832,US-2024-10832-CH,2025-06-01,2025-06-04,Standard Class,CUST-11422,United States,Philadelphia,Pennsylvania,19143,Chocolate,Atlantic,PROD-8572,Wonka Bar - Nutty Crunch Surprise,43.52,4,23.63,19.89,3,54.3,5.91,4.97,10.88,Lot's O' Nuts,32.881893,-111.768036
833,US-2024-10833-CH,2025-04-24,2025-04-26,Standard Class,CUST-15463,United States,New York,New York,10001,Sugar,Atlantic,PROD-6629,SweeTARTS,179.8,29,53.62,126.18,2,29.82,1.85,4.35,6.2,Sugar Shack,48.11914,-96.18115
834,US-2024-10834-CH,2026-05-05,2026-05-09,Standard Class,CUST-13285,United States,Philadelphia,Pennsylvania,19143,Sugar,Atlantic,PROD-2533,Laffy Taffy,109.75,25,49.38,60.37,4,44.99,1.98,2.41,4.39,Sugar Shack,48.11914,-96.18115
835,US-2024-10835-CH,2024-11-16,2024-11-23,Second Class,CUST-17637,United States,Los Angeles,California,90049,Sugar,Pacific,PROD-2533,Laffy Taffy,58.37,13,15.44,42.93,7,26.45,1.19,3.3,4.49,Sugar Shack,48.11914,-96.18115
836,US-2024-10836-CH,2024-04-25,2024-05-02,Second Class,CUST-18809,United States,Houston,Texas,77095,Other,Gulf,PROD-9359,Fizzy Lifting Drinks,205.9,29,4.65,201.25,7,2.26,0.16,6.94,7.1,Sugar Shack,48.11914,-96.18115
837,US-2024-10837-CH,2025-03-31,2025-04-03,Standard Class,CUST-13174,United States,Henderson,Kentucky,42420,Sugar,Gulf,PROD-2533,Laffy Taffy,364.08,37,149.5,214.58,3,41.06,4.04,5.8,9.84,Sugar Shack,48.11914,-96.18115
838,US-2024-10838-CH,2025-03-16,2025-03-20,Standard Class,CUST-12523,United States,Atlanta,Georgia,30301,Other,Gulf,PROD-2646,Kazookles,73.76,8,10.89,62.87,4,14.76,1.36,7.86,9.22,The Other Factory,35.1175,-89.971107
839,US-2024-10839-CH,2026-01-23,2026-01-30,Standard Class,CUST-11220,United States,Henderson,Kentucky,42420,Other,Gulf,PROD-2646,Kazookles,426.56,43,84.27,342.29,7,19.76,1.96,7.96,9.92,The Other Factory,35.1175,-89.971107
840,US-2024-10840-CH,2024-09-06,2024-09-11,Standard Class,CUST-19110,United States,Atlanta,Georgia,30301,Chocolate,Gulf,PROD-3776,Wonka Bar -Scrumdiddlyumptious,287.14,49,144.97,142.17,5,50.49,2.96,2.9,5.86,Lot's O' Nuts,32.881893,-111.768036
841,US-2024-10841-CH,2024-12-31,2025-01-03,Second Class,CUST-14911,United States,Chicago,Illinois,60601,Other,Interior,PROD-0345,Lickable Wallpaper,190.6,20,23.65,166.95,3,12.41,1.18,8.35,9.53,Secret Factory,41.446333,-90.565487
842,US-2024-10842-CH,2026-03-03,2026-03-07,Standard Class,CUST-15193,United States,Atlanta,Georgia,30301,Other,Gulf,PROD-0345,Lickable Wallpaper,350.55,45,54.38,296.17,4,15.51,1.21,6.58,7.79,Secret Factory,41.446333,-90.565487
843,US-2024-10843-CH,2024-05-26,2024-05-30,First Class,CUST-15917,United States,Athens,Georgia,30605,Other,Gulf,PROD-2646,Kazookles,195.58,22,68.0,127.58,4,34.77,3.09,5.8,8.89,The Other Factory,35.1175,-89.971107
844,US-2024-10844-CH,2026-05-18,2026-05-25,First Class,CUST-16906,United States,Houston,Texas,77095,Sugar,Gulf,PROD-2533,Laffy Taffy,132.96,12,34.59,98.37,7,26.02,2.88,8.2,11.08,Sugar Shack,48.11914,-96.18115
845,US-2024-10845-CH,2025-12-13,2025-12-17,Second Class,CUST-15988,United States,Philadelphia,Pennsylvania,19143,Sugar,Atlantic,PROD-5646,Nerds,231.6,30,85.27,146.33,4,36.82,2.84,4.88,7.72,Sugar Shack,48.11914,-96.18115
846,US-2024-10846-CH,2025-09-14,2025-09-19,Standard Class,CUST-16643,United States,New York,New York,10001,Sugar,Atlantic,PROD-2533,Laffy Taffy,415.74,41,146.25,269.49,5,35.18,3.57,6.57,10.14,Sugar Shack,48.11914,-96.18115
847,US-2024-10847-CH,2026-03-10,2026-03-15,Standard Class,CUST-11777,United States,Los Angeles,California,90049,Chocolate,Pacific,PROD-8572,Wonka Bar - Nutty Crunch Surprise,105.12,9,53.93,51.19,5,51.3,5.99,5.69,11.68,Lot's O' Nuts,32.881893,-111.768036
848,US-2024-10848-CH,2024-11-05,2024-11-10,Second Class,CUST-11325,United States,Henderson,Kentucky,42420,Sugar,Gulf,PROD-6629,SweeTARTS,137.54,26,52.87,84.67,5,38.44,2.03,3.26,5.29,Sugar Shack,48.11914,-96.18115
849,US-2024-10849-CH,2026-03-17,2026-03-20,Standard Class,CUST-11831,United States,Los Angeles,California,90049,Sugar,Pacific,PROD-2533,Laffy Taffy,288.11,47,97.56,190.55,3,33.86,2.08,4.05,6.13,Sugar Shack,48.11914,-96.18115
850,US-2024-10850-CH,2024-06-09,2024-06-12,Standard Class,CUST-15324,United States,New York,New York,10001,Chocolate,Atlantic,PROD-3893,Wonka Bar - Fudge Mallows,93.67,17,45.48,48.19,3,48.55,2.68,2.83,5.51,Lot's O' Nuts,32.881893,-111.768036
851,US-2024-10851-CH,2026-05-02,2026-05-04,Standard Class,CUST-16382,United States,Atlanta,Georgia,30301,Chocolate,Gulf,PROD-7514,Wonka Bar - Triple Dazzle Caramel,58.59,7,30.9,27.69,2,52.74,4.41,3.96,8.37,Wicked Choccy's,32.076176,-81.088371
852,US-2024-10852-CH,2025-06-05,2025-06-09,Standard Class,CUST-11469,United States,Los Angeles,California,90049,Other,Pacific,PROD-9415,Wonka Gum,267.96,42,58.06,209.9,4,21.67,1.38,5.0,6.38,Secret Factory,41.446333,-90.565487
853,US-2024-10853-CH,2025-07-04,2025-07-07,Standard Class,CUST-17420,United States,Athens,Georgia,30605,Sugar,Gulf,PROD-2533,Laffy Taffy,143.7,15,40.76,102.94,3,28.36,2.72,6.86,9.58,Sugar Shack,48.11914,-96.18115
854,US-2024-10854-CH,2026-03-13,2026-03-17,First Class,CUST-13718,United States,Los Angeles,California,90049,Other,Pacific,PROD-9415,Wonka Gum,273.28,32,82.38,190.9,4,30.14,2.57,5.97,8.54,Secret Factory,41.446333,-90.565487
855,US-2024-10855-CH,2026-01-06,2026-01-09,Standard Class,CUST-19065,United States,Los Angeles,California,90049,Sugar,Pacific,PROD-2533,Laffy Taffy,296.8,40,76.43,220.37,3,25.75,1.91,5.51,7.42,Sugar Shack,48.11914,-96.18115
856,US-2024-10856-CH,2024-08-19,2024-08-26,Standard Class,CUST-12711,United States,Atlanta,Georgia,30301,Other,Gulf,PROD-9415,Wonka Gum,401.8,35,107.84,293.96,7,26.84,3.08,8.4,11.48,Secret Factory,41.446333,-90.565487
857,US-2024-10857-CH,2024-05-09,2024-05-12,Second Class,CUST-10743,United States,New York,New York,10001,Sugar,Atlantic,PROD-0725,Hair Toffee,148.2,30,44.49,103.71,3,30.02,1.48,3.46,4.94,The Other Factory,35.1175,-89.971107
858,US-2024-10858-CH,2024-10-02,2024-10-09,First Class,CUST-17002,United States,New York,New York,10001,Other,Atlantic,PROD-2646,Kazookles,216.98,38,72.45,144.53,7,33.39,1.91,3.8,5.71,The Other Factory,35.1175,-89.971107
859,US-2024-10859-CH,2024-03-25,2024-03-28,Second Class,CUST-10667,United States,Chicago,Illinois,60601,Sugar,Interior,PROD-9885,Fun Dip,444.22,38,190.11,254.11,3,42.8,5.0,6.69,11.69,Sugar Shack,48.11914,-96.18115
860,US-2024-10860-CH,2025-01-05,2025-01-08,Same Day,CUST-19894,United States,Seattle,Washington,98101,Sugar,Pacific,PROD-2120,Everlasting Gobstopper,378.4,40,85.93,292.47,3,22.71,2.15,7.31,9.46,Secret Factory,41.446333,-90.565487
861,US-2024-10861-CH,2025-08-20,2025-08-22,Standard Class,CUST-18047,United States,Chicago,Illinois,60601,Chocolate,Interior,PROD-7514,Wonka Bar - Triple Dazzle Caramel,169.38,18,94.59,74.79,2,55.84,5.26,4.16,9.41,Wicked Choccy's,32.076176,-81.088371
862,US-2024-10862-CH,2025-02-10,2025-02-17,Second Class,CUST-12423,United States,Los Angeles,California,90049,Other,Pacific,PROD-9415,Wonka Gum,241.2,30,82.02,159.18,7,34.0,2.73,5.31,8.04,Secret Factory,41.446333,-90.565487
863,US-2024-10863-CH,2024-06-14,2024-06-17,Standard Class,CUST-13403,United States,Los Angeles,California,90049,Sugar,Pacific,PROD-5646,Nerds,343.2,30,89.08,254.12,3,25.96,2.97,8.47,11.44,Sugar Shack,48.11914,-96.18115
864,US-2024-10864-CH,2024-03-19,2024-03-21,Second Class,CUST-10974,United States,New York,New York,10001,Sugar,Atlantic,PROD-6629,SweeTARTS,469.56,43,190.17,279.39,2,40.5,4.42,6.5,10.92,Sugar Shack,48.11914,-96.18115
865,US-2024-10865-CH,2024-08-23,2024-08-26,Standard Class,CUST-14036,United States,Atlanta,Georgia,30301,Sugar,Gulf,PROD-2533,Laffy Taffy,205.2,36,75.38,129.82,3,36.73,2.09,3.61,5.7,Sugar Shack,48.11914,-96.18115
866,US-2024-10866-CH,2026-05-06,2026-05-09,Standard Class,CUST-19035,United States,Los Angeles,California,90049,Chocolate,Pacific,PROD-3893,Wonka Bar - Fudge Mallows,113.94,27,66.51,47.43,3,58.37,2.46,1.76,4.22,Lot's O' Nuts,32.881893,-111.768036
867,US-2024-10867-CH,2024-05-12,2024-05-15,Standard Class,CUST-12835,United States,Naperville,Illinois,60540,Chocolate,Interior,PROD-7514,Wonka Bar - Triple Dazzle Caramel,225.9,30,105.54,120.36,3,46.72,3.52,4.01,7.53,Wicked Choccy's,32.076176,-81.088371
868,US-2024-10868-CH,2024-10-19,2024-10-22,Standard Class,CUST-11963,United States,Chicago,Illinois,60601,Chocolate,Interior,PROD-3776,Wonka Bar -Scrumdiddlyumptious,100.92,12,51.24,49.68,3,50.77,4.27,4.14,8.41,Lot's O' Nuts,32.881893,-111.768036
869,US-2024-10869-CH,2026-06-08,2026-06-11,Second Class,CUST-19858,United States,Philadelphia,Pennsylvania,19143,Chocolate,Atlantic,PROD-3893,Wonka Bar - Fudge Mallows,266.64,24,119.4,147.24,3,44.78,4.98,6.14,11.11,Lot's O' Nuts,32.881893,-111.768036
870,US-2024-10870-CH,2024-07-30,2024-08-02,First Class,CUST-14607,United States,Naperville,Illinois,60540,Sugar,Interior,PROD-2120,Everlasting Gobstopper,408.15,45,130.93,277.22,3,32.08,2.91,6.16,9.07,Secret Factory,41.446333,-90.565487
871,US-2024-10871-CH,2024-08-15,2024-08-19,Same Day,CUST-10686,United States,New York,New York,10001,Chocolate,Atlantic,PROD-3893,Wonka Bar - Fudge Mallows,340.89,33,191.54,149.35,4,56.19,5.8,4.53,10.33,Lot's O' Nuts,32.881893,-111.768036
872,US-2024-10872-CH,2024-12-22,2024-12-26,Standard Class,CUST-16642,United States,Athens,Georgia,30605,Chocolate,Gulf,PROD-3893,Wonka Bar - Fudge Mallows,308.32,41,133.11,175.21,4,43.17,3.25,4.27,7.52,Lot's O' Nuts,32.881893,-111.768036
873,US-2024-10873-CH,2026-02-22,2026-02-25,Standard Class,CUST-19964,United States,Naperville,Illinois,60540,Chocolate,Interior,PROD-3776,Wonka Bar -Scrumdiddlyumptious,136.42,19,83.1,53.32,3,60.91,4.37,2.81,7.18,Lot's O' Nuts,32.881893,-111.768036
874,US-2024-10874-CH,2026-05-27,2026-05-30,Standard Class,CUST-12686,United States,Chicago,Illinois,60601,Other,Interior,PROD-9359,Fizzy Lifting Drinks,248.64,37,38.54,210.1,3,15.5,1.04,5.68,6.72,Sugar Shack,48.11914,-96.18115
875,US-2024-10875-CH,2025-08-27,2025-08-30,Standard Class,CUST-18226,United States,New York,New York,10001,Other,Atlantic,PROD-9359,Fizzy Lifting Drinks,402.56,34,57.75,344.81,3,14.35,1.7,10.14,11.84,Sugar Shack,48.11914,-96.18115
876,US-2024-10876-CH,2026-01-09,2026-01-12,Standard Class,CUST-11103,United States,Athens,Georgia,30605,Other,Gulf,PROD-2646,Kazookles,148.68,14,40.26,108.42,3,27.08,2.88,7.74,10.62,The Other Factory,35.1175,-89.971107
877,US-2024-10877-CH,2025-03-30,2025-04-01,Second Class,CUST-13384,United States,Philadelphia,Pennsylvania,19143,Chocolate,Atlantic,PROD-8572,Wonka Bar - Nutty Crunch Surprise,141.3,30,86.38,54.92,2,61.13,2.88,1.83,4.71,Lot's O' Nuts,32.881893,-111.768036
878,US-2024-10878-CH,2026-05-20,2026-05-24,Standard Class,CUST-15755,United States,Philadelphia,Pennsylvania,19143,Sugar,Atlantic,PROD-2120,Everlasting Gobstopper,300.9,30,44.15,256.75,4,14.67,1.47,8.56,10.03,Secret Factory,41.446333,-90.565487
879,US-2024-10879-CH,2025-09-05,2025-09-08,First Class,CUST-10572,United States,Chicago,Illinois,60601,Chocolate,Interior,PROD-3776,Wonka Bar -Scrumdiddlyumptious,295.26,38,184.66,110.6,3,62.54,4.86,2.91,7.77,Lot's O' Nuts,32.881893,-111.768036
880,US-2024-10880-CH,2025-09-06,2025-09-11,Second Class,CUST-11721,United States,Chicago,Illinois,60601,Other,Interior,PROD-9359,Fizzy Lifting Drinks,481.36,44,26.85,454.51,5,5.58,0.61,10.33,10.94,Sugar Shack,48.11914,-96.18115
881,US-2024-10881-CH,2026-04-04,2026-04-11,Second Class,CUST-18384,United States,New York,New York,10001,Sugar,Atlantic,PROD-2533,Laffy Taffy,215.47,29,96.07,119.4,7,44.59,3.31,4.12,7.43,Sugar Shack,48.11914,-96.18115
882,US-2024-10882-CH,2025-06-13,2025-06-17,Standard Class,CUST-11075,United States,Naperville,Illinois,60540,Chocolate,Interior,PROD-3776,Wonka Bar -Scrumdiddlyumptious,68.04,12,36.09,31.95,4,53.04,3.01,2.66,5.67,Lot's O' Nuts,32.881893,-111.768036
883,US-2024-10883-CH,2025-12-18,2025-12-21,Same Day,CUST-14916,United States,Philadelphia,Pennsylvania,19143,Chocolate,Atlantic,PROD-3776,Wonka Bar -Scrumdiddlyumptious,54.0,18,31.79,22.21,3,58.87,1.77,1.23,3.0,Lot's O' Nuts,32.881893,-111.768036
884,US-2024-10884-CH,2025-05-23,2025-05-25,Second Class,CUST-10716,United States,Naperville,Illinois,60540,Chocolate,Interior,PROD-8572,Wonka Bar - Nutty Crunch Surprise,91.31,23,44.66,46.65,2,48.91,1.94,2.03,3.97,Lot's O' Nuts,32.881893,-111.768036
885,US-2024-10885-CH,2025-08-23,2025-08-27,First Class,CUST-18340,United States,Henderson,Kentucky,42420,Sugar,Gulf,PROD-2533,Laffy Taffy,102.4,40,27.21,75.19,4,26.57,0.68,1.88,2.56,Sugar Shack,48.11914,-96.18115
886,US-2024-10886-CH,2024-12-05,2024-12-08,First Class,CUST-11102,United States,Los Angeles,California,90049,Other,Pacific,PROD-9415,Wonka Gum,71.1,9,22.78,48.32,3,32.04,2.53,5.37,7.9,Secret Factory,41.446333,-90.565487
887,US-2024-10887-CH,2025-10-23,2025-10-26,Standard Class,CUST-19599,United States,Atlanta,Georgia,30301,Sugar,Gulf,PROD-2533,Laffy Taffy,261.24,28,80.3,180.94,3,30.74,2.87,6.46,9.33,Sugar Shack,48.11914,-96.18115
888,US-2024-10888-CH,2026-04-14,2026-04-17,Standard Class,CUST-12986,United States,Los Angeles,California,90049,Other,Pacific,PROD-9415,Wonka Gum,192.51,31,63.0,129.51,3,32.73,2.03,4.18,6.21,Secret Factory,41.446333,-90.565487
889,US-2024-10889-CH,2024-06-25,2024-06-28,Standard Class,CUST-11353,United States,Los Angeles,California,90049,Chocolate,Pacific,PROD-8572,Wonka Bar - Nutty Crunch Surprise,143.52,24,86.37,57.15,3,60.18,3.6,2.38,5.98,Lot's O' Nuts,32.881893,-111.768036
890,US-2024-10890-CH,2024-12-21,2024-12-28,Second Class,CUST-10804,United States,Naperville,Illinois,60540,Sugar,Interior,PROD-2120,Everlasting Gobstopper,191.84,44,23.34,168.5,7,12.17,0.53,3.83,4.36,Secret Factory,41.446333,-90.565487
891,US-2024-10891-CH,2025-01-24,2025-01-27,Standard Class,CUST-12098,United States,New York,New York,10001,Sugar,Atlantic,PROD-2533,Laffy Taffy,184.8,42,59.92,124.88,3,32.42,1.43,2.97,4.4,Sugar Shack,48.11914,-96.18115
892,US-2024-10892-CH,2024-09-09,2024-09-13,Standard Class,CUST-12763,United States,Naperville,Illinois,60540,Sugar,Interior,PROD-5646,Nerds,275.04,36,113.78,161.26,4,41.37,3.16,4.48,7.64,Sugar Shack,48.11914,-96.18115
893,US-2024-10893-CH,2025-07-04,2025-07-07,Standard Class,CUST-14409,United States,Atlanta,Georgia,30301,Sugar,Gulf,PROD-2533,Laffy Taffy,140.97,37,54.01,86.96,3,38.31,1.46,2.35,3.81,Sugar Shack,48.11914,-96.18115
894,US-2024-10894-CH,2025-12-13,2025-12-20,Standard Class,CUST-11079,United States,Los Angeles,California,90049,Sugar,Pacific,PROD-5646,Nerds,267.54,42,103.15,164.39,7,38.55,2.46,3.91,6.37,Sugar Shack,48.11914,-96.18115
895,US-2024-10895-CH,2025-08-26,2025-08-31,Standard Class,CUST-19587,United States,Athens,Georgia,30605,Other,Gulf,PROD-2646,Kazookles,527.04,48,109.48,417.56,5,20.77,2.28,8.7,10.98,The Other Factory,35.1175,-89.971107
896,US-2024-10896-CH,2025-05-28,2025-05-31,Standard Class,CUST-19280,United States,Los Angeles,California,90049,Sugar,Pacific,PROD-9885,Fun Dip,260.75,35,73.0,187.75,3,28.0,2.09,5.36,7.45,Sugar Shack,48.11914,-96.18115
897,US-2024-10897-CH,2026-02-07,2026-02-12,Second Class,CUST-10789,United States,Los Angeles,California,90049,Chocolate,Pacific,PROD-3893,Wonka Bar - Fudge Mallows,210.98,22,131.52,79.46,5,62.34,5.98,3.61,9.59,Lot's O' Nuts,32.881893,-111.768036
898,US-2024-10898-CH,2025-10-02,2025-10-04,Standard Class,CUST-13003,United States,Philadelphia,Pennsylvania,19143,Chocolate,Atlantic,PROD-0874,Wonka Bar - Milk Chocolate,293.76,34,181.64,112.12,2,61.83,5.34,3.3,8.64,Wicked Choccy's,32.076176,-81.088371
899,US-2024-10899-CH,2025-04-05,2025-04-09,Standard Class,CUST-19965,United States,Chicago,Illinois,60601,Other,Interior,PROD-2646,Kazookles,68.74,14,16.42,52.32,4,23.89,1.17,3.74,4.91,The Other Factory,35.1175,-89.971107
900,US-2024-10900-CH,2025-08-09,2025-08-14,Standard Class,CUST-11308,United States,New York,New York,10001,Chocolate,Atlantic,PROD-8572,Wonka Bar - Nutty Crunch Surprise,326.04,44,173.58,152.46,5,53.24,3.94,3.47,7.41,Lot's O' Nuts,32.881893,-111.768036
901,US-2024-10901-CH,2024-05-17,2024-05-21,Standard Class,CUST-11439,United States,Houston,Texas,77095,Sugar,Gulf,PROD-2120,Everlasting Gobstopper,96.6,15,16.51,80.09,4,17.09,1.1,5.34,6.44,Secret Factory,41.446333,-90.565487
902,US-2024-10902-CH,2025-01-19,2025-01-22,Second Class,CUST-10307,United States,Houston,Texas,77095,Other,Gulf,PROD-9359,Fizzy Lifting Drinks,227.9,43,18.55,209.35,3,8.14,0.43,4.87,5.3,Sugar Shack,48.11914,-96.18115
903,US-2024-10903-CH,2025-06-17,2025-06-20,Second Class,CUST-10556,United States,Seattle,Washington,98101,Sugar,Pacific,PROD-2120,Everlasting Gobstopper,22.66,2,5.35,17.31,3,23.61,2.68,8.65,11.33,Secret Factory,41.446333,-90.565487
904,US-2024-10904-CH,2024-04-14,2024-04-17,Standard Class,CUST-16382,United States,Seattle,Washington,98101,Chocolate,Pacific,PROD-0874,Wonka Bar - Milk Chocolate,196.27,19,120.56,75.71,3,61.43,6.35,3.98,10.33,Wicked Choccy's,32.076176,-81.088371
905,US-2024-10905-CH,2026-02-22,2026-02-26,Standard Class,CUST-14287,United States,Henderson,Kentucky,42420,Sugar,Gulf,PROD-6629,SweeTARTS,415.72,38,165.93,249.79,4,39.91,4.37,6.57,10.94,Sugar Shack,48.11914,-96.18115
906,US-2024-10906-CH,2025-07-27,2025-07-29,Standard Class,CUST-11386,United States,Naperville,Illinois,60540,Other,Interior,PROD-9359,Fizzy Lifting Drinks,362.1,34,21.38,340.72,2,5.9,0.63,10.02,10.65,Sugar Shack,48.11914,-96.18115
907,US-2024-10907-CH,2025-05-18,2025-05-20,First Class,CUST-18023,United States,Atlanta,Georgia,30301,Sugar,Gulf,PROD-9885,Fun Dip,46.15,5,13.18,32.97,2,28.56,2.64,6.59,9.23,Sugar Shack,48.11914,-96.18115
908,US-2024-10908-CH,2025-07-23,2025-07-25,Second Class,CUST-12440,United States,New York,New York,10001,Chocolate,Atlantic,PROD-3893,Wonka Bar - Fudge Mallows,248.53,29,152.44,96.09,2,61.34,5.26,3.31,8.57,Lot's O' Nuts,32.881893,-111.768036
909,US-2024-10909-CH,2025-03-16,2025-03-20,Standard Class,CUST-14331,United States,Houston,Texas,77095,Sugar,Gulf,PROD-0725,Hair Toffee,170.66,23,42.13,128.53,4,24.69,1.83,5.59,7.42,The Other Factory,35.1175,-89.971107
910,US-2024-10910-CH,2026-06-05,2026-06-12,Standard Class,CUST-14677,United States,Seattle,Washington,98101,Sugar,Pacific,PROD-9885,Fun Dip,52.3,10,16.01,36.29,7,30.61,1.6,3.63,5.23,Sugar Shack,48.11914,-96.18115
911,US-2024-10911-CH,2024-06-17,2024-06-20,Standard Class,CUST-19763,United States,Philadelphia,Pennsylvania,19143,Chocolate,Atlantic,PROD-7514,Wonka Bar - Triple Dazzle Caramel,111.6,15,61.68,49.92,3,55.27,4.11,3.33,7.44,Wicked Choccy's,32.076176,-81.088371
912,US-2024-10912-CH,2025-03-21,2025-03-23,Second Class,CUST-15660,United States,Athens,Georgia,30605,Chocolate,Gulf,PROD-7514,Wonka Bar - Triple Dazzle Caramel,85.54,13,40.36,45.18,2,47.18,3.1,3.48,6.58,Wicked Choccy's,32.076176,-81.088371
913,US-2024-10913-CH,2025-06-05,2025-06-07,Standard Class,CUST-16331,United States,Philadelphia,Pennsylvania,19143,Other,Atlantic,PROD-2646,Kazookles,124.45,19,29.63,94.82,2,23.81,1.56,4.99,6.55,The Other Factory,35.1175,-89.971107
914,US-2024-10914-CH,2024-05-17,2024-05-21,Standard Class,CUST-19481,United States,Athens,Georgia,30605,Other,Gulf,PROD-0345,Lickable Wallpaper,355.25,35,51.74,303.51,4,14.56,1.48,8.67,10.15,Secret Factory,41.446333,-90.565487
915,US-2024-10915-CH,2024-03-05,2024-03-07,Same Day,CUST-15615,United States,Athens,Georgia,30605,Sugar,Gulf,PROD-2533,Laffy Taffy,41.64,6,12.79,28.85,2,30.72,2.13,4.81,6.94,Sugar Shack,48.11914,-96.18115
916,US-2024-10916-CH,2025-01-03,2025-01-05,Standard Class,CUST-12170,United States,New York,New York,10001,Other,Atlantic,PROD-0345,Lickable Wallpaper,53.25,15,0.02,53.23,2,0.04,0.0,3.55,3.55,Secret Factory,41.446333,-90.565487
917,US-2024-10917-CH,2025-05-09,2025-05-16,Second Class,CUST-17709,United States,New York,New York,10001,Other,Atlantic,PROD-2646,Kazookles,51.03,9,9.14,41.89,7,17.91,1.02,4.65,5.67,The Other Factory,35.1175,-89.971107
918,US-2024-10918-CH,2024-01-20,2024-01-25,First Class,CUST-18984,United States,New York,New York,10001,Other,Atlantic,PROD-2646,Kazookles,11.22,3,1.78,9.44,5,15.86,0.59,3.15,3.74,The Other Factory,35.1175,-89.971107
919,US-2024-10919-CH,2024-08-02,2024-08-07,Standard Class,CUST-13201,United States,Seattle,Washington,98101,Chocolate,Pacific,PROD-3776,Wonka Bar -Scrumdiddlyumptious,411.6,35,264.02,147.58,5,64.14,7.54,4.22,11.76,Lot's O' Nuts,32.881893,-111.768036
920,US-2024-10920-CH,2025-06-27,2025-06-30,First Class,CUST-17694,United States,Philadelphia,Pennsylvania,19143,Other,Atlantic,PROD-9415,Wonka Gum,151.32,13,26.1,125.22,3,17.25,2.01,9.63,11.64,Secret Factory,41.446333,-90.565487
921,US-2024-10921-CH,2024-11-25,2024-12-02,Standard Class,CUST-13347,United States,Los Angeles,California,90049,Chocolate,Pacific,PROD-7514,Wonka Bar - Triple Dazzle Caramel,119.6,20,66.35,53.25,7,55.48,3.32,2.66,5.98,Wicked Choccy's,32.076176,-81.088371
922,US-2024-10922-CH,2026-04-29,2026-05-01,Standard Class,CUST-19769,United States,Henderson,Kentucky,42420,Chocolate,Gulf,PROD-0874,Wonka Bar - Milk Chocolate,105.38,11,55.71,49.67,2,52.87,5.06,4.52,9.58,Wicked Choccy's,32.076176,-81.088371
923,US-2024-10923-CH,2025-03-20,2025-03-23,Standard Class,CUST-12322,United States,Athens,Georgia,30605,Sugar,Gulf,PROD-6629,SweeTARTS,159.3,15,53.59,105.71,3,33.64,3.57,7.05,10.62,Sugar Shack,48.11914,-96.18115
924,US-2024-10924-CH,2026-01-22,2026-01-24,First Class,CUST-15247,United States,Houston,Texas,77095,Other,Gulf,PROD-0345,Lickable Wallpaper,254.1,30,3.38,250.72,2,1.33,0.11,8.36,8.47,Secret Factory,41.446333,-90.565487
925,US-2024-10925-CH,2025-07-21,2025-07-28,Standard Class,CUST-16668,United States,Atlanta,Georgia,30301,Sugar,Gulf,PROD-6629,SweeTARTS,204.8,20,60.78,144.02,7,29.68,3.04,7.2,10.24,Sugar Shack,48.11914,-96.18115
926,US-2024-10926-CH,2025-12-06,2025-12-09,Second Class,CUST-12463,United States,Philadelphia,Pennsylvania,19143,Sugar,Atlantic,PROD-9885,Fun Dip,145.29,29,48.75,96.54,3,33.55,1.68,3.33,5.01,Sugar Shack,48.11914,-96.18115
927,US-2024-10927-CH,2025-03-31,2025-04-03,Second Class,CUST-13227,United States,Philadelphia,Pennsylvania,19143,Sugar,Atlantic,PROD-2533,Laffy Taffy,212.17,49,61.15,151.02,3,28.82,1.25,3.08,4.33,Sugar Shack,48.11914,-96.18115
928,US-2024-10928-CH,2025-12-05,2025-12-08,First Class,CUST-13621,United States,Seattle,Washington,98101,Chocolate,Pacific,PROD-7514,Wonka Bar - Triple Dazzle Caramel,34.6,5,22.0,12.6,3,63.58,4.4,2.52,6.92,Wicked Choccy's,32.076176,-81.088371
929,US-2024-10929-CH,2025-04-08,2025-04-11,First Class,CUST-11293,United States,New York,New York,10001,Sugar,Atlantic,PROD-0725,Hair Toffee,82.56,12,26.85,55.71,3,32.52,2.24,4.64,6.88,The Other Factory,35.1175,-89.971107
930,US-2024-10930-CH,2024-11-05,2024-11-07,Standard Class,CUST-18444,United States,New York,New York,10001,Chocolate,Atlantic,PROD-3893,Wonka Bar - Fudge Mallows,103.73,41,49.79,53.94,2,48.0,1.21,1.32,2.53,Lot's O' Nuts,32.881893,-111.768036
931,US-2024-10931-CH,2026-01-01,2026-01-05,Standard Class,CUST-15773,United States,Los Angeles,California,90049,Chocolate,Pacific,PROD-3776,Wonka Bar -Scrumdiddlyumptious,19.96,4,8.25,11.71,4,41.33,2.06,2.93,4.99,Lot's O' Nuts,32.881893,-111.768036
932,US-2024-10932-CH,2025-12-02,2025-12-09,Standard Class,CUST-13758,United States,Seattle,Washington,98101,Chocolate,Pacific,PROD-3776,Wonka Bar -Scrumdiddlyumptious,153.27,13,68.99,84.28,7,45.01,5.31,6.48,11.79,Lot's O' Nuts,32.881893,-111.768036
933,US-2024-10933-CH,2025-10-09,2025-10-13,First Class,CUST-19967,United States,Athens,Georgia,30605,Other,Gulf,PROD-9415,Wonka Gum,375.75,45,76.27,299.48,4,20.3,1.69,6.66,8.35,Secret Factory,41.446333,-90.565487
934,US-2024-10934-CH,2025-03-11,2025-03-14,Standard Class,CUST-10076,United States,Henderson,Kentucky,42420,Sugar,Gulf,PROD-2120,Everlasting Gobstopper,38.6,5,10.19,28.41,3,26.4,2.04,5.68,7.72,Secret Factory,41.446333,-90.565487
935,US-2024-10935-CH,2024-04-15,2024-04-17,Standard Class,CUST-19657,United States,Naperville,Illinois,60540,Other,Interior,PROD-9359,Fizzy Lifting Drinks,116.29,29,-4.38,120.67,2,-3.77,-0.15,4.16,4.01,Sugar Shack,48.11914,-96.18115
936,US-2024-10936-CH,2025-07-31,2025-08-03,Standard Class,CUST-15487,United States,Henderson,Kentucky,42420,Sugar,Gulf,PROD-0725,Hair Toffee,124.2,23,30.83,93.37,3,24.82,1.34,4.06,5.4,The Other Factory,35.1175,-89.971107
937,US-2024-10937-CH,2024-05-31,2024-06-02,Second Class,CUST-18234,United States,New York,New York,10001,Chocolate,Atlantic,PROD-0874,Wonka Bar - Milk Chocolate,129.5,14,83.31,46.19,2,64.33,5.95,3.3,9.25,Wicked Choccy's,32.076176,-81.088371
938,US-2024-10938-CH,2024-01-03,2024-01-06,Second Class,CUST-12110,United States,Athens,Georgia,30605,Sugar,Gulf,PROD-5646,Nerds,124.32,21,44.53,79.79,3,35.82,2.12,3.8,5.92,Sugar Shack,48.11914,-96.18115
939,US-2024-10939-CH,2024-11-02,2024-11-05,Standard Class,CUST-19933,United States,New York,New York,10001,Other,Atlantic,PROD-9415,Wonka Gum,358.36,31,93.36,265.0,3,26.05,3.01,8.55,11.56,Secret Factory,41.446333,-90.565487
940,US-2024-10940-CH,2026-03-23,2026-03-27,Standard Class,CUST-10941,United States,New York,New York,10001,Other,Atlantic,PROD-9415,Wonka Gum,28.56,8,3.4,25.16,4,11.9,0.42,3.14,3.57,Secret Factory,41.446333,-90.565487
941,US-2024-10941-CH,2024-09-02,2024-09-05,Second Class,CUST-19528,United States,Seattle,Washington,98101,Sugar,Pacific,PROD-5646,Nerds,288.3,30,119.81,168.49,3,41.56,3.99,5.62,9.61,Sugar Shack,48.11914,-96.18115
942,US-2024-10942-CH,2025-10-23,2025-10-26,Standard Class,CUST-11156,United States,Philadelphia,Pennsylvania,19143,Chocolate,Atlantic,PROD-3776,Wonka Bar -Scrumdiddlyumptious,52.65,9,25.35,27.3,3,48.15,2.82,3.03,5.85,Lot's O' Nuts,32.881893,-111.768036
943,US-2024-10943-CH,2025-06-03,2025-06-05,Standard Class,CUST-19346,United States,Seattle,Washington,98101,Sugar,Pacific,PROD-6629,SweeTARTS,520.38,49,213.59,306.79,2,41.05,4.36,6.26,10.62,Sugar Shack,48.11914,-96.18115
944,US-2024-10944-CH,2026-02-20,2026-02-25,Standard Class,CUST-16766,United States,Naperville,Illinois,60540,Sugar,Interior,PROD-2533,Laffy Taffy,424.32,48,183.44,240.88,5,43.23,3.82,5.02,8.84,Sugar Shack,48.11914,-96.18115
945,US-2024-10945-CH,2026-03-05,2026-03-08,Standard Class,CUST-11506,United States,Seattle,Washington,98101,Chocolate,Pacific,PROD-8572,Wonka Bar - Nutty Crunch Surprise,58.68,6,28.62,30.06,3,48.77,4.77,5.01,9.78,Lot's O' Nuts,32.881893,-111.768036
946,US-2024-10946-CH,2026-06-05,2026-06-08,Standard Class,CUST-12689,United States,Henderson,Kentucky,42420,Other,Gulf,PROD-2646,Kazookles,102.06,21,10.6,91.46,3,10.39,0.5,4.36,4.86,The Other Factory,35.1175,-89.971107
947,US-2024-10947-CH,2026-02-01,2026-02-06,First Class,CUST-15328,United States,Chicago,Illinois,60601,Sugar,Interior,PROD-6629,SweeTARTS,110.7,10,29.3,81.4,5,26.47,2.93,8.14,11.07,Sugar Shack,48.11914,-96.18115
948,US-2024-10948-CH,2025-12-05,2025-12-08,Standard Class,CUST-11645,United States,Athens,Georgia,30605,Sugar,Gulf,PROD-2533,Laffy Taffy,91.5,10,30.23,61.27,3,33.04,3.02,6.13,9.15,Sugar Shack,48.11914,-96.18115
949,US-2024-10949-CH,2025-10-25,2025-10-27,Standard Class,CUST-16507,United States,New York,New York,10001,Chocolate,Atlantic,PROD-0874,Wonka Bar - Milk Chocolate,218.4,42,119.34,99.06,2,54.64,2.84,2.36,5.2,Wicked Choccy's,32.076176,-81.088371
950,US-2024-10950-CH,2025-08-28,2025-08-31,Standard Class,CUST-15130,United States,Philadelphia,Pennsylvania,19143,Sugar,Atlantic,PROD-2120,Everlasting Gobstopper,406.6,38,67.7,338.9,3,16.65,1.78,8.92,10.7,Secret Factory,41.446333,-90.565487
951,US-2024-10951-CH,2025-12-02,2025-12-04,Standard Class,CUST-18808,United States,Philadelphia,Pennsylvania,19143,Sugar,Atlantic,PROD-9885,Fun Dip,339.48,36,86.25,253.23,2,25.41,2.4,7.03,9.43,Sugar Shack,48.11914,-96.18115
952,US-2024-10952-CH,2024-10-05,2024-10-08,Standard Class,CUST-10256,United States,Houston,Texas,77095,Chocolate,Gulf,PROD-3776,Wonka Bar -Scrumdiddlyumptious,112.84,31,67.78,45.06,3,60.07,2.19,1.45,3.64,Lot's O' Nuts,32.881893,-111.768036
953,US-2024-10953-CH,2024-12-10,2024-12-17,Second Class,CUST-16766,United States,Atlanta,Georgia,30301,Other,Gulf,PROD-9359,Fizzy Lifting Drinks,140.4,27,7.08,133.32,7,5.04,0.26,4.94,5.2,Sugar Shack,48.11914,-96.18115
954,US-2024-10954-CH,2024-03-12,2024-03-15,Standard Class,CUST-10909,United States,Houston,Texas,77095,Sugar,Gulf,PROD-6629,SweeTARTS,315.84,28,111.92,203.92,3,35.44,4.0,7.28,11.28,Sugar Shack,48.11914,-96.18115
955,US-2024-10955-CH,2024-12-27,2025-01-01,Standard Class,CUST-19407,United States,Henderson,Kentucky,42420,Other,Gulf,PROD-2646,Kazookles,39.75,5,10.31,29.44,5,25.94,2.06,5.89,7.95,The Other Factory,35.1175,-89.971107
956,US-2024-10956-CH,2025-01-14,2025-01-16,Standard Class,CUST-17464,United States,Philadelphia,Pennsylvania,19143,Chocolate,Atlantic,PROD-0874,Wonka Bar - Milk Chocolate,400.66,46,222.22,178.44,2,55.46,4.83,3.88,8.71,Wicked Choccy's,32.076176,-81.088371
957,US-2024-10957-CH,2024-02-21,2024-02-25,Standard Class,CUST-11789,United States,Seattle,Washington,98101,Sugar,Pacific,PROD-2120,Everlasting Gobstopper,7.42,2,1.4,6.02,4,18.87,0.7,3.01,3.71,Secret Factory,41.446333,-90.565487
958,US-2024-10958-CH,2025-03-06,2025-03-09,Same Day,CUST-19491,United States,Philadelphia,Pennsylvania,19143,Other,Atlantic,PROD-0345,Lickable Wallpaper,18.13,7,-0.07,18.2,3,-0.39,-0.01,2.6,2.59,Secret Factory,41.446333,-90.565487
959,US-2024-10959-CH,2024-02-27,2024-03-02,Second Class,CUST-15873,United States,Chicago,Illinois,60601,Other,Interior,PROD-2646,Kazookles,119.57,11,24.39,95.18,4,20.4,2.22,8.65,10.87,The Other Factory,35.1175,-89.971107
960,US-2024-10960-CH,2026-03-30,2026-04-03,Second Class,CUST-18283,United States,Henderson,Kentucky,42420,Sugar,Gulf,PROD-2120,Everlasting Gobstopper,131.82,13,15.35,116.47,4,11.64,1.18,8.96,10.14,Secret Factory,41.446333,-90.565487
961,US-2024-10961-CH,2026-03-22,2026-03-26,Standard Class,CUST-17741,United States,Los Angeles,California,90049,Sugar,Pacific,PROD-6629,SweeTARTS,191.16,27,50.48,140.68,4,26.41,1.87,5.21,7.08,Sugar Shack,48.11914,-96.18115
962,US-2024-10962-CH,2026-04-18,2026-04-25,Standard Class,CUST-19449,United States,Philadelphia,Pennsylvania,19143,Chocolate,Atlantic,PROD-3893,Wonka Bar - Fudge Mallows,79.92,9,35.21,44.71,7,44.06,3.91,4.97,8.88,Lot's O' Nuts,32.881893,-111.768036
963,US-2024-10963-CH,2024-12-30,2025-01-03,Second Class,CUST-10179,United States,Seattle,Washington,98101,Sugar,Pacific,PROD-2120,Everlasting Gobstopper,75.92,8,22.29,53.63,4,29.36,2.79,6.7,9.49,Secret Factory,41.446333,-90.565487
964,US-2024-10964-CH,2024-06-11,2024-06-15,Second Class,CUST-15202,United States,Seattle,Washington,98101,Chocolate,Pacific,PROD-3893,Wonka Bar - Fudge Mallows,151.14,33,77.2,73.94,4,51.08,2.34,2.24,4.58,Lot's O' Nuts,32.881893,-111.768036
965,US-2024-10965-CH,2024-04-27,2024-05-02,Standard Class,CUST-10243,United States,Henderson,Kentucky,42420,Chocolate,Gulf,PROD-8572,Wonka Bar - Nutty Crunch Surprise,165.12,16,87.44,77.68,5,52.96,5.46,4.86,10.32,Lot's O' Nuts,32.881893,-111.768036
966,US-2024-10966-CH,2025-04-12,2025-04-16,Standard Class,CUST-12015,United States,Henderson,Kentucky,42420,Sugar,Gulf,PROD-9885,Fun Dip,289.17,27,101.18,187.99,4,34.99,3.75,6.96,10.71,Sugar Shack,48.11914,-96.18115
967,US-2024-10967-CH,2025-11-26,2025-11-28,Standard Class,CUST-19291,United States,Henderson,Kentucky,42420,Sugar,Gulf,PROD-2120,Everlasting Gobstopper,74.85,15,12.01,62.84,2,16.05,0.8,4.19,4.99,Secret Factory,41.446333,-90.565487
968,US-2024-10968-CH,2024-05-28,2024-06-01,Second Class,CUST-19116,United States,Houston,Texas,77095,Chocolate,Gulf,PROD-3776,Wonka Bar -Scrumdiddlyumptious,69.2,20,44.32,24.88,4,64.05,2.22,1.24,3.46,Lot's O' Nuts,32.881893,-111.768036
969,US-2024-10969-CH,2024-02-13,2024-02-15,Standard Class,CUST-13160,United States,Athens,Georgia,30605,Chocolate,Gulf,PROD-8572,Wonka Bar - Nutty Crunch Surprise,213.3,30,110.81,102.49,2,51.95,3.69,3.42,7.11,Lot's O' Nuts,32.881893,-111.768036
970,US-2024-10970-CH,2026-03-04,2026-03-11,Standard Class,CUST-10870,United States,Naperville,Illinois,60540,Chocolate,Interior,PROD-8572,Wonka Bar - Nutty Crunch Surprise,199.36,28,104.91,94.45,7,52.62,3.75,3.37,7.12,Lot's O' Nuts,32.881893,-111.768036
971,US-2024-10971-CH,2025-12-08,2025-12-10,Standard Class,CUST-15769,United States,Chicago,Illinois,60601,Chocolate,Interior,PROD-3776,Wonka Bar -Scrumdiddlyumptious,181.76,16,115.75,66.01,2,63.68,7.23,4.13,11.36,Lot's O' Nuts,32.881893,-111.768036
972,US-2024-10972-CH,2024-06-17,2024-06-20,Standard Class,CUST-11785,United States,New York,New York,10001,Sugar,Atlantic,PROD-2533,Laffy Taffy,29.4,6,9.74,19.66,3,33.13,1.62,3.28,4.9,Sugar Shack,48.11914,-96.18115
973,US-2024-10973-CH,2025-04-26,2025-04-28,Second Class,CUST-14890,United States,Los Angeles,California,90049,Sugar,Pacific,PROD-6629,SweeTARTS,155.82,49,65.58,90.24,2,42.09,1.34,1.84,3.18,Sugar Shack,48.11914,-96.18115
974,US-2024-10974-CH,2026-04-04,2026-04-06,Standard Class,CUST-10906,United States,Henderson,Kentucky,42420,Sugar,Gulf,PROD-2120,Everlasting Gobstopper,89.36,8,30.07,59.29,2,33.65,3.76,7.41,11.17,Secret Factory,41.446333,-90.565487
975,US-2024-10975-CH,2024-12-07,2024-12-10,First Class,CUST-13081,United States,Atlanta,Georgia,30301,Sugar,Gulf,PROD-0725,Hair Toffee,319.8,30,40.78,279.02,3,12.75,1.36,9.3,10.66,The Other Factory,35.1175,-89.971107
976,US-2024-10976-CH,2026-06-17,2026-06-21,First Class,CUST-15830,United States,Seattle,Washington,98101,Sugar,Pacific,PROD-9885,Fun Dip,131.85,15,44.41,87.44,4,33.68,2.96,5.83,8.79,Sugar Shack,48.11914,-96.18115
977,US-2024-10977-CH,2026-03-02,2026-03-05,Standard Class,CUST-11088,United States,Philadelphia,Pennsylvania,19143,Chocolate,Atlantic,PROD-0874,Wonka Bar - Milk Chocolate,118.17,39,61.45,56.72,3,52.0,1.58,1.45,3.03,Wicked Choccy's,32.076176,-81.088371
978,US-2024-10978-CH,2024-06-05,2024-06-08,Standard Class,CUST-11597,United States,Athens,Georgia,30605,Sugar,Gulf,PROD-5646,Nerds,220.88,44,95.15,125.73,3,43.08,2.16,2.86,5.02,Sugar Shack,48.11914,-96.18115
979,US-2024-10979-CH,2025-07-21,2025-07-23,Standard Class,CUST-14725,United States,Athens,Georgia,30605,Chocolate,Gulf,PROD-8572,Wonka Bar - Nutty Crunch Surprise,553.21,49,329.94,223.27,2,59.64,6.73,4.56,11.29,Lot's O' Nuts,32.881893,-111.768036
980,US-2024-10980-CH,2025-07-21,2025-07-25,Standard Class,CUST-14537,United States,Naperville,Illinois,60540,Sugar,Interior,PROD-2533,Laffy Taffy,164.16,38,53.72,110.44,4,32.72,1.41,2.91,4.32,Sugar Shack,48.11914,-96.18115
981,US-2024-10981-CH,2024-03-04,2024-03-06,Standard Class,CUST-10256,United States,Philadelphia,Pennsylvania,19143,Chocolate,Atlantic,PROD-0874,Wonka Bar - Milk Chocolate,155.82,49,88.03,67.79,2,56.49,1.8,1.38,3.18,Wicked Choccy's,32.076176,-81.088371
982,US-2024-10982-CH,2024-02-07,2024-02-09,Standard Class,CUST-17600,United States,New York,New York,10001,Chocolate,Atlantic,PROD-8572,Wonka Bar - Nutty Crunch Surprise,53.62,14,29.79,23.83,2,55.56,2.13,1.7,3.83,Lot's O' Nuts,32.881893,-111.768036
983,US-2024-10983-CH,2025-03-06,2025-03-09,Standard Class,CUST-10256,United States,New York,New York,10001,Sugar,Atlantic,PROD-5646,Nerds,121.68,13,32.32,89.36,3,26.56,2.49,6.87,9.36,Sugar Shack,48.11914,-96.18115
984,US-2024-10984-CH,2025-10-04,2025-10-06,Standard Class,CUST-19581,United States,Atlanta,Georgia,30301,Other,Gulf,PROD-9359,Fizzy Lifting Drinks,262.24,44,25.45,236.79,2,9.7,0.58,5.38,5.96,Sugar Shack,48.11914,-96.18115
985,US-2024-10985-CH,2025-07-14,2025-07-16,Standard Class,CUST-10976,United States,New York,New York,10001,Chocolate,Atlantic,PROD-0874,Wonka Bar - Milk Chocolate,103.74,21,60.01,43.73,2,57.85,2.86,2.08,4.94,Wicked Choccy's,32.076176,-81.088371
986,US-2024-10986-CH,2024-02-15,2024-02-18,Standard Class,CUST-10636,United States,Henderson,Kentucky,42420,Chocolate,Gulf,PROD-3893,Wonka Bar - Fudge Mallows,182.92,34,89.75,93.17,3,49.07,2.64,2.74,5.38,Lot's O' Nuts,32.881893,-111.768036
987,US-2024-10987-CH,2024-03-05,2024-03-08,Standard Class,CUST-13644,United States,Philadelphia,Pennsylvania,19143,Sugar,Atlantic,PROD-2533,Laffy Taffy,48.4,10,17.25,31.15,3,35.64,1.72,3.12,4.84,Sugar Shack,48.11914,-96.18115
988,US-2024-10988-CH,2025-06-22,2025-06-26,Standard Class,CUST-14332,United States,Houston,Texas,77095,Other,Gulf,PROD-2646,Kazookles,137.6,32,33.49,104.11,4,24.34,1.05,3.25,4.3,The Other Factory,35.1175,-89.971107
989,US-2024-10989-CH,2026-04-08,2026-04-11,Standard Class,CUST-14568,United States,Henderson,Kentucky,42420,Chocolate,Gulf,PROD-3776,Wonka Bar -Scrumdiddlyumptious,109.34,11,68.94,40.4,3,63.05,6.27,3.67,9.94,Lot's O' Nuts,32.881893,-111.768036
990,US-2024-10990-CH,2024-10-18,2024-10-23,Standard Class,CUST-17573,United States,Athens,Georgia,30605,Other,Gulf,PROD-2646,Kazookles,132.66,18,22.15,110.51,5,16.7,1.23,6.14,7.37,The Other Factory,35.1175,-89.971107
991,US-2024-10991-CH,2026-03-05,2026-03-08,Standard Class,CUST-13811,United States,Houston,Texas,77095,Chocolate,Gulf,PROD-7514,Wonka Bar - Triple Dazzle Caramel,259.56,36,139.15,120.41,3,53.61,3.87,3.34,7.21,Wicked Choccy's,32.076176,-81.088371
992,US-2024-10992-CH,2024-03-21,2024-03-28,Standard Class,CUST-13499,United States,Atlanta,Georgia,30301,Chocolate,Gulf,PROD-3776,Wonka Bar -Scrumdiddlyumptious,211.83,23,97.13,114.7,7,45.85,4.22,4.99,9.21,Lot's O' Nuts,32.881893,-111.768036
993,US-2024-10993-CH,2024-11-17,2024-11-20,Standard Class,CUST-19103,United States,Henderson,Kentucky,42420,Chocolate,Gulf,PROD-0874,Wonka Bar - Milk Chocolate,154.44,39,94.81,59.63,3,61.39,2.43,1.53,3.96,Wicked Choccy's,32.076176,-81.088371
994,US-2024-10994-CH,2025-09-09,2025-09-13,Standard Class,CUST-16338,United States,Philadelphia,Pennsylvania,19143,Sugar,Atlantic,PROD-2120,Everlasting Gobstopper,286.44,44,50.01,236.43,4,17.46,1.14,5.37,6.51,Secret Factory,41.446333,-90.565487
995,US-2024-10995-CH,2025-10-14,2025-10-17,Second Class,CUST-12620,United States,Athens,Georgia,30605,Other,Gulf,PROD-9415,Wonka Gum,90.0,10,20.29,69.71,3,22.54,2.03,6.97,9.0,Secret Factory,41.446333,-90.565487
996,US-2024-10996-CH,2024-06-26,2024-06-30,Standard Class,CUST-14092,United States,Philadelphia,Pennsylvania,19143,Sugar,Atlantic,PROD-6629,SweeTARTS,108.8,32,48.43,60.37,4,44.51,1.51,1.89,3.4,Sugar Shack,48.11914,-96.18115
997,US-2024-10997-CH,2025-09-10,2025-09-15,Standard Class,CUST-15899,United States,Henderson,Kentucky,42420,Other,Gulf,PROD-9415,Wonka Gum,198.0,18,53.76,144.24,5,27.15,2.99,8.01,11.0,Secret Factory,41.446333,-90.565487
998,US-2024-10998-CH,2026-06-04,2026-06-07,Same Day,CUST-17736,United States,Naperville,Illinois,60540,Sugar,Interior,PROD-6629,SweeTARTS,200.64,44,77.03,123.61,3,38.39,1.75,2.81,4.56,Sugar Shack,48.11914,-96.18115
999,US-2024-10999-CH,2024-03-30,2024-04-02,Standard Class,CUST-19553,United States,Chicago,Illinois,60601,Chocolate,Interior,PROD-8572,Wonka Bar - Nutty Crunch Surprise,225.86,46,136.94,88.92,3,60.63,2.98,1.93,4.91,Lot's O' Nuts,32.881893,-111.768036
1000,US-2024-11000-CH,2024-03-07,2024-03-09,Standard Class,CUST-13139,United States,Athens,Georgia,30605,Sugar,Gulf,PROD-2120,Everlasting Gobstopper,162.0,45,41.16,120.84,2,25.41,0.91,2.69,3.6,Secret Factory,41.446333,-90.565487
1001,US-2024-11001-CH,2025-09-19,2025-09-22,Standard Class,CUST-19193,United States,Henderson,Kentucky,42420,Other,Gulf,PROD-9359,Fizzy Lifting Drinks,37.55,5,4.46,33.09,3,11.88,0.89,6.62,7.51,Sugar Shack,48.11914,-96.18115
1002,US-2024-11002-CH,2026-02-24,2026-02-27,Standard Class,CUST-16610,United States,Chicago,Illinois,60601,Sugar,Interior,PROD-5646,Nerds,328.64,32,137.57,191.07,3,41.86,4.3,5.97,10.27,Sugar Shack,48.11914,-96.18115
1003,US-2024-11003-CH,2025-02-20,2025-02-22,Standard Class,CUST-11754,United States,Seattle,Washington,98101,Other,Pacific,PROD-0345,Lickable Wallpaper,257.1,30,-8.41,265.51,2,-3.27,-0.28,8.85,8.57,Secret Factory,41.446333,-90.565487
1004,US-2024-11004-CH,2024-06-24,2024-06-28,First Class,CUST-19950,United States,Naperville,Illinois,60540,Chocolate,Interior,PROD-8572,Wonka Bar - Nutty Crunch Surprise,214.06,22,94.63,119.43,4,44.21,4.3,5.43,9.73,Lot's O' Nuts,32.881893,-111.768036
1005,US-2024-11005-CH,2024-02-10,2024-02-13,Same Day,CUST-15947,United States,Atlanta,Georgia,30301,Chocolate,Gulf,PROD-7514,Wonka Bar - Triple Dazzle Caramel,321.36,39,198.55,122.81,3,61.78,5.09,3.15,8.24,Wicked Choccy's,32.076176,-81.088371
1006,US-2024-11006-CH,2026-01-25,2026-01-28,Second Class,CUST-17034,United States,New York,New York,10001,Chocolate,Atlantic,PROD-3776,Wonka Bar -Scrumdiddlyumptious,239.2,20,146.24,92.96,3,61.14,7.31,4.65,11.96,Lot's O' Nuts,32.881893,-111.768036
1007,US-2024-11007-CH,2024-11-28,2024-12-03,Standard Class,CUST-16468,United States,New York,New York,10001,Other,Atlantic,PROD-9415,Wonka Gum,112.84,13,28.61,84.23,5,25.35,2.2,6.48,8.68,Secret Factory,41.446333,-90.565487
1008,US-2024-11008-CH,2024-04-21,2024-04-24,Standard Class,CUST-14684,United States,Seattle,Washington,98101,Sugar,Pacific,PROD-2533,Laffy Taffy,148.54,14,41.3,107.24,3,27.8,2.95,7.66,10.61,Sugar Shack,48.11914,-96.18115
1009,US-2024-11009-CH,2025-07-17,2025-07-19,Standard Class,CUST-13041,United States,Philadelphia,Pennsylvania,19143,Chocolate,Atlantic,PROD-3776,Wonka Bar -Scrumdiddlyumptious,94.83,29,54.92,39.91,2,57.91,1.89,1.38,3.27,Lot's O' Nuts,32.881893,-111.768036
1010,US-2024-11010-CH,2025-08-03,2025-08-10,Standard Class,CUST-16429,United States,Los Angeles,California,90049,Chocolate,Pacific,PROD-8572,Wonka Bar - Nutty Crunch Surprise,28.32,8,14.14,14.18,7,49.93,1.77,1.77,3.54,Lot's O' Nuts,32.881893,-111.768036
1011,US-2024-11011-CH,2025-08-30,2025-09-01,Same Day,CUST-19678,United States,Philadelphia,Pennsylvania,19143,Sugar,Atlantic,PROD-0725,Hair Toffee,58.24,8,18.45,39.79,2,31.68,2.31,4.97,7.28,The Other Factory,35.1175,-89.971107
1012,US-2024-11012-CH,2024-04-30,2024-05-02,Standard Class,CUST-16655,United States,Athens,Georgia,30605,Chocolate,Gulf,PROD-0874,Wonka Bar - Milk Chocolate,162.4,35,92.63,69.77,2,57.04,2.65,1.99,4.64,Wicked Choccy's,32.076176,-81.088371
1013,US-2024-11013-CH,2024-10-15,2024-10-17,Standard Class,CUST-15206,United States,New York,New York,10001,Other,Atlantic,PROD-9359,Fizzy Lifting Drinks,203.32,17,-9.11,212.43,2,-4.48,-0.54,12.5,11.96,Sugar Shack,48.11914,-96.18115
1014,US-2024-11014-CH,2024-02-11,2024-02-14,Second Class,CUST-16249,United States,Athens,Georgia,30605,Chocolate,Gulf,PROD-3893,Wonka Bar - Fudge Mallows,427.85,43,205.86,221.99,3,48.11,4.79,5.16,9.95,Lot's O' Nuts,32.881893,-111.768036
1015,US-2024-11015-CH,2026-01-23,2026-01-26,First Class,CUST-10897,United States,Los Angeles,California,90049,Chocolate,Pacific,PROD-3776,Wonka Bar -Scrumdiddlyumptious,37.48,4,17.56,19.92,3,46.85,4.39,4.98,9.37,Lot's O' Nuts,32.881893,-111.768036
1016,US-2024-11016-CH,2025-10-20,2025-10-25,Second Class,CUST-14262,United States,Henderson,Kentucky,42420,Sugar,Gulf,PROD-6629,SweeTARTS,166.75,23,69.72,97.03,5,41.81,3.03,4.22,7.25,Sugar Shack,48.11914,-96.18115
1017,US-2024-11017-CH,2026-03-20,2026-03-25,Standard Class,CUST-13561,United States,Los Angeles,California,90049,Chocolate,Pacific,PROD-0874,Wonka Bar - Milk Chocolate,112.32,26,46.65,65.67,5,41.53,1.79,2.53,4.32,Wicked Choccy's,32.076176,-81.088371
1018,US-2024-11018-CH,2026-01-02,2026-01-04,Second Class,CUST-15969,United States,Atlanta,Georgia,30301,Sugar,Gulf,PROD-9885,Fun Dip,127.4,26,52.99,74.41,2,41.59,2.04,2.86,4.9,Sugar Shack,48.11914,-96.18115
1019,US-2024-11019-CH,2026-01-09,2026-01-14,Standard Class,CUST-14268,United States,Los Angeles,California,90049,Other,Pacific,PROD-9359,Fizzy Lifting Drinks,152.82,18,8.16,144.66,5,5.34,0.45,8.04,8.49,Sugar Shack,48.11914,-96.18115
1020,US-2024-11020-CH,2025-10-01,2025-10-06,Standard Class,CUST-11054,United States,Naperville,Illinois,60540,Chocolate,Interior,PROD-0874,Wonka Bar - Milk Chocolate,69.25,25,38.62,30.63,5,55.77,1.54,1.23,2.77,Wicked Choccy's,32.076176,-81.088371
1021,US-2024-11021-CH,2026-04-19,2026-04-21,Same Day,CUST-19399,United States,Los Angeles,California,90049,Sugar,Pacific,PROD-6629,SweeTARTS,368.94,39,99.18,269.76,2,26.88,2.54,6.92,9.46,Sugar Shack,48.11914,-96.18115
1022,US-2024-11022-CH,2024-01-10,2024-01-13,First Class,CUST-10096,United States,New York,New York,10001,Other,Atlantic,PROD-9415,Wonka Gum,40.1,5,11.17,28.93,3,27.86,2.23,5.79,8.02,Secret Factory,41.446333,-90.565487
1023,US-2024-11023-CH,2024-10-04,2024-10-06,Standard Class,CUST-18399,United States,Henderson,Kentucky,42420,Chocolate,Gulf,PROD-3776,Wonka Bar -Scrumdiddlyumptious,92.0,10,48.05,43.95,2,52.23,4.8,4.4,9.2,Lot's O' Nuts,32.881893,-111.768036
1024,US-2024-11024-CH,2025-05-27,2025-05-30,First Class,CUST-19024,United States,New York,New York,10001,Chocolate,Atlantic,PROD-3893,Wonka Bar - Fudge Mallows,440.16,42,255.83,184.33,3,58.12,6.09,4.39,10.48,Lot's O' Nuts,32.881893,-111.768036
1025,US-2024-11025-CH,2025-03-20,2025-03-23,Standard Class,CUST-10689,United States,Naperville,Illinois,60540,Chocolate,Interior,PROD-3776,Wonka Bar -Scrumdiddlyumptious,246.48,26,117.36,129.12,3,47.61,4.51,4.97,9.48,Lot's O' Nuts,32.881893,-111.768036
1026,US-2024-11026-CH,2025-09-14,2025-09-17,Standard Class,CUST-12484,United States,New York,New York,10001,Chocolate,Atlantic,PROD-7514,Wonka Bar - Triple Dazzle Caramel,171.6,40,95.44,76.16,3,55.62,2.39,1.9,4.29,Wicked Choccy's,32.076176,-81.088371
1027,US-2024-11027-CH,2024-06-08,2024-06-11,Second Class,CUST-17743,United States,Seattle,Washington,98101,Other,Pacific,PROD-2646,Kazookles,114.92,17,20.7,94.22,3,18.01,1.22,5.54,6.76,The Other Factory,35.1175,-89.971107
1028,US-2024-11028-CH,2024-09-25,2024-09-30,Standard Class,CUST-13285,United States,Seattle,Washington,98101,Sugar,Pacific,PROD-2120,Everlasting Gobstopper,20.28,6,5.73,14.55,5,28.25,0.96,2.43,3.38,Secret Factory,41.446333,-90.565487
1029,US-2024-11029-CH,2025-05-06,2025-05-08,Standard Class,CUST-11040,United States,Los Angeles,California,90049,Chocolate,Pacific,PROD-3893,Wonka Bar - Fudge Mallows,210.14,19,123.49,86.65,2,58.77,6.5,4.56,11.06,Lot's O' Nuts,32.881893,-111.768036
1030,US-2024-11030-CH,2025-07-11,2025-07-18,Standard Class,CUST-15052,United States,Philadelphia,Pennsylvania,19143,Sugar,Atlantic,PROD-5646,Nerds,163.35,15,70.96,92.39,7,43.44,4.73,6.16,10.89,Sugar Shack,48.11914,-96.18115
1031,US-2024-11031-CH,2024-05-17,2024-05-20,Standard Class,CUST-13683,United States,Naperville,Illinois,60540,Sugar,Interior,PROD-6629,SweeTARTS,49.98,17,16.05,33.93,3,32.11,0.94,2.0,2.94,Sugar Shack,48.11914,-96.18115
1032,US-2024-11032-CH,2024-09-14,2024-09-18,First Class,CUST-16403,United States,Seattle,Washington,98101,Chocolate,Pacific,PROD-8572,Wonka Bar - Nutty Crunch Surprise,181.93,23,109.7,72.23,4,60.3,4.77,3.14,7.91,Lot's O' Nuts,32.881893,-111.768036
1033,US-2024-11033-CH,2026-06-09,2026-06-14,Standard Class,CUST-16034,United States,Seattle,Washington,98101,Chocolate,Pacific,PROD-7514,Wonka Bar - Triple Dazzle Caramel,201.6,24,119.85,81.75,5,59.45,4.99,3.41,8.4,Wicked Choccy's,32.076176,-81.088371
1034,US-2024-11034-CH,2024-09-22,2024-09-27,Standard Class,CUST-13271,United States,Philadelphia,Pennsylvania,19143,Chocolate,Atlantic,PROD-7514,Wonka Bar - Triple Dazzle Caramel,156.32,16,69.35,86.97,5,44.36,4.33,5.44,9.77,Wicked Choccy's,32.076176,-81.088371
1035,US-2024-11035-CH,2026-06-06,2026-06-09,Standard Class,CUST-19174,United States,Philadelphia,Pennsylvania,19143,Sugar,Atlantic,PROD-2120,Everlasting Gobstopper,105.82,11,36.1,69.72,3,34.11,3.28,6.34,9.62,Secret Factory,41.446333,-90.565487
1036,US-2024-11036-CH,2025-08-01,2025-08-04,Standard Class,CUST-10849,United States,Houston,Texas,77095,Sugar,Gulf,PROD-5646,Nerds,280.08,36,111.45,168.63,3,39.79,3.1,4.68,7.78,Sugar Shack,48.11914,-96.18115
1037,US-2024-11037-CH,2026-04-07,2026-04-10,Standard Class,CUST-14354,United States,New York,New York,10001,Sugar,Atlantic,PROD-2120,Everlasting Gobstopper,15.82,2,4.5,11.32,3,28.45,2.25,5.66,7.91,Secret Factory,41.446333,-90.565487
1038,US-2024-11038-CH,2026-01-16,2026-01-19,Second Class,CUST-18708,United States,New York,New York,10001,Chocolate,Atlantic,PROD-0874,Wonka Bar - Milk Chocolate,297.81,27,138.83,158.98,3,46.62,5.14,5.89,11.03,Wicked Choccy's,32.076176,-81.088371
1039,US-2024-11039-CH,2026-02-20,2026-02-24,Second Class,CUST-13080,United States,Chicago,Illinois,60601,Chocolate,Interior,PROD-7514,Wonka Bar - Triple Dazzle Caramel,112.0,40,60.32,51.68,4,53.86,1.51,1.29,2.8,Wicked Choccy's,32.076176,-81.088371
1040,US-2024-11040-CH,2024-11-11,2024-11-14,Standard Class,CUST-17385,United States,Chicago,Illinois,60601,Chocolate,Interior,PROD-7514,Wonka Bar - Triple Dazzle Caramel,35.09,11,22.41,12.68,3,63.86,2.04,1.15,3.19,Wicked Choccy's,32.076176,-81.088371
1041,US-2024-11041-CH,2024-11-01,2024-11-04,First Class,CUST-11573,United States,Houston,Texas,77095,Chocolate,Gulf,PROD-3893,Wonka Bar - Fudge Mallows,5.1,2,2.99,2.11,3,58.63,1.5,1.06,2.55,Lot's O' Nuts,32.881893,-111.768036
1042,US-2024-11042-CH,2024-07-01,2024-07-04,Standard Class,CUST-17041,United States,New York,New York,10001,Sugar,Atlantic,PROD-6629,SweeTARTS,37.89,9,16.74,21.15,3,44.18,1.86,2.35,4.21,Sugar Shack,48.11914,-96.18115
1043,US-2024-11043-CH,2026-01-26,2026-02-02,Second Class,CUST-11079,United States,Naperville,Illinois,60540,Other,Interior,PROD-2646,Kazookles,176.4,20,21.11,155.29,7,11.97,1.06,7.76,8.82,The Other Factory,35.1175,-89.971107
1044,US-2024-11044-CH,2024-06-27,2024-06-30,Standard Class,CUST-19001,United States,Los Angeles,California,90049,Other,Pacific,PROD-9359,Fizzy Lifting Drinks,282.66,42,-11.11,293.77,3,-3.93,-0.26,6.99,6.73,Sugar Shack,48.11914,-96.18115
1045,US-2024-11045-CH,2024-09-05,2024-09-08,Standard Class,CUST-11340,United States,Athens,Georgia,30605,Chocolate,Gulf,PROD-8572,Wonka Bar - Nutty Crunch Surprise,137.64,37,69.69,67.95,3,50.63,1.88,1.84,3.72,Lot's O' Nuts,32.881893,-111.768036
1046,US-2024-11046-CH,2024-12-10,2024-12-15,Standard Class,CUST-11292,United States,Naperville,Illinois,60540,Other,Interior,PROD-9415,Wonka Gum,54.74,7,5.67,49.07,5,10.36,0.81,7.01,7.82,Secret Factory,41.446333,-90.565487
1047,US-2024-11047-CH,2025-12-11,2025-12-15,Second Class,CUST-14182,United States,Seattle,Washington,98101,Sugar,Pacific,PROD-6629,SweeTARTS,329.67,33,137.83,191.84,4,41.81,4.18,5.81,9.99,Sugar Shack,48.11914,-96.18115
1048,US-2024-11048-CH,2025-06-24,2025-06-29,Standard Class,CUST-15220,United States,Naperville,Illinois,60540,Other,Interior,PROD-9415,Wonka Gum,167.4,30,30.73,136.67,5,18.36,1.02,4.56,5.58,Secret Factory,41.446333,-90.565487
1049,US-2024-11049-CH,2025-11-15,2025-11-18,Second Class,CUST-10430,United States,Houston,Texas,77095,Sugar,Gulf,PROD-6629,SweeTARTS,25.53,3,7.85,17.68,3,30.75,2.62,5.89,8.51,Sugar Shack,48.11914,-96.18115
1050,US-2024-11050-CH,2025-11-16,2025-11-19,Standard Class,CUST-16034,United States,Chicago,Illinois,60601,Sugar,Interior,PROD-5646,Nerds,530.16,47,135.13,395.03,3,25.49,2.88,8.4,11.28,Sugar Shack,48.11914,-96.18115
1051,US-2024-11051-CH,2024-09-16,2024-09-20,First Class,CUST-15558,United States,New York,New York,10001,Other,Atlantic,PROD-0345,Lickable Wallpaper,263.48,28,-13.13,276.61,4,-4.98,-0.47,9.88,9.41,Secret Factory,41.446333,-90.565487
1052,US-2024-11052-CH,2026-02-04,2026-02-07,Standard Class,CUST-12372,United States,Chicago,Illinois,60601,Sugar,Interior,PROD-9885,Fun Dip,170.25,25,65.39,104.86,3,38.41,2.62,4.19,6.81,Sugar Shack,48.11914,-96.18115
1053,US-2024-11053-CH,2024-02-13,2024-02-18,Standard Class,CUST-14320,United States,Philadelphia,Pennsylvania,19143,Chocolate,Atlantic,PROD-7514,Wonka Bar - Triple Dazzle Caramel,124.74,27,51.66,73.08,5,41.41,1.91,2.71,4.62,Wicked Choccy's,32.076176,-81.088371
1054,US-2024-11054-CH,2024-01-31,2024-02-03,Standard Class,CUST-12015,United States,Los Angeles,California,90049,Sugar,Pacific,PROD-9885,Fun Dip,34.32,3,14.8,19.52,3,43.12,4.93,6.51,11.44,Sugar Shack,48.11914,-96.18115
1055,US-2024-11055-CH,2026-01-07,2026-01-10,First Class,CUST-12314,United States,New York,New York,10001,Chocolate,Atlantic,PROD-3893,Wonka Bar - Fudge Mallows,334.97,43,205.57,129.4,3,61.37,4.78,3.01,7.79,Lot's O' Nuts,32.881893,-111.768036
1056,US-2024-11056-CH,2026-04-15,2026-04-17,Standard Class,CUST-17156,United States,Seattle,Washington,98101,Other,Pacific,PROD-0345,Lickable Wallpaper,121.77,33,16.7,105.07,2,13.71,0.51,3.18,3.69,Secret Factory,41.446333,-90.565487
1057,US-2024-11057-CH,2026-06-17,2026-06-21,Standard Class,CUST-15644,United States,New York,New York,10001,Other,Atlantic,PROD-2646,Kazookles,125.64,18,25.48,100.16,4,20.28,1.42,5.56,6.98,The Other Factory,35.1175,-89.971107
1058,US-2024-11058-CH,2025-09-14,2025-09-19,Standard Class,CUST-10232,United States,Philadelphia,Pennsylvania,19143,Chocolate,Atlantic,PROD-3776,Wonka Bar -Scrumdiddlyumptious,47.94,17,30.12,17.82,5,62.83,1.77,1.05,2.82,Lot's O' Nuts,32.881893,-111.768036
1059,US-2024-11059-CH,2025-04-11,2025-04-14,Second Class,CUST-10889,United States,Los Angeles,California,90049,Sugar,Pacific,PROD-6629,SweeTARTS,23.76,3,7.88,15.88,3,33.16,2.63,5.29,7.92,Sugar Shack,48.11914,-96.18115
1060,US-2024-11060-CH,2025-01-15,2025-01-18,Standard Class,CUST-19027,United States,Atlanta,Georgia,30301,Other,Gulf,PROD-2646,Kazookles,42.42,7,6.18,36.24,3,14.57,0.88,5.18,6.06,The Other Factory,35.1175,-89.971107
1061,US-2024-11061-CH,2024-05-14,2024-05-17,Second Class,CUST-15229,United States,Seattle,Washington,98101,Other,Pacific,PROD-2646,Kazookles,423.28,44,77.12,346.16,3,18.22,1.75,7.87,9.62,The Other Factory,35.1175,-89.971107
1062,US-2024-11062-CH,2025-01-02,2025-01-05,Second Class,CUST-13088,United States,Philadelphia,Pennsylvania,19143,Other,Atlantic,PROD-0345,Lickable Wallpaper,30.95,5,1.41,29.54,3,4.56,0.28,5.91,6.19,Secret Factory,41.446333,-90.565487
1063,US-2024-11063-CH,2025-06-26,2025-06-29,Standard Class,CUST-14975,United States,Houston,Texas,77095,Sugar,Gulf,PROD-5646,Nerds,162.0,36,53.27,108.73,3,32.88,1.48,3.02,4.5,Sugar Shack,48.11914,-96.18115
1064,US-2024-11064-CH,2026-01-28,2026-01-30,Second Class,CUST-11995,United States,New York,New York,10001,Other,Atlantic,PROD-9415,Wonka Gum,329.36,46,102.82,226.54,2,31.22,2.24,4.92,7.16,Secret Factory,41.446333,-90.565487
1065,US-2024-11065-CH,2026-03-30,2026-04-02,First Class,CUST-18107,United States,Henderson,Kentucky,42420,Other,Gulf,PROD-2646,Kazookles,156.4,34,26.16,130.24,3,16.73,0.77,3.83,4.6,The Other Factory,35.1175,-89.971107
1066,US-2024-11066-CH,2026-05-10,2026-05-12,First Class,CUST-17863,United States,Houston,Texas,77095,Chocolate,Gulf,PROD-8572,Wonka Bar - Nutty Crunch Surprise,265.46,26,112.0,153.46,2,42.19,4.31,5.9,10.21,Lot's O' Nuts,32.881893,-111.768036
1067,US-2024-11067-CH,2025-06-10,2025-06-12,Standard Class,CUST-16572,United States,Houston,Texas,77095,Sugar,Gulf,PROD-2533,Laffy Taffy,16.58,2,6.69,9.89,2,40.35,3.34,4.94,8.29,Sugar Shack,48.11914,-96.18115
1068,US-2024-11068-CH,2026-05-19,2026-05-23,Standard Class,CUST-10080,United States,Athens,Georgia,30605,Sugar,Gulf,PROD-2120,Everlasting Gobstopper,152.49,13,16.68,135.81,4,10.94,1.28,10.45,11.73,Secret Factory,41.446333,-90.565487
1069,US-2024-11069-CH,2025-10-02,2025-10-04,Second Class,CUST-11494,United States,Houston,Texas,77095,Chocolate,Gulf,PROD-0874,Wonka Bar - Milk Chocolate,163.2,48,69.15,94.05,2,42.37,1.44,1.96,3.4,Wicked Choccy's,32.076176,-81.088371
1070,US-2024-11070-CH,2025-08-13,2025-08-16,Standard Class,CUST-18655,United States,Los Angeles,California,90049,Other,Pacific,PROD-0345,Lickable Wallpaper,146.8,20,12.42,134.38,3,8.46,0.62,6.72,7.34,Secret Factory,41.446333,-90.565487
1071,US-2024-11071-CH,2024-08-27,2024-08-31,First Class,CUST-16828,United States,Chicago,Illinois,60601,Sugar,Interior,PROD-5646,Nerds,188.58,42,52.62,135.96,4,27.9,1.25,3.24,4.49,Sugar Shack,48.11914,-96.18115
1072,US-2024-11072-CH,2024-11-06,2024-11-10,Second Class,CUST-18741,United States,Atlanta,Georgia,30301,Other,Gulf,PROD-9415,Wonka Gum,34.59,3,4.01,30.58,4,11.59,1.34,10.19,11.53,Secret Factory,41.446333,-90.565487
1073,US-2024-11073-CH,2024-09-11,2024-09-18,Standard Class,CUST-16854,United States,Naperville,Illinois,60540,Chocolate,Interior,PROD-3776,Wonka Bar -Scrumdiddlyumptious,332.8,32,145.63,187.17,7,43.76,4.55,5.85,10.4,Lot's O' Nuts,32.881893,-111.768036
1074,US-2024-11074-CH,2026-01-25,2026-02-01,Second Class,CUST-13612,United States,Los Angeles,California,90049,Chocolate,Pacific,PROD-0874,Wonka Bar - Milk Chocolate,111.6,30,45.37,66.23,7,40.65,1.51,2.21,3.72,Wicked Choccy's,32.076176,-81.088371
1075,US-2024-11075-CH,2025-10-27,2025-10-30,First Class,CUST-14394,United States,Houston,Texas,77095,Other,Gulf,PROD-9359,Fizzy Lifting Drinks,265.05,31,-3.4,268.45,3,-1.28,-0.11,8.66,8.55,Sugar Shack,48.11914,-96.18115
1076,US-2024-11076-CH,2026-06-07,2026-06-10,Standard Class,CUST-12268,United States,New York,New York,10001,Sugar,Atlantic,PROD-6629,SweeTARTS,396.9,42,155.52,241.38,3,39.18,3.7,5.75,9.45,Sugar Shack,48.11914,-96.18115
1077,US-2024-11077-CH,2025-06-27,2025-06-30,Standard Class,CUST-11287,United States,Los Angeles,California,90049,Chocolate,Pacific,PROD-3776,Wonka Bar -Scrumdiddlyumptious,61.27,11,37.36,23.91,3,60.98,3.4,2.17,5.57,Lot's O' Nuts,32.881893,-111.768036
1078,US-2024-11078-CH,2025-04-14,2025-04-21,Standard Class,CUST-13407,United States,Seattle,Washington,98101,Other,Pacific,PROD-0345,Lickable Wallpaper,65.88,12,-1.52,67.4,7,-2.31,-0.13,5.62,5.49,Secret Factory,41.446333,-90.565487
1079,US-2024-11079-CH,2026-05-04,2026-05-11,Standard Class,CUST-18464,United States,Athens,Georgia,30605,Chocolate,Gulf,PROD-3776,Wonka Bar -Scrumdiddlyumptious,199.29,21,94.84,104.45,7,47.59,4.52,4.97,9.49,Lot's O' Nuts,32.881893,-111.768036
1080,US-2024-11080-CH,2024-09-05,2024-09-08,Second Class,CUST-14867,United States,Los Angeles,California,90049,Other,Pacific,PROD-9359,Fizzy Lifting Drinks,504.7,49,-14.52,519.22,3,-2.88,-0.3,10.6,10.3,Sugar Shack,48.11914,-96.18115
1081,US-2024-11081-CH,2025-11-05,2025-11-08,Standard Class,CUST-15353,United States,Athens,Georgia,30605,Chocolate,Gulf,PROD-8572,Wonka Bar - Nutty Crunch Surprise,63.0,9,34.93,28.07,3,55.44,3.88,3.12,7.0,Lot's O' Nuts,32.881893,-111.768036
1082,US-2024-11082-CH,2025-10-04,2025-10-07,Standard Class,CUST-18252,United States,Chicago,Illinois,60601,Other,Interior,PROD-9359,Fizzy Lifting Drinks,70.4,11,0.21,70.19,3,0.3,0.02,6.38,6.4,Sugar Shack,48.11914,-96.18115
1083,US-2024-11083-CH,2024-03-11,2024-03-16,Standard Class,CUST-10958,United States,Los Angeles,California,90049,Other,Pacific,PROD-0345,Lickable Wallpaper,387.0,45,2.51,384.49,5,0.65,0.06,8.54,8.6,Secret Factory,41.446333,-90.565487
1084,US-2024-11084-CH,2024-03-22,2024-03-25,Same Day,CUST-10761,United States,Houston,Texas,77095,Chocolate,Gulf,PROD-7514,Wonka Bar - Triple Dazzle Caramel,225.81,39,145.25,80.56,3,64.32,3.72,2.07,5.79,Wicked Choccy's,32.076176,-81.088371
1085,US-2024-11085-CH,2026-02-21,2026-02-23,Standard Class,CUST-13659,United States,Atlanta,Georgia,30301,Chocolate,Gulf,PROD-3893,Wonka Bar - Fudge Mallows,117.64,34,67.86,49.78,2,57.68,2.0,1.46,3.46,Lot's O' Nuts,32.881893,-111.768036
1086,US-2024-11086-CH,2026-01-30,2026-02-01,Second Class,CUST-19650,United States,Naperville,Illinois,60540,Sugar,Interior,PROD-2120,Everlasting Gobstopper,368.28,33,96.9,271.38,2,26.31,2.94,8.22,11.16,Secret Factory,41.446333,-90.565487
1087,US-2024-11087-CH,2024-07-14,2024-07-18,Standard Class,CUST-12810,United States,Los Angeles,California,90049,Sugar,Pacific,PROD-2533,Laffy Taffy,178.02,23,67.0,111.02,4,37.64,2.91,4.83,7.74,Sugar Shack,48.11914,-96.18115
1088,US-2024-11088-CH,2024-04-14,2024-04-16,Standard Class,CUST-11377,United States,Henderson,Kentucky,42420,Chocolate,Gulf,PROD-7514,Wonka Bar - Triple Dazzle Caramel,45.36,8,23.24,22.12,2,51.23,2.9,2.76,5.67,Wicked Choccy's,32.076176,-81.088371
1089,US-2024-11089-CH,2026-03-04,2026-03-06,Second Class,CUST-15897,United States,Philadelphia,Pennsylvania,19143,Sugar,Atlantic,PROD-2120,Everlasting Gobstopper,124.32,24,29.69,94.63,2,23.88,1.24,3.94,5.18,Secret Factory,41.446333,-90.565487
1090,US-2024-11090-CH,2024-04-02,2024-04-09,First Class,CUST-15938,United States,Atlanta,Georgia,30301,Other,Gulf,PROD-2646,Kazookles,178.02,18,50.68,127.34,7,28.47,2.82,7.07,9.89,The Other Factory,35.1175,-89.971107
1091,US-2024-11091-CH,2024-04-04,2024-04-09,Standard Class,CUST-17933,United States,Chicago,Illinois,60601,Chocolate,Interior,PROD-8572,Wonka Bar - Nutty Crunch Surprise,185.3,17,114.08,71.22,5,61.57,6.71,4.19,10.9,Lot's O' Nuts,32.881893,-111.768036
1092,US-2024-11092-CH,2025-02-13,2025-02-16,Second Class,CUST-17102,United States,Naperville,Illinois,60540,Other,Interior,PROD-0345,Lickable Wallpaper,335.4,30,14.8,320.6,3,4.41,0.49,10.69,11.18,Secret Factory,41.446333,-90.565487
1093,US-2024-11093-CH,2026-01-16,2026-01-21,First Class,CUST-16025,United States,Athens,Georgia,30605,Chocolate,Gulf,PROD-8572,Wonka Bar - Nutty Crunch Surprise,80.47,13,33.14,47.33,5,41.18,2.55,3.64,6.19,Lot's O' Nuts,32.881893,-111.768036
1094,US-2024-11094-CH,2024-08-15,2024-08-19,Standard Class,CUST-15741,United States,Seattle,Washington,98101,Chocolate,Pacific,PROD-3776,Wonka Bar -Scrumdiddlyumptious,55.35,15,33.02,22.33,4,59.66,2.2,1.49,3.69,Lot's O' Nuts,32.881893,-111.768036
1095,US-2024-11095-CH,2024-01-19,2024-01-23,Standard Class,CUST-17441,United States,Athens,Georgia,30605,Sugar,Gulf,PROD-2533,Laffy Taffy,48.0,10,13.65,34.35,4,28.44,1.36,3.44,4.8,Sugar Shack,48.11914,-96.18115
1096,US-2024-11096-CH,2025-08-19,2025-08-21,Standard Class,CUST-17032,United States,Henderson,Kentucky,42420,Sugar,Gulf,PROD-6629,SweeTARTS,116.34,42,36.95,79.39,2,31.76,0.88,1.89,2.77,Sugar Shack,48.11914,-96.18115
1097,US-2024-11097-CH,2024-11-02,2024-11-05,Standard Class,CUST-18533,United States,Athens,Georgia,30605,Other,Gulf,PROD-0345,Lickable Wallpaper,107.64,13,18.65,88.99,3,17.33,1.43,6.85,8.28,Secret Factory,41.446333,-90.565487
1098,US-2024-11098-CH,2024-09-09,2024-09-16,Standard Class,CUST-15692,United States,Athens,Georgia,30605,Chocolate,Gulf,PROD-7514,Wonka Bar - Triple Dazzle Caramel,145.82,23,90.24,55.58,7,61.88,3.92,2.42,6.34,Wicked Choccy's,32.076176,-81.088371
1099,US-2024-11099-CH,2025-10-07,2025-10-10,First Class,CUST-14926,United States,Atlanta,Georgia,30301,Chocolate,Gulf,PROD-3776,Wonka Bar -Scrumdiddlyumptious,16.26,6,7.74,8.52,3,47.6,1.29,1.42,2.71,Lot's O' Nuts,32.881893,-111.768036
1100,US-2024-11100-CH,2024-07-05,2024-07-08,Second Class,CUST-14677,United States,Seattle,Washington,98101,Other,Pacific,PROD-2646,Kazookles,17.4,5,5.84,11.56,3,33.56,1.17,2.31,3.48,The Other Factory,35.1175,-89.971107
1101,US-2024-11101-CH,2024-01-19,2024-01-21,Standard Class,CUST-18245,United States,Henderson,Kentucky,42420,Sugar,Gulf,PROD-2120,Everlasting Gobstopper,299.52,32,100.17,199.35,2,33.44,3.13,6.23,9.36,Secret Factory,41.446333,-90.565487
1102,US-2024-11102-CH,2024-11-13,2024-11-16,Standard Class,CUST-10822,United States,Houston,Texas,77095,Sugar,Gulf,PROD-6629,SweeTARTS,20.5,2,8.42,12.08,3,41.07,4.21,6.04,10.25,Sugar Shack,48.11914,-96.18115
1103,US-2024-11103-CH,2025-10-07,2025-10-14,Standard Class,CUST-17862,United States,Seattle,Washington,98101,Sugar,Pacific,PROD-6629,SweeTARTS,320.96,34,82.83,238.13,7,25.81,2.44,7.0,9.44,Sugar Shack,48.11914,-96.18115
1104,US-2024-11104-CH,2024-04-02,2024-04-09,First Class,CUST-12939,United States,Houston,Texas,77095,Sugar,Gulf,PROD-9885,Fun Dip,50.96,13,15.2,35.76,7,29.83,1.17,2.75,3.92,Sugar Shack,48.11914,-96.18115
1105,US-2024-11105-CH,2024-09-29,2024-10-03,Standard Class,CUST-12775,United States,Naperville,Illinois,60540,Other,Interior,PROD-9359,Fizzy Lifting Drinks,84.93,19,3.13,81.8,4,3.69,0.16,4.31,4.47,Sugar Shack,48.11914,-96.18115
1106,US-2024-11106-CH,2024-03-20,2024-03-22,Standard Class,CUST-10740,United States,Los Angeles,California,90049,Other,Pacific,PROD-0345,Lickable Wallpaper,17.71,7,2.91,14.8,2,16.43,0.42,2.11,2.53,Secret Factory,41.446333,-90.565487
1107,US-2024-11107-CH,2025-03-23,2025-03-30,Standard Class,CUST-17991,United States,New York,New York,10001,Other,Atlantic,PROD-9359,Fizzy Lifting Drinks,140.4,26,-1.93,142.33,7,-1.37,-0.07,5.47,5.4,Sugar Shack,48.11914,-96.18115
1108,US-2024-11108-CH,2026-03-26,2026-03-29,Second Class,CUST-10569,United States,New York,New York,10001,Chocolate,Atlantic,PROD-7514,Wonka Bar - Triple Dazzle Caramel,442.96,49,285.56,157.4,3,64.47,5.83,3.21,9.04,Wicked Choccy's,32.076176,-81.088371
1109,US-2024-11109-CH,2025-06-29,2025-07-01,Standard Class,CUST-18250,United States,Naperville,Illinois,60540,Other,Interior,PROD-0345,Lickable Wallpaper,207.0,36,-2.34,209.34,2,-1.13,-0.06,5.82,5.75,Secret Factory,41.446333,-90.565487
1110,US-2024-11110-CH,2026-02-01,2026-02-04,Standard Class,CUST-12303,United States,Naperville,Illinois,60540,Sugar,Interior,PROD-2120,Everlasting Gobstopper,87.68,16,20.31,67.37,3,23.16,1.27,4.21,5.48,Secret Factory,41.446333,-90.565487
1111,US-2024-11111-CH,2024-02-28,2024-03-06,Standard Class,CUST-17351,United States,Henderson,Kentucky,42420,Other,Gulf,PROD-9415,Wonka Gum,14.85,5,1.5,13.35,7,10.1,0.3,2.67,2.97,Secret Factory,41.446333,-90.565487
1112,US-2024-11112-CH,2024-11-13,2024-11-16,Standard Class,CUST-18994,United States,Philadelphia,Pennsylvania,19143,Sugar,Atlantic,PROD-5646,Nerds,35.52,6,13.62,21.9,3,38.34,2.27,3.65,5.92,Sugar Shack,48.11914,-96.18115
1113,US-2024-11113-CH,2026-06-10,2026-06-15,Standard Class,CUST-19862,United States,Chicago,Illinois,60601,Chocolate,Interior,PROD-0874,Wonka Bar - Milk Chocolate,80.6,31,44.79,35.81,5,55.57,1.44,1.16,2.6,Wicked Choccy's,32.076176,-81.088371
1114,US-2024-11114-CH,2024-05-07,2024-05-10,Standard Class,CUST-18402,United States,Los Angeles,California,90049,Sugar,Pacific,PROD-9885,Fun Dip,224.64,32,96.66,127.98,3,43.03,3.02,4.0,7.02,Sugar Shack,48.11914,-96.18115
1115,US-2024-11115-CH,2024-06-15,2024-06-19,Standard Class,CUST-14038,United States,Atlanta,Georgia,30301,Other,Gulf,PROD-2646,Kazookles,315.78,38,86.53,229.25,4,27.4,2.28,6.03,8.31,The Other Factory,35.1175,-89.971107
1116,US-2024-11116-CH,2024-04-02,2024-04-05,Standard Class,CUST-17073,United States,Atlanta,Georgia,30301,Other,Gulf,PROD-0345,Lickable Wallpaper,198.45,49,-8.39,206.84,3,-4.23,-0.17,4.22,4.05,Secret Factory,41.446333,-90.565487
1117,US-2024-11117-CH,2024-09-21,2024-09-23,First Class,CUST-16859,United States,Los Angeles,California,90049,Other,Pacific,PROD-0345,Lickable Wallpaper,112.6,20,9.59,103.01,2,8.52,0.48,5.15,5.63,Secret Factory,41.446333,-90.565487
1118,US-2024-11118-CH,2026-03-20,2026-03-22,Standard Class,CUST-10036,United States,Atlanta,Georgia,30301,Other,Gulf,PROD-0345,Lickable Wallpaper,257.62,22,28.19,229.43,2,10.94,1.28,10.43,11.71,Secret Factory,41.446333,-90.565487
1119,US-2024-11119-CH,2026-05-16,2026-05-23,Standard Class,CUST-16333,United States,Atlanta,Georgia,30301,Other,Gulf,PROD-0345,Lickable Wallpaper,13.41,3,-0.61,14.02,7,-4.55,-0.2,4.67,4.47,Secret Factory,41.446333,-90.565487
1120,US-2024-11120-CH,2024-09-13,2024-09-16,Second Class,CUST-18534,United States,Henderson,Kentucky,42420,Sugar,Gulf,PROD-2533,Laffy Taffy,465.27,39,186.88,278.39,3,40.17,4.79,7.14,11.93,Sugar Shack,48.11914,-96.18115
1121,US-2024-11121-CH,2025-10-27,2025-10-29,Standard Class,CUST-14570,United States,Philadelphia,Pennsylvania,19143,Other,Atlantic,PROD-9359,Fizzy Lifting Drinks,218.12,19,35.74,182.38,2,16.39,1.88,9.6,11.48,Sugar Shack,48.11914,-96.18115
1122,US-2024-11122-CH,2025-05-01,2025-05-03,Standard Class,CUST-19551,United States,Athens,Georgia,30605,Other,Gulf,PROD-9359,Fizzy Lifting Drinks,111.5,25,5.74,105.76,2,5.15,0.23,4.23,4.46,Sugar Shack,48.11914,-96.18115
1123,US-2024-11123-CH,2026-05-17,2026-05-24,First Class,CUST-11900,United States,Henderson,Kentucky,42420,Sugar,Gulf,PROD-5646,Nerds,459.36,48,171.75,287.61,7,37.39,3.58,5.99,9.57,Sugar Shack,48.11914,-96.18115
1124,US-2024-11124-CH,2025-12-01,2025-12-04,Second Class,CUST-10815,United States,Philadelphia,Pennsylvania,19143,Other,Atlantic,PROD-9359,Fizzy Lifting Drinks,36.99,9,1.0,35.99,3,2.7,0.11,4.0,4.11,Sugar Shack,48.11914,-96.18115
1125,US-2024-11125-CH,2025-12-30,2026-01-06,First Class,CUST-14513,United States,Chicago,Illinois,60601,Sugar,Interior,PROD-0725,Hair Toffee,93.76,32,26.52,67.24,7,28.28,0.83,2.1,2.93,The Other Factory,35.1175,-89.971107
1126,US-2024-11126-CH,2025-02-01,2025-02-08,First Class,CUST-12962,United States,Henderson,Kentucky,42420,Sugar,Gulf,PROD-0725,Hair Toffee,71.5,10,20.78,50.72,7,29.06,2.08,5.07,7.15,The Other Factory,35.1175,-89.971107
1127,US-2024-11127-CH,2024-06-29,2024-07-02,Standard Class,CUST-10591,United States,Seattle,Washington,98101,Sugar,Pacific,PROD-2120,Everlasting Gobstopper,312.0,26,96.98,215.02,3,31.08,3.73,8.27,12.0,Secret Factory,41.446333,-90.565487
1128,US-2024-11128-CH,2024-07-31,2024-08-04,Second Class,CUST-16869,United States,Henderson,Kentucky,42420,Sugar,Gulf,PROD-2533,Laffy Taffy,195.75,29,79.86,115.89,4,40.8,2.75,4.0,6.75,Sugar Shack,48.11914,-96.18115
1129,US-2024-11129-CH,2024-08-08,2024-08-11,Standard Class,CUST-12274,United States,New York,New York,10001,Chocolate,Atlantic,PROD-3776,Wonka Bar -Scrumdiddlyumptious,256.37,31,137.04,119.33,3,53.45,4.42,3.85,8.27,Lot's O' Nuts,32.881893,-111.768036
1130,US-2024-11130-CH,2024-08-30,2024-09-02,First Class,CUST-11950,United States,Los Angeles,California,90049,Sugar,Pacific,PROD-6629,SweeTARTS,371.68,46,97.88,273.8,3,26.33,2.13,5.95,8.08,Sugar Shack,48.11914,-96.18115
1131,US-2024-11131-CH,2024-06-20,2024-06-24,Second Class,CUST-17045,United States,Naperville,Illinois,60540,Sugar,Interior,PROD-0725,Hair Toffee,114.1,14,13.98,100.12,4,12.25,1.0,7.15,8.15,The Other Factory,35.1175,-89.971107
1132,US-2024-11132-CH,2025-08-17,2025-08-21,Standard Class,CUST-17063,United States,Houston,Texas,77095,Sugar,Gulf,PROD-5646,Nerds,31.1,10,11.37,19.73,4,36.56,1.14,1.97,3.11,Sugar Shack,48.11914,-96.18115
1133,US-2024-11133-CH,2025-03-12,2025-03-15,First Class,CUST-17813,United States,Henderson,Kentucky,42420,Other,Gulf,PROD-2646,Kazookles,484.84,46,91.68,393.16,3,18.91,1.99,8.55,10.54,The Other Factory,35.1175,-89.971107
1134,US-2024-11134-CH,2025-07-18,2025-07-20,Same Day,CUST-10726,United States,Henderson,Kentucky,42420,Sugar,Gulf,PROD-6629,SweeTARTS,274.95,45,93.4,181.55,2,33.97,2.08,4.03,6.11,Sugar Shack,48.11914,-96.18115
1135,US-2024-11135-CH,2024-11-03,2024-11-08,Standard Class,CUST-17876,United States,Atlanta,Georgia,30301,Sugar,Gulf,PROD-2120,Everlasting Gobstopper,71.28,9,20.68,50.6,5,29.01,2.3,5.62,7.92,Secret Factory,41.446333,-90.565487
1136,US-2024-11136-CH,2025-09-14,2025-09-17,Standard Class,CUST-16351,United States,Atlanta,Georgia,30301,Chocolate,Gulf,PROD-0874,Wonka Bar - Milk Chocolate,186.85,37,107.34,79.51,3,57.45,2.9,2.15,5.05,Wicked Choccy's,32.076176,-81.088371
1137,US-2024-11137-CH,2024-01-11,2024-01-13,Standard Class,CUST-19443,United States,Naperville,Illinois,60540,Chocolate,Interior,PROD-8572,Wonka Bar - Nutty Crunch Surprise,277.94,26,177.99,99.95,2,64.04,6.85,3.84,10.69,Lot's O' Nuts,32.881893,-111.768036
1138,US-2024-11138-CH,2026-01-20,2026-01-22,Standard Class,CUST-19916,United States,Athens,Georgia,30605,Other,Gulf,PROD-2646,Kazookles,124.88,28,32.91,91.97,2,26.35,1.18,3.28,4.46,The Other Factory,35.1175,-89.971107
1139,US-2024-11139-CH,2024-05-21,2024-05-26,First Class,CUST-11406,United States,New York,New York,10001,Sugar,Atlantic,PROD-0725,Hair Toffee,72.0,15,12.21,59.79,5,16.96,0.81,3.99,4.8,The Other Factory,35.1175,-89.971107
1140,US-2024-11140-CH,2024-05-20,2024-05-27,Same Day,CUST-17644,United States,Chicago,Illinois,60601,Chocolate,Interior,PROD-3776,Wonka Bar -Scrumdiddlyumptious,137.76,16,68.26,69.5,7,49.55,4.27,4.34,8.61,Lot's O' Nuts,32.881893,-111.768036
1141,US-2024-11141-CH,2025-05-11,2025-05-14,Standard Class,CUST-14250,United States,Los Angeles,California,90049,Sugar,Pacific,PROD-6629,SweeTARTS,179.4,15,53.92,125.48,3,30.06,3.59,8.37,11.96,Sugar Shack,48.11914,-96.18115
1142,US-2024-11142-CH,2025-01-24,2025-01-26,Standard Class,CUST-16375,United States,Houston,Texas,77095,Other,Gulf,PROD-2646,Kazookles,233.1,45,49.16,183.94,2,21.09,1.09,4.09,5.18,The Other Factory,35.1175,-89.971107
1143,US-2024-11143-CH,2024-10-04,2024-10-08,Standard Class,CUST-10023,United States,Atlanta,Georgia,30301,Sugar,Gulf,PROD-2120,Everlasting Gobstopper,463.2,40,46.67,416.53,4,10.08,1.17,10.41,11.58,Secret Factory,41.446333,-90.565487
1144,US-2024-11144-CH,2025-06-08,2025-06-10,Standard Class,CUST-13659,United States,Athens,Georgia,30605,Other,Gulf,PROD-2646,Kazookles,128.06,38,29.26,98.8,2,22.85,0.77,2.6,3.37,The Other Factory,35.1175,-89.971107
1145,US-2024-11145-CH,2025-07-26,2025-07-28,Standard Class,CUST-16487,United States,Athens,Georgia,30605,Chocolate,Gulf,PROD-0874,Wonka Bar - Milk Chocolate,469.04,41,289.34,179.7,2,61.69,7.06,4.38,11.44,Wicked Choccy's,32.076176,-81.088371
1146,US-2024-11146-CH,2025-01-25,2025-01-27,Standard Class,CUST-13017,United States,New York,New York,10001,Chocolate,Atlantic,PROD-7514,Wonka Bar - Triple Dazzle Caramel,26.12,4,12.47,13.65,2,47.74,3.12,3.41,6.53,Wicked Choccy's,32.076176,-81.088371
1147,US-2024-11147-CH,2026-02-23,2026-02-26,First Class,CUST-14746,United States,Naperville,Illinois,60540,Sugar,Interior,PROD-2533,Laffy Taffy,269.1,23,116.95,152.15,3,43.46,5.08,6.62,11.7,Sugar Shack,48.11914,-96.18115
1148,US-2024-11148-CH,2024-06-18,2024-06-20,First Class,CUST-13598,United States,Chicago,Illinois,60601,Sugar,Interior,PROD-5646,Nerds,220.5,45,97.28,123.22,2,44.12,2.16,2.74,4.9,Sugar Shack,48.11914,-96.18115
1149,US-2024-11149-CH,2026-04-23,2026-04-26,Standard Class,CUST-19160,United States,Houston,Texas,77095,Chocolate,Gulf,PROD-7514,Wonka Bar - Triple Dazzle Caramel,193.16,22,82.47,110.69,3,42.7,3.75,5.03,8.78,Wicked Choccy's,32.076176,-81.088371
1150,US-2024-11150-CH,2025-06-16,2025-06-20,Standard Class,CUST-14650,United States,Athens,Georgia,30605,Sugar,Gulf,PROD-2120,Everlasting Gobstopper,479.7,41,59.35,420.35,4,12.37,1.45,10.25,11.7,Secret Factory,41.446333,-90.565487
1151,US-2024-11151-CH,2024-07-03,2024-07-05,Standard Class,CUST-19107,United States,Henderson,Kentucky,42420,Sugar,Gulf,PROD-9885,Fun Dip,109.91,29,46.99,62.92,2,42.75,1.62,2.17,3.79,Sugar Shack,48.11914,-96.18115
1152,US-2024-11152-CH,2026-03-08,2026-03-13,First Class,CUST-12989,United States,Naperville,Illinois,60540,Chocolate,Interior,PROD-7514,Wonka Bar - Triple Dazzle Caramel,257.48,41,136.05,121.43,5,52.84,3.32,2.96,6.28,Wicked Choccy's,32.076176,-81.088371
1153,US-2024-11153-CH,2024-10-03,2024-10-05,Standard Class,CUST-18218,United States,New York,New York,10001,Sugar,Atlantic,PROD-6629,SweeTARTS,385.28,43,101.49,283.79,2,26.34,2.36,6.6,8.96,Sugar Shack,48.11914,-96.18115
1154,US-2024-11154-CH,2024-11-04,2024-11-07,Standard Class,CUST-13956,United States,Seattle,Washington,98101,Sugar,Pacific,PROD-6629,SweeTARTS,87.3,10,37.22,50.08,3,42.63,3.72,5.01,8.73,Sugar Shack,48.11914,-96.18115
1155,US-2024-11155-CH,2024-07-15,2024-07-18,Standard Class,CUST-11278,United States,Athens,Georgia,30605,Other,Gulf,PROD-9359,Fizzy Lifting Drinks,485.1,42,25.28,459.82,3,5.21,0.6,10.95,11.55,Sugar Shack,48.11914,-96.18115
1156,US-2024-11156-CH,2024-08-29,2024-08-31,Standard Class,CUST-17496,United States,Houston,Texas,77095,Chocolate,Gulf,PROD-3893,Wonka Bar - Fudge Mallows,247.28,44,139.67,107.61,2,56.48,3.17,2.45,5.62,Lot's O' Nuts,32.881893,-111.768036
1157,US-2024-11157-CH,2024-03-03,2024-03-05,Second Class,CUST-10722,United States,New York,New York,10001,Chocolate,Atlantic,PROD-0874,Wonka Bar - Milk Chocolate,341.25,35,180.27,160.98,2,52.83,5.15,4.6,9.75,Wicked Choccy's,32.076176,-81.088371
1158,US-2024-11158-CH,2025-09-05,2025-09-08,First Class,CUST-19408,United States,Houston,Texas,77095,Sugar,Gulf,PROD-0725,Hair Toffee,279.36,32,28.54,250.82,3,10.22,0.89,7.84,8.73,The Other Factory,35.1175,-89.971107
1159,US-2024-11159-CH,2025-01-08,2025-01-11,First Class,CUST-15611,United States,New York,New York,10001,Sugar,Atlantic,PROD-9885,Fun Dip,310.56,48,122.0,188.56,3,39.28,2.54,3.93,6.47,Sugar Shack,48.11914,-96.18115
1160,US-2024-11160-CH,2025-02-02,2025-02-04,First Class,CUST-11793,United States,Naperville,Illinois,60540,Sugar,Interior,PROD-9885,Fun Dip,119.24,11,39.78,79.46,2,33.36,3.62,7.22,10.84,Sugar Shack,48.11914,-96.18115
1161,US-2024-11161-CH,2025-04-06,2025-04-13,Second Class,CUST-17420,United States,Houston,Texas,77095,Other,Gulf,PROD-9359,Fizzy Lifting Drinks,126.23,13,8.54,117.69,7,6.77,0.66,9.05,9.71,Sugar Shack,48.11914,-96.18115
1162,US-2024-11162-CH,2026-02-09,2026-02-14,Standard Class,CUST-15063,United States,Seattle,Washington,98101,Chocolate,Pacific,PROD-8572,Wonka Bar - Nutty Crunch Surprise,353.5,35,171.93,181.57,5,48.64,4.91,5.19,10.1,Lot's O' Nuts,32.881893,-111.768036
1163,US-2024-11163-CH,2024-04-20,2024-04-23,Standard Class,CUST-11417,United States,Naperville,Illinois,60540,Chocolate,Interior,PROD-3776,Wonka Bar -Scrumdiddlyumptious,84.9,30,42.65,42.25,3,50.24,1.42,1.41,2.83,Lot's O' Nuts,32.881893,-111.768036
1164,US-2024-11164-CH,2026-02-01,2026-02-04,Standard Class,CUST-18289,United States,Atlanta,Georgia,30301,Sugar,Gulf,PROD-2120,Everlasting Gobstopper,168.96,33,28.09,140.87,3,16.63,0.85,4.27,5.12,Secret Factory,41.446333,-90.565487
1165,US-2024-11165-CH,2026-03-26,2026-03-28,Same Day,CUST-11816,United States,Henderson,Kentucky,42420,Sugar,Gulf,PROD-5646,Nerds,112.97,13,45.59,67.38,2,40.36,3.51,5.18,8.69,Sugar Shack,48.11914,-96.18115
1166,US-2024-11166-CH,2025-03-23,2025-03-28,Standard Class,CUST-12322,United States,Athens,Georgia,30605,Other,Gulf,PROD-0345,Lickable Wallpaper,107.46,27,16.39,91.07,5,15.25,0.61,3.37,3.98,Secret Factory,41.446333,-90.565487
1167,US-2024-11167-CH,2024-08-30,2024-09-02,Second Class,CUST-18401,United States,Henderson,Kentucky,42420,Sugar,Gulf,PROD-2120,Everlasting Gobstopper,28.82,11,4.12,24.7,3,14.3,0.37,2.25,2.62,Secret Factory,41.446333,-90.565487
1168,US-2024-11168-CH,2025-06-23,2025-06-26,Standard Class,CUST-15604,United States,Houston,Texas,77095,Other,Gulf,PROD-9415,Wonka Gum,347.04,48,53.29,293.75,3,15.36,1.11,6.12,7.23,Secret Factory,41.446333,-90.565487
1169,US-2024-11169-CH,2024-09-25,2024-09-30,Second Class,CUST-12514,United States,Athens,Georgia,30605,Sugar,Gulf,PROD-6629,SweeTARTS,130.56,12,42.95,87.61,5,32.9,3.58,7.3,10.88,Sugar Shack,48.11914,-96.18115
1170,US-2024-11170-CH,2026-06-05,2026-06-08,Second Class,CUST-11018,United States,Naperville,Illinois,60540,Chocolate,Interior,PROD-0874,Wonka Bar - Milk Chocolate,261.8,35,106.32,155.48,3,40.61,3.04,4.44,7.48,Wicked Choccy's,32.076176,-81.088371
1171,US-2024-11171-CH,2024-12-07,2024-12-11,Standard Class,CUST-10976,United States,Atlanta,Georgia,30301,Sugar,Gulf,PROD-0725,Hair Toffee,12.4,4,4.07,8.33,4,32.82,1.02,2.08,3.1,The Other Factory,35.1175,-89.971107
1172,US-2024-11172-CH,2026-02-16,2026-02-20,Standard Class,CUST-11626,United States,Seattle,Washington,98101,Sugar,Pacific,PROD-0725,Hair Toffee,185.25,39,30.69,154.56,4,16.57,0.79,3.96,4.75,The Other Factory,35.1175,-89.971107
1173,US-2024-11173-CH,2026-01-03,2026-01-06,Second Class,CUST-18308,United States,Naperville,Illinois,60540,Other,Interior,PROD-2646,Kazookles,386.08,38,66.55,319.53,3,17.24,1.75,8.41,10.16,The Other Factory,35.1175,-89.971107
1174,US-2024-11174-CH,2025-06-28,2025-06-30,Standard Class,CUST-10916,United States,Atlanta,Georgia,30301,Chocolate,Gulf,PROD-3776,Wonka Bar -Scrumdiddlyumptious,315.81,29,165.46,150.35,2,52.39,5.71,5.18,10.89,Lot's O' Nuts,32.881893,-111.768036
1175,US-2024-11175-CH,2024-10-12,2024-10-17,Standard Class,CUST-13065,United States,New York,New York,10001,Chocolate,Atlantic,PROD-3893,Wonka Bar - Fudge Mallows,109.46,13,62.0,47.46,5,56.64,4.77,3.65,8.42,Lot's O' Nuts,32.881893,-111.768036
1176,US-2024-11176-CH,2025-08-08,2025-08-11,Standard Class,CUST-14615,United States,Los Angeles,California,90049,Sugar,Pacific,PROD-0725,Hair Toffee,129.57,21,44.77,84.8,3,34.55,2.13,4.04,6.17,The Other Factory,35.1175,-89.971107
1177,US-2024-11177-CH,2025-09-14,2025-09-17,Second Class,CUST-18651,United States,Henderson,Kentucky,42420,Other,Gulf,PROD-0345,Lickable Wallpaper,124.32,24,0.45,123.87,3,0.36,0.02,5.16,5.18,Secret Factory,41.446333,-90.565487
1178,US-2024-11178-CH,2024-11-20,2024-11-22,Standard Class,CUST-16096,United States,Athens,Georgia,30605,Sugar,Gulf,PROD-9885,Fun Dip,442.56,48,176.84,265.72,2,39.96,3.68,5.54,9.22,Sugar Shack,48.11914,-96.18115
1179,US-2024-11179-CH,2025-04-02,2025-04-05,Standard Class,CUST-14317,United States,Naperville,Illinois,60540,Other,Interior,PROD-9415,Wonka Gum,218.79,39,33.36,185.43,3,15.25,0.86,4.75,5.61,Secret Factory,41.446333,-90.565487
1180,US-2024-11180-CH,2026-06-02,2026-06-04,Standard Class,CUST-12952,United States,Seattle,Washington,98101,Chocolate,Pacific,PROD-7514,Wonka Bar - Triple Dazzle Caramel,72.91,23,29.64,43.27,2,40.65,1.29,1.88,3.17,Wicked Choccy's,32.076176,-81.088371
1181,US-2024-11181-CH,2025-04-23,2025-04-26,Standard Class,CUST-19049,United States,Henderson,Kentucky,42420,Chocolate,Gulf,PROD-8572,Wonka Bar - Nutty Crunch Surprise,147.43,23,93.9,53.53,3,63.69,4.08,2.33,6.41,Lot's O' Nuts,32.881893,-111.768036
1182,US-2024-11182-CH,2025-11-16,2025-11-20,Standard Class,CUST-10540,United States,Seattle,Washington,98101,Chocolate,Pacific,PROD-7514,Wonka Bar - Triple Dazzle Caramel,262.8,45,158.47,104.33,4,60.3,3.52,2.32,5.84,Wicked Choccy's,32.076176,-81.088371
1183,US-2024-11183-CH,2026-03-01,2026-03-04,Standard Class,CUST-11551,United States,Los Angeles,California,90049,Chocolate,Pacific,PROD-3776,Wonka Bar -Scrumdiddlyumptious,153.36,36,65.7,87.66,3,42.84,1.83,2.44,4.26,Lot's O' Nuts,32.881893,-111.768036
1184,US-2024-11184-CH,2026-01-31,2026-02-04,Standard Class,CUST-11536,United States,Naperville,Illinois,60540,Chocolate,Interior,PROD-8572,Wonka Bar - Nutty Crunch Surprise,132.93,21,57.72,75.21,4,43.42,2.75,3.58,6.33,Lot's O' Nuts,32.881893,-111.768036
1185,US-2024-11185-CH,2024-08-19,2024-08-22,First Class,CUST-12180,United States,Houston,Texas,77095,Other,Gulf,PROD-9359,Fizzy Lifting Drinks,476.8,40,51.46,425.34,3,10.79,1.29,10.63,11.92,Sugar Shack,48.11914,-96.18115
1186,US-2024-11186-CH,2024-02-03,2024-02-05,Standard Class,CUST-10288,United States,Los Angeles,California,90049,Sugar,Pacific,PROD-9885,Fun Dip,379.5,46,101.48,278.02,2,26.74,2.21,6.04,8.25,Sugar Shack,48.11914,-96.18115
1187,US-2024-11187-CH,2026-05-28,2026-05-31,Second Class,CUST-16213,United States,Athens,Georgia,30605,Chocolate,Gulf,PROD-8572,Wonka Bar - Nutty Crunch Surprise,226.71,33,104.11,122.6,3,45.92,3.15,3.72,6.87,Lot's O' Nuts,32.881893,-111.768036
1188,US-2024-11188-CH,2025-12-27,2026-01-01,Standard Class,CUST-11239,United States,Los Angeles,California,90049,Sugar,Pacific,PROD-5646,Nerds,71.06,11,23.24,47.82,5,32.7,2.11,4.35,6.46,Sugar Shack,48.11914,-96.18115
1189,US-2024-11189-CH,2026-06-14,2026-06-16,Second Class,CUST-15055,United States,Henderson,Kentucky,42420,Chocolate,Gulf,PROD-8572,Wonka Bar - Nutty Crunch Surprise,72.24,28,42.98,29.26,2,59.5,1.54,1.05,2.58,Lot's O' Nuts,32.881893,-111.768036
1190,US-2024-11190-CH,2025-09-07,2025-09-14,Standard Class,CUST-11919,United States,Henderson,Kentucky,42420,Sugar,Gulf,PROD-6629,SweeTARTS,333.9,42,140.48,193.42,7,42.07,3.34,4.61,7.95,Sugar Shack,48.11914,-96.18115
1191,US-2024-11191-CH,2025-05-31,2025-06-07,Standard Class,CUST-17856,United States,Philadelphia,Pennsylvania,19143,Chocolate,Atlantic,PROD-0874,Wonka Bar - Milk Chocolate,226.67,19,127.65,99.02,7,56.32,6.72,5.21,11.93,Wicked Choccy's,32.076176,-81.088371
1192,US-2024-11192-CH,2025-10-18,2025-10-22,Standard Class,CUST-17614,United States,Chicago,Illinois,60601,Sugar,Interior,PROD-2533,Laffy Taffy,301.05,45,135.14,165.91,4,44.89,3.0,3.69,6.69,Sugar Shack,48.11914,-96.18115
1193,US-2024-11193-CH,2025-08-28,2025-08-31,Standard Class,CUST-14621,United States,Seattle,Washington,98101,Sugar,Pacific,PROD-0725,Hair Toffee,288.36,27,73.22,215.14,3,25.39,2.71,7.97,10.68,The Other Factory,35.1175,-89.971107
1194,US-2024-11194-CH,2024-01-03,2024-01-06,Standard Class,CUST-11137,United States,Los Angeles,California,90049,Chocolate,Pacific,PROD-7514,Wonka Bar - Triple Dazzle Caramel,174.9,30,110.06,64.84,3,62.93,3.67,2.16,5.83,Wicked Choccy's,32.076176,-81.088371
1195,US-2024-11195-CH,2026-04-22,2026-04-25,Standard Class,CUST-17820,United States,Chicago,Illinois,60601,Chocolate,Interior,PROD-7514,Wonka Bar - Triple Dazzle Caramel,40.8,12,19.72,21.08,3,48.33,1.64,1.76,3.4,Wicked Choccy's,32.076176,-81.088371
1196,US-2024-11196-CH,2025-09-12,2025-09-15,Standard Class,CUST-18567,United States,New York,New York,10001,Other,Atlantic,PROD-9415,Wonka Gum,380.12,34,89.94,290.18,3,23.66,2.65,8.53,11.18,Secret Factory,41.446333,-90.565487
1197,US-2024-11197-CH,2025-09-11,2025-09-14,First Class,CUST-18798,United States,Naperville,Illinois,60540,Sugar,Interior,PROD-2533,Laffy Taffy,17.25,5,5.25,12.0,3,30.43,1.05,2.4,3.45,Sugar Shack,48.11914,-96.18115
1198,US-2024-11198-CH,2026-06-02,2026-06-04,Standard Class,CUST-18120,United States,Chicago,Illinois,60601,Sugar,Interior,PROD-5646,Nerds,125.58,42,55.06,70.52,2,43.84,1.31,1.68,2.99,Sugar Shack,48.11914,-96.18115
1199,US-2024-11199-CH,2025-08-18,2025-08-21,Second Class,CUST-18744,United States,Athens,Georgia,30605,Chocolate,Gulf,PROD-3893,Wonka Bar - Fudge Mallows,414.05,49,231.66,182.39,3,55.95,4.73,3.72,8.45,Lot's O' Nuts,32.881893,-111.768036
1200,US-2024-11200-CH,2025-07-15,2025-07-19,Standard Class,CUST-14861,United States,Atlanta,Georgia,30301,Sugar,Gulf,PROD-2533,Laffy Taffy,113.16,41,46.51,66.65,4,41.1,1.13,1.63,2.76,Sugar Shack,48.11914,-96.18115
1201,US-2024-11201-CH,2025-12-29,2026-01-05,Standard Class,CUST-13898,United States,New York,New York,10001,Other,Atlantic,PROD-2646,Kazookles,87.36,13,21.2,66.16,7,24.27,1.63,5.09,6.72,The Other Factory,35.1175,-89.971107
1202,US-2024-11202-CH,2024-09-28,2024-10-01,Standard Class,CUST-13862,United States,Seattle,Washington,98101,Chocolate,Pacific,PROD-7514,Wonka Bar - Triple Dazzle Caramel,358.6,44,196.66,161.94,3,54.84,4.47,3.68,8.15,Wicked Choccy's,32.076176,-81.088371
1203,US-2024-11203-CH,2024-04-12,2024-04-14,Standard Class,CUST-18711,United States,Athens,Georgia,30605,Other,Gulf,PROD-9415,Wonka Gum,323.31,39,84.35,238.96,2,26.09,2.16,6.13,8.29,Secret Factory,41.446333,-90.565487
1204,US-2024-11204-CH,2025-06-29,2025-07-03,First Class,CUST-17207,United States,New York,New York,10001,Sugar,Atlantic,PROD-5646,Nerds,229.77,37,97.13,132.64,4,42.27,2.63,3.58,6.21,Sugar Shack,48.11914,-96.18115
1205,US-2024-11205-CH,2024-06-27,2024-07-01,Standard Class,CUST-17004,United States,Chicago,Illinois,60601,Other,Interior,PROD-0345,Lickable Wallpaper,380.16,32,29.68,350.48,4,7.81,0.93,10.95,11.88,Secret Factory,41.446333,-90.565487
1206,US-2024-11206-CH,2026-05-15,2026-05-18,Standard Class,CUST-17145,United States,Los Angeles,California,90049,Sugar,Pacific,PROD-6629,SweeTARTS,410.78,38,104.88,305.9,3,25.53,2.76,8.05,10.81,Sugar Shack,48.11914,-96.18115
1207,US-2024-11207-CH,2026-02-02,2026-02-04,Second Class,CUST-12160,United States,Naperville,Illinois,60540,Sugar,Interior,PROD-6629,SweeTARTS,87.2,10,38.44,48.76,2,44.08,3.84,4.88,8.72,Sugar Shack,48.11914,-96.18115
1208,US-2024-11208-CH,2026-01-28,2026-01-30,Standard Class,CUST-12368,United States,Seattle,Washington,98101,Chocolate,Pacific,PROD-7514,Wonka Bar - Triple Dazzle Caramel,71.99,23,30.89,41.1,2,42.91,1.34,1.79,3.13,Wicked Choccy's,32.076176,-81.088371
1209,US-2024-11209-CH,2024-10-15,2024-10-18,Standard Class,CUST-14970,United States,Athens,Georgia,30605,Sugar,Gulf,PROD-2533,Laffy Taffy,319.31,37,123.72,195.59,3,38.75,3.34,5.29,8.63,Sugar Shack,48.11914,-96.18115
1210,US-2024-11210-CH,2025-01-10,2025-01-14,Second Class,CUST-16578,United States,Seattle,Washington,98101,Sugar,Pacific,PROD-9885,Fun Dip,99.72,12,32.38,67.34,4,32.47,2.7,5.61,8.31,Sugar Shack,48.11914,-96.18115
1211,US-2024-11211-CH,2025-01-07,2025-01-10,Standard Class,CUST-12366,United States,Philadelphia,Pennsylvania,19143,Sugar,Atlantic,PROD-0725,Hair Toffee,17.2,2,4.64,12.56,3,26.98,2.32,6.28,8.6,The Other Factory,35.1175,-89.971107
1212,US-2024-11212-CH,2026-05-02,2026-05-06,First Class,CUST-11614,United States,Henderson,Kentucky,42420,Sugar,Gulf,PROD-0725,Hair Toffee,144.73,41,48.19,96.54,4,33.3,1.18,2.35,3.53,The Other Factory,35.1175,-89.971107
1213,US-2024-11213-CH,2024-04-30,2024-05-05,Standard Class,CUST-15733,United States,New York,New York,10001,Sugar,Atlantic,PROD-0725,Hair Toffee,40.18,7,7.04,33.14,5,17.52,1.01,4.73,5.74,The Other Factory,35.1175,-89.971107
1214,US-2024-11214-CH,2025-07-22,2025-07-26,Standard Class,CUST-14960,United States,New York,New York,10001,Sugar,Atlantic,PROD-5646,Nerds,9.82,2,2.6,7.22,4,26.48,1.3,3.61,4.91,Sugar Shack,48.11914,-96.18115
1215,US-2024-11215-CH,2025-02-10,2025-02-14,Standard Class,CUST-10730,United States,Houston,Texas,77095,Other,Gulf,PROD-9415,Wonka Gum,215.6,20,47.7,167.9,4,22.12,2.39,8.4,10.78,Secret Factory,41.446333,-90.565487
1216,US-2024-11216-CH,2024-07-14,2024-07-19,Standard Class,CUST-16553,United States,Philadelphia,Pennsylvania,19143,Sugar,Atlantic,PROD-9885,Fun Dip,29.52,8,7.63,21.89,5,25.85,0.95,2.74,3.69,Sugar Shack,48.11914,-96.18115
1217,US-2024-11217-CH,2026-02-15,2026-02-17,First Class,CUST-10908,United States,Houston,Texas,77095,Sugar,Gulf,PROD-2533,Laffy Taffy,401.62,43,109.04,292.58,2,27.15,2.54,6.8,9.34,Sugar Shack,48.11914,-96.18115
1218,US-2024-11218-CH,2026-04-12,2026-04-14,Standard Class,CUST-17989,United States,Atlanta,Georgia,30301,Sugar,Gulf,PROD-0725,Hair Toffee,59.22,9,12.21,47.01,2,20.62,1.36,5.22,6.58,The Other Factory,35.1175,-89.971107
1219,US-2024-11219-CH,2026-05-11,2026-05-14,Standard Class,CUST-18945,United States,Henderson,Kentucky,42420,Other,Gulf,PROD-9359,Fizzy Lifting Drinks,200.07,27,27.69,172.38,3,13.84,1.03,6.38,7.41,Sugar Shack,48.11914,-96.18115
1220,US-2024-11220-CH,2025-09-22,2025-09-25,Standard Class,CUST-18998,United States,Los Angeles,California,90049,Sugar,Pacific,PROD-2533,Laffy Taffy,217.55,19,85.33,132.22,3,39.22,4.49,6.96,11.45,Sugar Shack,48.11914,-96.18115
1221,US-2024-11221-CH,2025-12-04,2025-12-08,Standard Class,CUST-11164,United States,Henderson,Kentucky,42420,Other,Gulf,PROD-2646,Kazookles,123.93,17,26.78,97.15,4,21.61,1.58,5.71,7.29,The Other Factory,35.1175,-89.971107
1222,US-2024-11222-CH,2025-03-22,2025-03-27,Second Class,CUST-12711,United States,Seattle,Washington,98101,Sugar,Pacific,PROD-0725,Hair Toffee,206.92,28,26.22,180.7,5,12.67,0.94,6.45,7.39,The Other Factory,35.1175,-89.971107
1223,US-2024-11223-CH,2025-03-07,2025-03-10,Standard Class,CUST-12655,United States,Philadelphia,Pennsylvania,19143,Sugar,Atlantic,PROD-6629,SweeTARTS,149.76,16,43.57,106.19,3,29.09,2.72,6.64,9.36,Sugar Shack,48.11914,-96.18115
1224,US-2024-11224-CH,2024-08-14,2024-08-18,Same Day,CUST-17519,United States,Philadelphia,Pennsylvania,19143,Other,Atlantic,PROD-0345,Lickable Wallpaper,175.26,46,7.32,167.94,4,4.18,0.16,3.65,3.81,Secret Factory,41.446333,-90.565487
1225,US-2024-11225-CH,2025-10-25,2025-10-28,First Class,CUST-15588,United States,Henderson,Kentucky,42420,Chocolate,Gulf,PROD-3776,Wonka Bar -Scrumdiddlyumptious,65.93,19,36.28,29.65,3,55.03,1.91,1.56,3.47,Lot's O' Nuts,32.881893,-111.768036
1226,US-2024-11226-CH,2025-11-30,2025-12-07,Standard Class,CUST-13881,United States,Athens,Georgia,30605,Sugar,Gulf,PROD-9885,Fun Dip,178.56,24,72.19,106.37,7,40.43,3.01,4.43,7.44,Sugar Shack,48.11914,-96.18115
1227,US-2024-11227-CH,2025-05-28,2025-06-04,Second Class,CUST-10246,United States,Naperville,Illinois,60540,Sugar,Interior,PROD-6629,SweeTARTS,469.66,46,138.33,331.33,7,29.45,3.01,7.2,10.21,Sugar Shack,48.11914,-96.18115
1228,US-2024-11228-CH,2025-09-15,2025-09-18,Second Class,CUST-13691,United States,Chicago,Illinois,60601,Chocolate,Interior,PROD-3893,Wonka Bar - Fudge Mallows,384.16,49,192.28,191.88,3,50.05,3.92,3.92,7.84,Lot's O' Nuts,32.881893,-111.768036
1229,US-2024-11229-CH,2024-09-09,2024-09-12,Same Day,CUST-15487,United States,Philadelphia,Pennsylvania,19143,Other,Atlantic,PROD-2646,Kazookles,440.0,40,87.22,352.78,3,19.82,2.18,8.82,11.0,The Other Factory,35.1175,-89.971107
1230,US-2024-11230-CH,2026-01-29,2026-02-05,Standard Class,CUST-16793,United States,Atlanta,Georgia,30301,Sugar,Gulf,PROD-2120,Everlasting Gobstopper,86.76,18,24.86,61.9,7,28.65,1.38,3.44,4.82,Secret Factory,41.446333,-90.565487
1231,US-2024-11231-CH,2025-11-13,2025-11-17,Standard Class,CUST-12809,United States,New York,New York,10001,Other,Atlantic,PROD-9415,Wonka Gum,346.43,49,88.11,258.32,4,25.43,1.8,5.27,7.07,Secret Factory,41.446333,-90.565487
1232,US-2024-11232-CH,2025-01-04,2025-01-06,Standard Class,CUST-17292,United States,Henderson,Kentucky,42420,Other,Gulf,PROD-9359,Fizzy Lifting Drinks,249.6,39,7.91,241.69,2,3.17,0.2,6.2,6.4,Sugar Shack,48.11914,-96.18115
1233,US-2024-11233-CH,2026-05-30,2026-06-01,Standard Class,CUST-19852,United States,Philadelphia,Pennsylvania,19143,Chocolate,Atlantic,PROD-3893,Wonka Bar - Fudge Mallows,132.3,35,69.33,62.97,2,52.4,1.98,1.8,3.78,Lot's O' Nuts,32.881893,-111.768036
1234,US-2024-11234-CH,2024-08-04,2024-08-08,First Class,CUST-14301,United States,Henderson,Kentucky,42420,Other,Gulf,PROD-9359,Fizzy Lifting Drinks,296.02,38,-7.43,303.45,4,-2.51,-0.2,7.99,7.79,Sugar Shack,48.11914,-96.18115
1235,US-2024-11235-CH,2025-11-30,2025-12-03,Standard Class,CUST-14916,United States,New York,New York,10001,Sugar,Atlantic,PROD-5646,Nerds,456.23,43,129.77,326.46,3,28.44,3.02,7.59,10.61,Sugar Shack,48.11914,-96.18115
1236,US-2024-11236-CH,2024-01-24,2024-01-26,Standard Class,CUST-10910,United States,Chicago,Illinois,60601,Chocolate,Interior,PROD-0874,Wonka Bar - Milk Chocolate,370.04,44,203.65,166.39,2,55.03,4.63,3.78,8.41,Wicked Choccy's,32.076176,-81.088371
1237,US-2024-11237-CH,2025-05-29,2025-06-01,Second Class,CUST-14722,United States,Los Angeles,California,90049,Chocolate,Pacific,PROD-3776,Wonka Bar -Scrumdiddlyumptious,130.88,32,58.28,72.6,3,44.53,1.82,2.27,4.09,Lot's O' Nuts,32.881893,-111.768036
1238,US-2024-11238-CH,2026-04-24,2026-05-01,First Class,CUST-11400,United States,Henderson,Kentucky,42420,Other,Gulf,PROD-0345,Lickable Wallpaper,334.08,48,25.91,308.17,7,7.76,0.54,6.42,6.96,Secret Factory,41.446333,-90.565487
1239,US-2024-11239-CH,2025-10-28,2025-11-02,First Class,CUST-15062,United States,Naperville,Illinois,60540,Other,Interior,PROD-9415,Wonka Gum,438.55,49,106.41,332.14,5,24.26,2.17,6.78,8.95,Secret Factory,41.446333,-90.565487
1240,US-2024-11240-CH,2025-09-15,2025-09-18,Second Class,CUST-10949,United States,Los Angeles,California,90049,Chocolate,Pacific,PROD-0874,Wonka Bar - Milk Chocolate,341.22,47,195.09,146.13,3,57.17,4.15,3.11,7.26,Wicked Choccy's,32.076176,-81.088371
1241,US-2024-11241-CH,2025-05-03,2025-05-07,Standard Class,CUST-16994,United States,Atlanta,Georgia,30301,Chocolate,Gulf,PROD-7514,Wonka Bar - Triple Dazzle Caramel,306.0,36,168.03,137.97,4,54.91,4.67,3.83,8.5,Wicked Choccy's,32.076176,-81.088371
1242,US-2024-11242-CH,2025-09-12,2025-09-16,Standard Class,CUST-13765,United States,Los Angeles,California,90049,Sugar,Pacific,PROD-2533,Laffy Taffy,348.3,43,124.14,224.16,4,35.64,2.89,5.21,8.1,Sugar Shack,48.11914,-96.18115
1243,US-2024-11243-CH,2026-02-18,2026-02-21,Standard Class,CUST-14179,United States,Houston,Texas,77095,Sugar,Gulf,PROD-2120,Everlasting Gobstopper,64.09,13,8.34,55.75,3,13.01,0.64,4.29,4.93,Secret Factory,41.446333,-90.565487
1244,US-2024-11244-CH,2024-06-24,2024-06-26,Standard Class,CUST-10666,United States,Chicago,Illinois,60601,Sugar,Interior,PROD-0725,Hair Toffee,149.75,25,15.68,134.07,2,10.47,0.63,5.36,5.99,The Other Factory,35.1175,-89.971107
1245,US-2024-11245-CH,2024-01-13,2024-01-18,First Class,CUST-15229,United States,Philadelphia,Pennsylvania,19143,Chocolate,Atlantic,PROD-7514,Wonka Bar - Triple Dazzle Caramel,441.12,48,230.76,210.36,5,52.31,4.81,4.38,9.19,Wicked Choccy's,32.076176,-81.088371
1246,US-2024-11246-CH,2025-06-09,2025-06-12,First Class,CUST-16574,United States,Henderson,Kentucky,42420,Chocolate,Gulf,PROD-7514,Wonka Bar - Triple Dazzle Caramel,259.12,41,150.09,109.03,3,57.92,3.66,2.66,6.32,Wicked Choccy's,32.076176,-81.088371
1247,US-2024-11247-CH,2024-03-30,2024-04-02,Standard Class,CUST-11756,United States,Houston,Texas,77095,Other,Gulf,PROD-9415,Wonka Gum,238.0,20,39.42,198.58,3,16.56,1.97,9.93,11.9,Secret Factory,41.446333,-90.565487
1248,US-2024-11248-CH,2026-02-16,2026-02-20,Standard Class,CUST-10324,United States,Houston,Texas,77095,Other,Gulf,PROD-2646,Kazookles,166.09,17,49.26,116.83,4,29.66,2.9,6.87,9.77,The Other Factory,35.1175,-89.971107
1249,US-2024-11249-CH,2025-08-06,2025-08-09,Standard Class,CUST-12019,United States,Philadelphia,Pennsylvania,19143,Other,Atlantic,PROD-9359,Fizzy Lifting Drinks,104.04,17,12.01,92.03,3,11.54,0.71,5.41,6.12,Sugar Shack,48.11914,-96.18115
1250,US-2024-11250-CH,2025-09-14,2025-09-21,Second Class,CUST-13081,United States,New York,New York,10001,Sugar,Atlantic,PROD-5646,Nerds,109.99,17,48.24,61.75,7,43.86,2.84,3.63,6.47,Sugar Shack,48.11914,-96.18115
1251,US-2024-11251-CH,2025-02-16,2025-02-20,Second Class,CUST-16540,United States,Athens,Georgia,30605,Sugar,Gulf,PROD-9885,Fun Dip,312.3,45,117.21,195.09,4,37.53,2.6,4.34,6.94,Sugar Shack,48.11914,-96.18115
1252,US-2024-11252-CH,2024-10-03,2024-10-06,First Class,CUST-15024,United States,Philadelphia,Pennsylvania,19143,Other,Atlantic,PROD-9415,Wonka Gum,64.92,6,19.5,45.42,3,30.04,3.25,7.57,10.82,Secret Factory,41.446333,-90.565487
1253,US-2024-11253-CH,2024-06-07,2024-06-10,Standard Class,CUST-12369,United States,New York,New York,10001,Chocolate,Atlantic,PROD-0874,Wonka Bar - Milk Chocolate,204.4,28,119.98,84.42,3,58.7,4.28,3.02,7.3,Wicked Choccy's,32.076176,-81.088371
1254,US-2024-11254-CH,2025-06-12,2025-06-15,Second Class,CUST-14905,United States,Naperville,Illinois,60540,Sugar,Interior,PROD-0725,Hair Toffee,25.1,5,4.71,20.39,3,18.76,0.94,4.08,5.02,The Other Factory,35.1175,-89.971107
1255,US-2024-11255-CH,2025-11-23,2025-11-26,Standard Class,CUST-13925,United States,Los Angeles,California,90049,Chocolate,Pacific,PROD-0874,Wonka Bar - Milk Chocolate,207.0,18,101.22,105.78,3,48.9,5.62,5.88,11.5,Wicked Choccy's,32.076176,-81.088371
1256,US-2024-11256-CH,2025-08-16,2025-08-19,Standard Class,CUST-14071,United States,Henderson,Kentucky,42420,Chocolate,Gulf,PROD-3893,Wonka Bar - Fudge Mallows,212.22,18,129.64,82.58,3,61.09,7.2,4.59,11.79,Lot's O' Nuts,32.881893,-111.768036
1257,US-2024-11257-CH,2025-07-08,2025-07-11,Same Day,CUST-12945,United States,New York,New York,10001,Other,Atlantic,PROD-2646,Kazookles,171.38,38,44.25,127.13,3,25.82,1.16,3.35,4.51,The Other Factory,35.1175,-89.971107
1258,US-2024-11258-CH,2025-07-21,2025-07-24,Standard Class,CUST-11152,United States,Athens,Georgia,30605,Sugar,Gulf,PROD-2533,Laffy Taffy,181.74,26,59.35,122.39,3,32.66,2.28,4.71,6.99,Sugar Shack,48.11914,-96.18115
1259,US-2024-11259-CH,2024-09-02,2024-09-07,First Class,CUST-15977,United States,Henderson,Kentucky,42420,Sugar,Gulf,PROD-9885,Fun Dip,383.67,49,113.44,270.23,5,29.57,2.32,5.51,7.83,Sugar Shack,48.11914,-96.18115
1260,US-2024-11260-CH,2025-03-17,2025-03-20,Standard Class,CUST-17078,United States,Henderson,Kentucky,42420,Sugar,Gulf,PROD-0725,Hair Toffee,189.45,45,53.76,135.69,3,28.38,1.19,3.02,4.21,The Other Factory,35.1175,-89.971107
1261,US-2024-11261-CH,2026-03-16,2026-03-20,Standard Class,CUST-12957,United States,Seattle,Washington,98101,Chocolate,Pacific,PROD-3776,Wonka Bar -Scrumdiddlyumptious,130.25,25,68.55,61.7,4,52.63,2.74,2.47,5.21,Lot's O' Nuts,32.881893,-111.768036
1262,US-2024-11262-CH,2024-04-05,2024-04-08,First Class,CUST-12567,United States,Atlanta,Georgia,30301,Chocolate,Gulf,PROD-7514,Wonka Bar - Triple Dazzle Caramel,172.8,40,71.28,101.52,3,41.25,1.78,2.54,4.32,Wicked Choccy's,32.076176,-81.088371
1263,US-2024-11263-CH,2024-02-12,2024-02-16,Standard Class,CUST-11178,United States,Atlanta,Georgia,30301,Other,Gulf,PROD-2646,Kazookles,302.96,28,52.86,250.1,4,17.45,1.89,8.93,10.82,The Other Factory,35.1175,-89.971107
1264,US-2024-11264-CH,2025-11-09,2025-11-12,First Class,CUST-15612,United States,Chicago,Illinois,60601,Sugar,Interior,PROD-9885,Fun Dip,79.65,27,33.92,45.73,3,42.59,1.26,1.69,2.95,Sugar Shack,48.11914,-96.18115
1265,US-2024-11265-CH,2024-07-31,2024-08-07,Second Class,CUST-12406,United States,Philadelphia,Pennsylvania,19143,Other,Atlantic,PROD-9359,Fizzy Lifting Drinks,354.92,38,-10.05,364.97,7,-2.83,-0.26,9.6,9.34,Sugar Shack,48.11914,-96.18115
1266,US-2024-11266-CH,2026-05-30,2026-06-01,Standard Class,CUST-10702,United States,Naperville,Illinois,60540,Sugar,Interior,PROD-9885,Fun Dip,65.04,24,25.2,39.84,2,38.75,1.05,1.66,2.71,Sugar Shack,48.11914,-96.18115
1267,US-2024-11267-CH,2025-03-08,2025-03-11,Standard Class,CUST-10309,United States,Atlanta,Georgia,30301,Chocolate,Gulf,PROD-8572,Wonka Bar - Nutty Crunch Surprise,66.44,22,36.49,29.95,3,54.92,1.66,1.36,3.02,Lot's O' Nuts,32.881893,-111.768036
1268,US-2024-11268-CH,2026-05-30,2026-06-01,Standard Class,CUST-10015,United States,Athens,Georgia,30605,Sugar,Gulf,PROD-9885,Fun Dip,55.52,8,14.67,40.85,2,26.42,1.83,5.11,6.94,Sugar Shack,48.11914,-96.18115
1269,US-2024-11269-CH,2025-10-07,2025-10-10,Standard Class,CUST-16412,United States,Naperville,Illinois,60540,Other,Interior,PROD-9415,Wonka Gum,27.12,6,6.89,20.23,3,25.41,1.15,3.37,4.52,Secret Factory,41.446333,-90.565487
1270,US-2024-11270-CH,2024-11-11,2024-11-14,Standard Class,CUST-13046,United States,Seattle,Washington,98101,Other,Pacific,PROD-9415,Wonka Gum,226.49,29,26.02,200.47,3,11.49,0.9,6.91,7.81,Secret Factory,41.446333,-90.565487
1271,US-2024-11271-CH,2025-11-27,2025-11-30,Second Class,CUST-10763,United States,Seattle,Washington,98101,Sugar,Pacific,PROD-2120,Everlasting Gobstopper,90.0,18,21.96,68.04,3,24.4,1.22,3.78,5.0,Secret Factory,41.446333,-90.565487
1272,US-2024-11272-CH,2026-03-26,2026-03-29,Standard Class,CUST-19771,United States,Naperville,Illinois,60540,Sugar,Interior,PROD-2533,Laffy Taffy,24.43,7,7.27,17.16,3,29.76,1.04,2.45,3.49,Sugar Shack,48.11914,-96.18115
1273,US-2024-11273-CH,2026-01-23,2026-01-26,Standard Class,CUST-17433,United States,Atlanta,Georgia,30301,Sugar,Gulf,PROD-9885,Fun Dip,404.41,37,123.99,280.42,3,30.66,3.35,7.58,10.93,Sugar Shack,48.11914,-96.18115
1274,US-2024-11274-CH,2025-12-31,2026-01-04,Standard Class,CUST-10131,United States,Henderson,Kentucky,42420,Sugar,Gulf,PROD-9885,Fun Dip,103.04,32,39.4,63.64,4,38.24,1.23,1.99,3.22,Sugar Shack,48.11914,-96.18115
1275,US-2024-11275-CH,2024-05-11,2024-05-14,Standard Class,CUST-11558,United States,Atlanta,Georgia,30301,Chocolate,Gulf,PROD-0874,Wonka Bar - Milk Chocolate,349.99,31,219.55,130.44,3,62.73,7.08,4.21,11.29,Wicked Choccy's,32.076176,-81.088371
1276,US-2024-11276-CH,2025-08-06,2025-08-08,First Class,CUST-13791,United States,Henderson,Kentucky,42420,Sugar,Gulf,PROD-2533,Laffy Taffy,151.98,34,65.9,86.08,2,43.36,1.94,2.53,4.47,Sugar Shack,48.11914,-96.18115
1277,US-2024-11277-CH,2024-03-05,2024-03-08,Standard Class,CUST-18520,United States,Houston,Texas,77095,Sugar,Gulf,PROD-6629,SweeTARTS,415.84,46,159.77,256.07,3,38.42,3.47,5.57,9.04,Sugar Shack,48.11914,-96.18115
1278,US-2024-11278-CH,2025-03-13,2025-03-17,Standard Class,CUST-12558,United States,Houston,Texas,77095,Other,Gulf,PROD-0345,Lickable Wallpaper,45.54,18,2.25,43.29,4,4.94,0.12,2.4,2.53,Secret Factory,41.446333,-90.565487
1279,US-2024-11279-CH,2024-08-26,2024-08-29,Standard Class,CUST-15989,United States,Los Angeles,California,90049,Chocolate,Pacific,PROD-0874,Wonka Bar - Milk Chocolate,72.8,7,39.53,33.27,3,54.3,5.65,4.75,10.4,Wicked Choccy's,32.076176,-81.088371
1280,US-2024-11280-CH,2024-04-27,2024-04-30,Same Day,CUST-13280,United States,Chicago,Illinois,60601,Chocolate,Interior,PROD-3893,Wonka Bar - Fudge Mallows,129.2,38,82.38,46.82,3,63.76,2.17,1.23,3.4,Lot's O' Nuts,32.881893,-111.768036
1281,US-2024-11281-CH,2025-06-02,2025-06-04,Standard Class,CUST-14862,United States,Naperville,Illinois,60540,Chocolate,Interior,PROD-7514,Wonka Bar - Triple Dazzle Caramel,10.48,2,4.61,5.87,2,43.99,2.31,2.94,5.24,Wicked Choccy's,32.076176,-81.088371
1282,US-2024-11282-CH,2024-07-27,2024-07-30,Standard Class,CUST-11469,United States,New York,New York,10001,Chocolate,Atlantic,PROD-3893,Wonka Bar - Fudge Mallows,146.16,21,84.78,61.38,3,58.0,4.04,2.92,6.96,Lot's O' Nuts,32.881893,-111.768036
1283,US-2024-11283-CH,2026-02-19,2026-02-23,Standard Class,CUST-11612,United States,Atlanta,Georgia,30301,Chocolate,Gulf,PROD-0874,Wonka Bar - Milk Chocolate,416.4,40,196.19,220.21,4,47.12,4.9,5.51,10.41,Wicked Choccy's,32.076176,-81.088371
1284,US-2024-11284-CH,2024-12-22,2024-12-25,Standard Class,CUST-17202,United States,Philadelphia,Pennsylvania,19143,Sugar,Atlantic,PROD-0725,Hair Toffee,113.4,35,37.8,75.6,3,33.33,1.08,2.16,3.24,The Other Factory,35.1175,-89.971107
1285,US-2024-11285-CH,2025-01-05,2025-01-09,Standard Class,CUST-19379,United States,New York,New York,10001,Sugar,Atlantic,PROD-2120,Everlasting Gobstopper,147.9,15,16.04,131.86,4,10.85,1.07,8.79,9.86,Secret Factory,41.446333,-90.565487
1286,US-2024-11286-CH,2024-08-07,2024-08-10,Standard Class,CUST-18722,United States,Chicago,Illinois,60601,Sugar,Interior,PROD-6629,SweeTARTS,55.48,19,18.24,37.24,3,32.88,0.96,1.96,2.92,Sugar Shack,48.11914,-96.18115
1287,US-2024-11287-CH,2025-04-19,2025-04-23,Second Class,CUST-11491,United States,New York,New York,10001,Other,Atlantic,PROD-2646,Kazookles,352.16,31,57.09,295.07,4,16.21,1.84,9.52,11.36,The Other Factory,35.1175,-89.971107
1288,US-2024-11288-CH,2024-05-12,2024-05-16,Standard Class,CUST-15981,United States,Atlanta,Georgia,30301,Other,Gulf,PROD-9415,Wonka Gum,167.52,16,41.13,126.39,4,24.55,2.57,7.9,10.47,Secret Factory,41.446333,-90.565487
1289,US-2024-11289-CH,2026-03-11,2026-03-14,Standard Class,CUST-11546,United States,Atlanta,Georgia,30301,Other,Gulf,PROD-9415,Wonka Gum,266.77,37,81.68,185.09,3,30.62,2.21,5.0,7.21,Secret Factory,41.446333,-90.565487
1290,US-2024-11290-CH,2024-03-05,2024-03-07,Standard Class,CUST-11033,United States,Philadelphia,Pennsylvania,19143,Sugar,Atlantic,PROD-6629,SweeTARTS,99.45,17,39.04,60.41,2,39.26,2.3,3.55,5.85,Sugar Shack,48.11914,-96.18115
1291,US-2024-11291-CH,2025-07-27,2025-07-30,Standard Class,CUST-13897,United States,Atlanta,Georgia,30301,Chocolate,Gulf,PROD-3776,Wonka Bar -Scrumdiddlyumptious,39.9,7,16.1,23.8,3,40.35,2.3,3.4,5.7,Lot's O' Nuts,32.881893,-111.768036
1292,US-2024-11292-CH,2024-01-27,2024-01-30,Standard Class,CUST-17429,United States,Los Angeles,California,90049,Sugar,Pacific,PROD-2533,Laffy Taffy,225.17,23,86.01,139.16,3,38.2,3.74,6.05,9.79,Sugar Shack,48.11914,-96.18115
1293,US-2024-11293-CH,2026-05-19,2026-05-22,Standard Class,CUST-11032,United States,New York,New York,10001,Chocolate,Atlantic,PROD-3893,Wonka Bar - Fudge Mallows,525.93,47,218.84,307.09,3,41.61,4.66,6.53,11.19,Lot's O' Nuts,32.881893,-111.768036
1294,US-2024-11294-CH,2026-03-02,2026-03-04,First Class,CUST-17730,United States,Chicago,Illinois,60601,Chocolate,Interior,PROD-0874,Wonka Bar - Milk Chocolate,250.6,35,122.69,127.91,2,48.96,3.51,3.65,7.16,Wicked Choccy's,32.076176,-81.088371
1295,US-2024-11295-CH,2025-11-09,2025-11-13,Standard Class,CUST-18097,United States,Atlanta,Georgia,30301,Chocolate,Gulf,PROD-0874,Wonka Bar - Milk Chocolate,222.64,46,139.34,83.3,4,62.59,3.03,1.81,4.84,Wicked Choccy's,32.076176,-81.088371
1296,US-2024-11296-CH,2024-03-02,2024-03-05,Standard Class,CUST-11454,United States,Henderson,Kentucky,42420,Chocolate,Gulf,PROD-8572,Wonka Bar - Nutty Crunch Surprise,252.72,27,113.12,139.6,3,44.76,4.19,5.17,9.36,Lot's O' Nuts,32.881893,-111.768036
1297,US-2024-11297-CH,2025-06-08,2025-06-11,First Class,CUST-15095,United States,Seattle,Washington,98101,Chocolate,Pacific,PROD-3776,Wonka Bar -Scrumdiddlyumptious,186.12,33,102.15,83.97,3,54.88,3.1,2.54,5.64,Lot's O' Nuts,32.881893,-111.768036
1298,US-2024-11298-CH,2024-11-17,2024-11-19,First Class,CUST-11740,United States,Henderson,Kentucky,42420,Chocolate,Gulf,PROD-3776,Wonka Bar -Scrumdiddlyumptious,134.16,12,62.91,71.25,2,46.89,5.24,5.94,11.18,Lot's O' Nuts,32.881893,-111.768036
1299,US-2024-11299-CH,2024-06-26,2024-06-30,Standard Class,CUST-11217,United States,Houston,Texas,77095,Other,Gulf,PROD-9359,Fizzy Lifting Drinks,181.5,25,4.35,177.15,4,2.4,0.17,7.09,7.26,Sugar Shack,48.11914,-96.18115
1300,US-2024-11300-CH,2026-06-06,2026-06-11,Standard Class,CUST-14589,United States,Chicago,Illinois,60601,Chocolate,Interior,PROD-7514,Wonka Bar - Triple Dazzle Caramel,243.0,30,109.39,133.61,5,45.02,3.65,4.45,8.1,Wicked Choccy's,32.076176,-81.088371
1301,US-2024-11301-CH,2024-10-06,2024-10-09,First Class,CUST-11059,United States,Henderson,Kentucky,42420,Other,Gulf,PROD-9359,Fizzy Lifting Drinks,476.01,43,76.64,399.37,3,16.1,1.78,9.29,11.07,Sugar Shack,48.11914,-96.18115
1302,US-2024-11302-CH,2024-08-20,2024-08-24,Standard Class,CUST-16748,United States,Houston,Texas,77095,Sugar,Gulf,PROD-2120,Everlasting Gobstopper,45.45,15,9.23,36.22,4,20.31,0.62,2.41,3.03,Secret Factory,41.446333,-90.565487
1303,US-2024-11303-CH,2025-03-29,2025-04-02,Standard Class,CUST-13201,United States,Houston,Texas,77095,Chocolate,Gulf,PROD-3776,Wonka Bar -Scrumdiddlyumptious,121.38,14,61.43,59.95,4,50.61,4.39,4.28,8.67,Lot's O' Nuts,32.881893,-111.768036
1304,US-2024-11304-CH,2025-02-07,2025-02-10,First Class,CUST-19083,United States,Chicago,Illinois,60601,Other,Interior,PROD-2646,Kazookles,224.64,24,26.66,197.98,3,11.87,1.11,8.25,9.36,The Other Factory,35.1175,-89.971107
1305,US-2024-11305-CH,2024-08-11,2024-08-14,Standard Class,CUST-11218,United States,Houston,Texas,77095,Other,Gulf,PROD-0345,Lickable Wallpaper,10.4,4,0.14,10.26,3,1.35,0.04,2.56,2.6,Secret Factory,41.446333,-90.565487
1306,US-2024-11306-CH,2024-11-29,2024-12-02,Standard Class,CUST-12816,United States,Philadelphia,Pennsylvania,19143,Other,Atlantic,PROD-0345,Lickable Wallpaper,44.2,4,3.11,41.09,3,7.04,0.78,10.27,11.05,Secret Factory,41.446333,-90.565487
1307,US-2024-11307-CH,2025-01-25,2025-01-28,Same Day,CUST-12057,United States,New York,New York,10001,Sugar,Atlantic,PROD-5646,Nerds,133.92,12,46.93,86.99,3,35.04,3.91,7.25,11.16,Sugar Shack,48.11914,-96.18115
1308,US-2024-11308-CH,2025-08-20,2025-08-25,Standard Class,CUST-15125,United States,Philadelphia,Pennsylvania,19143,Sugar,Atlantic,PROD-5646,Nerds,253.89,39,70.93,182.96,5,27.94,1.82,4.69,6.51,Sugar Shack,48.11914,-96.18115
1309,US-2024-11309-CH,2025-07-01,2025-07-03,Standard Class,CUST-10772,United States,Houston,Texas,77095,Chocolate,Gulf,PROD-7514,Wonka Bar - Triple Dazzle Caramel,242.58,26,143.73,98.85,2,59.25,5.53,3.8,9.33,Wicked Choccy's,32.076176,-81.088371
1310,US-2024-11310-CH,2025-01-12,2025-01-15,Standard Class,CUST-11803,United States,Henderson,Kentucky,42420,Sugar,Gulf,PROD-5646,Nerds,182.04,41,52.29,129.75,3,28.72,1.28,3.16,4.44,Sugar Shack,48.11914,-96.18115
1311,US-2024-11311-CH,2025-07-28,2025-07-31,Second Class,CUST-15506,United States,Houston,Texas,77095,Sugar,Gulf,PROD-2120,Everlasting Gobstopper,364.42,38,91.53,272.89,3,25.12,2.41,7.18,9.59,Secret Factory,41.446333,-90.565487
1312,US-2024-11312-CH,2025-07-03,2025-07-05,Second Class,CUST-14927,United States,Los Angeles,California,90049,Other,Pacific,PROD-9415,Wonka Gum,333.9,45,102.83,231.07,2,30.8,2.29,5.13,7.42,Secret Factory,41.446333,-90.565487
1313,US-2024-11313-CH,2024-07-17,2024-07-22,Standard Class,CUST-13275,United States,Seattle,Washington,98101,Sugar,Pacific,PROD-2533,Laffy Taffy,28.7,5,11.65,17.05,5,40.59,2.33,3.41,5.74,Sugar Shack,48.11914,-96.18115
1314,US-2024-11314-CH,2026-04-09,2026-04-16,Standard Class,CUST-18584,United States,Atlanta,Georgia,30301,Chocolate,Gulf,PROD-3776,Wonka Bar -Scrumdiddlyumptious,145.86,17,92.59,53.27,7,63.48,5.45,3.13,8.58,Lot's O' Nuts,32.881893,-111.768036
1315,US-2024-11315-CH,2025-07-06,2025-07-10,Second Class,CUST-15011,United States,Chicago,Illinois,60601,Sugar,Interior,PROD-0725,Hair Toffee,54.48,12,14.08,40.4,4,25.84,1.17,3.37,4.54,The Other Factory,35.1175,-89.971107
1316,US-2024-11316-CH,2025-08-06,2025-08-10,Second Class,CUST-14422,United States,Houston,Texas,77095,Sugar,Gulf,PROD-6629,SweeTARTS,223.52,44,64.16,159.36,4,28.7,1.46,3.62,5.08,Sugar Shack,48.11914,-96.18115
1317,US-2024-11317-CH,2024-10-22,2024-10-25,Second Class,CUST-17276,United States,Philadelphia,Pennsylvania,19143,Other,Atlantic,PROD-2646,Kazookles,220.89,37,43.78,177.11,3,19.82,1.18,4.79,5.97,The Other Factory,35.1175,-89.971107
1318,US-2024-11318-CH,2024-04-14,2024-04-16,Standard Class,CUST-19555,United States,Philadelphia,Pennsylvania,19143,Sugar,Atlantic,PROD-9885,Fun Dip,78.68,28,19.69,58.99,2,25.03,0.7,2.11,2.81,Sugar Shack,48.11914,-96.18115
1319,US-2024-11319-CH,2025-06-27,2025-06-30,First Class,CUST-19476,United States,Philadelphia,Pennsylvania,19143,Other,Atlantic,PROD-0345,Lickable Wallpaper,287.06,31,43.02,244.04,3,14.99,1.39,7.87,9.26,Secret Factory,41.446333,-90.565487
1320,US-2024-11320-CH,2025-11-06,2025-11-09,Second Class,CUST-10195,United States,Houston,Texas,77095,Other,Gulf,PROD-2646,Kazookles,44.0,10,5.84,38.16,3,13.27,0.58,3.82,4.4,The Other Factory,35.1175,-89.971107
1321,US-2024-11321-CH,2025-10-08,2025-10-12,Second Class,CUST-10721,United States,Atlanta,Georgia,30301,Sugar,Gulf,PROD-9885,Fun Dip,13.25,5,4.0,9.25,4,30.19,0.8,1.85,2.65,Sugar Shack,48.11914,-96.18115
1322,US-2024-11322-CH,2024-06-13,2024-06-17,Standard Class,CUST-19294,United States,Atlanta,Georgia,30301,Sugar,Gulf,PROD-5646,Nerds,35.23,13,12.34,22.89,4,35.03,0.95,1.76,2.71,Sugar Shack,48.11914,-96.18115
1323,US-2024-11323-CH,2026-06-12,2026-06-15,Standard Class,CUST-19387,United States,Atlanta,Georgia,30301,Other,Gulf,PROD-0345,Lickable Wallpaper,345.12,48,45.58,299.54,3,13.21,0.95,6.24,7.19,Secret Factory,41.446333,-90.565487
1324,US-2024-11324-CH,2026-01-21,2026-01-23,Same Day,CUST-18052,United States,New York,New York,10001,Sugar,Atlantic,PROD-9885,Fun Dip,176.16,16,49.77,126.39,2,28.25,3.11,7.9,11.01,Sugar Shack,48.11914,-96.18115
1325,US-2024-11325-CH,2025-02-03,2025-02-06,Second Class,CUST-10173,United States,New York,New York,10001,Chocolate,Atlantic,PROD-0874,Wonka Bar - Milk Chocolate,83.26,23,54.05,29.21,3,64.92,2.35,1.27,3.62,Wicked Choccy's,32.076176,-81.088371
1326,US-2024-11326-CH,2025-05-15,2025-05-19,Second Class,CUST-13057,United States,Atlanta,Georgia,30301,Chocolate,Gulf,PROD-0874,Wonka Bar - Milk Chocolate,20.48,2,8.63,11.85,4,42.14,4.32,5.92,10.24,Wicked Choccy's,32.076176,-81.088371
1327,US-2024-11327-CH,2026-05-03,2026-05-06,Standard Class,CUST-17053,United States,Chicago,Illinois,60601,Sugar,Interior,PROD-0725,Hair Toffee,103.35,13,32.63,70.72,3,31.57,2.51,5.44,7.95,The Other Factory,35.1175,-89.971107
1328,US-2024-11328-CH,2025-09-30,2025-10-03,Standard Class,CUST-14869,United States,Los Angeles,California,90049,Chocolate,Pacific,PROD-3893,Wonka Bar - Fudge Mallows,44.1,7,21.68,22.42,3,49.16,3.1,3.2,6.3,Lot's O' Nuts,32.881893,-111.768036
1329,US-2024-11329-CH,2025-01-16,2025-01-20,First Class,CUST-12343,United States,Atlanta,Georgia,30301,Chocolate,Gulf,PROD-0874,Wonka Bar - Milk Chocolate,249.28,38,112.02,137.26,4,44.94,2.95,3.61,6.56,Wicked Choccy's,32.076176,-81.088371
1330,US-2024-11330-CH,2025-06-13,2025-06-17,Standard Class,CUST-15400,United States,Atlanta,Georgia,30301,Sugar,Gulf,PROD-2120,Everlasting Gobstopper,175.11,39,43.74,131.37,4,24.98,1.12,3.37,4.49,Secret Factory,41.446333,-90.565487
1331,US-2024-11331-CH,2025-04-03,2025-04-07,Standard Class,CUST-12372,United States,Atlanta,Georgia,30301,Sugar,Gulf,PROD-0725,Hair Toffee,23.88,3,7.3,16.58,4,30.57,2.43,5.53,7.96,The Other Factory,35.1175,-89.971107
1332,US-2024-11332-CH,2025-08-14,2025-08-17,Standard Class,CUST-10333,United States,Houston,Texas,77095,Sugar,Gulf,PROD-5646,Nerds,324.48,32,93.06,231.42,3,28.68,2.91,7.23,10.14,Sugar Shack,48.11914,-96.18115
1333,US-2024-11333-CH,2025-02-14,2025-02-18,Standard Class,CUST-15659,United States,Philadelphia,Pennsylvania,19143,Sugar,Atlantic,PROD-5646,Nerds,170.68,17,75.75,94.93,4,44.38,4.46,5.58,10.04,Sugar Shack,48.11914,-96.18115
1334,US-2024-11334-CH,2024-01-09,2024-01-12,Standard Class,CUST-14664,United States,Athens,Georgia,30605,Sugar,Gulf,PROD-9885,Fun Dip,101.4,13,43.95,57.45,3,43.34,3.38,4.42,7.8,Sugar Shack,48.11914,-96.18115
1335,US-2024-11335-CH,2025-10-17,2025-10-20,Standard Class,CUST-16813,United States,Athens,Georgia,30605,Sugar,Gulf,PROD-2533,Laffy Taffy,185.46,33,80.05,105.41,3,43.16,2.43,3.19,5.62,Sugar Shack,48.11914,-96.18115
1336,US-2024-11336-CH,2024-03-18,2024-03-20,Standard Class,CUST-19895,United States,Atlanta,Georgia,30301,Sugar,Gulf,PROD-9885,Fun Dip,107.82,18,46.53,61.29,2,43.16,2.58,3.4,5.99,Sugar Shack,48.11914,-96.18115
1337,US-2024-11337-CH,2024-07-04,2024-07-07,First Class,CUST-15280,United States,Seattle,Washington,98101,Chocolate,Pacific,PROD-8572,Wonka Bar - Nutty Crunch Surprise,114.41,17,74.35,40.06,3,64.99,4.37,2.36,6.73,Lot's O' Nuts,32.881893,-111.768036
1338,US-2024-11338-CH,2024-05-07,2024-05-12,Second Class,CUST-15158,United States,Chicago,Illinois,60601,Chocolate,Interior,PROD-8572,Wonka Bar - Nutty Crunch Surprise,84.72,24,43.9,40.82,5,51.82,1.83,1.7,3.53,Lot's O' Nuts,32.881893,-111.768036
1339,US-2024-11339-CH,2026-05-10,2026-05-12,Standard Class,CUST-11076,United States,New York,New York,10001,Other,Atlantic,PROD-0345,Lickable Wallpaper,219.5,25,3.63,215.87,2,1.65,0.15,8.63,8.78,Secret Factory,41.446333,-90.565487
1340,US-2024-11340-CH,2024-02-03,2024-02-06,Standard Class,CUST-17017,United States,Naperville,Illinois,60540,Chocolate,Interior,PROD-0874,Wonka Bar - Milk Chocolate,23.73,3,15.0,8.73,3,63.21,5.0,2.91,7.91,Wicked Choccy's,32.076176,-81.088371
1341,US-2024-11341-CH,2025-12-24,2025-12-27,Standard Class,CUST-14588,United States,Los Angeles,California,90049,Sugar,Pacific,PROD-0725,Hair Toffee,106.59,11,28.43,78.16,3,26.67,2.58,7.11,9.69,The Other Factory,35.1175,-89.971107
1342,US-2024-11342-CH,2025-10-07,2025-10-12,Second Class,CUST-16118,United States,New York,New York,10001,Chocolate,Atlantic,PROD-3893,Wonka Bar - Fudge Mallows,179.25,25,97.04,82.21,5,54.14,3.88,3.29,7.17,Lot's O' Nuts,32.881893,-111.768036
1343,US-2024-11343-CH,2025-09-17,2025-09-19,Second Class,CUST-16342,United States,Henderson,Kentucky,42420,Chocolate,Gulf,PROD-3893,Wonka Bar - Fudge Mallows,457.6,44,289.72,167.88,2,63.31,6.58,3.82,10.4,Lot's O' Nuts,32.881893,-111.768036
1344,US-2024-11344-CH,2024-02-04,2024-02-07,Standard Class,CUST-12899,United States,Philadelphia,Pennsylvania,19143,Chocolate,Atlantic,PROD-0874,Wonka Bar - Milk Chocolate,265.19,23,148.13,117.06,3,55.86,6.44,5.09,11.53,Wicked Choccy's,32.076176,-81.088371
1345,US-2024-11345-CH,2024-05-26,2024-05-30,Standard Class,CUST-18877,United States,Naperville,Illinois,60540,Sugar,Interior,PROD-6629,SweeTARTS,201.24,36,62.12,139.12,4,30.87,1.73,3.86,5.59,Sugar Shack,48.11914,-96.18115
1346,US-2024-11346-CH,2025-02-22,2025-02-25,First Class,CUST-16157,United States,Seattle,Washington,98101,Sugar,Pacific,PROD-6629,SweeTARTS,305.73,43,131.84,173.89,3,43.12,3.07,4.04,7.11,Sugar Shack,48.11914,-96.18115
1347,US-2024-11347-CH,2026-03-28,2026-03-31,Standard Class,CUST-13055,United States,Seattle,Washington,98101,Sugar,Pacific,PROD-5646,Nerds,370.23,41,147.55,222.68,3,39.85,3.6,5.43,9.03,Sugar Shack,48.11914,-96.18115
1348,US-2024-11348-CH,2024-06-07,2024-06-10,Second Class,CUST-17189,United States,Houston,Texas,77095,Other,Gulf,PROD-9415,Wonka Gum,336.18,39,97.74,238.44,3,29.07,2.51,6.11,8.62,Secret Factory,41.446333,-90.565487
1349,US-2024-11349-CH,2025-03-31,2025-04-03,Standard Class,CUST-10244,United States,New York,New York,10001,Chocolate,Atlantic,PROD-0874,Wonka Bar - Milk Chocolate,254.8,35,102.82,151.98,3,40.35,2.94,4.34,7.28,Wicked Choccy's,32.076176,-81.088371
1350,US-2024-11350-CH,2025-02-13,2025-02-17,Second Class,CUST-18552,United States,Atlanta,Georgia,30301,Chocolate,Gulf,PROD-7514,Wonka Bar - Triple Dazzle Caramel,445.6,40,179.16,266.44,4,40.21,4.48,6.66,11.14,Wicked Choccy's,32.076176,-81.088371
1351,US-2024-11351-CH,2025-12-16,2025-12-20,Same Day,CUST-19985,United States,Chicago,Illinois,60601,Other,Interior,PROD-0345,Lickable Wallpaper,116.61,23,7.7,108.91,4,6.6,0.33,4.74,5.07,Secret Factory,41.446333,-90.565487
1352,US-2024-11352-CH,2026-03-04,2026-03-07,First Class,CUST-12853,United States,New York,New York,10001,Other,Atlantic,PROD-0345,Lickable Wallpaper,240.24,44,30.53,209.71,3,12.71,0.69,4.77,5.46,Secret Factory,41.446333,-90.565487
1353,US-2024-11353-CH,2024-04-17,2024-04-19,Second Class,CUST-18391,United States,New York,New York,10001,Other,Atlantic,PROD-0345,Lickable Wallpaper,366.6,47,46.1,320.5,2,12.58,0.98,6.82,7.8,Secret Factory,41.446333,-90.565487
1354,US-2024-11354-CH,2024-02-08,2024-02-12,Second Class,CUST-11764,United States,Houston,Texas,77095,Other,Gulf,PROD-0345,Lickable Wallpaper,54.9,5,8.43,46.47,4,15.36,1.69,9.29,10.98,Secret Factory,41.446333,-90.565487
1355,US-2024-11355-CH,2024-06-12,2024-06-15,First Class,CUST-13460,United States,Los Angeles,California,90049,Chocolate,Pacific,PROD-0874,Wonka Bar - Milk Chocolate,196.88,46,119.17,77.71,3,60.53,2.59,1.69,4.28,Wicked Choccy's,32.076176,-81.088371
1356,US-2024-11356-CH,2026-02-02,2026-02-04,Standard Class,CUST-17635,United States,Philadelphia,Pennsylvania,19143,Sugar,Atlantic,PROD-9885,Fun Dip,82.62,9,28.14,54.48,2,34.06,3.13,6.05,9.18,Sugar Shack,48.11914,-96.18115
1357,US-2024-11357-CH,2025-07-31,2025-08-05,Standard Class,CUST-14227,United States,Athens,Georgia,30605,Other,Gulf,PROD-0345,Lickable Wallpaper,238.2,20,-1.38,239.58,5,-0.58,-0.07,11.98,11.91,Secret Factory,41.446333,-90.565487
1358,US-2024-11358-CH,2025-03-14,2025-03-17,Same Day,CUST-15353,United States,Houston,Texas,77095,Sugar,Gulf,PROD-2533,Laffy Taffy,234.5,35,61.29,173.21,3,26.14,1.75,4.95,6.7,Sugar Shack,48.11914,-96.18115
1359,US-2024-11359-CH,2024-09-27,2024-10-01,Standard Class,CUST-10464,United States,Los Angeles,California,90049,Sugar,Pacific,PROD-9885,Fun Dip,39.9,15,14.91,24.99,4,37.37,0.99,1.67,2.66,Sugar Shack,48.11914,-96.18115
1360,US-2024-11360-CH,2024-10-14,2024-10-17,Standard Class,CUST-10446,United States,Chicago,Illinois,60601,Sugar,Interior,PROD-5646,Nerds,118.0,10,52.28,65.72,3,44.31,5.23,6.57,11.8,Sugar Shack,48.11914,-96.18115
1361,US-2024-11361-CH,2025-07-14,2025-07-17,Same Day,CUST-11725,United States,New York,New York,10001,Chocolate,Atlantic,PROD-8572,Wonka Bar - Nutty Crunch Surprise,222.87,19,123.56,99.31,3,55.44,6.5,5.23,11.73,Lot's O' Nuts,32.881893,-111.768036
1362,US-2024-11362-CH,2024-12-07,2024-12-10,Standard Class,CUST-19808,United States,Athens,Georgia,30605,Sugar,Gulf,PROD-2533,Laffy Taffy,176.64,24,55.45,121.19,3,31.39,2.31,5.05,7.36,Sugar Shack,48.11914,-96.18115
1363,US-2024-11363-CH,2024-08-09,2024-08-13,Second Class,CUST-12324,United States,Houston,Texas,77095,Other,Gulf,PROD-0345,Lickable Wallpaper,73.5,15,7.63,65.87,4,10.38,0.51,4.39,4.9,Secret Factory,41.446333,-90.565487
1364,US-2024-11364-CH,2026-05-14,2026-05-18,First Class,CUST-13255,United States,Philadelphia,Pennsylvania,19143,Sugar,Atlantic,PROD-5646,Nerds,214.59,23,56.78,157.81,4,26.46,2.47,6.86,9.33,Sugar Shack,48.11914,-96.18115
1365,US-2024-11365-CH,2024-08-17,2024-08-21,Standard Class,CUST-11507,United States,Los Angeles,California,90049,Chocolate,Pacific,PROD-3893,Wonka Bar - Fudge Mallows,35.28,8,15.06,20.22,4,42.69,1.88,2.53,4.41,Lot's O' Nuts,32.881893,-111.768036
1366,US-2024-11366-CH,2025-03-16,2025-03-18,Standard Class,CUST-14231,United States,Athens,Georgia,30605,Sugar,Gulf,PROD-0725,Hair Toffee,187.95,21,21.86,166.09,2,11.63,1.04,7.91,8.95,The Other Factory,35.1175,-89.971107
1367,US-2024-11367-CH,2024-06-20,2024-06-23,Standard Class,CUST-11331,United States,Henderson,Kentucky,42420,Sugar,Gulf,PROD-6629,SweeTARTS,208.11,21,84.66,123.45,3,40.68,4.03,5.88,9.91,Sugar Shack,48.11914,-96.18115
1368,US-2024-11368-CH,2025-06-13,2025-06-15,Standard Class,CUST-13983,United States,Henderson,Kentucky,42420,Chocolate,Gulf,PROD-0874,Wonka Bar - Milk Chocolate,280.8,39,146.71,134.09,2,52.25,3.76,3.44,7.2,Wicked Choccy's,32.076176,-81.088371
1369,US-2024-11369-CH,2025-06-30,2025-07-07,Standard Class,CUST-10559,United States,Naperville,Illinois,60540,Sugar,Interior,PROD-0725,Hair Toffee,279.36,36,70.97,208.39,7,25.4,1.97,5.79,7.76,The Other Factory,35.1175,-89.971107
1370,US-2024-11370-CH,2026-06-13,2026-06-17,Standard Class,CUST-16911,United States,Los Angeles,California,90049,Sugar,Pacific,PROD-2533,Laffy Taffy,92.32,16,32.28,60.04,4,34.97,2.02,3.75,5.77,Sugar Shack,48.11914,-96.18115
1371,US-2024-11371-CH,2025-04-01,2025-04-04,Second Class,CUST-15497,United States,Seattle,Washington,98101,Chocolate,Pacific,PROD-3776,Wonka Bar -Scrumdiddlyumptious,131.75,31,54.84,76.91,3,41.62,1.77,2.48,4.25,Lot's O' Nuts,32.881893,-111.768036
1372,US-2024-11372-CH,2026-03-16,2026-03-20,Standard Class,CUST-16182,United States,Los Angeles,California,90049,Sugar,Pacific,PROD-2120,Everlasting Gobstopper,341.53,49,67.27,274.26,4,19.7,1.37,5.6,6.97,Secret Factory,41.446333,-90.565487
1373,US-2024-11373-CH,2026-03-29,2026-03-31,Standard Class,CUST-10064,United States,Houston,Texas,77095,Chocolate,Gulf,PROD-0874,Wonka Bar - Milk Chocolate,208.64,32,93.24,115.4,2,44.69,2.91,3.61,6.52,Wicked Choccy's,32.076176,-81.088371
1374,US-2024-11374-CH,2025-06-03,2025-06-05,Second Class,CUST-13606,United States,Philadelphia,Pennsylvania,19143,Chocolate,Atlantic,PROD-0874,Wonka Bar - Milk Chocolate,249.26,22,144.41,104.85,2,57.94,6.56,4.77,11.33,Wicked Choccy's,32.076176,-81.088371
1375,US-2024-11375-CH,2025-03-10,2025-03-13,Standard Class,CUST-17336,United States,Philadelphia,Pennsylvania,19143,Chocolate,Atlantic,PROD-3776,Wonka Bar -Scrumdiddlyumptious,221.4,41,106.35,115.05,3,48.04,2.59,2.81,5.4,Lot's O' Nuts,32.881893,-111.768036
1376,US-2024-11376-CH,2024-08-26,2024-08-28,Second Class,CUST-15196,United States,Chicago,Illinois,60601,Sugar,Interior,PROD-5646,Nerds,160.6,22,67.49,93.11,2,42.02,3.07,4.23,7.3,Sugar Shack,48.11914,-96.18115
1377,US-2024-11377-CH,2024-06-05,2024-06-09,Standard Class,CUST-10105,United States,Chicago,Illinois,60601,Other,Interior,PROD-9415,Wonka Gum,155.04,38,42.84,112.2,4,27.63,1.13,2.95,4.08,Secret Factory,41.446333,-90.565487
1378,US-2024-11378-CH,2025-11-15,2025-11-20,Second Class,CUST-13904,United States,Henderson,Kentucky,42420,Chocolate,Gulf,PROD-3776,Wonka Bar -Scrumdiddlyumptious,209.7,30,119.12,90.58,5,56.8,3.97,3.02,6.99,Lot's O' Nuts,32.881893,-111.768036
1379,US-2024-11379-CH,2024-06-28,2024-07-01,Second Class,CUST-14860,United States,Athens,Georgia,30605,Sugar,Gulf,PROD-0725,Hair Toffee,96.03,9,20.98,75.05,3,21.85,2.33,8.34,10.67,The Other Factory,35.1175,-89.971107
1380,US-2024-11380-CH,2024-03-05,2024-03-07,Standard Class,CUST-14754,United States,Los Angeles,California,90049,Chocolate,Pacific,PROD-3893,Wonka Bar - Fudge Mallows,61.52,8,27.9,33.62,2,45.35,3.49,4.2,7.69,Lot's O' Nuts,32.881893,-111.768036
1381,US-2024-11381-CH,2024-06-07,2024-06-09,Standard Class,CUST-11620,United States,Seattle,Washington,98101,Sugar,Pacific,PROD-2533,Laffy Taffy,109.78,11,49.05,60.73,2,44.68,4.46,5.52,9.98,Sugar Shack,48.11914,-96.18115
1382,US-2024-11382-CH,2024-09-01,2024-09-05,Standard Class,CUST-11301,United States,Los Angeles,California,90049,Chocolate,Pacific,PROD-8572,Wonka Bar - Nutty Crunch Surprise,398.3,35,160.49,237.81,4,40.29,4.59,6.79,11.38,Lot's O' Nuts,32.881893,-111.768036
1383,US-2024-11383-CH,2026-01-16,2026-01-19,First Class,CUST-17493,United States,Chicago,Illinois,60601,Other,Interior,PROD-9415,Wonka Gum,125.44,14,33.53,91.91,3,26.73,2.4,6.56,8.96,Secret Factory,41.446333,-90.565487
1384,US-2024-11384-CH,2024-08-23,2024-08-26,First Class,CUST-12010,United States,Houston,Texas,77095,Chocolate,Gulf,PROD-0874,Wonka Bar - Milk Chocolate,126.42,42,61.96,64.46,3,49.01,1.48,1.53,3.01,Wicked Choccy's,32.076176,-81.088371
1385,US-2024-11385-CH,2025-03-17,2025-03-19,Standard Class,CUST-15524,United States,Houston,Texas,77095,Other,Gulf,PROD-9359,Fizzy Lifting Drinks,80.92,28,6.83,74.09,2,8.44,0.24,2.65,2.89,Sugar Shack,48.11914,-96.18115
1386,US-2024-11386-CH,2024-12-13,2024-12-16,Second Class,CUST-11351,United States,Naperville,Illinois,60540,Chocolate,Interior,PROD-8572,Wonka Bar - Nutty Crunch Surprise,109.28,16,64.17,45.11,3,58.72,4.01,2.82,6.83,Lot's O' Nuts,32.881893,-111.768036
1387,US-2024-11387-CH,2024-01-23,2024-01-30,Standard Class,CUST-11022,United States,Naperville,Illinois,60540,Chocolate,Interior,PROD-7514,Wonka Bar - Triple Dazzle Caramel,58.05,15,30.8,27.25,7,53.06,2.05,1.82,3.87,Wicked Choccy's,32.076176,-81.088371
1388,US-2024-11388-CH,2025-03-25,2025-03-30,Standard Class,CUST-12318,United States,Naperville,Illinois,60540,Sugar,Interior,PROD-0725,Hair Toffee,283.79,37,39.33,244.46,5,13.86,1.06,6.61,7.67,The Other Factory,35.1175,-89.971107
1389,US-2024-11389-CH,2025-05-25,2025-05-27,Standard Class,CUST-19522,United States,Los Angeles,California,90049,Sugar,Pacific,PROD-2120,Everlasting Gobstopper,22.68,7,6.31,16.37,2,27.82,0.9,2.34,3.24,Secret Factory,41.446333,-90.565487
1390,US-2024-11390-CH,2025-05-06,2025-05-13,Standard Class,CUST-11575,United States,Atlanta,Georgia,30301,Sugar,Gulf,PROD-0725,Hair Toffee,111.7,10,16.55,95.15,7,14.82,1.66,9.52,11.17,The Other Factory,35.1175,-89.971107
1391,US-2024-11391-CH,2026-01-07,2026-01-10,Standard Class,CUST-16733,United States,Los Angeles,California,90049,Sugar,Pacific,PROD-2120,Everlasting Gobstopper,146.54,34,34.91,111.63,3,23.82,1.03,3.28,4.31,Secret Factory,41.446333,-90.565487
1392,US-2024-11392-CH,2024-05-01,2024-05-08,Standard Class,CUST-19876,United States,Naperville,Illinois,60540,Chocolate,Interior,PROD-8572,Wonka Bar - Nutty Crunch Surprise,173.61,27,79.55,94.06,7,45.82,2.95,3.48,6.43,Lot's O' Nuts,32.881893,-111.768036
1393,US-2024-11393-CH,2025-10-14,2025-10-16,First Class,CUST-17181,United States,Atlanta,Georgia,30301,Chocolate,Gulf,PROD-3893,Wonka Bar - Fudge Mallows,8.58,3,3.75,4.83,2,43.71,1.25,1.61,2.86,Lot's O' Nuts,32.881893,-111.768036
1394,US-2024-11394-CH,2024-12-08,2024-12-13,Standard Class,CUST-15283,United States,Athens,Georgia,30605,Sugar,Gulf,PROD-2533,Laffy Taffy,371.67,39,164.91,206.76,5,44.37,4.23,5.3,9.53,Sugar Shack,48.11914,-96.18115
1395,US-2024-11395-CH,2024-01-16,2024-01-19,Standard Class,CUST-19408,United States,Philadelphia,Pennsylvania,19143,Chocolate,Atlantic,PROD-8572,Wonka Bar - Nutty Crunch Surprise,69.66,27,36.43,33.23,3,52.3,1.35,1.23,2.58,Lot's O' Nuts,32.881893,-111.768036
1396,US-2024-11396-CH,2025-01-13,2025-01-17,Second Class,CUST-12841,United States,Athens,Georgia,30605,Sugar,Gulf,PROD-6629,SweeTARTS,172.64,26,45.66,126.98,4,26.45,1.76,4.88,6.64,Sugar Shack,48.11914,-96.18115
1397,US-2024-11397-CH,2025-02-25,2025-03-01,Second Class,CUST-13232,United States,Naperville,Illinois,60540,Sugar,Interior,PROD-5646,Nerds,253.89,31,66.4,187.49,4,26.15,2.14,6.05,8.19,Sugar Shack,48.11914,-96.18115
1398,US-2024-11398-CH,2025-01-28,2025-02-02,Standard Class,CUST-16752,United States,Naperville,Illinois,60540,Chocolate,Interior,PROD-8572,Wonka Bar - Nutty Crunch Surprise,85.65,15,51.56,34.09,5,60.2,3.44,2.27,5.71,Lot's O' Nuts,32.881893,-111.768036
1399,US-2024-11399-CH,2026-06-13,2026-06-16,Standard Class,CUST-18067,United States,Seattle,Washington,98101,Sugar,Pacific,PROD-2533,Laffy Taffy,32.48,4,12.23,20.25,3,37.65,3.06,5.06,8.12,Sugar Shack,48.11914,-96.18115
1400,US-2024-11400-CH,2025-01-30,2025-02-01,First Class,CUST-10014,United States,Houston,Texas,77095,Other,Gulf,PROD-9359,Fizzy Lifting Drinks,332.28,36,2.81,329.47,2,0.85,0.08,9.15,9.23,Sugar Shack,48.11914,-96.18115
1401,US-2024-11401-CH,2026-05-02,2026-05-05,Standard Class,CUST-15521,United States,Henderson,Kentucky,42420,Chocolate,Gulf,PROD-3776,Wonka Bar -Scrumdiddlyumptious,494.55,45,307.41,187.14,3,62.16,6.83,4.16,10.99,Lot's O' Nuts,32.881893,-111.768036
1402,US-2024-11402-CH,2025-05-06,2025-05-08,Standard Class,CUST-13063,United States,Los Angeles,California,90049,Chocolate,Pacific,PROD-7514,Wonka Bar - Triple Dazzle Caramel,62.26,11,31.13,31.13,2,50.0,2.83,2.83,5.66,Wicked Choccy's,32.076176,-81.088371
1403,US-2024-11403-CH,2025-07-03,2025-07-06,Standard Class,CUST-15162,United States,New York,New York,10001,Sugar,Atlantic,PROD-5646,Nerds,219.1,35,90.61,128.49,3,41.36,2.59,3.67,6.26,Sugar Shack,48.11914,-96.18115
1404,US-2024-11404-CH,2024-10-29,2024-11-03,Standard Class,CUST-13811,United States,Los Angeles,California,90049,Chocolate,Pacific,PROD-3893,Wonka Bar - Fudge Mallows,398.4,40,183.0,215.4,5,45.93,4.58,5.38,9.96,Lot's O' Nuts,32.881893,-111.768036
1405,US-2024-11405-CH,2025-06-23,2025-06-25,Standard Class,CUST-12978,United States,Philadelphia,Pennsylvania,19143,Chocolate,Atlantic,PROD-0874,Wonka Bar - Milk Chocolate,137.76,16,73.57,64.19,2,53.4,4.6,4.01,8.61,Wicked Choccy's,32.076176,-81.088371
1406,US-2024-11406-CH,2024-12-15,2024-12-18,First Class,CUST-16211,United States,Atlanta,Georgia,30301,Chocolate,Gulf,PROD-0874,Wonka Bar - Milk Chocolate,225.81,39,132.48,93.33,3,58.67,3.4,2.39,5.79,Wicked Choccy's,32.076176,-81.088371
1407,US-2024-11407-CH,2026-02-17,2026-02-24,Standard Class,CUST-19130,United States,Seattle,Washington,98101,Chocolate,Pacific,PROD-0874,Wonka Bar - Milk Chocolate,136.85,23,64.56,72.29,7,47.18,2.81,3.14,5.95,Wicked Choccy's,32.076176,-81.088371
1408,US-2024-11408-CH,2025-12-01,2025-12-05,Standard Class,CUST-11885,United States,Chicago,Illinois,60601,Chocolate,Interior,PROD-0874,Wonka Bar - Milk Chocolate,328.38,39,159.56,168.82,4,48.59,4.09,4.33,8.42,Wicked Choccy's,32.076176,-81.088371
1409,US-2024-11409-CH,2025-04-17,2025-04-21,Second Class,CUST-14204,United States,Chicago,Illinois,60601,Sugar,Interior,PROD-2120,Everlasting Gobstopper,124.32,42,12.46,111.86,4,10.02,0.3,2.66,2.96,Secret Factory,41.446333,-90.565487
1410,US-2024-11410-CH,2024-09-22,2024-09-27,Standard Class,CUST-13052,United States,Seattle,Washington,98101,Sugar,Pacific,PROD-6629,SweeTARTS,177.1,35,49.41,127.69,5,27.9,1.41,3.65,5.06,Sugar Shack,48.11914,-96.18115
1411,US-2024-11411-CH,2024-05-21,2024-05-23,Standard Class,CUST-19326,United States,Henderson,Kentucky,42420,Sugar,Gulf,PROD-9885,Fun Dip,100.44,9,28.36,72.08,2,28.24,3.15,8.01,11.16,Sugar Shack,48.11914,-96.18115
1412,US-2024-11412-CH,2026-05-13,2026-05-17,First Class,CUST-14280,United States,New York,New York,10001,Sugar,Atlantic,PROD-5646,Nerds,232.4,35,87.06,145.34,4,37.46,2.49,4.15,6.64,Sugar Shack,48.11914,-96.18115
1413,US-2024-11413-CH,2024-11-05,2024-11-08,Same Day,CUST-14856,United States,Houston,Texas,77095,Chocolate,Gulf,PROD-3776,Wonka Bar -Scrumdiddlyumptious,100.8,18,52.89,47.91,3,52.47,2.94,2.66,5.6,Lot's O' Nuts,32.881893,-111.768036
1414,US-2024-11414-CH,2025-03-10,2025-03-13,Standard Class,CUST-16825,United States,New York,New York,10001,Chocolate,Atlantic,PROD-3776,Wonka Bar -Scrumdiddlyumptious,144.32,44,79.61,64.71,3,55.16,1.81,1.47,3.28,Lot's O' Nuts,32.881893,-111.768036
1415,US-2024-11415-CH,2024-01-13,2024-01-16,Second Class,CUST-13546,United States,Atlanta,Georgia,30301,Sugar,Gulf,PROD-0725,Hair Toffee,117.82,43,35.25,82.57,3,29.92,0.82,1.92,2.74,The Other Factory,35.1175,-89.971107
1416,US-2024-11416-CH,2024-09-12,2024-09-16,Standard Class,CUST-11592,United States,Atlanta,Georgia,30301,Other,Gulf,PROD-2646,Kazookles,122.59,23,13.33,109.26,4,10.87,0.58,4.75,5.33,The Other Factory,35.1175,-89.971107
1417,US-2024-11417-CH,2025-01-01,2025-01-05,Second Class,CUST-17230,United States,Chicago,Illinois,60601,Sugar,Interior,PROD-9885,Fun Dip,233.25,25,99.44,133.81,4,42.63,3.98,5.35,9.33,Sugar Shack,48.11914,-96.18115
1418,US-2024-11418-CH,2026-03-03,2026-03-06,Standard Class,CUST-16071,United States,Chicago,Illinois,60601,Sugar,Interior,PROD-5646,Nerds,308.2,46,116.93,191.27,3,37.94,2.54,4.16,6.7,Sugar Shack,48.11914,-96.18115
1419,US-2024-11419-CH,2025-11-15,2025-11-19,Standard Class,CUST-18276,United States,Naperville,Illinois,60540,Sugar,Interior,PROD-9885,Fun Dip,335.79,41,150.58,185.21,4,44.84,3.67,4.52,8.19,Sugar Shack,48.11914,-96.18115
1420,US-2024-11420-CH,2024-04-08,2024-04-11,Standard Class,CUST-15413,United States,Philadelphia,Pennsylvania,19143,Other,Atlantic,PROD-9415,Wonka Gum,120.64,13,38.23,82.41,3,31.69,2.94,6.34,9.28,Secret Factory,41.446333,-90.565487
1421,US-2024-11421-CH,2024-06-28,2024-07-01,Standard Class,CUST-16584,United States,Philadelphia,Pennsylvania,19143,Sugar,Atlantic,PROD-5646,Nerds,255.84,39,80.88,174.96,3,31.61,2.07,4.49,6.56,Sugar Shack,48.11914,-96.18115
1422,US-2024-11422-CH,2024-11-11,2024-11-13,Standard Class,CUST-16457,United States,Henderson,Kentucky,42420,Sugar,Gulf,PROD-6629,SweeTARTS,37.56,12,10.67,26.89,2,28.41,0.89,2.24,3.13,Sugar Shack,48.11914,-96.18115
1423,US-2024-11423-CH,2024-01-23,2024-01-26,Standard Class,CUST-15949,United States,Henderson,Kentucky,42420,Chocolate,Gulf,PROD-3776,Wonka Bar -Scrumdiddlyumptious,80.2,20,40.81,39.39,3,50.89,2.04,1.97,4.01,Lot's O' Nuts,32.881893,-111.768036
1424,US-2024-11424-CH,2024-12-21,2024-12-24,Standard Class,CUST-15267,United States,Chicago,Illinois,60601,Sugar,Interior,PROD-6629,SweeTARTS,259.0,28,65.79,193.21,3,25.4,2.35,6.9,9.25,Sugar Shack,48.11914,-96.18115
1425,US-2024-11425-CH,2024-12-16,2024-12-18,Standard Class,CUST-12126,United States,Houston,Texas,77095,Sugar,Gulf,PROD-5646,Nerds,290.55,39,130.59,159.96,2,44.95,3.35,4.1,7.45,Sugar Shack,48.11914,-96.18115
1426,US-2024-11426-CH,2026-02-22,2026-02-25,Standard Class,CUST-12861,United States,Naperville,Illinois,60540,Other,Interior,PROD-0345,Lickable Wallpaper,284.31,27,5.19,279.12,3,1.83,0.19,10.34,10.53,Secret Factory,41.446333,-90.565487
1427,US-2024-11427-CH,2026-01-01,2026-01-08,Standard Class,CUST-12567,United States,Los Angeles,California,90049,Sugar,Pacific,PROD-2120,Everlasting Gobstopper,256.27,49,37.4,218.87,7,14.59,0.76,4.47,5.23,Secret Factory,41.446333,-90.565487
1428,US-2024-11428-CH,2024-02-21,2024-02-24,Standard Class,CUST-17150,United States,Philadelphia,Pennsylvania,19143,Sugar,Atlantic,PROD-9885,Fun Dip,173.29,43,54.45,118.84,3,31.42,1.27,2.76,4.03,Sugar Shack,48.11914,-96.18115
1429,US-2024-11429-CH,2025-08-02,2025-08-06,Standard Class,CUST-18917,United States,Naperville,Illinois,60540,Sugar,Interior,PROD-6629,SweeTARTS,308.88,36,107.83,201.05,4,34.91,3.0,5.58,8.58,Sugar Shack,48.11914,-96.18115
1430,US-2024-11430-CH,2026-05-17,2026-05-19,First Class,CUST-10704,United States,Athens,Georgia,30605,Sugar,Gulf,PROD-0725,Hair Toffee,290.82,37,44.4,246.42,2,15.27,1.2,6.66,7.86,The Other Factory,35.1175,-89.971107
1431,US-2024-11431-CH,2024-02-01,2024-02-04,First Class,CUST-19628,United States,Philadelphia,Pennsylvania,19143,Other,Atlantic,PROD-0345,Lickable Wallpaper,344.96,32,42.12,302.84,3,12.21,1.32,9.46,10.78,Secret Factory,41.446333,-90.565487
1432,US-2024-11432-CH,2024-12-12,2024-12-19,First Class,CUST-19763,United States,Houston,Texas,77095,Other,Gulf,PROD-2646,Kazookles,235.6,38,53.68,181.92,7,22.78,1.41,4.79,6.2,The Other Factory,35.1175,-89.971107
1433,US-2024-11433-CH,2024-12-10,2024-12-13,First Class,CUST-11286,United States,Philadelphia,Pennsylvania,19143,Chocolate,Atlantic,PROD-0874,Wonka Bar - Milk Chocolate,78.9,15,43.69,35.21,3,55.37,2.91,2.35,5.26,Wicked Choccy's,32.076176,-81.088371
1434,US-2024-11434-CH,2025-05-26,2025-05-30,Second Class,CUST-10100,United States,New York,New York,10001,Other,Atlantic,PROD-9359,Fizzy Lifting Drinks,97.24,13,7.55,89.69,4,7.76,0.58,6.9,7.48,Sugar Shack,48.11914,-96.18115
1435,US-2024-11435-CH,2026-06-14,2026-06-19,Second Class,CUST-13392,United States,Philadelphia,Pennsylvania,19143,Chocolate,Atlantic,PROD-7514,Wonka Bar - Triple Dazzle Caramel,476.7,42,276.16,200.54,5,57.93,6.58,4.77,11.35,Wicked Choccy's,32.076176,-81.088371
1436,US-2024-11436-CH,2025-12-12,2025-12-15,Standard Class,CUST-18024,United States,New York,New York,10001,Chocolate,Atlantic,PROD-3893,Wonka Bar - Fudge Mallows,152.54,29,87.23,65.31,3,57.19,3.01,2.25,5.26,Lot's O' Nuts,32.881893,-111.768036
1437,US-2024-11437-CH,2024-06-15,2024-06-20,Second Class,CUST-17867,United States,Henderson,Kentucky,42420,Chocolate,Gulf,PROD-3893,Wonka Bar - Fudge Mallows,528.0,48,276.77,251.23,5,52.42,5.77,5.23,11.0,Lot's O' Nuts,32.881893,-111.768036
1438,US-2024-11438-CH,2024-01-24,2024-01-27,Second Class,CUST-12765,United States,Atlanta,Georgia,30301,Chocolate,Gulf,PROD-0874,Wonka Bar - Milk Chocolate,281.07,27,162.66,118.41,3,57.87,6.02,4.39,10.41,Wicked Choccy's,32.076176,-81.088371
1439,US-2024-11439-CH,2025-08-05,2025-08-07,Standard Class,CUST-13667,United States,Seattle,Washington,98101,Chocolate,Pacific,PROD-3893,Wonka Bar - Fudge Mallows,64.3,10,33.14,31.16,2,51.54,3.31,3.12,6.43,Lot's O' Nuts,32.881893,-111.768036
1440,US-2024-11440-CH,2026-02-13,2026-02-16,Standard Class,CUST-11082,United States,Los Angeles,California,90049,Sugar,Pacific,PROD-6629,SweeTARTS,165.69,21,72.93,92.76,3,44.02,3.47,4.42,7.89,Sugar Shack,48.11914,-96.18115
1441,US-2024-11441-CH,2024-12-07,2024-12-14,Standard Class,CUST-11681,United States,Chicago,Illinois,60601,Other,Interior,PROD-0345,Lickable Wallpaper,261.17,49,14.33,246.84,7,5.49,0.29,5.04,5.33,Secret Factory,41.446333,-90.565487
1442,US-2024-11442-CH,2026-04-07,2026-04-09,First Class,CUST-19015,United States,Naperville,Illinois,60540,Sugar,Interior,PROD-5646,Nerds,13.89,3,5.73,8.16,2,41.25,1.91,2.72,4.63,Sugar Shack,48.11914,-96.18115
1443,US-2024-11443-CH,2025-02-15,2025-02-17,Standard Class,CUST-11734,United States,Chicago,Illinois,60601,Sugar,Interior,PROD-0725,Hair Toffee,21.25,5,4.48,16.77,2,21.08,0.9,3.35,4.25,The Other Factory,35.1175,-89.971107
1444,US-2024-11444-CH,2025-10-20,2025-10-24,Second Class,CUST-16118,United States,Henderson,Kentucky,42420,Other,Gulf,PROD-9415,Wonka Gum,329.35,35,40.67,288.68,4,12.35,1.16,8.25,9.41,Secret Factory,41.446333,-90.565487
1445,US-2024-11445-CH,2024-08-17,2024-08-19,Standard Class,CUST-11774,United States,Seattle,Washington,98101,Sugar,Pacific,PROD-2120,Everlasting Gobstopper,305.24,26,33.39,271.85,2,10.94,1.28,10.46,11.74,Secret Factory,41.446333,-90.565487
1446,US-2024-11446-CH,2026-04-25,2026-04-28,Second Class,CUST-18636,United States,Philadelphia,Pennsylvania,19143,Other,Atlantic,PROD-2646,Kazookles,315.62,43,101.62,214.0,3,32.2,2.36,4.98,7.34,The Other Factory,35.1175,-89.971107
1447,US-2024-11447-CH,2024-07-11,2024-07-13,Second Class,CUST-15930,United States,Los Angeles,California,90049,Sugar,Pacific,PROD-0725,Hair Toffee,38.75,5,4.12,34.63,2,10.63,0.82,6.93,7.75,The Other Factory,35.1175,-89.971107
1448,US-2024-11448-CH,2025-03-16,2025-03-19,Standard Class,CUST-13034,United States,Seattle,Washington,98101,Chocolate,Pacific,PROD-3893,Wonka Bar - Fudge Mallows,178.0,25,81.2,96.8,3,45.62,3.25,3.87,7.12,Lot's O' Nuts,32.881893,-111.768036
1449,US-2024-11449-CH,2026-05-23,2026-05-27,First Class,CUST-17535,United States,New York,New York,10001,Chocolate,Atlantic,PROD-0874,Wonka Bar - Milk Chocolate,262.2,30,106.09,156.11,4,40.46,3.54,5.2,8.74,Wicked Choccy's,32.076176,-81.088371
1450,US-2024-11450-CH,2026-01-30,2026-02-02,Second Class,CUST-10448,United States,Henderson,Kentucky,42420,Sugar,Gulf,PROD-9885,Fun Dip,355.18,43,128.42,226.76,3,36.16,2.99,5.27,8.26,Sugar Shack,48.11914,-96.18115
1451,US-2024-11451-CH,2025-03-12,2025-03-15,Standard Class,CUST-10948,United States,Atlanta,Georgia,30301,Chocolate,Gulf,PROD-8572,Wonka Bar - Nutty Crunch Surprise,114.4,20,66.06,48.34,3,57.74,3.3,2.42,5.72,Lot's O' Nuts,32.881893,-111.768036
1452,US-2024-11452-CH,2024-07-10,2024-07-13,Standard Class,CUST-15761,United States,Los Angeles,California,90049,Sugar,Pacific,PROD-9885,Fun Dip,99.4,20,37.69,61.71,3,37.92,1.88,3.09,4.97,Sugar Shack,48.11914,-96.18115
1453,US-2024-11453-CH,2024-08-27,2024-08-31,Standard Class,CUST-19998,United States,Seattle,Washington,98101,Sugar,Pacific,PROD-2120,Everlasting Gobstopper,95.76,38,30.85,64.91,4,32.22,0.81,1.71,2.52,Secret Factory,41.446333,-90.565487
1454,US-2024-11454-CH,2026-04-24,2026-04-27,First Class,CUST-14554,United States,Athens,Georgia,30605,Other,Gulf,PROD-2646,Kazookles,545.67,47,123.1,422.57,3,22.56,2.62,8.99,11.61,The Other Factory,35.1175,-89.971107
1455,US-2024-11455-CH,2025-04-14,2025-04-16,First Class,CUST-12204,United States,Seattle,Washington,98101,Sugar,Pacific,PROD-2120,Everlasting Gobstopper,221.37,47,71.81,149.56,2,32.44,1.53,3.18,4.71,Secret Factory,41.446333,-90.565487
1456,US-2024-11456-CH,2025-07-26,2025-07-29,Standard Class,CUST-18509,United States,Seattle,Washington,98101,Other,Pacific,PROD-2646,Kazookles,153.34,41,21.98,131.36,3,14.33,0.54,3.2,3.74,The Other Factory,35.1175,-89.971107
1457,US-2024-11457-CH,2024-11-11,2024-11-15,Standard Class,CUST-12542,United States,Chicago,Illinois,60601,Sugar,Interior,PROD-2533,Laffy Taffy,134.32,23,56.07,78.25,4,41.74,2.44,3.4,5.84,Sugar Shack,48.11914,-96.18115
1458,US-2024-11458-CH,2026-05-15,2026-05-17,Second Class,CUST-16026,United States,Chicago,Illinois,60601,Sugar,Interior,PROD-6629,SweeTARTS,241.2,45,86.32,154.88,2,35.79,1.92,3.44,5.36,Sugar Shack,48.11914,-96.18115
1459,US-2024-11459-CH,2026-03-13,2026-03-16,First Class,CUST-11772,United States,Seattle,Washington,98101,Other,Pacific,PROD-9359,Fizzy Lifting Drinks,349.6,38,28.94,320.66,3,8.28,0.76,8.44,9.2,Sugar Shack,48.11914,-96.18115
1460,US-2024-11460-CH,2024-07-10,2024-07-13,Standard Class,CUST-12696,United States,Los Angeles,California,90049,Chocolate,Pacific,PROD-7514,Wonka Bar - Triple Dazzle Caramel,132.3,35,66.41,65.89,3,50.2,1.9,1.88,3.78,Wicked Choccy's,32.076176,-81.088371
1461,US-2024-11461-CH,2025-06-20,2025-06-22,Standard Class,CUST-12562,United States,Naperville,Illinois,60540,Other,Interior,PROD-9359,Fizzy Lifting Drinks,487.14,46,34.38,452.76,2,7.06,0.75,9.84,10.59,Sugar Shack,48.11914,-96.18115
1462,US-2024-11462-CH,2025-05-12,2025-05-15,Standard Class,CUST-10435,United States,Henderson,Kentucky,42420,Chocolate,Gulf,PROD-7514,Wonka Bar - Triple Dazzle Caramel,43.8,15,23.73,20.07,3,54.18,1.58,1.34,2.92,Wicked Choccy's,32.076176,-81.088371
1463,US-2024-11463-CH,2024-12-25,2024-12-28,Standard Class,CUST-13889,United States,Philadelphia,Pennsylvania,19143,Sugar,Atlantic,PROD-5646,Nerds,22.32,6,9.4,12.92,3,42.11,1.57,2.15,3.72,Sugar Shack,48.11914,-96.18115
1464,US-2024-11464-CH,2024-10-29,2024-10-31,Standard Class,CUST-15834,United States,Philadelphia,Pennsylvania,19143,Chocolate,Atlantic,PROD-3893,Wonka Bar - Fudge Mallows,446.88,42,190.42,256.46,2,42.61,4.53,6.11,10.64,Lot's O' Nuts,32.881893,-111.768036
1465,US-2024-11465-CH,2026-06-04,2026-06-06,Standard Class,CUST-14299,United States,New York,New York,10001,Chocolate,Atlantic,PROD-7514,Wonka Bar - Triple Dazzle Caramel,124.64,16,62.67,61.97,2,50.28,3.92,3.87,7.79,Wicked Choccy's,32.076176,-81.088371
1466,US-2024-11466-CH,2024-01-17,2024-01-20,Standard Class,CUST-12105,United States,Los Angeles,California,90049,Sugar,Pacific,PROD-9885,Fun Dip,54.53,19,21.85,32.68,3,40.07,1.15,1.72,2.87,Sugar Shack,48.11914,-96.18115
1467,US-2024-11467-CH,2024-05-14,2024-05-17,First Class,CUST-11506,United States,New York,New York,10001,Chocolate,Atlantic,PROD-3893,Wonka Bar - Fudge Mallows,104.83,11,48.42,56.41,3,46.19,4.4,5.13,9.53,Lot's O' Nuts,32.881893,-111.768036
1468,US-2024-11468-CH,2025-05-07,2025-05-10,Standard Class,CUST-16114,United States,Athens,Georgia,30605,Sugar,Gulf,PROD-2533,Laffy Taffy,233.4,30,77.26,156.14,3,33.1,2.58,5.2,7.78,Sugar Shack,48.11914,-96.18115
1469,US-2024-11469-CH,2025-06-14,2025-06-18,First Class,CUST-10157,United States,Houston,Texas,77095,Sugar,Gulf,PROD-0725,Hair Toffee,349.52,34,41.93,307.59,4,12.0,1.23,9.05,10.28,The Other Factory,35.1175,-89.971107
1470,US-2024-11470-CH,2024-09-02,2024-09-05,Standard Class,CUST-11810,United States,Houston,Texas,77095,Chocolate,Gulf,PROD-3893,Wonka Bar - Fudge Mallows,177.75,45,74.04,103.71,3,41.65,1.65,2.3,3.95,Lot's O' Nuts,32.881893,-111.768036
1471,US-2024-11471-CH,2025-12-28,2026-01-01,Second Class,CUST-13076,United States,Seattle,Washington,98101,Sugar,Pacific,PROD-6629,SweeTARTS,430.0,43,163.94,266.06,4,38.13,3.81,6.19,10.0,Sugar Shack,48.11914,-96.18115
1472,US-2024-11472-CH,2024-12-25,2025-01-01,First Class,CUST-11304,United States,Chicago,Illinois,60601,Sugar,Interior,PROD-9885,Fun Dip,50.52,12,17.01,33.51,7,33.67,1.42,2.79,4.21,Sugar Shack,48.11914,-96.18115
1473,US-2024-11473-CH,2024-04-24,2024-04-26,Second Class,CUST-15902,United States,Philadelphia,Pennsylvania,19143,Other,Atlantic,PROD-2646,Kazookles,58.33,19,7.02,51.31,2,12.03,0.37,2.7,3.07,The Other Factory,35.1175,-89.971107
1474,US-2024-11474-CH,2024-01-31,2024-02-02,First Class,CUST-16373,United States,Philadelphia,Pennsylvania,19143,Chocolate,Atlantic,PROD-3893,Wonka Bar - Fudge Mallows,90.16,14,38.47,51.69,2,42.67,2.75,3.69,6.44,Lot's O' Nuts,32.881893,-111.768036
1475,US-2024-11475-CH,2024-04-09,2024-04-14,Standard Class,CUST-11281,United States,Houston,Texas,77095,Chocolate,Gulf,PROD-3776,Wonka Bar -Scrumdiddlyumptious,17.92,4,10.64,7.28,5,59.38,2.66,1.82,4.48,Lot's O' Nuts,32.881893,-111.768036
1476,US-2024-11476-CH,2024-08-07,2024-08-12,Second Class,CUST-14784,United States,Naperville,Illinois,60540,Chocolate,Interior,PROD-7514,Wonka Bar - Triple Dazzle Caramel,99.53,37,55.3,44.23,5,55.56,1.49,1.2,2.69,Wicked Choccy's,32.076176,-81.088371
1477,US-2024-11477-CH,2024-01-11,2024-01-13,Standard Class,CUST-13005,United States,Houston,Texas,77095,Chocolate,Gulf,PROD-3893,Wonka Bar - Fudge Mallows,399.96,36,258.14,141.82,2,64.54,7.17,3.94,11.11,Lot's O' Nuts,32.881893,-111.768036
1478,US-2024-11478-CH,2024-07-30,2024-08-01,Standard Class,CUST-18045,United States,Seattle,Washington,98101,Sugar,Pacific,PROD-0725,Hair Toffee,137.88,12,45.7,92.18,2,33.14,3.81,7.68,11.49,The Other Factory,35.1175,-89.971107
1479,US-2024-11479-CH,2024-07-12,2024-07-15,First Class,CUST-13761,United States,Athens,Georgia,30605,Chocolate,Gulf,PROD-3893,Wonka Bar - Fudge Mallows,42.66,6,20.84,21.82,3,48.85,3.47,3.64,7.11,Lot's O' Nuts,32.881893,-111.768036
1480,US-2024-11480-CH,2025-11-25,2025-11-29,Standard Class,CUST-16563,United States,Naperville,Illinois,60540,Other,Interior,PROD-9415,Wonka Gum,142.83,23,48.08,94.75,4,33.66,2.09,4.12,6.21,Secret Factory,41.446333,-90.565487
1481,US-2024-11481-CH,2026-01-31,2026-02-07,Second Class,CUST-11672,United States,Los Angeles,California,90049,Other,Pacific,PROD-9359,Fizzy Lifting Drinks,253.45,37,20.52,232.93,7,8.1,0.55,6.3,6.85,Sugar Shack,48.11914,-96.18115
1482,US-2024-11482-CH,2024-04-04,2024-04-07,Standard Class,CUST-19988,United States,Atlanta,Georgia,30301,Chocolate,Gulf,PROD-7514,Wonka Bar - Triple Dazzle Caramel,18.7,5,10.15,8.55,3,54.28,2.03,1.71,3.74,Wicked Choccy's,32.076176,-81.088371
1483,US-2024-11483-CH,2024-09-21,2024-09-23,Second Class,CUST-10676,United States,Los Angeles,California,90049,Chocolate,Pacific,PROD-3776,Wonka Bar -Scrumdiddlyumptious,438.48,42,258.16,180.32,2,58.88,6.15,4.29,10.44,Lot's O' Nuts,32.881893,-111.768036
1484,US-2024-11484-CH,2025-10-07,2025-10-10,Standard Class,CUST-19034,United States,Chicago,Illinois,60601,Chocolate,Interior,PROD-3776,Wonka Bar -Scrumdiddlyumptious,223.01,29,117.41,105.6,3,52.65,4.05,3.64,7.69,Lot's O' Nuts,32.881893,-111.768036
1485,US-2024-11485-CH,2025-09-10,2025-09-15,Standard Class,CUST-16321,United States,Atlanta,Georgia,30301,Other,Gulf,PROD-2646,Kazookles,47.76,4,5.88,41.88,5,12.31,1.47,10.47,11.94,The Other Factory,35.1175,-89.971107
1486,US-2024-11486-CH,2026-02-16,2026-02-21,Same Day,CUST-15169,United States,Chicago,Illinois,60601,Sugar,Interior,PROD-9885,Fun Dip,340.5,30,112.22,228.28,5,32.96,3.74,7.61,11.35,Sugar Shack,48.11914,-96.18115
1487,US-2024-11487-CH,2025-01-06,2025-01-08,Standard Class,CUST-11080,United States,Athens,Georgia,30605,Sugar,Gulf,PROD-6629,SweeTARTS,27.48,4,9.98,17.5,2,36.32,2.5,4.38,6.87,Sugar Shack,48.11914,-96.18115
1488,US-2024-11488-CH,2025-10-08,2025-10-10,Second Class,CUST-13989,United States,Naperville,Illinois,60540,Chocolate,Interior,PROD-8572,Wonka Bar - Nutty Crunch Surprise,5.04,2,2.54,2.5,2,50.4,1.27,1.25,2.52,Lot's O' Nuts,32.881893,-111.768036
1489,US-2024-11489-CH,2026-03-08,2026-03-11,First Class,CUST-16655,United States,Naperville,Illinois,60540,Other,Interior,PROD-0345,Lickable Wallpaper,66.36,21,11.46,54.9,3,17.27,0.55,2.61,3.16,Secret Factory,41.446333,-90.565487
1490,US-2024-11490-CH,2024-04-14,2024-04-17,Second Class,CUST-13231,United States,Los Angeles,California,90049,Other,Pacific,PROD-2646,Kazookles,229.32,42,51.04,178.28,3,22.26,1.22,4.24,5.46,The Other Factory,35.1175,-89.971107
1491,US-2024-11491-CH,2025-06-13,2025-06-17,Same Day,CUST-11865,United States,New York,New York,10001,Sugar,Atlantic,PROD-5646,Nerds,287.76,33,118.11,169.65,4,41.04,3.58,5.14,8.72,Sugar Shack,48.11914,-96.18115
1492,US-2024-11492-CH,2025-04-25,2025-05-02,Standard Class,CUST-10347,United States,Athens,Georgia,30605,Other,Gulf,PROD-9415,Wonka Gum,36.24,6,4.6,31.64,7,12.69,0.77,5.27,6.04,Secret Factory,41.446333,-90.565487
1493,US-2024-11493-CH,2024-09-27,2024-09-29,Standard Class,CUST-13871,United States,Naperville,Illinois,60540,Sugar,Interior,PROD-2533,Laffy Taffy,85.28,26,26.45,58.83,2,31.02,1.02,2.26,3.28,Sugar Shack,48.11914,-96.18115
1494,US-2024-11494-CH,2025-03-03,2025-03-06,Standard Class,CUST-18530,United States,Athens,Georgia,30605,Chocolate,Gulf,PROD-7514,Wonka Bar - Triple Dazzle Caramel,181.44,27,108.64,72.8,3,59.88,4.02,2.7,6.72,Wicked Choccy's,32.076176,-81.088371
1495,US-2024-11495-CH,2025-10-31,2025-11-03,Standard Class,CUST-12006,United States,Chicago,Illinois,60601,Sugar,Interior,PROD-9885,Fun Dip,179.1,45,60.6,118.5,3,33.84,1.35,2.63,3.98,Sugar Shack,48.11914,-96.18115
1496,US-2024-11496-CH,2025-01-07,2025-01-14,Second Class,CUST-11896,United States,Athens,Georgia,30605,Sugar,Gulf,PROD-2533,Laffy Taffy,122.5,35,49.46,73.04,7,40.38,1.41,2.09,3.5,Sugar Shack,48.11914,-96.18115
1497,US-2024-11497-CH,2026-02-21,2026-02-24,Same Day,CUST-15007,United States,Houston,Texas,77095,Sugar,Gulf,PROD-0725,Hair Toffee,486.45,47,137.59,348.86,3,28.28,2.93,7.42,10.35,The Other Factory,35.1175,-89.971107
1498,US-2024-11498-CH,2025-06-01,2025-06-04,Second Class,CUST-14482,United States,Los Angeles,California,90049,Chocolate,Pacific,PROD-0874,Wonka Bar - Milk Chocolate,303.04,32,129.1,173.94,3,42.6,4.03,5.44,9.47,Wicked Choccy's,32.076176,-81.088371
1499,US-2024-11499-CH,2025-01-04,2025-01-08,Same Day,CUST-16283,United States,Atlanta,Georgia,30301,Sugar,Gulf,PROD-0725,Hair Toffee,117.81,17,37.13,80.68,4,31.52,2.18,4.75,6.93,The Other Factory,35.1175,-89.971107
1500,US-2024-11500-CH,2025-03-03,2025-03-06,Second Class,CUST-18046,United States,Los Angeles,California,90049,Sugar,Pacific,PROD-9885,Fun Dip,164.22,17,55.48,108.74,3,33.78,3.26,6.4,9.66,Sugar Shack,48.11914,-96.18115
1501,US-2024-11501-CH,2025-06-16,2025-06-20,Second Class,CUST-11099,United States,Houston,Texas,77095,Sugar,Gulf,PROD-0725,Hair Toffee,240.68,22,62.67,178.01,4,26.04,2.85,8.09,10.94,The Other Factory,35.1175,-89.971107
1502,US-2024-11502-CH,2025-07-30,2025-08-03,Standard Class,CUST-18339,United States,Naperville,Illinois,60540,Other,Interior,PROD-9359,Fizzy Lifting Drinks,66.96,12,7.11,59.85,4,10.62,0.59,4.99,5.58,Sugar Shack,48.11914,-96.18115
1503,US-2024-11503-CH,2025-12-30,2026-01-04,First Class,CUST-18816,United States,Philadelphia,Pennsylvania,19143,Chocolate,Atlantic,PROD-7514,Wonka Bar - Triple Dazzle Caramel,391.71,33,231.8,159.91,5,59.18,7.02,4.85,11.87,Wicked Choccy's,32.076176,-81.088371
1504,US-2024-11504-CH,2024-02-24,2024-02-28,Second Class,CUST-18808,United States,Henderson,Kentucky,42420,Other,Gulf,PROD-9415,Wonka Gum,140.7,35,14.57,126.13,4,10.36,0.42,3.6,4.02,Secret Factory,41.446333,-90.565487
1505,US-2024-11505-CH,2024-10-25,2024-10-28,First Class,CUST-10753,United States,Athens,Georgia,30605,Chocolate,Gulf,PROD-7514,Wonka Bar - Triple Dazzle Caramel,208.0,20,99.31,108.69,3,47.75,4.97,5.43,10.4,Wicked Choccy's,32.076176,-81.088371
1506,US-2024-11506-CH,2025-11-06,2025-11-09,Standard Class,CUST-13685,United States,Athens,Georgia,30605,Other,Gulf,PROD-0345,Lickable Wallpaper,177.12,16,-8.37,185.49,3,-4.73,-0.52,11.59,11.07,Secret Factory,41.446333,-90.565487
1507,US-2024-11507-CH,2025-12-25,2025-12-27,Second Class,CUST-13081,United States,New York,New York,10001,Sugar,Atlantic,PROD-2533,Laffy Taffy,53.12,16,22.24,30.88,2,41.87,1.39,1.93,3.32,Sugar Shack,48.11914,-96.18115
1508,US-2024-11508-CH,2024-10-24,2024-10-27,Standard Class,CUST-19106,United States,Atlanta,Georgia,30301,Other,Gulf,PROD-9415,Wonka Gum,165.12,32,27.81,137.31,3,16.84,0.87,4.29,5.16,Secret Factory,41.446333,-90.565487
1509,US-2024-11509-CH,2025-04-28,2025-05-02,Standard Class,CUST-13741,United States,Seattle,Washington,98101,Other,Pacific,PROD-2646,Kazookles,239.76,27,83.33,156.43,4,34.76,3.09,5.79,8.88,The Other Factory,35.1175,-89.971107
1510,US-2024-11510-CH,2024-02-24,2024-02-28,Second Class,CUST-15083,United States,Naperville,Illinois,60540,Other,Interior,PROD-9359,Fizzy Lifting Drinks,262.8,45,-9.34,272.14,4,-3.55,-0.21,6.05,5.84,Sugar Shack,48.11914,-96.18115
1511,US-2024-11511-CH,2026-01-26,2026-01-29,Standard Class,CUST-14381,United States,Athens,Georgia,30605,Sugar,Gulf,PROD-2533,Laffy Taffy,286.0,25,84.49,201.51,3,29.54,3.38,8.06,11.44,Sugar Shack,48.11914,-96.18115
1512,US-2024-11512-CH,2026-04-29,2026-05-06,Standard Class,CUST-14507,United States,Naperville,Illinois,60540,Chocolate,Interior,PROD-8572,Wonka Bar - Nutty Crunch Surprise,213.12,32,98.89,114.23,7,46.4,3.09,3.57,6.66,Lot's O' Nuts,32.881893,-111.768036
1513,US-2024-11513-CH,2025-01-30,2025-02-03,Standard Class,CUST-16256,United States,Henderson,Kentucky,42420,Sugar,Gulf,PROD-2533,Laffy Taffy,178.85,35,74.58,104.27,4,41.7,2.13,2.98,5.11,Sugar Shack,48.11914,-96.18115
1514,US-2024-11514-CH,2024-06-26,2024-06-29,Standard Class,CUST-12390,United States,Henderson,Kentucky,42420,Chocolate,Gulf,PROD-8572,Wonka Bar - Nutty Crunch Surprise,167.04,32,84.65,82.39,3,50.68,2.65,2.57,5.22,Lot's O' Nuts,32.881893,-111.768036
1515,US-2024-11515-CH,2024-02-24,2024-02-27,Second Class,CUST-18095,United States,Los Angeles,California,90049,Sugar,Pacific,PROD-2533,Laffy Taffy,483.0,46,121.75,361.25,3,25.21,2.65,7.85,10.5,Sugar Shack,48.11914,-96.18115
1516,US-2024-11516-CH,2025-03-24,2025-03-26,Standard Class,CUST-17434,United States,New York,New York,10001,Other,Atlantic,PROD-9359,Fizzy Lifting Drinks,196.42,46,13.23,183.19,2,6.74,0.29,3.98,4.27,Sugar Shack,48.11914,-96.18115
1517,US-2024-11517-CH,2025-10-01,2025-10-04,Standard Class,CUST-15082,United States,Philadelphia,Pennsylvania,19143,Sugar,Atlantic,PROD-2533,Laffy Taffy,29.08,4,10.69,18.39,3,36.76,2.67,4.6,7.27,Sugar Shack,48.11914,-96.18115
1518,US-2024-11518-CH,2024-02-12,2024-02-19,Standard Class,CUST-14340,United States,Naperville,Illinois,60540,Other,Interior,PROD-0345,Lickable Wallpaper,166.04,28,24.24,141.8,7,14.6,0.87,5.06,5.93,Secret Factory,41.446333,-90.565487
1519,US-2024-11519-CH,2024-10-21,2024-10-24,First Class,CUST-16724,United States,Los Angeles,California,90049,Chocolate,Pacific,PROD-8572,Wonka Bar - Nutty Crunch Surprise,245.52,31,120.67,124.85,3,49.15,3.89,4.03,7.92,Lot's O' Nuts,32.881893,-111.768036
1520,US-2024-11520-CH,2025-06-03,2025-06-06,Standard Class,CUST-15274,United States,Houston,Texas,77095,Other,Gulf,PROD-9415,Wonka Gum,256.95,45,41.81,215.14,3,16.27,0.93,4.78,5.71,Secret Factory,41.446333,-90.565487
1521,US-2024-11521-CH,2025-03-13,2025-03-18,Standard Class,CUST-12415,United States,Henderson,Kentucky,42420,Other,Gulf,PROD-0345,Lickable Wallpaper,156.8,40,-4.6,161.4,5,-2.93,-0.12,4.04,3.92,Secret Factory,41.446333,-90.565487
1522,US-2024-11522-CH,2024-02-14,2024-02-17,Second Class,CUST-16445,United States,Chicago,Illinois,60601,Sugar,Interior,PROD-6629,SweeTARTS,296.64,36,122.62,174.02,3,41.34,3.41,4.83,8.24,Sugar Shack,48.11914,-96.18115
1523,US-2024-11523-CH,2025-12-01,2025-12-06,Standard Class,CUST-16707,United States,Naperville,Illinois,60540,Chocolate,Interior,PROD-0874,Wonka Bar - Milk Chocolate,81.27,27,45.01,36.26,5,55.38,1.67,1.34,3.01,Wicked Choccy's,32.076176,-81.088371
1524,US-2024-11524-CH,2025-10-23,2025-10-30,Standard Class,CUST-11790,United States,Houston,Texas,77095,Sugar,Gulf,PROD-2533,Laffy Taffy,23.28,3,9.22,14.06,7,39.6,3.07,4.69,7.76,Sugar Shack,48.11914,-96.18115
1525,US-2024-11525-CH,2026-05-30,2026-06-02,Standard Class,CUST-15311,United States,Seattle,Washington,98101,Sugar,Pacific,PROD-9885,Fun Dip,11.6,2,3.17,8.43,3,27.33,1.58,4.22,5.8,Sugar Shack,48.11914,-96.18115
1526,US-2024-11526-CH,2025-08-23,2025-08-30,First Class,CUST-10868,United States,Athens,Georgia,30605,Other,Gulf,PROD-9415,Wonka Gum,106.92,9,23.35,83.57,7,21.84,2.59,9.29,11.88,Secret Factory,41.446333,-90.565487
1527,US-2024-11527-CH,2024-10-09,2024-10-16,Standard Class,CUST-15200,United States,Atlanta,Georgia,30301,Sugar,Gulf,PROD-5646,Nerds,179.55,19,68.74,110.81,7,38.28,3.62,5.83,9.45,Sugar Shack,48.11914,-96.18115
1528,US-2024-11528-CH,2025-01-03,2025-01-06,Second Class,CUST-18250,United States,Philadelphia,Pennsylvania,19143,Sugar,Atlantic,PROD-5646,Nerds,101.84,38,39.86,61.98,3,39.14,1.05,1.63,2.68,Sugar Shack,48.11914,-96.18115
1529,US-2024-11529-CH,2024-03-18,2024-03-20,First Class,CUST-18508,United States,New York,New York,10001,Chocolate,Atlantic,PROD-3776,Wonka Bar -Scrumdiddlyumptious,406.38,39,176.8,229.58,2,43.51,4.53,5.89,10.42,Lot's O' Nuts,32.881893,-111.768036
1530,US-2024-11530-CH,2025-10-29,2025-11-01,Second Class,CUST-13855,United States,New York,New York,10001,Chocolate,Atlantic,PROD-8572,Wonka Bar - Nutty Crunch Surprise,36.0,9,19.71,16.29,3,54.75,2.19,1.81,4.0,Lot's O' Nuts,32.881893,-111.768036
1531,US-2024-11531-CH,2024-12-25,2024-12-28,Same Day,CUST-13266,United States,Atlanta,Georgia,30301,Other,Gulf,PROD-9359,Fizzy Lifting Drinks,183.26,17,6.14,177.12,3,3.35,0.36,10.42,10.78,Sugar Shack,48.11914,-96.18115
1532,US-2024-11532-CH,2024-11-04,2024-11-07,Standard Class,CUST-14091,United States,Seattle,Washington,98101,Sugar,Pacific,PROD-0725,Hair Toffee,236.74,38,23.93,212.81,3,10.11,0.63,5.6,6.23,The Other Factory,35.1175,-89.971107
1533,US-2024-11533-CH,2024-03-19,2024-03-23,Second Class,CUST-19809,United States,Chicago,Illinois,60601,Sugar,Interior,PROD-0725,Hair Toffee,385.6,40,95.41,290.19,4,24.74,2.39,7.25,9.64,The Other Factory,35.1175,-89.971107
1534,US-2024-11534-CH,2025-01-21,2025-01-24,Standard Class,CUST-18432,United States,Naperville,Illinois,60540,Chocolate,Interior,PROD-0874,Wonka Bar - Milk Chocolate,159.84,48,86.23,73.61,3,53.95,1.8,1.53,3.33,Wicked Choccy's,32.076176,-81.088371
1535,US-2024-11535-CH,2025-07-15,2025-07-18,First Class,CUST-16192,United States,Los Angeles,California,90049,Other,Pacific,PROD-9359,Fizzy Lifting Drinks,110.88,11,5.5,105.38,3,4.96,0.5,9.58,10.08,Sugar Shack,48.11914,-96.18115
1536,US-2024-11536-CH,2024-10-11,2024-10-15,Second Class,CUST-14885,United States,Houston,Texas,77095,Other,Gulf,PROD-9415,Wonka Gum,83.41,19,17.21,66.2,4,20.63,0.91,3.48,4.39,Secret Factory,41.446333,-90.565487
1537,US-2024-11537-CH,2025-07-18,2025-07-21,Same Day,CUST-19793,United States,Atlanta,Georgia,30301,Chocolate,Gulf,PROD-3776,Wonka Bar -Scrumdiddlyumptious,302.66,37,154.07,148.59,3,50.91,4.16,4.02,8.18,Lot's O' Nuts,32.881893,-111.768036
1538,US-2024-11538-CH,2025-04-02,2025-04-06,Second Class,CUST-14476,United States,Henderson,Kentucky,42420,Chocolate,Gulf,PROD-3776,Wonka Bar -Scrumdiddlyumptious,195.96,23,84.59,111.37,4,43.17,3.68,4.84,8.52,Lot's O' Nuts,32.881893,-111.768036
1539,US-2024-11539-CH,2024-04-30,2024-05-07,First Class,CUST-16180,United States,Los Angeles,California,90049,Other,Pacific,PROD-0345,Lickable Wallpaper,97.83,9,4.59,93.24,7,4.69,0.51,10.36,10.87,Secret Factory,41.446333,-90.565487
1540,US-2024-11540-CH,2024-08-18,2024-08-21,Second Class,CUST-13607,United States,Henderson,Kentucky,42420,Other,Gulf,PROD-9359,Fizzy Lifting Drinks,84.24,8,1.54,82.7,3,1.83,0.19,10.34,10.53,Sugar Shack,48.11914,-96.18115
1541,US-2024-11541-CH,2024-07-11,2024-07-14,Standard Class,CUST-13851,United States,Seattle,Washington,98101,Other,Pacific,PROD-9415,Wonka Gum,224.75,25,55.09,169.66,3,24.51,2.2,6.79,8.99,Secret Factory,41.446333,-90.565487
1542,US-2024-11542-CH,2024-11-30,2024-12-04,First Class,CUST-18822,United States,Houston,Texas,77095,Chocolate,Gulf,PROD-7514,Wonka Bar - Triple Dazzle Caramel,389.3,34,207.31,181.99,4,53.25,6.1,5.35,11.45,Wicked Choccy's,32.076176,-81.088371
1543,US-2024-11543-CH,2025-12-01,2025-12-05,Standard Class,CUST-17464,United States,New York,New York,10001,Sugar,Atlantic,PROD-5646,Nerds,30.05,5,10.21,19.84,4,33.98,2.04,3.97,6.01,Sugar Shack,48.11914,-96.18115
1544,US-2024-11544-CH,2025-09-16,2025-09-21,First Class,CUST-15153,United States,Philadelphia,Pennsylvania,19143,Sugar,Atlantic,PROD-6629,SweeTARTS,104.8,16,33.16,71.64,5,31.64,2.07,4.48,6.55,Sugar Shack,48.11914,-96.18115
1545,US-2024-11545-CH,2024-07-27,2024-07-30,Second Class,CUST-11102,United States,Houston,Texas,77095,Sugar,Gulf,PROD-6629,SweeTARTS,230.0,25,76.7,153.3,3,33.35,3.07,6.13,9.2,Sugar Shack,48.11914,-96.18115
1546,US-2024-11546-CH,2026-03-07,2026-03-10,Same Day,CUST-13651,United States,Philadelphia,Pennsylvania,19143,Other,Atlantic,PROD-0345,Lickable Wallpaper,65.76,24,2.75,63.01,3,4.18,0.11,2.63,2.74,Secret Factory,41.446333,-90.565487
1547,US-2024-11547-CH,2024-03-17,2024-03-22,Standard Class,CUST-10016,United States,Philadelphia,Pennsylvania,19143,Chocolate,Atlantic,PROD-0874,Wonka Bar - Milk Chocolate,130.8,40,72.83,57.97,5,55.68,1.82,1.45,3.27,Wicked Choccy's,32.076176,-81.088371
1548,US-2024-11548-CH,2024-11-28,2024-12-02,First Class,CUST-19468,United States,Chicago,Illinois,60601,Chocolate,Interior,PROD-7514,Wonka Bar - Triple Dazzle Caramel,179.52,17,89.83,89.69,4,50.04,5.28,5.28,10.56,Wicked Choccy's,32.076176,-81.088371
1549,US-2024-11549-CH,2025-01-06,2025-01-09,First Class,CUST-14878,United States,Atlanta,Georgia,30301,Sugar,Gulf,PROD-9885,Fun Dip,169.2,18,52.94,116.26,3,31.29,2.94,6.46,9.4,Sugar Shack,48.11914,-96.18115
1550,US-2024-11550-CH,2024-11-26,2024-11-29,Standard Class,CUST-19388,United States,Henderson,Kentucky,42420,Chocolate,Gulf,PROD-0874,Wonka Bar - Milk Chocolate,31.65,5,15.38,16.27,3,48.59,3.08,3.25,6.33,Wicked Choccy's,32.076176,-81.088371
1551,US-2024-11551-CH,2026-03-31,2026-04-04,Standard Class,CUST-15426,United States,Atlanta,Georgia,30301,Chocolate,Gulf,PROD-0874,Wonka Bar - Milk Chocolate,219.56,22,117.8,101.76,4,53.65,5.35,4.63,9.98,Wicked Choccy's,32.076176,-81.088371
1552,US-2024-11552-CH,2025-08-12,2025-08-15,Second Class,CUST-13107,United States,Philadelphia,Pennsylvania,19143,Chocolate,Atlantic,PROD-8572,Wonka Bar - Nutty Crunch Surprise,119.46,22,74.2,45.26,3,62.11,3.37,2.06,5.43,Lot's O' Nuts,32.881893,-111.768036
1553,US-2024-11553-CH,2025-12-26,2025-12-31,Standard Class,CUST-11718,United States,Naperville,Illinois,60540,Other,Interior,PROD-2646,Kazookles,540.97,47,120.15,420.82,5,22.21,2.56,8.95,11.51,The Other Factory,35.1175,-89.971107
1554,US-2024-11554-CH,2024-06-14,2024-06-17,Standard Class,CUST-10284,United States,Philadelphia,Pennsylvania,19143,Chocolate,Atlantic,PROD-3893,Wonka Bar - Fudge Mallows,285.9,30,159.22,126.68,3,55.69,5.31,4.22,9.53,Lot's O' Nuts,32.881893,-111.768036
1555,US-2024-11555-CH,2024-04-22,2024-04-25,Standard Class,CUST-14800,United States,Henderson,Kentucky,42420,Sugar,Gulf,PROD-6629,SweeTARTS,64.08,24,18.79,45.29,3,29.32,0.78,1.89,2.67,Sugar Shack,48.11914,-96.18115
1556,US-2024-11556-CH,2025-03-21,2025-03-23,Standard Class,CUST-12629,United States,Atlanta,Georgia,30301,Chocolate,Gulf,PROD-3893,Wonka Bar - Fudge Mallows,186.56,16,83.96,102.6,2,45.0,5.25,6.41,11.66,Lot's O' Nuts,32.881893,-111.768036
1557,US-2024-11557-CH,2026-01-05,2026-01-08,Standard Class,CUST-19431,United States,Philadelphia,Pennsylvania,19143,Sugar,Atlantic,PROD-5646,Nerds,477.73,43,167.81,309.92,3,35.13,3.9,7.21,11.11,Sugar Shack,48.11914,-96.18115
1558,US-2024-11558-CH,2024-10-07,2024-10-09,Standard Class,CUST-15458,United States,Atlanta,Georgia,30301,Sugar,Gulf,PROD-6629,SweeTARTS,35.09,11,12.02,23.07,2,34.25,1.09,2.1,3.19,Sugar Shack,48.11914,-96.18115
1559,US-2024-11559-CH,2024-10-08,2024-10-15,Second Class,CUST-14622,United States,Naperville,Illinois,60540,Chocolate,Interior,PROD-0874,Wonka Bar - Milk Chocolate,420.0,40,216.7,203.3,7,51.6,5.42,5.08,10.5,Wicked Choccy's,32.076176,-81.088371
1560,US-2024-11560-CH,2025-09-30,2025-10-05,Standard Class,CUST-19054,United States,Philadelphia,Pennsylvania,19143,Chocolate,Atlantic,PROD-7514,Wonka Bar - Triple Dazzle Caramel,49.59,9,24.0,25.59,5,48.4,2.67,2.84,5.51,Wicked Choccy's,32.076176,-81.088371
1561,US-2024-11561-CH,2024-09-16,2024-09-18,Standard Class,CUST-12132,United States,Naperville,Illinois,60540,Sugar,Interior,PROD-2533,Laffy Taffy,109.22,43,38.13,71.09,2,34.91,0.89,1.65,2.54,Sugar Shack,48.11914,-96.18115
1562,US-2024-11562-CH,2025-12-11,2025-12-15,Standard Class,CUST-11436,United States,Atlanta,Georgia,30301,Other,Gulf,PROD-9415,Wonka Gum,104.4,20,30.84,73.56,4,29.54,1.54,3.68,5.22,Secret Factory,41.446333,-90.565487
1563,US-2024-11563-CH,2025-01-08,2025-01-13,Standard Class,CUST-16212,United States,Athens,Georgia,30605,Chocolate,Gulf,PROD-3893,Wonka Bar - Fudge Mallows,210.83,29,85.56,125.27,5,40.58,2.95,4.32,7.27,Lot's O' Nuts,32.881893,-111.768036
1564,US-2024-11564-CH,2025-05-09,2025-05-12,Second Class,CUST-19580,United States,Philadelphia,Pennsylvania,19143,Chocolate,Atlantic,PROD-3776,Wonka Bar -Scrumdiddlyumptious,43.8,15,26.11,17.69,3,59.61,1.74,1.18,2.92,Lot's O' Nuts,32.881893,-111.768036
1565,US-2024-11565-CH,2024-09-27,2024-09-30,Second Class,CUST-10325,United States,Los Angeles,California,90049,Sugar,Pacific,PROD-2533,Laffy Taffy,25.15,5,7.05,18.1,3,28.03,1.41,3.62,5.03,Sugar Shack,48.11914,-96.18115
1566,US-2024-11566-CH,2024-01-16,2024-01-18,Standard Class,CUST-16810,United States,Henderson,Kentucky,42420,Sugar,Gulf,PROD-6629,SweeTARTS,115.2,10,47.36,67.84,2,41.11,4.74,6.78,11.52,Sugar Shack,48.11914,-96.18115
1567,US-2024-11567-CH,2024-08-30,2024-09-01,First Class,CUST-10425,United States,Henderson,Kentucky,42420,Sugar,Gulf,PROD-9885,Fun Dip,13.32,4,5.56,7.76,2,41.74,1.39,1.94,3.33,Sugar Shack,48.11914,-96.18115
1568,US-2024-11568-CH,2026-05-16,2026-05-19,First Class,CUST-16558,United States,Seattle,Washington,98101,Chocolate,Pacific,PROD-7514,Wonka Bar - Triple Dazzle Caramel,222.0,40,90.88,131.12,3,40.94,2.27,3.28,5.55,Wicked Choccy's,32.076176,-81.088371
1569,US-2024-11569-CH,2024-06-09,2024-06-12,Standard Class,CUST-14383,United States,Los Angeles,California,90049,Sugar,Pacific,PROD-6629,SweeTARTS,370.74,37,137.31,233.43,3,37.04,3.71,6.31,10.02,Sugar Shack,48.11914,-96.18115
1570,US-2024-11570-CH,2025-02-15,2025-02-18,Standard Class,CUST-12757,United States,Athens,Georgia,30605,Chocolate,Gulf,PROD-8572,Wonka Bar - Nutty Crunch Surprise,98.23,19,41.2,57.03,3,41.94,2.17,3.0,5.17,Lot's O' Nuts,32.881893,-111.768036
1571,US-2024-11571-CH,2026-03-16,2026-03-20,Standard Class,CUST-15866,United States,Seattle,Washington,98101,Chocolate,Pacific,PROD-8572,Wonka Bar - Nutty Crunch Surprise,66.06,18,40.01,26.05,4,60.57,2.22,1.45,3.67,Lot's O' Nuts,32.881893,-111.768036
1572,US-2024-11572-CH,2024-03-14,2024-03-16,Standard Class,CUST-19528,United States,Los Angeles,California,90049,Other,Pacific,PROD-9415,Wonka Gum,300.0,40,80.88,219.12,2,26.96,2.02,5.48,7.5,Secret Factory,41.446333,-90.565487
1573,US-2024-11573-CH,2024-08-25,2024-08-28,Second Class,CUST-14318,United States,Houston,Texas,77095,Other,Gulf,PROD-9359,Fizzy Lifting Drinks,70.72,17,10.94,59.78,3,15.47,0.64,3.52,4.16,Sugar Shack,48.11914,-96.18115
1574,US-2024-11574-CH,2025-10-28,2025-10-31,First Class,CUST-13385,United States,Atlanta,Georgia,30301,Chocolate,Gulf,PROD-8572,Wonka Bar - Nutty Crunch Surprise,97.92,16,52.35,45.57,3,53.46,3.27,2.85,6.12,Lot's O' Nuts,32.881893,-111.768036
1575,US-2024-11575-CH,2025-09-05,2025-09-08,Standard Class,CUST-17144,United States,Atlanta,Georgia,30301,Sugar,Gulf,PROD-9885,Fun Dip,162.72,18,41.37,121.35,3,25.42,2.3,6.74,9.04,Sugar Shack,48.11914,-96.18115
1576,US-2024-11576-CH,2024-07-03,2024-07-10,Second Class,CUST-19057,United States,New York,New York,10001,Sugar,Atlantic,PROD-2120,Everlasting Gobstopper,160.65,35,28.5,132.15,7,17.74,0.81,3.78,4.59,Secret Factory,41.446333,-90.565487
1577,US-2024-11577-CH,2025-09-28,2025-09-30,Standard Class,CUST-12042,United States,Seattle,Washington,98101,Sugar,Pacific,PROD-5646,Nerds,118.26,27,47.27,70.99,2,39.97,1.75,2.63,4.38,Sugar Shack,48.11914,-96.18115
1578,US-2024-11578-CH,2025-01-12,2025-01-16,Standard Class,CUST-10783,United States,Naperville,Illinois,60540,Sugar,Interior,PROD-9885,Fun Dip,56.2,10,21.4,34.8,4,38.08,2.14,3.48,5.62,Sugar Shack,48.11914,-96.18115
1579,US-2024-11579-CH,2026-03-04,2026-03-09,First Class,CUST-12538,United States,Los Angeles,California,90049,Chocolate,Pacific,PROD-7514,Wonka Bar - Triple Dazzle Caramel,136.32,24,70.35,65.97,5,51.61,2.93,2.75,5.68,Wicked Choccy's,32.076176,-81.088371
1580,US-2024-11580-CH,2026-03-22,2026-03-25,Standard Class,CUST-12657,United States,Henderson,Kentucky,42420,Sugar,Gulf,PROD-2120,Everlasting Gobstopper,28.08,8,5.23,22.85,3,18.63,0.65,2.86,3.51,Secret Factory,41.446333,-90.565487
1581,US-2024-11581-CH,2025-04-10,2025-04-12,Standard Class,CUST-12829,United States,Athens,Georgia,30605,Other,Gulf,PROD-0345,Lickable Wallpaper,278.46,34,40.92,237.54,2,14.7,1.2,6.99,8.19,Secret Factory,41.446333,-90.565487
1582,US-2024-11582-CH,2025-12-17,2025-12-20,Standard Class,CUST-17673,United States,Seattle,Washington,98101,Chocolate,Pacific,PROD-3893,Wonka Bar - Fudge Mallows,27.33,3,12.66,14.67,3,46.32,4.22,4.89,9.11,Lot's O' Nuts,32.881893,-111.768036
1583,US-2024-11583-CH,2025-08-18,2025-08-21,First Class,CUST-10617,United States,Houston,Texas,77095,Other,Gulf,PROD-0345,Lickable Wallpaper,223.25,19,-1.23,224.48,3,-0.55,-0.06,11.81,11.75,Secret Factory,41.446333,-90.565487
1584,US-2024-11584-CH,2025-06-06,2025-06-10,First Class,CUST-11139,United States,Naperville,Illinois,60540,Chocolate,Interior,PROD-8572,Wonka Bar - Nutty Crunch Surprise,133.77,21,76.88,56.89,4,57.47,3.66,2.71,6.37,Lot's O' Nuts,32.881893,-111.768036
1585,US-2024-11585-CH,2026-04-24,2026-04-27,Standard Class,CUST-11971,United States,Seattle,Washington,98101,Other,Pacific,PROD-0345,Lickable Wallpaper,274.4,28,23.62,250.78,3,8.61,0.84,8.96,9.8,Secret Factory,41.446333,-90.565487
1586,US-2024-11586-CH,2026-04-28,2026-04-30,Standard Class,CUST-16339,United States,Los Angeles,California,90049,Chocolate,Pacific,PROD-8572,Wonka Bar - Nutty Crunch Surprise,46.56,16,21.46,25.1,2,46.09,1.34,1.57,2.91,Lot's O' Nuts,32.881893,-111.768036
1587,US-2024-11587-CH,2026-01-26,2026-01-29,Standard Class,CUST-18366,United States,Athens,Georgia,30605,Sugar,Gulf,PROD-0725,Hair Toffee,91.12,8,28.88,62.24,3,31.69,3.61,7.78,11.39,The Other Factory,35.1175,-89.971107
1588,US-2024-11588-CH,2025-01-27,2025-01-30,Standard Class,CUST-18783,United States,Philadelphia,Pennsylvania,19143,Sugar,Atlantic,PROD-2533,Laffy Taffy,85.44,24,31.02,54.42,3,36.31,1.29,2.27,3.56,Sugar Shack,48.11914,-96.18115
1589,US-2024-11589-CH,2024-09-30,2024-10-02,Second Class,CUST-16441,United States,New York,New York,10001,Chocolate,Atlantic,PROD-3776,Wonka Bar -Scrumdiddlyumptious,185.28,16,97.94,87.34,2,52.86,6.12,5.46,11.58,Lot's O' Nuts,32.881893,-111.768036
1590,US-2024-11590-CH,2024-10-30,2024-11-01,Standard Class,CUST-16553,United States,Philadelphia,Pennsylvania,19143,Other,Atlantic,PROD-9415,Wonka Gum,259.68,48,34.24,225.44,2,13.19,0.71,4.7,5.41,Secret Factory,41.446333,-90.565487
1591,US-2024-11591-CH,2024-11-13,2024-11-16,Standard Class,CUST-13179,United States,Chicago,Illinois,60601,Sugar,Interior,PROD-2533,Laffy Taffy,192.99,21,75.74,117.25,3,39.25,3.61,5.58,9.19,Sugar Shack,48.11914,-96.18115
1592,US-2024-11592-CH,2024-06-24,2024-06-27,Second Class,CUST-18262,United States,Athens,Georgia,30605,Chocolate,Gulf,PROD-8572,Wonka Bar - Nutty Crunch Surprise,293.4,45,179.43,113.97,3,61.16,3.99,2.53,6.52,Lot's O' Nuts,32.881893,-111.768036
1593,US-2024-11593-CH,2026-05-14,2026-05-19,Same Day,CUST-17899,United States,Houston,Texas,77095,Sugar,Gulf,PROD-2120,Everlasting Gobstopper,151.2,48,40.57,110.63,5,26.83,0.85,2.3,3.15,Secret Factory,41.446333,-90.565487
1594,US-2024-11594-CH,2025-04-15,2025-04-19,Second Class,CUST-16050,United States,Los Angeles,California,90049,Other,Pacific,PROD-9415,Wonka Gum,358.5,30,46.14,312.36,4,12.87,1.54,10.41,11.95,Secret Factory,41.446333,-90.565487
1595,US-2024-11595-CH,2025-01-13,2025-01-16,Standard Class,CUST-19025,United States,Naperville,Illinois,60540,Chocolate,Interior,PROD-0874,Wonka Bar - Milk Chocolate,203.98,47,89.84,114.14,3,44.04,1.91,2.43,4.34,Wicked Choccy's,32.076176,-81.088371
1596,US-2024-11596-CH,2026-01-30,2026-02-02,Second Class,CUST-18303,United States,Los Angeles,California,90049,Other,Pacific,PROD-0345,Lickable Wallpaper,266.56,49,43.21,223.35,3,16.21,0.88,4.56,5.44,Secret Factory,41.446333,-90.565487
1597,US-2024-11597-CH,2025-08-19,2025-08-24,Standard Class,CUST-17846,United States,Chicago,Illinois,60601,Sugar,Interior,PROD-6629,SweeTARTS,275.04,48,120.25,154.79,5,43.72,2.51,3.22,5.73,Sugar Shack,48.11914,-96.18115
1598,US-2024-11598-CH,2025-06-25,2025-06-30,Second Class,CUST-14614,United States,Atlanta,Georgia,30301,Sugar,Gulf,PROD-6629,SweeTARTS,515.57,43,215.41,300.16,5,41.78,5.01,6.98,11.99,Sugar Shack,48.11914,-96.18115
1599,US-2024-11599-CH,2024-02-15,2024-02-17,Standard Class,CUST-15966,United States,New York,New York,10001,Chocolate,Atlantic,PROD-7514,Wonka Bar - Triple Dazzle Caramel,89.18,26,49.4,39.78,2,55.39,1.9,1.53,3.43,Wicked Choccy's,32.076176,-81.088371
1600,US-2024-11600-CH,2024-03-24,2024-03-26,Standard Class,CUST-10366,United States,Los Angeles,California,90049,Sugar,Pacific,PROD-9885,Fun Dip,38.43,7,17.09,21.34,2,44.47,2.44,3.05,5.49,Sugar Shack,48.11914,-96.18115
1601,US-2024-11601-CH,2025-11-22,2025-11-25,Second Class,CUST-17485,United States,Atlanta,Georgia,30301,Other,Gulf,PROD-0345,Lickable Wallpaper,89.18,14,7.12,82.06,3,7.98,0.51,5.86,6.37,Secret Factory,41.446333,-90.565487
1602,US-2024-11602-CH,2025-12-01,2025-12-06,Second Class,CUST-18026,United States,Seattle,Washington,98101,Sugar,Pacific,PROD-5646,Nerds,30.57,3,13.38,17.19,5,43.77,4.46,5.73,10.19,Sugar Shack,48.11914,-96.18115
1603,US-2024-11603-CH,2024-10-05,2024-10-09,Standard Class,CUST-13940,United States,Los Angeles,California,90049,Chocolate,Pacific,PROD-0874,Wonka Bar - Milk Chocolate,186.56,22,120.65,65.91,4,64.67,5.48,3.0,8.48,Wicked Choccy's,32.076176,-81.088371
1604,US-2024-11604-CH,2026-03-03,2026-03-06,Standard Class,CUST-12995,United States,Los Angeles,California,90049,Other,Pacific,PROD-9359,Fizzy Lifting Drinks,21.84,2,0.29,21.55,3,1.33,0.14,10.78,10.92,Sugar Shack,48.11914,-96.18115
1605,US-2024-11605-CH,2025-11-14,2025-11-16,Standard Class,CUST-18067,United States,Seattle,Washington,98101,Other,Pacific,PROD-9359,Fizzy Lifting Drinks,12.5,5,1.44,11.06,2,11.52,0.29,2.21,2.5,Sugar Shack,48.11914,-96.18115
1606,US-2024-11606-CH,2024-04-15,2024-04-18,Standard Class,CUST-14880,United States,Naperville,Illinois,60540,Chocolate,Interior,PROD-8572,Wonka Bar - Nutty Crunch Surprise,128.26,22,65.54,62.72,3,51.1,2.98,2.85,5.83,Lot's O' Nuts,32.881893,-111.768036
1607,US-2024-11607-CH,2025-03-27,2025-04-01,Second Class,CUST-12788,United States,Houston,Texas,77095,Chocolate,Gulf,PROD-7514,Wonka Bar - Triple Dazzle Caramel,297.83,29,170.65,127.18,5,57.3,5.88,4.39,10.27,Wicked Choccy's,32.076176,-81.088371
1608,US-2024-11608-CH,2024-10-21,2024-10-28,Standard Class,CUST-16347,United States,Atlanta,Georgia,30301,Other,Gulf,PROD-0345,Lickable Wallpaper,198.2,20,11.87,186.33,7,5.99,0.59,9.32,9.91,Secret Factory,41.446333,-90.565487
1609,US-2024-11609-CH,2024-03-15,2024-03-18,Standard Class,CUST-18420,United States,Henderson,Kentucky,42420,Other,Gulf,PROD-0345,Lickable Wallpaper,409.15,49,-8.19,417.34,3,-2.0,-0.17,8.52,8.35,Secret Factory,41.446333,-90.565487
1610,US-2024-11610-CH,2026-03-12,2026-03-16,Same Day,CUST-10989,United States,Chicago,Illinois,60601,Other,Interior,PROD-2646,Kazookles,182.91,39,22.79,160.12,4,12.46,0.58,4.11,4.69,The Other Factory,35.1175,-89.971107
1611,US-2024-11611-CH,2025-05-25,2025-05-27,Second Class,CUST-14816,United States,Atlanta,Georgia,30301,Other,Gulf,PROD-0345,Lickable Wallpaper,332.64,48,1.63,331.01,2,0.49,0.03,6.9,6.93,Secret Factory,41.446333,-90.565487
1612,US-2024-11612-CH,2025-06-02,2025-06-05,Standard Class,CUST-19886,United States,Los Angeles,California,90049,Sugar,Pacific,PROD-5646,Nerds,119.28,28,48.72,70.56,3,40.85,1.74,2.52,4.26,Sugar Shack,48.11914,-96.18115
1613,US-2024-11613-CH,2026-04-23,2026-04-25,Standard Class,CUST-15543,United States,Atlanta,Georgia,30301,Other,Gulf,PROD-9359,Fizzy Lifting Drinks,169.32,34,20.8,148.52,2,12.28,0.61,4.37,4.98,Sugar Shack,48.11914,-96.18115
1614,US-2024-11614-CH,2025-09-20,2025-09-22,Second Class,CUST-12562,United States,Los Angeles,California,90049,Sugar,Pacific,PROD-2120,Everlasting Gobstopper,183.75,49,20.64,163.11,2,11.23,0.42,3.33,3.75,Secret Factory,41.446333,-90.565487
1615,US-2024-11615-CH,2025-01-23,2025-01-25,Same Day,CUST-14004,United States,Naperville,Illinois,60540,Chocolate,Interior,PROD-0874,Wonka Bar - Milk Chocolate,220.5,30,138.57,81.93,2,62.84,4.62,2.73,7.35,Wicked Choccy's,32.076176,-81.088371
1616,US-2024-11616-CH,2024-02-02,2024-02-04,Standard Class,CUST-10176,United States,Chicago,Illinois,60601,Sugar,Interior,PROD-2120,Everlasting Gobstopper,149.6,22,47.79,101.81,2,31.95,2.17,4.63,6.8,Secret Factory,41.446333,-90.565487
1617,US-2024-11617-CH,2025-07-14,2025-07-16,First Class,CUST-19360,United States,Atlanta,Georgia,30301,Chocolate,Gulf,PROD-7514,Wonka Bar - Triple Dazzle Caramel,32.4,3,15.98,16.42,2,49.32,5.33,5.47,10.8,Wicked Choccy's,32.076176,-81.088371
1618,US-2024-11618-CH,2024-07-16,2024-07-18,Standard Class,CUST-17962,United States,Philadelphia,Pennsylvania,19143,Sugar,Atlantic,PROD-0725,Hair Toffee,145.74,21,24.6,121.14,2,16.88,1.17,5.77,6.94,The Other Factory,35.1175,-89.971107
1619,US-2024-11619-CH,2024-12-06,2024-12-09,Second Class,CUST-12954,United States,Naperville,Illinois,60540,Sugar,Interior,PROD-5646,Nerds,122.88,24,35.03,87.85,3,28.51,1.46,3.66,5.12,Sugar Shack,48.11914,-96.18115
1620,US-2024-11620-CH,2025-06-08,2025-06-11,Standard Class,CUST-17197,United States,Philadelphia,Pennsylvania,19143,Other,Atlantic,PROD-0345,Lickable Wallpaper,20.32,8,3.07,17.25,3,15.11,0.38,2.16,2.54,Secret Factory,41.446333,-90.565487
1621,US-2024-11621-CH,2024-06-04,2024-06-08,Standard Class,CUST-16311,United States,Seattle,Washington,98101,Sugar,Pacific,PROD-2533,Laffy Taffy,358.4,40,141.21,217.19,4,39.4,3.53,5.43,8.96,Sugar Shack,48.11914,-96.18115
1622,US-2024-11622-CH,2026-01-20,2026-01-27,First Class,CUST-17741,United States,Seattle,Washington,98101,Sugar,Pacific,PROD-9885,Fun Dip,60.12,6,16.42,43.7,7,27.31,2.74,7.28,10.02,Sugar Shack,48.11914,-96.18115
1623,US-2024-11623-CH,2026-02-24,2026-03-01,First Class,CUST-12553,United States,Atlanta,Georgia,30301,Other,Gulf,PROD-2646,Kazookles,16.86,2,1.99,14.87,5,11.8,1.0,7.44,8.43,The Other Factory,35.1175,-89.971107
1624,US-2024-11624-CH,2025-07-05,2025-07-09,Standard Class,CUST-12555,United States,Naperville,Illinois,60540,Chocolate,Interior,PROD-3893,Wonka Bar - Fudge Mallows,180.54,17,116.19,64.35,4,64.36,6.83,3.79,10.62,Lot's O' Nuts,32.881893,-111.768036
1625,US-2024-11625-CH,2025-12-07,2025-12-10,Standard Class,CUST-16298,United States,Naperville,Illinois,60540,Chocolate,Interior,PROD-3893,Wonka Bar - Fudge Mallows,194.48,34,114.6,79.88,3,58.93,3.37,2.35,5.72,Lot's O' Nuts,32.881893,-111.768036
1626,US-2024-11626-CH,2025-06-25,2025-06-28,Standard Class,CUST-10938,United States,Houston,Texas,77095,Sugar,Gulf,PROD-2533,Laffy Taffy,13.11,3,4.96,8.15,3,37.83,1.65,2.72,4.37,Sugar Shack,48.11914,-96.18115
1627,US-2024-11627-CH,2025-07-08,2025-07-11,Standard Class,CUST-17975,United States,Houston,Texas,77095,Sugar,Gulf,PROD-2120,Everlasting Gobstopper,438.55,49,69.27,369.28,3,15.8,1.41,7.54,8.95,Secret Factory,41.446333,-90.565487
1628,US-2024-11628-CH,2026-05-20,2026-05-25,Standard Class,CUST-15091,United States,Houston,Texas,77095,Chocolate,Gulf,PROD-3893,Wonka Bar - Fudge Mallows,73.4,10,36.77,36.63,5,50.1,3.68,3.66,7.34,Lot's O' Nuts,32.881893,-111.768036
1629,US-2024-11629-CH,2026-02-28,2026-03-07,Standard Class,CUST-15488,United States,Naperville,Illinois,60540,Other,Interior,PROD-9359,Fizzy Lifting Drinks,26.88,6,-0.57,27.45,7,-2.12,-0.09,4.58,4.48,Sugar Shack,48.11914,-96.18115
1630,US-2024-11630-CH,2024-07-28,2024-07-31,Standard Class,CUST-18818,United States,Houston,Texas,77095,Chocolate,Gulf,PROD-3893,Wonka Bar - Fudge Mallows,44.56,8,22.99,21.57,3,51.59,2.87,2.7,5.57,Lot's O' Nuts,32.881893,-111.768036
1631,US-2024-11631-CH,2026-02-15,2026-02-18,Standard Class,CUST-11868,United States,Houston,Texas,77095,Sugar,Gulf,PROD-6629,SweeTARTS,121.94,13,46.63,75.31,3,38.24,3.59,5.79,9.38,Sugar Shack,48.11914,-96.18115
1632,US-2024-11632-CH,2025-05-04,2025-05-07,Standard Class,CUST-12556,United States,Naperville,Illinois,60540,Sugar,Interior,PROD-5646,Nerds,53.82,18,15.73,38.09,3,29.23,0.87,2.12,2.99,Sugar Shack,48.11914,-96.18115
1633,US-2024-11633-CH,2024-06-09,2024-06-12,Second Class,CUST-15938,United States,Houston,Texas,77095,Sugar,Gulf,PROD-0725,Hair Toffee,53.9,11,15.43,38.47,3,28.63,1.4,3.5,4.9,The Other Factory,35.1175,-89.971107
1634,US-2024-11634-CH,2025-01-09,2025-01-13,First Class,CUST-13545,United States,Atlanta,Georgia,30301,Chocolate,Gulf,PROD-7514,Wonka Bar - Triple Dazzle Caramel,115.6,20,56.06,59.54,4,48.49,2.8,2.98,5.78,Wicked Choccy's,32.076176,-81.088371
1635,US-2024-11635-CH,2025-06-13,2025-06-16,Second Class,CUST-17459,United States,Henderson,Kentucky,42420,Other,Gulf,PROD-2646,Kazookles,7.14,2,1.48,5.66,3,20.73,0.74,2.83,3.57,The Other Factory,35.1175,-89.971107
1636,US-2024-11636-CH,2024-12-06,2024-12-13,Standard Class,CUST-12737,United States,New York,New York,10001,Other,Atlantic,PROD-9415,Wonka Gum,117.15,33,32.88,84.27,7,28.07,1.0,2.55,3.55,Secret Factory,41.446333,-90.565487
1637,US-2024-11637-CH,2024-04-29,2024-05-03,Standard Class,CUST-16333,United States,Atlanta,Georgia,30301,Other,Gulf,PROD-0345,Lickable Wallpaper,110.0,11,13.73,96.27,4,12.48,1.25,8.75,10.0,Secret Factory,41.446333,-90.565487
1638,US-2024-11638-CH,2025-09-06,2025-09-09,Standard Class,CUST-15783,United States,Houston,Texas,77095,Chocolate,Gulf,PROD-8572,Wonka Bar - Nutty Crunch Surprise,167.4,36,91.2,76.2,3,54.48,2.53,2.12,4.65,Lot's O' Nuts,32.881893,-111.768036
1639,US-2024-11639-CH,2024-01-22,2024-01-25,First Class,CUST-16266,United States,Philadelphia,Pennsylvania,19143,Sugar,Atlantic,PROD-5646,Nerds,51.81,11,22.06,29.75,3,42.58,2.01,2.7,4.71,Sugar Shack,48.11914,-96.18115
1640,US-2024-11640-CH,2024-10-27,2024-10-29,Standard Class,CUST-10660,United States,Atlanta,Georgia,30301,Other,Gulf,PROD-9415,Wonka Gum,13.84,4,3.42,10.42,2,24.71,0.86,2.6,3.46,Secret Factory,41.446333,-90.565487
1641,US-2024-11641-CH,2024-05-10,2024-05-14,Standard Class,CUST-19748,United States,New York,New York,10001,Chocolate,Atlantic,PROD-7514,Wonka Bar - Triple Dazzle Caramel,33.57,9,15.54,18.03,4,46.29,1.73,2.0,3.73,Wicked Choccy's,32.076176,-81.088371
1642,US-2024-11642-CH,2024-04-20,2024-04-24,Standard Class,CUST-15166,United States,Chicago,Illinois,60601,Sugar,Interior,PROD-6629,SweeTARTS,127.12,28,40.02,87.1,4,31.48,1.43,3.11,4.54,Sugar Shack,48.11914,-96.18115
1643,US-2024-11643-CH,2024-08-29,2024-09-01,First Class,CUST-12211,United States,Naperville,Illinois,60540,Chocolate,Interior,PROD-3893,Wonka Bar - Fudge Mallows,390.66,34,180.34,210.32,3,46.16,5.3,6.19,11.49,Lot's O' Nuts,32.881893,-111.768036
1644,US-2024-11644-CH,2024-05-12,2024-05-15,First Class,CUST-17677,United States,Naperville,Illinois,60540,Other,Interior,PROD-0345,Lickable Wallpaper,231.66,39,7.87,223.79,3,3.4,0.2,5.74,5.94,Secret Factory,41.446333,-90.565487
1645,US-2024-11645-CH,2025-04-18,2025-04-20,Standard Class,CUST-14999,United States,Seattle,Washington,98101,Sugar,Pacific,PROD-5646,Nerds,128.7,45,47.76,80.94,2,37.11,1.06,1.8,2.86,Sugar Shack,48.11914,-96.18115
1646,US-2024-11646-CH,2024-03-25,2024-03-30,Second Class,CUST-13190,United States,Athens,Georgia,30605,Other,Gulf,PROD-2646,Kazookles,121.22,38,33.76,87.46,5,27.85,0.89,2.3,3.19,The Other Factory,35.1175,-89.971107
1647,US-2024-11647-CH,2025-10-24,2025-10-31,Standard Class,CUST-17103,United States,Seattle,Washington,98101,Chocolate,Pacific,PROD-0874,Wonka Bar - Milk Chocolate,80.08,7,43.82,36.26,7,54.72,6.26,5.18,11.44,Wicked Choccy's,32.076176,-81.088371
1648,US-2024-11648-CH,2025-10-01,2025-10-08,Standard Class,CUST-19883,United States,Henderson,Kentucky,42420,Chocolate,Gulf,PROD-7514,Wonka Bar - Triple Dazzle Caramel,242.0,44,144.75,97.25,7,59.81,3.29,2.21,5.5,Wicked Choccy's,32.076176,-81.088371
1649,US-2024-11649-CH,2024-03-21,2024-03-23,Second Class,CUST-12054,United States,Los Angeles,California,90049,Chocolate,Pacific,PROD-7514,Wonka Bar - Triple Dazzle Caramel,523.02,46,326.1,196.92,2,62.35,7.09,4.28,11.37,Wicked Choccy's,32.076176,-81.088371
1650,US-2024-11650-CH,2025-05-29,2025-06-01,Standard Class,CUST-16105,United States,Atlanta,Georgia,30301,Other,Gulf,PROD-9415,Wonka Gum,71.7,10,9.46,62.24,3,13.19,0.95,6.22,7.17,Secret Factory,41.446333,-90.565487
1651,US-2024-11651-CH,2024-02-07,2024-02-09,Standard Class,CUST-12064,United States,Seattle,Washington,98101,Chocolate,Pacific,PROD-8572,Wonka Bar - Nutty Crunch Surprise,180.18,26,76.59,103.59,2,42.51,2.95,3.98,6.93,Lot's O' Nuts,32.881893,-111.768036
1652,US-2024-11652-CH,2024-11-11,2024-11-13,Standard Class,CUST-18306,United States,Los Angeles,California,90049,Other,Pacific,PROD-2646,Kazookles,190.44,18,35.97,154.47,2,18.89,2.0,8.58,10.58,The Other Factory,35.1175,-89.971107
1653,US-2024-11653-CH,2025-03-13,2025-03-15,First Class,CUST-15648,United States,Henderson,Kentucky,42420,Chocolate,Gulf,PROD-0874,Wonka Bar - Milk Chocolate,140.4,12,83.25,57.15,2,59.29,6.94,4.76,11.7,Wicked Choccy's,32.076176,-81.088371
1654,US-2024-11654-CH,2024-10-18,2024-10-20,Standard Class,CUST-15246,United States,Los Angeles,California,90049,Chocolate,Pacific,PROD-3893,Wonka Bar - Fudge Mallows,125.8,37,71.52,54.28,2,56.85,1.93,1.47,3.4,Lot's O' Nuts,32.881893,-111.768036
1655,US-2024-11655-CH,2024-05-08,2024-05-10,Second Class,CUST-14928,United States,Naperville,Illinois,60540,Sugar,Interior,PROD-5646,Nerds,5.18,2,2.1,3.08,2,40.54,1.05,1.54,2.59,Sugar Shack,48.11914,-96.18115
1656,US-2024-11656-CH,2025-10-31,2025-11-04,Same Day,CUST-16582,United States,Henderson,Kentucky,42420,Sugar,Gulf,PROD-6629,SweeTARTS,272.93,49,99.43,173.5,4,36.43,2.03,3.54,5.57,Sugar Shack,48.11914,-96.18115
1657,US-2024-11657-CH,2025-01-30,2025-02-03,Second Class,CUST-17177,United States,Seattle,Washington,98101,Sugar,Pacific,PROD-0725,Hair Toffee,156.0,16,19.49,136.51,4,12.49,1.22,8.53,9.75,The Other Factory,35.1175,-89.971107
1658,US-2024-11658-CH,2026-03-27,2026-03-29,Same Day,CUST-15054,United States,Philadelphia,Pennsylvania,19143,Chocolate,Atlantic,PROD-3893,Wonka Bar - Fudge Mallows,94.07,23,57.33,36.74,2,60.94,2.49,1.6,4.09,Lot's O' Nuts,32.881893,-111.768036
1659,US-2024-11659-CH,2026-01-29,2026-02-03,Standard Class,CUST-16194,United States,Naperville,Illinois,60540,Sugar,Interior,PROD-2120,Everlasting Gobstopper,65.68,8,17.6,48.08,5,26.8,2.2,6.01,8.21,Secret Factory,41.446333,-90.565487
1660,US-2024-11660-CH,2025-07-01,2025-07-05,Second Class,CUST-16301,United States,Houston,Texas,77095,Chocolate,Gulf,PROD-3893,Wonka Bar - Fudge Mallows,152.83,29,90.36,62.47,4,59.12,3.12,2.15,5.27,Lot's O' Nuts,32.881893,-111.768036
1661,US-2024-11661-CH,2024-08-28,2024-08-31,First Class,CUST-18464,United States,Houston,Texas,77095,Sugar,Gulf,PROD-2533,Laffy Taffy,229.68,33,69.2,160.48,3,30.13,2.1,4.86,6.96,Sugar Shack,48.11914,-96.18115
1662,US-2024-11662-CH,2026-06-01,2026-06-03,Standard Class,CUST-14526,United States,Philadelphia,Pennsylvania,19143,Sugar,Atlantic,PROD-2120,Everlasting Gobstopper,111.25,25,19.79,91.46,2,17.79,0.79,3.66,4.45,Secret Factory,41.446333,-90.565487
1663,US-2024-11663-CH,2026-06-13,2026-06-20,Standard Class,CUST-19524,United States,Naperville,Illinois,60540,Sugar,Interior,PROD-2120,Everlasting Gobstopper,204.4,28,69.43,134.97,7,33.97,2.48,4.82,7.3,Secret Factory,41.446333,-90.565487
1664,US-2024-11664-CH,2026-02-28,2026-03-04,Standard Class,CUST-18580,United States,Los Angeles,California,90049,Other,Pacific,PROD-9359,Fizzy Lifting Drinks,244.72,23,8.87,235.85,4,3.62,0.39,10.25,10.64,Sugar Shack,48.11914,-96.18115
1665,US-2024-11665-CH,2025-12-01,2025-12-04,Same Day,CUST-11878,United States,Chicago,Illinois,60601,Chocolate,Interior,PROD-3776,Wonka Bar -Scrumdiddlyumptious,281.28,24,142.87,138.41,3,50.79,5.95,5.77,11.72,Lot's O' Nuts,32.881893,-111.768036
1666,US-2024-11666-CH,2024-11-15,2024-11-19,Second Class,CUST-14270,United States,Athens,Georgia,30605,Sugar,Gulf,PROD-5646,Nerds,267.84,24,77.39,190.45,4,28.89,3.22,7.94,11.16,Sugar Shack,48.11914,-96.18115
1667,US-2024-11667-CH,2024-12-18,2024-12-21,Second Class,CUST-11042,United States,Naperville,Illinois,60540,Chocolate,Interior,PROD-3893,Wonka Bar - Fudge Mallows,301.31,29,151.32,149.99,3,50.22,5.22,5.17,10.39,Lot's O' Nuts,32.881893,-111.768036
1668,US-2024-11668-CH,2024-01-24,2024-01-27,Standard Class,CUST-11952,United States,Seattle,Washington,98101,Other,Pacific,PROD-2646,Kazookles,229.6,20,72.59,157.01,3,31.62,3.63,7.85,11.48,The Other Factory,35.1175,-89.971107
1669,US-2024-11669-CH,2024-06-17,2024-06-19,Standard Class,CUST-18734,United States,Henderson,Kentucky,42420,Sugar,Gulf,PROD-2120,Everlasting Gobstopper,127.44,12,20.79,106.65,2,16.31,1.73,8.89,10.62,Secret Factory,41.446333,-90.565487
1670,US-2024-11670-CH,2024-10-14,2024-10-18,Standard Class,CUST-11150,United States,Philadelphia,Pennsylvania,19143,Chocolate,Atlantic,PROD-0874,Wonka Bar - Milk Chocolate,89.46,9,45.44,44.02,4,50.79,5.05,4.89,9.94,Wicked Choccy's,32.076176,-81.088371
1671,US-2024-11671-CH,2026-02-02,2026-02-04,Second Class,CUST-11242,United States,Los Angeles,California,90049,Sugar,Pacific,PROD-9885,Fun Dip,255.25,25,85.28,169.97,2,33.41,3.41,6.8,10.21,Sugar Shack,48.11914,-96.18115
1672,US-2024-11672-CH,2026-06-11,2026-06-18,Second Class,CUST-11213,United States,Henderson,Kentucky,42420,Chocolate,Gulf,PROD-7514,Wonka Bar - Triple Dazzle Caramel,26.05,5,16.36,9.69,7,62.8,3.27,1.94,5.21,Wicked Choccy's,32.076176,-81.088371
1673,US-2024-11673-CH,2025-12-10,2025-12-13,Standard Class,CUST-12446,United States,Houston,Texas,77095,Chocolate,Gulf,PROD-0874,Wonka Bar - Milk Chocolate,44.88,17,26.35,18.53,3,58.71,1.55,1.09,2.64,Wicked Choccy's,32.076176,-81.088371
1674,US-2024-11674-CH,2025-12-28,2025-12-31,Same Day,CUST-15959,United States,Philadelphia,Pennsylvania,19143,Sugar,Atlantic,PROD-2533,Laffy Taffy,280.72,29,95.52,185.2,3,34.03,3.29,6.39,9.68,Sugar Shack,48.11914,-96.18115
1675,US-2024-11675-CH,2025-07-16,2025-07-23,Standard Class,CUST-14107,United States,Atlanta,Georgia,30301,Chocolate,Gulf,PROD-8572,Wonka Bar - Nutty Crunch Surprise,247.26,26,106.84,140.42,7,43.21,4.11,5.4,9.51,Lot's O' Nuts,32.881893,-111.768036
1676,US-2024-11676-CH,2025-08-15,2025-08-17,Standard Class,CUST-16458,United States,Los Angeles,California,90049,Other,Pacific,PROD-2646,Kazookles,70.35,15,20.12,50.23,2,28.6,1.34,3.35,4.69,The Other Factory,35.1175,-89.971107
1677,US-2024-11677-CH,2024-02-05,2024-02-07,Same Day,CUST-16724,United States,Philadelphia,Pennsylvania,19143,Chocolate,Atlantic,PROD-3893,Wonka Bar - Fudge Mallows,58.2,20,26.44,31.76,2,45.43,1.32,1.59,2.91,Lot's O' Nuts,32.881893,-111.768036
1678,US-2024-11678-CH,2025-12-16,2025-12-19,Standard Class,CUST-10751,United States,Houston,Texas,77095,Chocolate,Gulf,PROD-0874,Wonka Bar - Milk Chocolate,50.18,13,21.34,28.84,3,42.53,1.64,2.22,3.86,Wicked Choccy's,32.076176,-81.088371
1679,US-2024-11679-CH,2025-10-19,2025-10-22,Standard Class,CUST-18506,United States,New York,New York,10001,Chocolate,Atlantic,PROD-8572,Wonka Bar - Nutty Crunch Surprise,198.9,30,87.04,111.86,3,43.76,2.9,3.73,6.63,Lot's O' Nuts,32.881893,-111.768036
1680,US-2024-11680-CH,2024-01-10,2024-01-13,Second Class,CUST-11649,United States,New York,New York,10001,Sugar,Atlantic,PROD-2533,Laffy Taffy,252.28,34,106.4,145.88,3,42.18,3.13,4.29,7.42,Sugar Shack,48.11914,-96.18115
1681,US-2024-11681-CH,2026-01-26,2026-01-29,Standard Class,CUST-18433,United States,Athens,Georgia,30605,Chocolate,Gulf,PROD-7514,Wonka Bar - Triple Dazzle Caramel,264.96,48,130.36,134.6,3,49.2,2.72,2.8,5.52,Wicked Choccy's,32.076176,-81.088371
1682,US-2024-11682-CH,2026-01-10,2026-01-15,Standard Class,CUST-17387,United States,Naperville,Illinois,60540,Other,Interior,PROD-9415,Wonka Gum,55.9,5,8.83,47.07,5,15.8,1.77,9.41,11.18,Secret Factory,41.446333,-90.565487
1683,US-2024-11683-CH,2025-09-22,2025-09-25,Standard Class,CUST-11212,United States,Henderson,Kentucky,42420,Chocolate,Gulf,PROD-8572,Wonka Bar - Nutty Crunch Surprise,227.43,21,135.42,92.01,3,59.54,6.45,4.38,10.83,Lot's O' Nuts,32.881893,-111.768036
1684,US-2024-11684-CH,2025-11-06,2025-11-09,Same Day,CUST-19818,United States,Athens,Georgia,30605,Chocolate,Gulf,PROD-3893,Wonka Bar - Fudge Mallows,150.88,16,93.21,57.67,3,61.78,5.83,3.6,9.43,Lot's O' Nuts,32.881893,-111.768036
1685,US-2024-11685-CH,2024-12-07,2024-12-11,Standard Class,CUST-13403,United States,Los Angeles,California,90049,Chocolate,Pacific,PROD-7514,Wonka Bar - Triple Dazzle Caramel,38.64,8,17.56,21.08,4,45.45,2.19,2.64,4.83,Wicked Choccy's,32.076176,-81.088371
1686,US-2024-11686-CH,2025-10-26,2025-10-29,Standard Class,CUST-13194,United States,Chicago,Illinois,60601,Chocolate,Interior,PROD-0874,Wonka Bar - Milk Chocolate,319.8,30,182.11,137.69,3,56.94,6.07,4.59,10.66,Wicked Choccy's,32.076176,-81.088371
1687,US-2024-11687-CH,2025-12-04,2025-12-07,Standard Class,CUST-12959,United States,Naperville,Illinois,60540,Other,Interior,PROD-2646,Kazookles,166.24,16,52.08,114.16,3,31.33,3.26,7.14,10.39,The Other Factory,35.1175,-89.971107
1688,US-2024-11688-CH,2024-02-24,2024-02-27,First Class,CUST-10723,United States,Los Angeles,California,90049,Chocolate,Pacific,PROD-3776,Wonka Bar -Scrumdiddlyumptious,125.55,27,75.11,50.44,3,59.82,2.78,1.87,4.65,Lot's O' Nuts,32.881893,-111.768036
1689,US-2024-11689-CH,2026-01-07,2026-01-09,Standard Class,CUST-13051,United States,Philadelphia,Pennsylvania,19143,Other,Atlantic,PROD-9415,Wonka Gum,250.53,21,66.11,184.42,2,26.39,3.15,8.78,11.93,Secret Factory,41.446333,-90.565487
1690,US-2024-11690-CH,2024-07-22,2024-07-24,Second Class,CUST-19148,United States,Chicago,Illinois,60601,Sugar,Interior,PROD-2120,Everlasting Gobstopper,18.21,3,6.29,11.92,2,34.54,2.1,3.97,6.07,Secret Factory,41.446333,-90.565487
1691,US-2024-11691-CH,2025-03-01,2025-03-04,Standard Class,CUST-17028,United States,Houston,Texas,77095,Sugar,Gulf,PROD-2533,Laffy Taffy,157.17,31,48.63,108.54,3,30.94,1.57,3.5,5.07,Sugar Shack,48.11914,-96.18115
1692,US-2024-11692-CH,2025-11-25,2025-11-29,Second Class,CUST-17300,United States,Henderson,Kentucky,42420,Chocolate,Gulf,PROD-3893,Wonka Bar - Fudge Mallows,102.68,34,62.69,39.99,4,61.05,1.84,1.18,3.02,Lot's O' Nuts,32.881893,-111.768036
1693,US-2024-11693-CH,2025-11-14,2025-11-16,Standard Class,CUST-13624,United States,Philadelphia,Pennsylvania,19143,Chocolate,Atlantic,PROD-0874,Wonka Bar - Milk Chocolate,172.98,31,79.39,93.59,2,45.9,2.56,3.02,5.58,Wicked Choccy's,32.076176,-81.088371
1694,US-2024-11694-CH,2024-08-06,2024-08-09,Standard Class,CUST-13756,United States,Atlanta,Georgia,30301,Other,Gulf,PROD-0345,Lickable Wallpaper,87.64,14,-0.48,88.12,3,-0.55,-0.03,6.29,6.26,Secret Factory,41.446333,-90.565487
1695,US-2024-11695-CH,2025-08-18,2025-08-23,Standard Class,CUST-16436,United States,Athens,Georgia,30605,Other,Gulf,PROD-2646,Kazookles,50.16,6,12.86,37.3,5,25.64,2.14,6.22,8.36,The Other Factory,35.1175,-89.971107
1696,US-2024-11696-CH,2025-06-20,2025-06-23,Standard Class,CUST-11918,United States,Henderson,Kentucky,42420,Other,Gulf,PROD-0345,Lickable Wallpaper,341.76,32,21.15,320.61,3,6.19,0.66,10.02,10.68,Secret Factory,41.446333,-90.565487
1697,US-2024-11697-CH,2024-01-26,2024-01-29,Standard Class,CUST-18741,United States,Athens,Georgia,30605,Other,Gulf,PROD-0345,Lickable Wallpaper,96.24,12,12.57,83.67,3,13.06,1.05,6.97,8.02,Secret Factory,41.446333,-90.565487
1698,US-2024-11698-CH,2026-04-12,2026-04-19,Standard Class,CUST-14464,United States,Chicago,Illinois,60601,Other,Interior,PROD-0345,Lickable Wallpaper,256.36,29,40.24,216.12,7,15.7,1.39,7.45,8.84,Secret Factory,41.446333,-90.565487
1699,US-2024-11699-CH,2025-12-18,2025-12-22,Standard Class,CUST-14426,United States,Naperville,Illinois,60540,Other,Interior,PROD-2646,Kazookles,31.86,9,4.16,27.7,4,13.06,0.46,3.08,3.54,The Other Factory,35.1175,-89.971107
1700,US-2024-11700-CH,2024-10-01,2024-10-03,First Class,CUST-17349,United States,Los Angeles,California,90049,Other,Pacific,PROD-0345,Lickable Wallpaper,125.78,38,4.74,121.04,2,3.77,0.12,3.19,3.31,Secret Factory,41.446333,-90.565487
1701,US-2024-11701-CH,2024-04-05,2024-04-09,Second Class,CUST-13655,United States,Houston,Texas,77095,Chocolate,Gulf,PROD-3776,Wonka Bar -Scrumdiddlyumptious,146.55,15,93.35,53.2,4,63.7,6.22,3.55,9.77,Lot's O' Nuts,32.881893,-111.768036
1702,US-2024-11702-CH,2024-06-07,2024-06-10,Standard Class,CUST-18239,United States,Atlanta,Georgia,30301,Chocolate,Gulf,PROD-3776,Wonka Bar -Scrumdiddlyumptious,227.88,27,119.36,108.52,3,52.38,4.42,4.02,8.44,Lot's O' Nuts,32.881893,-111.768036
1703,US-2024-11703-CH,2026-04-07,2026-04-11,First Class,CUST-19010,United States,Los Angeles,California,90049,Sugar,Pacific,PROD-6629,SweeTARTS,27.88,4,9.14,18.74,4,32.78,2.28,4.68,6.97,Sugar Shack,48.11914,-96.18115
1704,US-2024-11704-CH,2025-08-31,2025-09-07,Standard Class,CUST-11543,United States,New York,New York,10001,Chocolate,Atlantic,PROD-8572,Wonka Bar - Nutty Crunch Surprise,252.08,23,117.85,134.23,7,46.75,5.12,5.84,10.96,Lot's O' Nuts,32.881893,-111.768036
1705,US-2024-11705-CH,2025-05-22,2025-05-29,Standard Class,CUST-19623,United States,Seattle,Washington,98101,Sugar,Pacific,PROD-2533,Laffy Taffy,223.8,30,92.94,130.86,7,41.53,3.1,4.36,7.46,Sugar Shack,48.11914,-96.18115
1706,US-2024-11706-CH,2024-09-21,2024-09-28,Standard Class,CUST-13221,United States,Naperville,Illinois,60540,Sugar,Interior,PROD-9885,Fun Dip,233.64,36,62.92,170.72,7,26.93,1.75,4.74,6.49,Sugar Shack,48.11914,-96.18115
1707,US-2024-11707-CH,2026-03-15,2026-03-19,Standard Class,CUST-13819,United States,Henderson,Kentucky,42420,Chocolate,Gulf,PROD-8572,Wonka Bar - Nutty Crunch Surprise,50.04,9,27.06,22.98,4,54.08,3.01,2.55,5.56,Lot's O' Nuts,32.881893,-111.768036
1708,US-2024-11708-CH,2024-08-10,2024-08-15,Standard Class,CUST-18961,United States,Atlanta,Georgia,30301,Chocolate,Gulf,PROD-7514,Wonka Bar - Triple Dazzle Caramel,160.25,25,94.0,66.25,5,58.66,3.76,2.65,6.41,Wicked Choccy's,32.076176,-81.088371
1709,US-2024-11709-CH,2025-08-30,2025-09-06,Standard Class,CUST-15567,United States,Los Angeles,California,90049,Chocolate,Pacific,PROD-0874,Wonka Bar - Milk Chocolate,89.6,14,39.55,50.05,7,44.14,2.82,3.58,6.4,Wicked Choccy's,32.076176,-81.088371
1710,US-2024-11710-CH,2024-06-08,2024-06-10,First Class,CUST-18172,United States,Atlanta,Georgia,30301,Sugar,Gulf,PROD-5646,Nerds,389.3,34,163.5,225.8,2,42.0,4.81,6.64,11.45,Sugar Shack,48.11914,-96.18115
1711,US-2024-11711-CH,2026-01-20,2026-01-24,Second Class,CUST-15269,United States,Atlanta,Georgia,30301,Other,Gulf,PROD-2646,Kazookles,32.92,4,8.8,24.12,4,26.73,2.2,6.03,8.23,The Other Factory,35.1175,-89.971107
1712,US-2024-11712-CH,2025-12-01,2025-12-06,Standard Class,CUST-15885,United States,Naperville,Illinois,60540,Chocolate,Interior,PROD-0874,Wonka Bar - Milk Chocolate,166.5,30,70.89,95.61,5,42.58,2.36,3.19,5.55,Wicked Choccy's,32.076176,-81.088371
1713,US-2024-11713-CH,2025-12-10,2025-12-12,Second Class,CUST-12607,United States,Houston,Texas,77095,Chocolate,Gulf,PROD-3893,Wonka Bar - Fudge Mallows,86.22,9,39.79,46.43,2,46.15,4.42,5.16,9.58,Lot's O' Nuts,32.881893,-111.768036
1714,US-2024-11714-CH,2025-02-02,2025-02-05,Second Class,CUST-18491,United States,Chicago,Illinois,60601,Other,Interior,PROD-2646,Kazookles,290.4,48,90.46,199.94,3,31.15,1.88,4.17,6.05,The Other Factory,35.1175,-89.971107
1715,US-2024-11715-CH,2026-01-01,2026-01-08,Standard Class,CUST-10723,United States,Naperville,Illinois,60540,Chocolate,Interior,PROD-3776,Wonka Bar -Scrumdiddlyumptious,93.6,10,51.83,41.77,7,55.37,5.18,4.18,9.36,Lot's O' Nuts,32.881893,-111.768036
1716,US-2024-11716-CH,2024-08-07,2024-08-09,Second Class,CUST-13089,United States,Atlanta,Georgia,30301,Sugar,Gulf,PROD-5646,Nerds,84.32,17,33.8,50.52,2,40.09,1.99,2.97,4.96,Sugar Shack,48.11914,-96.18115
1717,US-2024-11717-CH,2025-05-29,2025-06-02,Standard Class,CUST-10414,United States,Philadelphia,Pennsylvania,19143,Chocolate,Atlantic,PROD-3776,Wonka Bar -Scrumdiddlyumptious,162.98,29,71.64,91.34,4,43.96,2.47,3.15,5.62,Lot's O' Nuts,32.881893,-111.768036
1718,US-2024-11718-CH,2026-01-27,2026-01-29,Standard Class,CUST-17192,United States,Atlanta,Georgia,30301,Other,Gulf,PROD-0345,Lickable Wallpaper,287.1,30,32.65,254.45,2,11.37,1.09,8.48,9.57,Secret Factory,41.446333,-90.565487
1719,US-2024-11719-CH,2024-03-09,2024-03-16,Second Class,CUST-19817,United States,Seattle,Washington,98101,Other,Pacific,PROD-0345,Lickable Wallpaper,137.2,49,9.15,128.05,7,6.67,0.19,2.61,2.8,Secret Factory,41.446333,-90.565487
1720,US-2024-11720-CH,2025-12-14,2025-12-17,Second Class,CUST-11345,United States,New York,New York,10001,Chocolate,Atlantic,PROD-3893,Wonka Bar - Fudge Mallows,74.64,12,40.3,34.34,3,53.99,3.36,2.86,6.22,Lot's O' Nuts,32.881893,-111.768036
1721,US-2024-11721-CH,2025-06-10,2025-06-13,Standard Class,CUST-13360,United States,Houston,Texas,77095,Sugar,Gulf,PROD-0725,Hair Toffee,118.44,36,12.01,106.43,3,10.14,0.33,2.96,3.29,The Other Factory,35.1175,-89.971107
1722,US-2024-11722-CH,2025-10-18,2025-10-21,Standard Class,CUST-14992,United States,New York,New York,10001,Other,Atlantic,PROD-9359,Fizzy Lifting Drinks,104.47,31,12.8,91.67,3,12.25,0.41,2.96,3.37,Sugar Shack,48.11914,-96.18115
1723,US-2024-11723-CH,2025-09-14,2025-09-19,First Class,CUST-16451,United States,Seattle,Washington,98101,Other,Pacific,PROD-2646,Kazookles,108.72,36,28.72,80.0,5,26.42,0.8,2.22,3.02,The Other Factory,35.1175,-89.971107
1724,US-2024-11724-CH,2024-10-11,2024-10-14,Standard Class,CUST-18772,United States,Atlanta,Georgia,30301,Other,Gulf,PROD-9415,Wonka Gum,243.95,41,68.93,175.02,3,28.26,1.68,4.27,5.95,Secret Factory,41.446333,-90.565487
1725,US-2024-11725-CH,2024-12-09,2024-12-16,First Class,CUST-11210,United States,Athens,Georgia,30605,Chocolate,Gulf,PROD-7514,Wonka Bar - Triple Dazzle Caramel,10.88,2,4.79,6.09,7,44.03,2.4,3.04,5.44,Wicked Choccy's,32.076176,-81.088371
1726,US-2024-11726-CH,2024-06-14,2024-06-17,First Class,CUST-14758,United States,Naperville,Illinois,60540,Chocolate,Interior,PROD-3776,Wonka Bar -Scrumdiddlyumptious,194.4,30,86.42,107.98,3,44.45,2.88,3.6,6.48,Lot's O' Nuts,32.881893,-111.768036
1727,US-2024-11727-CH,2025-01-10,2025-01-14,Standard Class,CUST-10256,United States,Henderson,Kentucky,42420,Sugar,Gulf,PROD-6629,SweeTARTS,406.08,48,101.53,304.55,4,25.0,2.12,6.34,8.46,Sugar Shack,48.11914,-96.18115
1728,US-2024-11728-CH,2024-02-20,2024-02-24,Same Day,CUST-15748,United States,New York,New York,10001,Other,Atlantic,PROD-2646,Kazookles,181.4,20,41.77,139.63,4,23.03,2.09,6.98,9.07,The Other Factory,35.1175,-89.971107
1729,US-2024-11729-CH,2026-02-13,2026-02-16,Standard Class,CUST-18167,United States,Henderson,Kentucky,42420,Sugar,Gulf,PROD-2533,Laffy Taffy,10.24,2,3.34,6.9,3,32.62,1.67,3.45,5.12,Sugar Shack,48.11914,-96.18115
1730,US-2024-11730-CH,2024-07-04,2024-07-09,Standard Class,CUST-19498,United States,Henderson,Kentucky,42420,Chocolate,Gulf,PROD-8572,Wonka Bar - Nutty Crunch Surprise,195.12,24,121.76,73.36,5,62.4,5.07,3.06,8.13,Lot's O' Nuts,32.881893,-111.768036
1731,US-2024-11731-CH,2025-09-07,2025-09-11,Standard Class,CUST-12339,United States,Henderson,Kentucky,42420,Sugar,Gulf,PROD-2533,Laffy Taffy,127.92,24,33.4,94.52,4,26.11,1.39,3.94,5.33,Sugar Shack,48.11914,-96.18115
1732,US-2024-11732-CH,2024-07-25,2024-07-28,Standard Class,CUST-16800,United States,Henderson,Kentucky,42420,Sugar,Gulf,PROD-6629,SweeTARTS,51.59,7,14.41,37.18,3,27.93,2.06,5.31,7.37,Sugar Shack,48.11914,-96.18115
1733,US-2024-11733-CH,2026-03-22,2026-03-29,Second Class,CUST-10958,United States,Athens,Georgia,30605,Other,Gulf,PROD-9415,Wonka Gum,248.4,45,34.08,214.32,7,13.72,0.76,4.76,5.52,Secret Factory,41.446333,-90.565487
1734,US-2024-11734-CH,2025-03-03,2025-03-05,Second Class,CUST-19026,United States,Chicago,Illinois,60601,Other,Interior,PROD-9359,Fizzy Lifting Drinks,297.62,46,5.7,291.92,2,1.92,0.12,6.35,6.47,Sugar Shack,48.11914,-96.18115
1735,US-2024-11735-CH,2024-06-03,2024-06-05,Same Day,CUST-10178,United States,Philadelphia,Pennsylvania,19143,Other,Atlantic,PROD-9415,Wonka Gum,52.58,11,16.98,35.6,2,32.29,1.54,3.24,4.78,Secret Factory,41.446333,-90.565487
1736,US-2024-11736-CH,2026-01-26,2026-02-02,Standard Class,CUST-11542,United States,New York,New York,10001,Sugar,Atlantic,PROD-5646,Nerds,105.6,32,37.31,68.29,7,35.33,1.17,2.13,3.3,Sugar Shack,48.11914,-96.18115
1737,US-2024-11737-CH,2024-09-15,2024-09-18,Second Class,CUST-19050,United States,New York,New York,10001,Sugar,Atlantic,PROD-0725,Hair Toffee,31.29,7,9.39,21.9,3,30.01,1.34,3.13,4.47,The Other Factory,35.1175,-89.971107
1738,US-2024-11738-CH,2025-10-19,2025-10-22,Second Class,CUST-18468,United States,Chicago,Illinois,60601,Chocolate,Interior,PROD-8572,Wonka Bar - Nutty Crunch Surprise,170.37,27,90.36,80.01,3,53.04,3.35,2.96,6.31,Lot's O' Nuts,32.881893,-111.768036
1739,US-2024-11739-CH,2026-06-17,2026-06-22,Standard Class,CUST-15419,United States,Henderson,Kentucky,42420,Other,Gulf,PROD-0345,Lickable Wallpaper,259.56,28,39.68,219.88,5,15.29,1.42,7.85,9.27,Secret Factory,41.446333,-90.565487
1740,US-2024-11740-CH,2025-03-24,2025-03-31,Second Class,CUST-12413,United States,Henderson,Kentucky,42420,Sugar,Gulf,PROD-2120,Everlasting Gobstopper,138.42,18,20.94,117.48,7,15.13,1.16,6.53,7.69,Secret Factory,41.446333,-90.565487
1741,US-2024-11741-CH,2025-01-20,2025-01-22,Standard Class,CUST-19808,United States,Seattle,Washington,98101,Sugar,Pacific,PROD-9885,Fun Dip,35.86,11,14.35,21.51,2,40.02,1.3,1.96,3.26,Sugar Shack,48.11914,-96.18115
1742,US-2024-11742-CH,2025-04-02,2025-04-05,Standard Class,CUST-16833,United States,New York,New York,10001,Sugar,Atlantic,PROD-2120,Everlasting Gobstopper,342.2,29,66.3,275.9,3,19.37,2.29,9.51,11.8,Secret Factory,41.446333,-90.565487
1743,US-2024-11743-CH,2024-07-25,2024-07-28,Standard Class,CUST-12167,United States,Houston,Texas,77095,Chocolate,Gulf,PROD-8572,Wonka Bar - Nutty Crunch Surprise,240.24,22,112.4,127.84,3,46.79,5.11,5.81,10.92,Lot's O' Nuts,32.881893,-111.768036
1744,US-2024-11744-CH,2025-01-23,2025-01-28,First Class,CUST-17000,United States,Chicago,Illinois,60601,Sugar,Interior,PROD-9885,Fun Dip,439.46,43,178.98,260.48,5,40.73,4.16,6.06,10.22,Sugar Shack,48.11914,-96.18115
1745,US-2024-11745-CH,2025-10-11,2025-10-14,Standard Class,CUST-13730,United States,Seattle,Washington,98101,Sugar,Pacific,PROD-0725,Hair Toffee,105.7,10,23.78,81.92,3,22.5,2.38,8.19,10.57,The Other Factory,35.1175,-89.971107
1746,US-2024-11746-CH,2025-10-07,2025-10-10,First Class,CUST-16205,United States,Naperville,Illinois,60540,Sugar,Interior,PROD-2120,Everlasting Gobstopper,414.24,48,115.12,299.12,3,27.79,2.4,6.23,8.63,Secret Factory,41.446333,-90.565487
1747,US-2024-11747-CH,2025-07-11,2025-07-14,Standard Class,CUST-15293,United States,Athens,Georgia,30605,Sugar,Gulf,PROD-6629,SweeTARTS,77.49,21,24.41,53.08,3,31.5,1.16,2.53,3.69,Sugar Shack,48.11914,-96.18115
1748,US-2024-11748-CH,2026-04-11,2026-04-14,Standard Class,CUST-19947,United States,Philadelphia,Pennsylvania,19143,Sugar,Atlantic,PROD-6629,SweeTARTS,18.24,6,5.18,13.06,3,28.4,0.86,2.18,3.04,Sugar Shack,48.11914,-96.18115
1749,US-2024-11749-CH,2024-04-11,2024-04-14,Standard Class,CUST-16023,United States,Seattle,Washington,98101,Sugar,Pacific,PROD-9885,Fun Dip,245.25,45,87.21,158.04,3,35.56,1.94,3.51,5.45,Sugar Shack,48.11914,-96.18115
1750,US-2024-11750-CH,2024-03-10,2024-03-15,Standard Class,CUST-19806,United States,Athens,Georgia,30605,Sugar,Gulf,PROD-2120,Everlasting Gobstopper,120.12,22,25.34,94.78,5,21.1,1.15,4.31,5.46,Secret Factory,41.446333,-90.565487
1751,US-2024-11751-CH,2024-10-24,2024-10-27,Standard Class,CUST-15412,United States,New York,New York,10001,Sugar,Atlantic,PROD-5646,Nerds,467.22,39,117.13,350.09,3,25.07,3.0,8.98,11.98,Sugar Shack,48.11914,-96.18115
1752,US-2024-11752-CH,2026-03-24,2026-03-26,Second Class,CUST-12224,United States,Athens,Georgia,30605,Chocolate,Gulf,PROD-3893,Wonka Bar - Fudge Mallows,157.2,24,91.59,65.61,2,58.26,3.82,2.73,6.55,Lot's O' Nuts,32.881893,-111.768036
1753,US-2024-11753-CH,2025-06-17,2025-06-22,Second Class,CUST-12808,United States,Seattle,Washington,98101,Chocolate,Pacific,PROD-8572,Wonka Bar - Nutty Crunch Surprise,272.93,49,176.19,96.74,5,64.56,3.6,1.97,5.57,Lot's O' Nuts,32.881893,-111.768036
1754,US-2024-11754-CH,2024-04-22,2024-04-26,Standard Class,CUST-17549,United States,Houston,Texas,77095,Chocolate,Gulf,PROD-0874,Wonka Bar - Milk Chocolate,144.55,35,60.18,84.37,4,41.63,1.72,2.41,4.13,Wicked Choccy's,32.076176,-81.088371
1755,US-2024-11755-CH,2025-02-10,2025-02-17,Standard Class,CUST-12293,United States,Naperville,Illinois,60540,Sugar,Interior,PROD-9885,Fun Dip,87.2,16,35.38,51.82,7,40.57,2.21,3.24,5.45,Sugar Shack,48.11914,-96.18115
1756,US-2024-11756-CH,2024-02-02,2024-02-05,Same Day,CUST-15945,United States,Houston,Texas,77095,Other,Gulf,PROD-9415,Wonka Gum,139.3,35,15.11,124.19,3,10.85,0.43,3.55,3.98,Secret Factory,41.446333,-90.565487
1757,US-2024-11757-CH,2025-12-20,2025-12-22,Second Class,CUST-13544,United States,Chicago,Illinois,60601,Sugar,Interior,PROD-9885,Fun Dip,126.0,21,31.75,94.25,2,25.2,1.51,4.49,6.0,Sugar Shack,48.11914,-96.18115
1758,US-2024-11758-CH,2024-05-22,2024-05-25,Same Day,CUST-16125,United States,Los Angeles,California,90049,Other,Pacific,PROD-9359,Fizzy Lifting Drinks,38.08,4,-0.32,38.4,3,-0.84,-0.08,9.6,9.52,Sugar Shack,48.11914,-96.18115
1759,US-2024-11759-CH,2026-03-26,2026-03-29,First Class,CUST-12669,United States,Chicago,Illinois,60601,Chocolate,Interior,PROD-3776,Wonka Bar -Scrumdiddlyumptious,247.38,21,134.95,112.43,3,54.55,6.43,5.35,11.78,Lot's O' Nuts,32.881893,-111.768036
1760,US-2024-11760-CH,2025-10-12,2025-10-14,Standard Class,CUST-10128,United States,Philadelphia,Pennsylvania,19143,Chocolate,Atlantic,PROD-0874,Wonka Bar - Milk Chocolate,221.85,45,137.79,84.06,2,62.11,3.06,1.87,4.93,Wicked Choccy's,32.076176,-81.088371
1761,US-2024-11761-CH,2025-05-11,2025-05-14,Standard Class,CUST-13104,United States,Chicago,Illinois,60601,Sugar,Interior,PROD-2533,Laffy Taffy,71.2,8,25.45,45.75,3,35.74,3.18,5.72,8.9,Sugar Shack,48.11914,-96.18115
1762,US-2024-11762-CH,2026-04-22,2026-04-26,Second Class,CUST-11294,United States,Chicago,Illinois,60601,Chocolate,Interior,PROD-0874,Wonka Bar - Milk Chocolate,324.88,31,164.55,160.33,4,50.65,5.31,5.17,10.48,Wicked Choccy's,32.076176,-81.088371
1763,US-2024-11763-CH,2024-06-18,2024-06-22,Standard Class,CUST-19241,United States,Philadelphia,Pennsylvania,19143,Sugar,Atlantic,PROD-9885,Fun Dip,304.29,27,110.46,193.83,4,36.3,4.09,7.18,11.27,Sugar Shack,48.11914,-96.18115
1764,US-2024-11764-CH,2025-09-26,2025-10-01,Standard Class,CUST-16015,United States,Chicago,Illinois,60601,Chocolate,Interior,PROD-3776,Wonka Bar -Scrumdiddlyumptious,271.74,42,119.96,151.78,5,44.15,2.86,3.61,6.47,Lot's O' Nuts,32.881893,-111.768036
1765,US-2024-11765-CH,2025-02-08,2025-02-12,Standard Class,CUST-16548,United States,Atlanta,Georgia,30301,Sugar,Gulf,PROD-9885,Fun Dip,53.28,16,17.39,35.89,4,32.64,1.09,2.24,3.33,Sugar Shack,48.11914,-96.18115
1766,US-2024-11766-CH,2025-05-19,2025-05-24,Standard Class,CUST-11218,United States,Los Angeles,California,90049,Chocolate,Pacific,PROD-8572,Wonka Bar - Nutty Crunch Surprise,187.96,37,121.19,66.77,5,64.48,3.28,1.8,5.08,Lot's O' Nuts,32.881893,-111.768036
1767,US-2024-11767-CH,2024-11-03,2024-11-06,Standard Class,CUST-12172,United States,Los Angeles,California,90049,Other,Pacific,PROD-9415,Wonka Gum,212.6,20,68.17,144.43,3,32.06,3.41,7.22,10.63,Secret Factory,41.446333,-90.565487
1768,US-2024-11768-CH,2025-07-15,2025-07-22,Standard Class,CUST-16348,United States,Houston,Texas,77095,Sugar,Gulf,PROD-2120,Everlasting Gobstopper,44.17,7,6.54,37.63,7,14.81,0.93,5.38,6.31,Secret Factory,41.446333,-90.565487
1769,US-2024-11769-CH,2024-06-21,2024-06-23,Standard Class,CUST-13010,United States,Houston,Texas,77095,Sugar,Gulf,PROD-2120,Everlasting Gobstopper,12.18,3,1.38,10.8,2,11.33,0.46,3.6,4.06,Secret Factory,41.446333,-90.565487
1770,US-2024-11770-CH,2025-01-04,2025-01-07,First Class,CUST-12866,United States,Athens,Georgia,30605,Other,Gulf,PROD-0345,Lickable Wallpaper,96.96,16,7.76,89.2,3,8.0,0.48,5.58,6.06,Secret Factory,41.446333,-90.565487
1771,US-2024-11771-CH,2026-04-12,2026-04-14,Second Class,CUST-13811,United States,New York,New York,10001,Sugar,Atlantic,PROD-6629,SweeTARTS,13.32,4,4.61,8.71,2,34.61,1.15,2.18,3.33,Sugar Shack,48.11914,-96.18115
1772,US-2024-11772-CH,2025-10-11,2025-10-18,Second Class,CUST-12894,United States,Athens,Georgia,30605,Sugar,Gulf,PROD-9885,Fun Dip,408.96,36,114.25,294.71,7,27.94,3.17,8.19,11.36,Sugar Shack,48.11914,-96.18115
1773,US-2024-11773-CH,2026-06-12,2026-06-14,First Class,CUST-13325,United States,New York,New York,10001,Sugar,Atlantic,PROD-9885,Fun Dip,203.87,19,67.04,136.83,2,32.88,3.53,7.2,10.73,Sugar Shack,48.11914,-96.18115
1774,US-2024-11774-CH,2024-06-10,2024-06-13,Standard Class,CUST-17551,United States,Los Angeles,California,90049,Other,Pacific,PROD-9359,Fizzy Lifting Drinks,296.0,32,31.35,264.65,3,10.59,0.98,8.27,9.25,Sugar Shack,48.11914,-96.18115
1775,US-2024-11775-CH,2024-04-12,2024-04-15,Standard Class,CUST-17649,United States,Los Angeles,California,90049,Sugar,Pacific,PROD-2120,Everlasting Gobstopper,42.91,7,5.27,37.64,3,12.28,0.75,5.38,6.13,Secret Factory,41.446333,-90.565487
1776,US-2024-11776-CH,2025-08-21,2025-08-25,Standard Class,CUST-19950,United States,Seattle,Washington,98101,Other,Pacific,PROD-9359,Fizzy Lifting Drinks,125.0,25,-4.95,129.95,4,-3.96,-0.2,5.2,5.0,Sugar Shack,48.11914,-96.18115
1777,US-2024-11777-CH,2026-04-01,2026-04-03,Second Class,CUST-10440,United States,Atlanta,Georgia,30301,Sugar,Gulf,PROD-2533,Laffy Taffy,324.22,43,98.18,226.04,2,30.28,2.28,5.26,7.54,Sugar Shack,48.11914,-96.18115
1778,US-2024-11778-CH,2026-05-21,2026-05-24,Standard Class,CUST-19228,United States,Los Angeles,California,90049,Sugar,Pacific,PROD-2533,Laffy Taffy,349.6,46,150.88,198.72,3,43.16,3.28,4.32,7.6,Sugar Shack,48.11914,-96.18115
1779,US-2024-11779-CH,2025-12-15,2025-12-20,Standard Class,CUST-19910,United States,Chicago,Illinois,60601,Chocolate,Interior,PROD-3893,Wonka Bar - Fudge Mallows,250.25,25,118.17,132.08,5,47.22,4.73,5.28,10.01,Lot's O' Nuts,32.881893,-111.768036
1780,US-2024-11780-CH,2024-02-13,2024-02-15,First Class,CUST-11244,United States,Henderson,Kentucky,42420,Other,Gulf,PROD-0345,Lickable Wallpaper,182.62,23,27.33,155.29,2,14.97,1.19,6.75,7.94,Secret Factory,41.446333,-90.565487
1781,US-2024-11781-CH,2024-06-25,2024-07-02,Standard Class,CUST-17973,United States,Naperville,Illinois,60540,Sugar,Interior,PROD-2533,Laffy Taffy,462.93,39,155.64,307.29,7,33.62,3.99,7.88,11.87,Sugar Shack,48.11914,-96.18115
1782,US-2024-11782-CH,2024-03-05,2024-03-10,Standard Class,CUST-14022,United States,Naperville,Illinois,60540,Other,Interior,PROD-2646,Kazookles,117.28,16,21.85,95.43,5,18.63,1.37,5.96,7.33,The Other Factory,35.1175,-89.971107
1783,US-2024-11783-CH,2026-01-25,2026-01-28,Standard Class,CUST-19589,United States,New York,New York,10001,Other,Atlantic,PROD-0345,Lickable Wallpaper,14.52,2,0.05,14.47,3,0.34,0.02,7.24,7.26,Secret Factory,41.446333,-90.565487
1784,US-2024-11784-CH,2024-01-14,2024-01-19,Second Class,CUST-11161,United States,Chicago,Illinois,60601,Other,Interior,PROD-9415,Wonka Gum,123.12,27,38.3,84.82,5,31.11,1.42,3.14,4.56,Secret Factory,41.446333,-90.565487
1785,US-2024-11785-CH,2024-06-10,2024-06-13,Standard Class,CUST-15129,United States,Philadelphia,Pennsylvania,19143,Sugar,Atlantic,PROD-2533,Laffy Taffy,370.44,42,154.82,215.62,3,41.79,3.69,5.13,8.82,Sugar Shack,48.11914,-96.18115
1786,US-2024-11786-CH,2025-12-13,2025-12-16,Standard Class,CUST-15253,United States,Philadelphia,Pennsylvania,19143,Other,Atlantic,PROD-9359,Fizzy Lifting Drinks,102.8,20,8.35,94.45,3,8.12,0.42,4.72,5.14,Sugar Shack,48.11914,-96.18115
1787,US-2024-11787-CH,2026-03-20,2026-03-25,Second Class,CUST-13484,United States,Philadelphia,Pennsylvania,19143,Chocolate,Atlantic,PROD-7514,Wonka Bar - Triple Dazzle Caramel,44.7,10,22.72,21.98,5,50.83,2.27,2.2,4.47,Wicked Choccy's,32.076176,-81.088371
1788,US-2024-11788-CH,2025-08-10,2025-08-17,Standard Class,CUST-19793,United States,Philadelphia,Pennsylvania,19143,Chocolate,Atlantic,PROD-0874,Wonka Bar - Milk Chocolate,75.3,10,30.31,44.99,7,40.25,3.03,4.5,7.53,Wicked Choccy's,32.076176,-81.088371
1789,US-2024-11789-CH,2024-05-02,2024-05-05,Standard Class,CUST-11238,United States,Henderson,Kentucky,42420,Sugar,Gulf,PROD-5646,Nerds,178.85,49,54.46,124.39,3,30.45,1.11,2.54,3.65,Sugar Shack,48.11914,-96.18115
1790,US-2024-11790-CH,2026-03-16,2026-03-21,Standard Class,CUST-14467,United States,Philadelphia,Pennsylvania,19143,Sugar,Atlantic,PROD-2120,Everlasting Gobstopper,54.4,16,10.16,44.24,5,18.68,0.64,2.76,3.4,Secret Factory,41.446333,-90.565487
1791,US-2024-11791-CH,2024-04-19,2024-04-22,Standard Class,CUST-10098,United States,Los Angeles,California,90049,Sugar,Pacific,PROD-9885,Fun Dip,38.25,9,11.76,26.49,3,30.75,1.31,2.94,4.25,Sugar Shack,48.11914,-96.18115
1792,US-2024-11792-CH,2025-10-13,2025-10-20,Standard Class,CUST-16231,United States,Atlanta,Georgia,30301,Chocolate,Gulf,PROD-3776,Wonka Bar -Scrumdiddlyumptious,126.79,31,61.08,65.71,7,48.17,1.97,2.12,4.09,Lot's O' Nuts,32.881893,-111.768036
1793,US-2024-11793-CH,2025-01-21,2025-01-24,First Class,CUST-11957,United States,Atlanta,Georgia,30301,Other,Gulf,PROD-2646,Kazookles,90.31,11,12.27,78.04,3,13.59,1.12,7.09,8.21,The Other Factory,35.1175,-89.971107
1794,US-2024-11794-CH,2025-09-24,2025-09-28,Second Class,CUST-18983,United States,Henderson,Kentucky,42420,Sugar,Gulf,PROD-2120,Everlasting Gobstopper,60.06,6,18.05,42.01,4,30.05,3.01,7.0,10.01,Secret Factory,41.446333,-90.565487
1795,US-2024-11795-CH,2025-12-05,2025-12-08,Standard Class,CUST-17548,United States,Houston,Texas,77095,Other,Gulf,PROD-2646,Kazookles,423.53,41,109.92,313.61,3,25.95,2.68,7.65,10.33,The Other Factory,35.1175,-89.971107
1796,US-2024-11796-CH,2024-11-06,2024-11-10,Second Class,CUST-15413,United States,New York,New York,10001,Sugar,Atlantic,PROD-5646,Nerds,93.16,17,33.91,59.25,4,36.4,1.99,3.49,5.48,Sugar Shack,48.11914,-96.18115
1797,US-2024-11797-CH,2025-12-01,2025-12-04,Standard Class,CUST-15091,United States,New York,New York,10001,Sugar,Atlantic,PROD-2533,Laffy Taffy,431.93,47,123.29,308.64,3,28.54,2.62,6.57,9.19,Sugar Shack,48.11914,-96.18115
1798,US-2024-11798-CH,2025-09-15,2025-09-17,Standard Class,CUST-18632,United States,Henderson,Kentucky,42420,Chocolate,Gulf,PROD-7514,Wonka Bar - Triple Dazzle Caramel,14.5,2,6.17,8.33,2,42.55,3.08,4.16,7.25,Wicked Choccy's,32.076176,-81.088371
1799,US-2024-11799-CH,2026-05-29,2026-06-02,Standard Class,CUST-11314,United States,Philadelphia,Pennsylvania,19143,Other,Atlantic,PROD-0345,Lickable Wallpaper,245.96,43,20.03,225.93,4,8.14,0.47,5.25,5.72,Secret Factory,41.446333,-90.565487
1800,US-2024-11800-CH,2024-09-07,2024-09-10,Standard Class,CUST-14583,United States,Houston,Texas,77095,Sugar,Gulf,PROD-2533,Laffy Taffy,476.83,41,136.63,340.2,3,28.65,3.33,8.3,11.63,Sugar Shack,48.11914,-96.18115
1801,US-2024-11801-CH,2025-12-05,2025-12-08,Standard Class,CUST-11220,United States,New York,New York,10001,Other,Atlantic,PROD-9359,Fizzy Lifting Drinks,148.96,14,3.17,145.79,3,2.13,0.23,10.41,10.64,Sugar Shack,48.11914,-96.18115
1802,US-2024-11802-CH,2024-08-17,2024-08-19,Standard Class,CUST-13090,United States,Seattle,Washington,98101,Chocolate,Pacific,PROD-3893,Wonka Bar - Fudge Mallows,89.5,10,48.45,41.05,2,54.13,4.85,4.1,8.95,Lot's O' Nuts,32.881893,-111.768036
1803,US-2024-11803-CH,2025-04-08,2025-04-11,First Class,CUST-10307,United States,New York,New York,10001,Chocolate,Atlantic,PROD-3893,Wonka Bar - Fudge Mallows,165.9,15,77.18,88.72,3,46.52,5.15,5.91,11.06,Lot's O' Nuts,32.881893,-111.768036
1804,US-2024-11804-CH,2026-02-04,2026-02-06,Standard Class,CUST-18036,United States,Seattle,Washington,98101,Chocolate,Pacific,PROD-8572,Wonka Bar - Nutty Crunch Surprise,80.08,8,43.87,36.21,2,54.78,5.48,4.53,10.01,Lot's O' Nuts,32.881893,-111.768036
1805,US-2024-11805-CH,2024-01-02,2024-01-04,Standard Class,CUST-13247,United States,Philadelphia,Pennsylvania,19143,Other,Atlantic,PROD-0345,Lickable Wallpaper,121.66,14,14.55,107.11,2,11.96,1.04,7.65,8.69,Secret Factory,41.446333,-90.565487
1806,US-2024-11806-CH,2026-01-02,2026-01-05,Standard Class,CUST-18168,United States,Chicago,Illinois,60601,Other,Interior,PROD-0345,Lickable Wallpaper,8.01,3,0.74,7.27,3,9.24,0.25,2.42,2.67,Secret Factory,41.446333,-90.565487
1807,US-2024-11807-CH,2025-12-06,2025-12-11,Standard Class,CUST-13945,United States,Chicago,Illinois,60601,Chocolate,Interior,PROD-8572,Wonka Bar - Nutty Crunch Surprise,273.28,28,115.04,158.24,5,42.1,4.11,5.65,9.76,Lot's O' Nuts,32.881893,-111.768036
1808,US-2024-11808-CH,2026-02-01,2026-02-04,Second Class,CUST-15364,United States,Naperville,Illinois,60540,Other,Interior,PROD-9359,Fizzy Lifting Drinks,115.78,14,-0.86,116.64,3,-0.74,-0.06,8.33,8.27,Sugar Shack,48.11914,-96.18115
1809,US-2024-11809-CH,2024-12-16,2024-12-19,Second Class,CUST-18584,United States,Philadelphia,Pennsylvania,19143,Chocolate,Atlantic,PROD-3893,Wonka Bar - Fudge Mallows,302.64,39,192.03,110.61,3,63.45,4.92,2.84,7.76,Lot's O' Nuts,32.881893,-111.768036
1810,US-2024-11810-CH,2024-02-19,2024-02-22,Second Class,CUST-10387,United States,New York,New York,10001,Other,Atlantic,PROD-9359,Fizzy Lifting Drinks,107.94,42,19.13,88.81,3,17.72,0.46,2.11,2.57,Sugar Shack,48.11914,-96.18115
1811,US-2024-11811-CH,2026-04-12,2026-04-15,Standard Class,CUST-10891,United States,Chicago,Illinois,60601,Chocolate,Interior,PROD-0874,Wonka Bar - Milk Chocolate,303.45,35,188.35,115.1,3,62.07,5.38,3.29,8.67,Wicked Choccy's,32.076176,-81.088371
1812,US-2024-11812-CH,2026-01-19,2026-01-23,Standard Class,CUST-16394,United States,Atlanta,Georgia,30301,Chocolate,Gulf,PROD-7514,Wonka Bar - Triple Dazzle Caramel,130.56,34,82.16,48.4,4,62.93,2.42,1.42,3.84,Wicked Choccy's,32.076176,-81.088371
1813,US-2024-11813-CH,2025-11-11,2025-11-15,Standard Class,CUST-14154,United States,Henderson,Kentucky,42420,Sugar,Gulf,PROD-2120,Everlasting Gobstopper,250.08,48,70.68,179.4,4,28.26,1.47,3.74,5.21,Secret Factory,41.446333,-90.565487
1814,US-2024-11814-CH,2025-01-07,2025-01-11,Standard Class,CUST-17911,United States,Philadelphia,Pennsylvania,19143,Sugar,Atlantic,PROD-2120,Everlasting Gobstopper,443.7,45,73.48,370.22,4,16.56,1.63,8.23,9.86,Secret Factory,41.446333,-90.565487
1815,US-2024-11815-CH,2025-04-13,2025-04-16,Standard Class,CUST-14797,United States,Los Angeles,California,90049,Sugar,Pacific,PROD-9885,Fun Dip,210.46,34,73.31,137.15,3,34.83,2.16,4.03,6.19,Sugar Shack,48.11914,-96.18115
1816,US-2024-11816-CH,2025-12-22,2025-12-26,Second Class,CUST-17014,United States,Houston,Texas,77095,Sugar,Gulf,PROD-9885,Fun Dip,170.24,28,42.83,127.41,4,25.16,1.53,4.55,6.08,Sugar Shack,48.11914,-96.18115
1817,US-2024-11817-CH,2024-11-29,2024-12-02,Standard Class,CUST-12470,United States,Philadelphia,Pennsylvania,19143,Chocolate,Atlantic,PROD-7514,Wonka Bar - Triple Dazzle Caramel,115.83,27,69.05,46.78,3,59.61,2.56,1.73,4.29,Wicked Choccy's,32.076176,-81.088371
1818,US-2024-11818-CH,2024-04-12,2024-04-16,Standard Class,CUST-11570,United States,Philadelphia,Pennsylvania,19143,Sugar,Atlantic,PROD-2120,Everlasting Gobstopper,42.84,12,14.89,27.95,4,34.76,1.24,2.33,3.57,Secret Factory,41.446333,-90.565487
1819,US-2024-11819-CH,2024-08-26,2024-08-30,Standard Class,CUST-15848,United States,Houston,Texas,77095,Chocolate,Gulf,PROD-7514,Wonka Bar - Triple Dazzle Caramel,278.4,48,125.86,152.54,4,45.21,2.62,3.18,5.8,Wicked Choccy's,32.076176,-81.088371
1820,US-2024-11820-CH,2024-04-12,2024-04-15,Second Class,CUST-19282,United States,Seattle,Washington,98101,Chocolate,Pacific,PROD-3893,Wonka Bar - Fudge Mallows,5.5,2,2.33,3.17,3,42.36,1.16,1.58,2.75,Lot's O' Nuts,32.881893,-111.768036
1821,US-2024-11821-CH,2025-08-29,2025-08-31,Same Day,CUST-19470,United States,Los Angeles,California,90049,Other,Pacific,PROD-9415,Wonka Gum,23.73,7,7.01,16.72,2,29.54,1.0,2.39,3.39,Secret Factory,41.446333,-90.565487
1822,US-2024-11822-CH,2026-01-27,2026-01-30,Standard Class,CUST-10771,United States,Houston,Texas,77095,Other,Gulf,PROD-2646,Kazookles,106.3,10,15.08,91.22,3,14.19,1.51,9.12,10.63,The Other Factory,35.1175,-89.971107
1823,US-2024-11823-CH,2024-07-22,2024-07-26,Standard Class,CUST-13944,United States,New York,New York,10001,Sugar,Atlantic,PROD-9885,Fun Dip,246.82,41,96.7,150.12,4,39.18,2.36,3.66,6.02,Sugar Shack,48.11914,-96.18115
1824,US-2024-11824-CH,2024-06-08,2024-06-10,Second Class,CUST-10422,United States,Athens,Georgia,30605,Sugar,Gulf,PROD-5646,Nerds,264.9,30,115.5,149.4,2,43.6,3.85,4.98,8.83,Sugar Shack,48.11914,-96.18115
1825,US-2024-11825-CH,2025-12-22,2025-12-27,Standard Class,CUST-19950,United States,Naperville,Illinois,60540,Sugar,Interior,PROD-0725,Hair Toffee,268.8,28,75.97,192.83,5,28.26,2.71,6.89,9.6,The Other Factory,35.1175,-89.971107
1826,US-2024-11826-CH,2025-03-31,2025-04-07,First Class,CUST-15577,United States,Philadelphia,Pennsylvania,19143,Sugar,Atlantic,PROD-2120,Everlasting Gobstopper,317.25,27,34.83,282.42,7,10.98,1.29,10.46,11.75,Secret Factory,41.446333,-90.565487
1827,US-2024-11827-CH,2026-01-18,2026-01-21,Standard Class,CUST-12578,United States,Atlanta,Georgia,30301,Sugar,Gulf,PROD-2533,Laffy Taffy,135.42,37,57.53,77.89,3,42.48,1.55,2.11,3.66,Sugar Shack,48.11914,-96.18115
1828,US-2024-11828-CH,2026-01-09,2026-01-11,First Class,CUST-12154,United States,Seattle,Washington,98101,Sugar,Pacific,PROD-0725,Hair Toffee,509.55,43,74.78,434.77,2,14.68,1.74,10.11,11.85,The Other Factory,35.1175,-89.971107
1829,US-2024-11829-CH,2024-08-01,2024-08-04,First Class,CUST-17347,United States,Henderson,Kentucky,42420,Other,Gulf,PROD-2646,Kazookles,75.6,7,8.56,67.04,3,11.32,1.22,9.58,10.8,The Other Factory,35.1175,-89.971107
1830,US-2024-11830-CH,2026-06-15,2026-06-20,Second Class,CUST-18928,United States,Chicago,Illinois,60601,Chocolate,Interior,PROD-7514,Wonka Bar - Triple Dazzle Caramel,23.24,4,9.94,13.3,5,42.77,2.48,3.32,5.81,Wicked Choccy's,32.076176,-81.088371
1831,US-2024-11831-CH,2026-05-22,2026-05-24,Standard Class,CUST-12935,United States,Naperville,Illinois,60540,Other,Interior,PROD-2646,Kazookles,163.02,38,47.23,115.79,2,28.97,1.24,3.05,4.29,The Other Factory,35.1175,-89.971107
1832,US-2024-11832-CH,2026-05-02,2026-05-06,Same Day,CUST-19990,United States,Athens,Georgia,30605,Other,Gulf,PROD-9359,Fizzy Lifting Drinks,191.7,27,26.31,165.39,4,13.72,0.97,6.13,7.1,Sugar Shack,48.11914,-96.18115
1833,US-2024-11833-CH,2024-06-14,2024-06-19,Standard Class,CUST-18826,United States,Athens,Georgia,30605,Sugar,Gulf,PROD-5646,Nerds,47.26,17,20.64,26.62,5,43.67,1.21,1.57,2.78,Sugar Shack,48.11914,-96.18115
1834,US-2024-11834-CH,2026-04-14,2026-04-21,Standard Class,CUST-15073,United States,Los Angeles,California,90049,Sugar,Pacific,PROD-0725,Hair Toffee,346.71,39,48.0,298.71,7,13.84,1.23,7.66,8.89,The Other Factory,35.1175,-89.971107
1835,US-2024-11835-CH,2026-02-26,2026-03-05,First Class,CUST-14930,United States,New York,New York,10001,Chocolate,Atlantic,PROD-3893,Wonka Bar - Fudge Mallows,168.84,42,68.74,100.1,7,40.71,1.64,2.38,4.02,Lot's O' Nuts,32.881893,-111.768036
1836,US-2024-11836-CH,2024-07-11,2024-07-14,Standard Class,CUST-19052,United States,Chicago,Illinois,60601,Other,Interior,PROD-9415,Wonka Gum,54.39,7,8.75,45.64,3,16.09,1.25,6.52,7.77,Secret Factory,41.446333,-90.565487
1837,US-2024-11837-CH,2025-01-26,2025-01-29,First Class,CUST-18641,United States,New York,New York,10001,Sugar,Atlantic,PROD-2533,Laffy Taffy,79.02,18,31.51,47.51,3,39.88,1.75,2.64,4.39,Sugar Shack,48.11914,-96.18115
1838,US-2024-11838-CH,2025-03-18,2025-03-21,Same Day,CUST-18444,United States,Seattle,Washington,98101,Chocolate,Pacific,PROD-3776,Wonka Bar -Scrumdiddlyumptious,441.14,46,285.66,155.48,3,64.75,6.21,3.38,9.59,Lot's O' Nuts,32.881893,-111.768036
1839,US-2024-11839-CH,2024-07-30,2024-08-06,Standard Class,CUST-13683,United States,New York,New York,10001,Sugar,Atlantic,PROD-0725,Hair Toffee,58.74,22,6.37,52.37,7,10.84,0.29,2.38,2.67,The Other Factory,35.1175,-89.971107
1840,US-2024-11840-CH,2026-04-18,2026-04-22,First Class,CUST-10862,United States,Atlanta,Georgia,30301,Sugar,Gulf,PROD-2533,Laffy Taffy,223.83,27,58.12,165.71,4,25.97,2.15,6.14,8.29,Sugar Shack,48.11914,-96.18115
1841,US-2024-11841-CH,2024-07-14,2024-07-19,Second Class,CUST-10846,United States,Los Angeles,California,90049,Other,Pacific,PROD-2646,Kazookles,115.09,17,29.14,85.95,5,25.32,1.71,5.06,6.77,The Other Factory,35.1175,-89.971107
1842,US-2024-11842-CH,2026-03-12,2026-03-14,Second Class,CUST-10471,United States,Athens,Georgia,30605,Sugar,Gulf,PROD-2533,Laffy Taffy,17.13,3,5.99,11.14,2,34.97,2.0,3.71,5.71,Sugar Shack,48.11914,-96.18115
1843,US-2024-11843-CH,2025-04-02,2025-04-05,Standard Class,CUST-14921,United States,Henderson,Kentucky,42420,Sugar,Gulf,PROD-0725,Hair Toffee,397.39,49,136.31,261.08,3,34.3,2.78,5.33,8.11,The Other Factory,35.1175,-89.971107
1844,US-2024-11844-CH,2024-10-31,2024-11-02,First Class,CUST-12529,United States,Chicago,Illinois,60601,Sugar,Interior,PROD-6629,SweeTARTS,45.15,5,15.54,29.61,2,34.42,3.11,5.92,9.03,Sugar Shack,48.11914,-96.18115
1845,US-2024-11845-CH,2026-04-20,2026-04-25,First Class,CUST-15617,United States,Chicago,Illinois,60601,Other,Interior,PROD-9359,Fizzy Lifting Drinks,87.3,9,15.67,71.63,5,17.95,1.74,7.96,9.7,Sugar Shack,48.11914,-96.18115
1846,US-2024-11846-CH,2025-07-11,2025-07-13,Standard Class,CUST-10842,United States,Naperville,Illinois,60540,Sugar,Interior,PROD-0725,Hair Toffee,317.26,29,67.67,249.59,2,21.33,2.33,8.61,10.94,The Other Factory,35.1175,-89.971107
1847,US-2024-11847-CH,2025-10-20,2025-10-23,Standard Class,CUST-15020,United States,Philadelphia,Pennsylvania,19143,Chocolate,Atlantic,PROD-8572,Wonka Bar - Nutty Crunch Surprise,140.0,14,62.28,77.72,3,44.49,4.45,5.55,10.0,Lot's O' Nuts,32.881893,-111.768036
1848,US-2024-11848-CH,2024-06-02,2024-06-07,Standard Class,CUST-10105,United States,Los Angeles,California,90049,Other,Pacific,PROD-2646,Kazookles,5.76,2,1.67,4.09,5,28.99,0.84,2.04,2.88,The Other Factory,35.1175,-89.971107
1849,US-2024-11849-CH,2025-01-16,2025-01-19,Standard Class,CUST-10906,United States,Naperville,Illinois,60540,Chocolate,Interior,PROD-3893,Wonka Bar - Fudge Mallows,198.4,32,116.85,81.55,3,58.9,3.65,2.55,6.2,Lot's O' Nuts,32.881893,-111.768036
1850,US-2024-11850-CH,2025-10-24,2025-10-28,Same Day,CUST-18349,United States,Naperville,Illinois,60540,Sugar,Interior,PROD-2120,Everlasting Gobstopper,23.46,3,3.79,19.67,4,16.16,1.26,6.56,7.82,Secret Factory,41.446333,-90.565487
1851,US-2024-11851-CH,2025-10-31,2025-11-02,Standard Class,CUST-12483,United States,Athens,Georgia,30605,Sugar,Gulf,PROD-2120,Everlasting Gobstopper,9.34,2,1.67,7.67,2,17.88,0.84,3.84,4.67,Secret Factory,41.446333,-90.565487
1852,US-2024-11852-CH,2024-12-17,2024-12-20,Standard Class,CUST-10479,United States,Philadelphia,Pennsylvania,19143,Chocolate,Atlantic,PROD-3893,Wonka Bar - Fudge Mallows,352.77,33,176.29,176.48,3,49.97,5.34,5.35,10.69,Lot's O' Nuts,32.881893,-111.768036
1853,US-2024-11853-CH,2025-09-29,2025-10-03,Standard Class,CUST-12640,United States,Henderson,Kentucky,42420,Other,Gulf,PROD-2646,Kazookles,282.25,25,67.63,214.62,4,23.96,2.71,8.58,11.29,The Other Factory,35.1175,-89.971107
1854,US-2024-11854-CH,2024-10-27,2024-10-30,First Class,CUST-10929,United States,Atlanta,Georgia,30301,Other,Gulf,PROD-9415,Wonka Gum,124.32,12,17.52,106.8,3,14.09,1.46,8.9,10.36,Secret Factory,41.446333,-90.565487
1855,US-2024-11855-CH,2024-09-25,2024-09-29,Standard Class,CUST-18588,United States,Henderson,Kentucky,42420,Sugar,Gulf,PROD-6629,SweeTARTS,282.48,33,91.19,191.29,4,32.28,2.76,5.8,8.56,Sugar Shack,48.11914,-96.18115
1856,US-2024-11856-CH,2024-04-07,2024-04-10,Standard Class,CUST-15885,United States,Philadelphia,Pennsylvania,19143,Sugar,Atlantic,PROD-5646,Nerds,184.47,39,53.23,131.24,3,28.86,1.36,3.37,4.73,Sugar Shack,48.11914,-96.18115
1857,US-2024-11857-CH,2026-03-29,2026-03-31,First Class,CUST-14321,United States,New York,New York,10001,Sugar,Atlantic,PROD-0725,Hair Toffee,411.2,40,120.74,290.46,2,29.36,3.02,7.26,10.28,The Other Factory,35.1175,-89.971107
1858,US-2024-11858-CH,2026-01-29,2026-02-01,Second Class,CUST-16278,United States,Seattle,Washington,98101,Chocolate,Pacific,PROD-8572,Wonka Bar - Nutty Crunch Surprise,106.24,32,58.23,48.01,3,54.81,1.82,1.5,3.32,Lot's O' Nuts,32.881893,-111.768036
1859,US-2024-11859-CH,2024-01-04,2024-01-09,First Class,CUST-13271,United States,New York,New York,10001,Other,Atlantic,PROD-0345,Lickable Wallpaper,40.52,4,6.17,34.35,5,15.23,1.54,8.59,10.13,Secret Factory,41.446333,-90.565487
1860,US-2024-11860-CH,2024-09-29,2024-10-03,Standard Class,CUST-18623,United States,Houston,Texas,77095,Chocolate,Gulf,PROD-0874,Wonka Bar - Milk Chocolate,163.8,36,75.99,87.81,4,46.39,2.11,2.44,4.55,Wicked Choccy's,32.076176,-81.088371
1861,US-2024-11861-CH,2025-05-11,2025-05-15,Standard Class,CUST-14318,United States,New York,New York,10001,Sugar,Atlantic,PROD-6629,SweeTARTS,430.54,38,172.78,257.76,4,40.13,4.55,6.78,11.33,Sugar Shack,48.11914,-96.18115
1862,US-2024-11862-CH,2025-04-12,2025-04-19,Standard Class,CUST-17541,United States,Seattle,Washington,98101,Sugar,Pacific,PROD-0725,Hair Toffee,408.17,49,61.17,347.0,7,14.99,1.25,7.08,8.33,The Other Factory,35.1175,-89.971107
1863,US-2024-11863-CH,2025-03-25,2025-03-28,Standard Class,CUST-19608,United States,Philadelphia,Pennsylvania,19143,Other,Atlantic,PROD-9415,Wonka Gum,99.18,38,33.87,65.31,3,34.15,0.89,1.72,2.61,Secret Factory,41.446333,-90.565487
1864,US-2024-11864-CH,2025-01-02,2025-01-05,Standard Class,CUST-10399,United States,Henderson,Kentucky,42420,Other,Gulf,PROD-9359,Fizzy Lifting Drinks,218.87,43,34.79,184.08,3,15.9,0.81,4.28,5.09,Sugar Shack,48.11914,-96.18115
1865,US-2024-11865-CH,2024-07-04,2024-07-07,First Class,CUST-16051,United States,Naperville,Illinois,60540,Other,Interior,PROD-2646,Kazookles,46.64,11,15.75,30.89,3,33.77,1.43,2.81,4.24,The Other Factory,35.1175,-89.971107
1866,US-2024-11866-CH,2024-01-29,2024-02-05,Standard Class,CUST-19442,United States,Athens,Georgia,30605,Sugar,Gulf,PROD-9885,Fun Dip,180.18,22,53.75,126.43,7,29.83,2.44,5.75,8.19,Sugar Shack,48.11914,-96.18115
1867,US-2024-11867-CH,2024-12-21,2024-12-24,Second Class,CUST-14905,United States,Chicago,Illinois,60601,Sugar,Interior,PROD-2533,Laffy Taffy,251.94,34,91.17,160.77,3,36.19,2.68,4.73,7.41,Sugar Shack,48.11914,-96.18115
1868,US-2024-11868-CH,2025-02-19,2025-02-22,Standard Class,CUST-11567,United States,Seattle,Washington,98101,Sugar,Pacific,PROD-6629,SweeTARTS,14.88,4,5.24,9.64,3,35.22,1.31,2.41,3.72,Sugar Shack,48.11914,-96.18115
1869,US-2024-11869-CH,2024-03-11,2024-03-13,Standard Class,CUST-14934,United States,Houston,Texas,77095,Sugar,Gulf,PROD-6629,SweeTARTS,280.03,41,99.75,180.28,2,35.62,2.43,4.4,6.83,Sugar Shack,48.11914,-96.18115
1870,US-2024-11870-CH,2024-11-26,2024-12-03,Standard Class,CUST-13042,United States,Chicago,Illinois,60601,Chocolate,Interior,PROD-7514,Wonka Bar - Triple Dazzle Caramel,180.62,22,79.49,101.13,7,44.01,3.61,4.6,8.21,Wicked Choccy's,32.076176,-81.088371
1871,US-2024-11871-CH,2026-02-25,2026-02-28,Second Class,CUST-14868,United States,Athens,Georgia,30605,Chocolate,Gulf,PROD-3893,Wonka Bar - Fudge Mallows,162.3,30,100.82,61.48,3,62.12,3.36,2.05,5.41,Lot's O' Nuts,32.881893,-111.768036
1872,US-2024-11872-CH,2026-04-06,2026-04-10,Second Class,CUST-14094,United States,Atlanta,Georgia,30301,Other,Gulf,PROD-9359,Fizzy Lifting Drinks,139.02,14,2.94,136.08,4,2.11,0.21,9.72,9.93,Sugar Shack,48.11914,-96.18115
1873,US-2024-11873-CH,2024-02-21,2024-02-24,Standard Class,CUST-18709,United States,Henderson,Kentucky,42420,Sugar,Gulf,PROD-2120,Everlasting Gobstopper,391.16,44,132.12,259.04,3,33.78,3.0,5.89,8.89,Secret Factory,41.446333,-90.565487
1874,US-2024-11874-CH,2024-01-08,2024-01-11,Standard Class,CUST-18973,United States,Chicago,Illinois,60601,Sugar,Interior,PROD-0725,Hair Toffee,434.14,49,44.87,389.27,3,10.34,0.92,7.94,8.86,The Other Factory,35.1175,-89.971107
1875,US-2024-11875-CH,2024-12-12,2024-12-16,Standard Class,CUST-19327,United States,New York,New York,10001,Other,Atlantic,PROD-9359,Fizzy Lifting Drinks,286.75,37,31.6,255.15,4,11.02,0.85,6.9,7.75,Sugar Shack,48.11914,-96.18115
1876,US-2024-11876-CH,2025-07-12,2025-07-14,First Class,CUST-12427,United States,Philadelphia,Pennsylvania,19143,Other,Atlantic,PROD-9359,Fizzy Lifting Drinks,306.9,30,28.32,278.58,2,9.23,0.94,9.29,10.23,Sugar Shack,48.11914,-96.18115
1877,US-2024-11877-CH,2026-04-14,2026-04-21,First Class,CUST-19141,United States,Los Angeles,California,90049,Other,Pacific,PROD-9359,Fizzy Lifting Drinks,212.6,20,0.66,211.94,7,0.31,0.03,10.6,10.63,Sugar Shack,48.11914,-96.18115
1878,US-2024-11878-CH,2026-02-06,2026-02-11,Standard Class,CUST-10948,United States,Chicago,Illinois,60601,Other,Interior,PROD-0345,Lickable Wallpaper,269.28,36,33.51,235.77,5,12.44,0.93,6.55,7.48,Secret Factory,41.446333,-90.565487
1879,US-2024-11879-CH,2025-09-15,2025-09-18,Standard Class,CUST-14581,United States,Henderson,Kentucky,42420,Chocolate,Gulf,PROD-7514,Wonka Bar - Triple Dazzle Caramel,67.85,23,31.32,36.53,3,46.16,1.36,1.59,2.95,Wicked Choccy's,32.076176,-81.088371
1880,US-2024-11880-CH,2025-09-11,2025-09-16,Standard Class,CUST-12369,United States,Henderson,Kentucky,42420,Chocolate,Gulf,PROD-7514,Wonka Bar - Triple Dazzle Caramel,19.11,7,10.75,8.36,5,56.25,1.54,1.19,2.73,Wicked Choccy's,32.076176,-81.088371
1881,US-2024-11881-CH,2024-04-12,2024-04-17,Standard Class,CUST-16732,United States,Seattle,Washington,98101,Sugar,Pacific,PROD-2533,Laffy Taffy,366.95,41,147.76,219.19,5,40.27,3.6,5.35,8.95,Sugar Shack,48.11914,-96.18115
1882,US-2024-11882-CH,2025-08-25,2025-09-01,First Class,CUST-18774,United States,Henderson,Kentucky,42420,Sugar,Gulf,PROD-2120,Everlasting Gobstopper,9.0,2,1.44,7.56,7,16.0,0.72,3.78,4.5,Secret Factory,41.446333,-90.565487
1883,US-2024-11883-CH,2025-01-06,2025-01-11,Standard Class,CUST-14222,United States,Philadelphia,Pennsylvania,19143,Sugar,Atlantic,PROD-5646,Nerds,403.92,44,107.99,295.93,5,26.74,2.45,6.73,9.18,Sugar Shack,48.11914,-96.18115
1884,US-2024-11884-CH,2025-02-20,2025-02-27,Standard Class,CUST-19491,United States,Los Angeles,California,90049,Other,Pacific,PROD-0345,Lickable Wallpaper,126.4,20,12.48,113.92,7,9.87,0.62,5.7,6.32,Secret Factory,41.446333,-90.565487
1885,US-2024-11885-CH,2025-09-07,2025-09-10,First Class,CUST-19924,United States,Atlanta,Georgia,30301,Sugar,Gulf,PROD-9885,Fun Dip,309.21,33,136.92,172.29,3,44.28,4.15,5.22,9.37,Sugar Shack,48.11914,-96.18115
1886,US-2024-11886-CH,2024-08-07,2024-08-12,Second Class,CUST-10921,United States,Philadelphia,Pennsylvania,19143,Chocolate,Atlantic,PROD-7514,Wonka Bar - Triple Dazzle Caramel,224.71,23,140.2,84.51,5,62.39,6.1,3.67,9.77,Wicked Choccy's,32.076176,-81.088371
1887,US-2024-11887-CH,2025-01-01,2025-01-04,Standard Class,CUST-10724,United States,Naperville,Illinois,60540,Other,Interior,PROD-9359,Fizzy Lifting Drinks,428.56,44,-11.61,440.17,3,-2.71,-0.26,10.0,9.74,Sugar Shack,48.11914,-96.18115
1888,US-2024-11888-CH,2026-05-04,2026-05-07,Second Class,CUST-18116,United States,Philadelphia,Pennsylvania,19143,Sugar,Atlantic,PROD-5646,Nerds,210.0,20,58.07,151.93,3,27.65,2.9,7.6,10.5,Sugar Shack,48.11914,-96.18115
1889,US-2024-11889-CH,2025-02-02,2025-02-05,Standard Class,CUST-12311,United States,Naperville,Illinois,60540,Sugar,Interior,PROD-0725,Hair Toffee,26.12,4,8.59,17.53,3,32.89,2.15,4.38,6.53,The Other Factory,35.1175,-89.971107
1890,US-2024-11890-CH,2026-01-31,2026-02-02,Standard Class,CUST-17806,United States,Naperville,Illinois,60540,Sugar,Interior,PROD-0725,Hair Toffee,229.32,28,34.49,194.83,2,15.04,1.23,6.96,8.19,The Other Factory,35.1175,-89.971107
1891,US-2024-11891-CH,2024-03-17,2024-03-20,Second Class,CUST-18956,United States,Chicago,Illinois,60601,Sugar,Interior,PROD-2533,Laffy Taffy,425.52,36,185.67,239.85,3,43.63,5.16,6.66,11.82,Sugar Shack,48.11914,-96.18115
1892,US-2024-11892-CH,2025-03-01,2025-03-03,Same Day,CUST-11821,United States,Seattle,Washington,98101,Sugar,Pacific,PROD-2533,Laffy Taffy,275.28,24,69.88,205.4,2,25.39,2.91,8.56,11.47,Sugar Shack,48.11914,-96.18115
1893,US-2024-11893-CH,2024-03-09,2024-03-11,Standard Class,CUST-17597,United States,Naperville,Illinois,60540,Chocolate,Interior,PROD-3893,Wonka Bar - Fudge Mallows,91.2,20,49.83,41.37,2,54.64,2.49,2.07,4.56,Lot's O' Nuts,32.881893,-111.768036
1894,US-2024-11894-CH,2024-06-09,2024-06-12,Standard Class,CUST-19455,United States,Houston,Texas,77095,Chocolate,Gulf,PROD-8572,Wonka Bar - Nutty Crunch Surprise,61.44,6,38.22,23.22,3,62.21,6.37,3.87,10.24,Lot's O' Nuts,32.881893,-111.768036
1895,US-2024-11895-CH,2024-07-19,2024-07-22,Standard Class,CUST-12076,United States,Naperville,Illinois,60540,Chocolate,Interior,PROD-8572,Wonka Bar - Nutty Crunch Surprise,351.56,47,152.48,199.08,3,43.37,3.24,4.24,7.48,Lot's O' Nuts,32.881893,-111.768036
1896,US-2024-11896-CH,2025-03-13,2025-03-15,Standard Class,CUST-14516,United States,Seattle,Washington,98101,Other,Pacific,PROD-9359,Fizzy Lifting Drinks,22.84,4,-0.73,23.57,2,-3.2,-0.18,5.89,5.71,Sugar Shack,48.11914,-96.18115
1897,US-2024-11897-CH,2025-05-19,2025-05-22,Standard Class,CUST-13598,United States,Los Angeles,California,90049,Other,Pacific,PROD-9415,Wonka Gum,354.66,46,53.16,301.5,3,14.99,1.16,6.55,7.71,Secret Factory,41.446333,-90.565487
1898,US-2024-11898-CH,2024-01-17,2024-01-19,Standard Class,CUST-14723,United States,Seattle,Washington,98101,Chocolate,Pacific,PROD-7514,Wonka Bar - Triple Dazzle Caramel,78.56,8,50.4,28.16,2,64.15,6.3,3.52,9.82,Wicked Choccy's,32.076176,-81.088371
1899,US-2024-11899-CH,2025-11-15,2025-11-20,Standard Class,CUST-11887,United States,Los Angeles,California,90049,Sugar,Pacific,PROD-6629,SweeTARTS,105.75,25,35.87,69.88,5,33.92,1.43,2.8,4.23,Sugar Shack,48.11914,-96.18115
1900,US-2024-11900-CH,2026-03-22,2026-03-27,Second Class,CUST-16643,United States,Henderson,Kentucky,42420,Sugar,Gulf,PROD-5646,Nerds,181.6,16,50.71,130.89,5,27.92,3.17,8.18,11.35,Sugar Shack,48.11914,-96.18115
1901,US-2024-11901-CH,2024-07-29,2024-08-02,Same Day,CUST-14779,United States,Houston,Texas,77095,Sugar,Gulf,PROD-9885,Fun Dip,132.68,31,54.42,78.26,4,41.02,1.76,2.52,4.28,Sugar Shack,48.11914,-96.18115
1902,US-2024-11902-CH,2025-08-11,2025-08-14,First Class,CUST-11488,United States,Naperville,Illinois,60540,Sugar,Interior,PROD-0725,Hair Toffee,75.42,18,8.32,67.1,3,11.03,0.46,3.73,4.19,The Other Factory,35.1175,-89.971107
1903,US-2024-11903-CH,2025-01-02,2025-01-04,Same Day,CUST-13520,United States,Chicago,Illinois,60601,Chocolate,Interior,PROD-3893,Wonka Bar - Fudge Mallows,438.51,47,237.09,201.42,2,54.07,5.04,4.29,9.33,Lot's O' Nuts,32.881893,-111.768036
1904,US-2024-11904-CH,2025-08-12,2025-08-15,Second Class,CUST-15462,United States,Philadelphia,Pennsylvania,19143,Sugar,Atlantic,PROD-9885,Fun Dip,15.78,3,4.9,10.88,3,31.05,1.63,3.63,5.26,Sugar Shack,48.11914,-96.18115
1905,US-2024-11905-CH,2025-01-21,2025-01-25,Second Class,CUST-13491,United States,Philadelphia,Pennsylvania,19143,Chocolate,Atlantic,PROD-7514,Wonka Bar - Triple Dazzle Caramel,71.0,20,43.12,27.88,4,60.73,2.16,1.39,3.55,Wicked Choccy's,32.076176,-81.088371
1906,US-2024-11906-CH,2024-06-14,2024-06-17,Standard Class,CUST-10293,United States,Naperville,Illinois,60540,Sugar,Interior,PROD-5646,Nerds,192.4,20,50.85,141.55,3,26.43,2.54,7.08,9.62,Sugar Shack,48.11914,-96.18115
1907,US-2024-11907-CH,2024-10-25,2024-10-27,Second Class,CUST-13801,United States,New York,New York,10001,Chocolate,Atlantic,PROD-3893,Wonka Bar - Fudge Mallows,311.04,36,152.12,158.92,2,48.91,4.23,4.41,8.64,Lot's O' Nuts,32.881893,-111.768036
1908,US-2024-11908-CH,2024-09-27,2024-10-01,Standard Class,CUST-11633,United States,New York,New York,10001,Sugar,Atlantic,PROD-9885,Fun Dip,48.4,5,17.14,31.26,4,35.41,3.43,6.25,9.68,Sugar Shack,48.11914,-96.18115
1909,US-2024-11909-CH,2024-12-01,2024-12-03,Standard Class,CUST-10977,United States,Naperville,Illinois,60540,Other,Interior,PROD-9359,Fizzy Lifting Drinks,351.78,39,28.35,323.43,2,8.06,0.73,8.29,9.02,Sugar Shack,48.11914,-96.18115
1910,US-2024-11910-CH,2025-09-04,2025-09-07,Standard Class,CUST-16798,United States,Atlanta,Georgia,30301,Sugar,Gulf,PROD-2533,Laffy Taffy,89.4,12,32.91,56.49,3,36.81,2.74,4.71,7.45,Sugar Shack,48.11914,-96.18115
1911,US-2024-11911-CH,2024-12-26,2025-01-02,Standard Class,CUST-11982,United States,Los Angeles,California,90049,Other,Pacific,PROD-9359,Fizzy Lifting Drinks,215.8,20,9.53,206.27,7,4.42,0.48,10.31,10.79,Sugar Shack,48.11914,-96.18115
1912,US-2024-11912-CH,2024-09-27,2024-10-01,Second Class,CUST-10673,United States,Houston,Texas,77095,Sugar,Gulf,PROD-9885,Fun Dip,379.26,43,147.92,231.34,4,39.0,3.44,5.38,8.82,Sugar Shack,48.11914,-96.18115
1913,US-2024-11913-CH,2025-10-19,2025-10-22,Standard Class,CUST-10068,United States,New York,New York,10001,Chocolate,Atlantic,PROD-3776,Wonka Bar -Scrumdiddlyumptious,10.9,2,6.73,4.17,3,61.74,3.36,2.08,5.45,Lot's O' Nuts,32.881893,-111.768036
1914,US-2024-11914-CH,2024-07-22,2024-07-24,First Class,CUST-16104,United States,Chicago,Illinois,60601,Sugar,Interior,PROD-5646,Nerds,400.14,39,174.64,225.5,2,43.64,4.48,5.78,10.26,Sugar Shack,48.11914,-96.18115
1915,US-2024-11915-CH,2025-03-15,2025-03-17,Standard Class,CUST-13549,United States,Henderson,Kentucky,42420,Other,Gulf,PROD-9415,Wonka Gum,27.45,5,8.75,18.7,2,31.88,1.75,3.74,5.49,Secret Factory,41.446333,-90.565487
1916,US-2024-11916-CH,2025-11-06,2025-11-09,Standard Class,CUST-15862,United States,Chicago,Illinois,60601,Sugar,Interior,PROD-6629,SweeTARTS,453.2,40,191.92,261.28,3,42.35,4.8,6.53,11.33,Sugar Shack,48.11914,-96.18115
1917,US-2024-11917-CH,2024-10-08,2024-10-11,Second Class,CUST-10749,United States,Atlanta,Georgia,30301,Chocolate,Gulf,PROD-8572,Wonka Bar - Nutty Crunch Surprise,120.6,36,67.68,52.92,3,56.12,1.88,1.47,3.35,Lot's O' Nuts,32.881893,-111.768036
1918,US-2024-11918-CH,2026-05-12,2026-05-17,Second Class,CUST-11389,United States,Los Angeles,California,90049,Other,Pacific,PROD-0345,Lickable Wallpaper,234.83,23,32.18,202.65,5,13.7,1.4,8.81,10.21,Secret Factory,41.446333,-90.565487
1919,US-2024-11919-CH,2026-04-02,2026-04-09,Standard Class,CUST-15994,United States,Seattle,Washington,98101,Chocolate,Pacific,PROD-3776,Wonka Bar -Scrumdiddlyumptious,148.77,29,91.99,56.78,7,61.83,3.17,1.96,5.13,Lot's O' Nuts,32.881893,-111.768036
1920,US-2024-11920-CH,2025-12-23,2025-12-27,Same Day,CUST-15616,United States,Houston,Texas,77095,Sugar,Gulf,PROD-2533,Laffy Taffy,85.68,12,33.44,52.24,4,39.03,2.79,4.35,7.14,Sugar Shack,48.11914,-96.18115
1921,US-2024-11921-CH,2025-11-29,2025-12-04,Standard Class,CUST-17450,United States,Houston,Texas,77095,Sugar,Gulf,PROD-6629,SweeTARTS,148.4,20,37.36,111.04,5,25.18,1.87,5.55,7.42,Sugar Shack,48.11914,-96.18115
1922,US-2024-11922-CH,2024-10-13,2024-10-16,Standard Class,CUST-18378,United States,Seattle,Washington,98101,Chocolate,Pacific,PROD-7514,Wonka Bar - Triple Dazzle Caramel,17.46,3,10.31,7.15,3,59.05,3.44,2.38,5.82,Wicked Choccy's,32.076176,-81.088371
1923,US-2024-11923-CH,2025-05-07,2025-05-10,Standard Class,CUST-15319,United States,Naperville,Illinois,60540,Sugar,Interior,PROD-5646,Nerds,54.7,5,22.99,31.71,3,42.03,4.6,6.34,10.94,Sugar Shack,48.11914,-96.18115
1924,US-2024-11924-CH,2026-04-05,2026-04-09,First Class,CUST-15177,United States,Athens,Georgia,30605,Sugar,Gulf,PROD-6629,SweeTARTS,59.04,8,19.78,39.26,4,33.5,2.47,4.91,7.38,Sugar Shack,48.11914,-96.18115
1925,US-2024-11925-CH,2025-12-16,2025-12-21,Standard Class,CUST-11432,United States,Los Angeles,California,90049,Sugar,Pacific,PROD-9885,Fun Dip,215.25,41,88.24,127.01,5,40.99,2.15,3.1,5.25,Sugar Shack,48.11914,-96.18115
1926,US-2024-11926-CH,2024-12-08,2024-12-15,Standard Class,CUST-14102,United States,Los Angeles,California,90049,Sugar,Pacific,PROD-6629,SweeTARTS,345.21,37,101.86,243.35,7,29.51,2.75,6.58,9.33,Sugar Shack,48.11914,-96.18115
1927,US-2024-11927-CH,2024-05-24,2024-05-27,Second Class,CUST-19613,United States,Houston,Texas,77095,Sugar,Gulf,PROD-2120,Everlasting Gobstopper,225.86,23,68.96,156.9,3,30.53,3.0,6.82,9.82,Secret Factory,41.446333,-90.565487
1928,US-2024-11928-CH,2024-10-23,2024-10-26,Standard Class,CUST-10599,United States,Los Angeles,California,90049,Sugar,Pacific,PROD-2120,Everlasting Gobstopper,362.0,40,96.62,265.38,3,26.69,2.42,6.63,9.05,Secret Factory,41.446333,-90.565487
1929,US-2024-11929-CH,2024-05-20,2024-05-24,Standard Class,CUST-15529,United States,New York,New York,10001,Sugar,Atlantic,PROD-2120,Everlasting Gobstopper,468.0,45,51.51,416.49,4,11.01,1.14,9.26,10.4,Secret Factory,41.446333,-90.565487
1930,US-2024-11930-CH,2026-05-29,2026-06-03,Standard Class,CUST-10114,United States,Houston,Texas,77095,Chocolate,Gulf,PROD-8572,Wonka Bar - Nutty Crunch Surprise,54.66,6,32.44,22.22,5,59.35,5.41,3.7,9.11,Lot's O' Nuts,32.881893,-111.768036
1931,US-2024-11931-CH,2024-12-07,2024-12-10,Standard Class,CUST-13015,United States,Seattle,Washington,98101,Sugar,Pacific,PROD-2533,Laffy Taffy,21.06,3,8.02,13.04,3,38.08,2.67,4.35,7.02,Sugar Shack,48.11914,-96.18115
1932,US-2024-11932-CH,2025-05-17,2025-05-20,Standard Class,CUST-17126,United States,Atlanta,Georgia,30301,Sugar,Gulf,PROD-2533,Laffy Taffy,133.64,13,48.48,85.16,3,36.28,3.73,6.55,10.28,Sugar Shack,48.11914,-96.18115
1933,US-2024-11933-CH,2025-06-14,2025-06-16,First Class,CUST-17860,United States,Athens,Georgia,30605,Sugar,Gulf,PROD-2120,Everlasting Gobstopper,76.95,27,14.96,61.99,2,19.44,0.55,2.3,2.85,Secret Factory,41.446333,-90.565487
1934,US-2024-11934-CH,2025-08-05,2025-08-12,Standard Class,CUST-19182,United States,Athens,Georgia,30605,Chocolate,Gulf,PROD-3893,Wonka Bar - Fudge Mallows,115.2,18,56.78,58.42,7,49.29,3.15,3.25,6.4,Lot's O' Nuts,32.881893,-111.768036
1935,US-2024-11935-CH,2024-03-25,2024-03-29,Standard Class,CUST-15024,United States,Philadelphia,Pennsylvania,19143,Other,Atlantic,PROD-9359,Fizzy Lifting Drinks,10.82,2,1.85,8.97,4,17.1,0.92,4.49,5.41,Sugar Shack,48.11914,-96.18115
1936,US-2024-11936-CH,2024-01-08,2024-01-11,First Class,CUST-18160,United States,Naperville,Illinois,60540,Chocolate,Interior,PROD-0874,Wonka Bar - Milk Chocolate,64.65,15,41.74,22.91,3,64.56,2.78,1.53,4.31,Wicked Choccy's,32.076176,-81.088371
1937,US-2024-11937-CH,2024-01-10,2024-01-12,Second Class,CUST-16161,United States,Los Angeles,California,90049,Chocolate,Pacific,PROD-0874,Wonka Bar - Milk Chocolate,227.85,35,139.29,88.56,2,61.13,3.98,2.53,6.51,Wicked Choccy's,32.076176,-81.088371
1938,US-2024-11938-CH,2026-03-10,2026-03-13,Standard Class,CUST-12251,United States,Naperville,Illinois,60540,Sugar,Interior,PROD-6629,SweeTARTS,414.51,41,125.13,289.38,3,30.19,3.05,7.06,10.11,Sugar Shack,48.11914,-96.18115
1939,US-2024-11939-CH,2026-04-30,2026-05-07,First Class,CUST-11070,United States,Atlanta,Georgia,30301,Chocolate,Gulf,PROD-7514,Wonka Bar - Triple Dazzle Caramel,363.88,44,193.21,170.67,7,53.1,4.39,3.88,8.27,Wicked Choccy's,32.076176,-81.088371
1940,US-2024-11940-CH,2025-02-19,2025-02-23,First Class,CUST-18287,United States,Houston,Texas,77095,Sugar,Gulf,PROD-9885,Fun Dip,372.48,32,151.2,221.28,4,40.59,4.72,6.92,11.64,Sugar Shack,48.11914,-96.18115
1941,US-2024-11941-CH,2025-09-04,2025-09-07,Second Class,CUST-15562,United States,Los Angeles,California,90049,Sugar,Pacific,PROD-2120,Everlasting Gobstopper,176.08,31,21.81,154.27,3,12.39,0.7,4.98,5.68,Secret Factory,41.446333,-90.565487
1942,US-2024-11942-CH,2024-07-19,2024-07-21,Standard Class,CUST-18535,United States,Henderson,Kentucky,42420,Chocolate,Gulf,PROD-0874,Wonka Bar - Milk Chocolate,161.4,20,76.59,84.81,2,47.45,3.83,4.24,8.07,Wicked Choccy's,32.076176,-81.088371
1943,US-2024-11943-CH,2024-01-11,2024-01-18,Standard Class,CUST-13615,United States,Chicago,Illinois,60601,Sugar,Interior,PROD-9885,Fun Dip,185.38,31,57.62,127.76,7,31.08,1.86,4.12,5.98,Sugar Shack,48.11914,-96.18115
1944,US-2024-11944-CH,2025-08-23,2025-08-25,Second Class,CUST-13651,United States,Chicago,Illinois,60601,Sugar,Interior,PROD-6629,SweeTARTS,508.5,45,130.34,378.16,2,25.63,2.9,8.4,11.3,Sugar Shack,48.11914,-96.18115
1945,US-2024-11945-CH,2024-03-05,2024-03-10,Standard Class,CUST-10209,United States,New York,New York,10001,Other,Atlantic,PROD-0345,Lickable Wallpaper,30.0,3,2.15,27.85,5,7.17,0.72,9.28,10.0,Secret Factory,41.446333,-90.565487
1946,US-2024-11946-CH,2025-11-09,2025-11-14,Standard Class,CUST-19756,United States,Seattle,Washington,98101,Sugar,Pacific,PROD-5646,Nerds,108.29,17,42.8,65.49,5,39.52,2.52,3.85,6.37,Sugar Shack,48.11914,-96.18115
1947,US-2024-11947-CH,2025-08-14,2025-08-16,Same Day,CUST-11624,United States,Henderson,Kentucky,42420,Sugar,Gulf,PROD-6629,SweeTARTS,464.03,49,173.63,290.4,2,37.42,3.54,5.93,9.47,Sugar Shack,48.11914,-96.18115
1948,US-2024-11948-CH,2024-06-22,2024-06-26,Standard Class,CUST-16667,United States,Atlanta,Georgia,30301,Other,Gulf,PROD-9415,Wonka Gum,235.44,24,65.15,170.29,4,27.67,2.71,7.1,9.81,Secret Factory,41.446333,-90.565487
1949,US-2024-11949-CH,2025-09-15,2025-09-18,First Class,CUST-18945,United States,Los Angeles,California,90049,Sugar,Pacific,PROD-5646,Nerds,108.0,40,45.55,62.45,3,42.18,1.14,1.56,2.7,Sugar Shack,48.11914,-96.18115
1950,US-2024-11950-CH,2025-06-26,2025-06-29,Standard Class,CUST-11533,United States,Houston,Texas,77095,Sugar,Gulf,PROD-2120,Everlasting Gobstopper,252.12,44,45.54,206.58,3,18.06,1.03,4.7,5.73,Secret Factory,41.446333,-90.565487
1951,US-2024-11951-CH,2026-05-18,2026-05-25,Same Day,CUST-10031,United States,Naperville,Illinois,60540,Other,Interior,PROD-9359,Fizzy Lifting Drinks,194.94,27,14.66,180.28,7,7.52,0.54,6.68,7.22,Sugar Shack,48.11914,-96.18115
1952,US-2024-11952-CH,2024-03-05,2024-03-08,Standard Class,CUST-11928,United States,Henderson,Kentucky,42420,Chocolate,Gulf,PROD-8572,Wonka Bar - Nutty Crunch Surprise,256.08,24,136.49,119.59,3,53.3,5.69,4.98,10.67,Lot's O' Nuts,32.881893,-111.768036
1953,US-2024-11953-CH,2026-06-11,2026-06-18,Standard Class,CUST-18154,United States,Philadelphia,Pennsylvania,19143,Chocolate,Atlantic,PROD-0874,Wonka Bar - Milk Chocolate,88.65,9,40.85,47.8,7,46.08,4.54,5.31,9.85,Wicked Choccy's,32.076176,-81.088371
1954,US-2024-11954-CH,2025-05-17,2025-05-21,First Class,CUST-19634,United States,Henderson,Kentucky,42420,Chocolate,Gulf,PROD-7514,Wonka Bar - Triple Dazzle Caramel,306.28,38,138.96,167.32,4,45.37,3.66,4.4,8.06,Wicked Choccy's,32.076176,-81.088371
1955,US-2024-11955-CH,2025-07-25,2025-07-30,Same Day,CUST-16843,United States,Atlanta,Georgia,30301,Sugar,Gulf,PROD-5646,Nerds,29.92,4,12.95,16.97,5,43.28,3.24,4.24,7.48,Sugar Shack,48.11914,-96.18115
1956,US-2024-11956-CH,2026-01-05,2026-01-07,Standard Class,CUST-13168,United States,New York,New York,10001,Chocolate,Atlantic,PROD-7514,Wonka Bar - Triple Dazzle Caramel,76.8,24,38.5,38.3,2,50.13,1.6,1.6,3.2,Wicked Choccy's,32.076176,-81.088371
1957,US-2024-11957-CH,2025-07-05,2025-07-07,Second Class,CUST-15380,United States,Henderson,Kentucky,42420,Sugar,Gulf,PROD-9885,Fun Dip,232.26,49,69.42,162.84,2,29.89,1.42,3.32,4.74,Sugar Shack,48.11914,-96.18115
1958,US-2024-11958-CH,2025-02-06,2025-02-09,Standard Class,CUST-12452,United States,Atlanta,Georgia,30301,Sugar,Gulf,PROD-9885,Fun Dip,472.36,49,189.09,283.27,3,40.03,3.86,5.78,9.64,Sugar Shack,48.11914,-96.18115
1959,US-2024-11959-CH,2024-05-10,2024-05-13,Standard Class,CUST-17056,United States,New York,New York,10001,Other,Atlantic,PROD-2646,Kazookles,99.99,9,33.97,66.02,3,33.97,3.77,7.34,11.11,The Other Factory,35.1175,-89.971107
1960,US-2024-11960-CH,2025-11-19,2025-11-23,First Class,CUST-11760,United States,Seattle,Washington,98101,Sugar,Pacific,PROD-2120,Everlasting Gobstopper,130.2,42,25.34,104.86,4,19.46,0.6,2.5,3.1,Secret Factory,41.446333,-90.565487
1961,US-2024-11961-CH,2026-02-11,2026-02-18,First Class,CUST-18680,United States,Houston,Texas,77095,Sugar,Gulf,PROD-2120,Everlasting Gobstopper,219.12,22,73.51,145.61,7,33.55,3.34,6.62,9.96,Secret Factory,41.446333,-90.565487
1962,US-2024-11962-CH,2025-09-19,2025-09-22,Second Class,CUST-18532,United States,Naperville,Illinois,60540,Chocolate,Interior,PROD-7514,Wonka Bar - Triple Dazzle Caramel,96.88,14,55.74,41.14,3,57.54,3.98,2.94,6.92,Wicked Choccy's,32.076176,-81.088371
1963,US-2024-11963-CH,2024-10-30,2024-11-03,Standard Class,CUST-18989,United States,New York,New York,10001,Sugar,Atlantic,PROD-6629,SweeTARTS,291.04,34,106.99,184.05,4,36.76,3.15,5.41,8.56,Sugar Shack,48.11914,-96.18115
1964,US-2024-11964-CH,2026-03-25,2026-03-28,Standard Class,CUST-11522,United States,Henderson,Kentucky,42420,Sugar,Gulf,PROD-9885,Fun Dip,104.85,15,43.97,60.88,3,41.94,2.93,4.06,6.99,Sugar Shack,48.11914,-96.18115
1965,US-2024-11965-CH,2024-02-15,2024-02-19,Standard Class,CUST-12156,United States,Athens,Georgia,30605,Chocolate,Gulf,PROD-7514,Wonka Bar - Triple Dazzle Caramel,78.39,9,37.39,41.0,4,47.7,4.15,4.56,8.71,Wicked Choccy's,32.076176,-81.088371
1966,US-2024-11966-CH,2024-05-17,2024-05-20,Standard Class,CUST-15353,United States,Atlanta,Georgia,30301,Sugar,Gulf,PROD-9885,Fun Dip,176.4,49,58.27,118.13,3,33.03,1.19,2.41,3.6,Sugar Shack,48.11914,-96.18115
1967,US-2024-11967-CH,2024-12-26,2024-12-29,Standard Class,CUST-14869,United States,Atlanta,Georgia,30301,Other,Gulf,PROD-2646,Kazookles,203.0,35,54.8,148.2,3,27.0,1.57,4.23,5.8,The Other Factory,35.1175,-89.971107
1968,US-2024-11968-CH,2025-02-16,2025-02-21,Standard Class,CUST-15088,United States,Athens,Georgia,30605,Chocolate,Gulf,PROD-8572,Wonka Bar - Nutty Crunch Surprise,191.98,29,83.67,108.31,5,43.58,2.89,3.73,6.62,Lot's O' Nuts,32.881893,-111.768036
1969,US-2024-11969-CH,2024-09-30,2024-10-03,Second Class,CUST-17858,United States,Philadelphia,Pennsylvania,19143,Other,Atlantic,PROD-0345,Lickable Wallpaper,103.35,15,4.79,98.56,3,4.63,0.32,6.57,6.89,Secret Factory,41.446333,-90.565487
1970,US-2024-11970-CH,2026-04-04,2026-04-07,First Class,CUST-17946,United States,Atlanta,Georgia,30301,Other,Gulf,PROD-9415,Wonka Gum,40.65,5,13.53,27.12,3,33.28,2.71,5.42,8.13,Secret Factory,41.446333,-90.565487
1971,US-2024-11971-CH,2025-04-12,2025-04-19,Standard Class,CUST-12272,United States,Los Angeles,California,90049,Chocolate,Pacific,PROD-3776,Wonka Bar -Scrumdiddlyumptious,141.9,22,63.38,78.52,7,44.67,2.88,3.57,6.45,Lot's O' Nuts,32.881893,-111.768036
1972,US-2024-11972-CH,2025-12-20,2025-12-22,Second Class,CUST-11733,United States,Seattle,Washington,98101,Chocolate,Pacific,PROD-0874,Wonka Bar - Milk Chocolate,176.4,18,108.17,68.23,2,61.32,6.01,3.79,9.8,Wicked Choccy's,32.076176,-81.088371
1973,US-2024-11973-CH,2025-06-02,2025-06-06,First Class,CUST-18187,United States,Chicago,Illinois,60601,Other,Interior,PROD-9415,Wonka Gum,105.78,41,23.42,82.36,4,22.14,0.57,2.01,2.58,Secret Factory,41.446333,-90.565487
1974,US-2024-11974-CH,2025-05-07,2025-05-09,Standard Class,CUST-16306,United States,Athens,Georgia,30605,Chocolate,Gulf,PROD-0874,Wonka Bar - Milk Chocolate,40.69,13,25.41,15.28,2,62.45,1.95,1.18,3.13,Wicked Choccy's,32.076176,-81.088371
1975,US-2024-11975-CH,2024-11-12,2024-11-15,Second Class,CUST-18368,United States,Houston,Texas,77095,Sugar,Gulf,PROD-0725,Hair Toffee,50.94,9,8.62,42.32,3,16.92,0.96,4.7,5.66,The Other Factory,35.1175,-89.971107
1976,US-2024-11976-CH,2026-05-09,2026-05-13,Standard Class,CUST-15873,United States,Naperville,Illinois,60540,Sugar,Interior,PROD-9885,Fun Dip,227.25,25,84.2,143.05,4,37.05,3.37,5.72,9.09,Sugar Shack,48.11914,-96.18115
1977,US-2024-11977-CH,2026-03-02,2026-03-04,Same Day,CUST-16548,United States,New York,New York,10001,Other,Atlantic,PROD-9415,Wonka Gum,212.45,35,68.1,144.35,2,32.05,1.95,4.12,6.07,Secret Factory,41.446333,-90.565487
1978,US-2024-11978-CH,2026-05-07,2026-05-11,Standard Class,CUST-13062,United States,Chicago,Illinois,60601,Chocolate,Interior,PROD-7514,Wonka Bar - Triple Dazzle Caramel,238.39,31,108.37,130.02,4,45.46,3.5,4.19,7.69,Wicked Choccy's,32.076176,-81.088371
1979,US-2024-11979-CH,2024-10-19,2024-10-21,Same Day,CUST-11753,United States,Los Angeles,California,90049,Sugar,Pacific,PROD-0725,Hair Toffee,396.0,44,61.1,334.9,2,15.43,1.39,7.61,9.0,The Other Factory,35.1175,-89.971107
1980,US-2024-11980-CH,2026-01-08,2026-01-11,Standard Class,CUST-15024,United States,New York,New York,10001,Sugar,Atlantic,PROD-9885,Fun Dip,329.36,46,109.01,220.35,3,33.1,2.37,4.79,7.16,Sugar Shack,48.11914,-96.18115
1981,US-2024-11981-CH,2024-03-23,2024-03-26,Second Class,CUST-13310,United States,Naperville,Illinois,60540,Chocolate,Interior,PROD-0874,Wonka Bar - Milk Chocolate,205.58,19,92.98,112.6,3,45.23,4.89,5.93,10.82,Wicked Choccy's,32.076176,-81.088371
1982,US-2024-11982-CH,2025-04-08,2025-04-10,First Class,CUST-18041,United States,Philadelphia,Pennsylvania,19143,Other,Atlantic,PROD-9359,Fizzy Lifting Drinks,468.96,48,20.25,448.71,2,4.32,0.42,9.35,9.77,Sugar Shack,48.11914,-96.18115
1983,US-2024-11983-CH,2025-12-14,2025-12-18,Second Class,CUST-12945,United States,Los Angeles,California,90049,Chocolate,Pacific,PROD-8572,Wonka Bar - Nutty Crunch Surprise,43.28,8,17.84,25.44,4,41.22,2.23,3.18,5.41,Lot's O' Nuts,32.881893,-111.768036
1984,US-2024-11984-CH,2026-05-27,2026-05-29,Second Class,CUST-15709,United States,Houston,Texas,77095,Sugar,Gulf,PROD-6629,SweeTARTS,84.16,8,34.62,49.54,2,41.14,4.33,6.19,10.52,Sugar Shack,48.11914,-96.18115
1985,US-2024-11985-CH,2024-03-11,2024-03-13,Standard Class,CUST-14197,United States,Athens,Georgia,30605,Other,Gulf,PROD-0345,Lickable Wallpaper,405.14,47,72.41,332.73,2,17.87,1.54,7.08,8.62,Secret Factory,41.446333,-90.565487
1986,US-2024-11986-CH,2024-03-05,2024-03-08,Standard Class,CUST-12621,United States,Henderson,Kentucky,42420,Other,Gulf,PROD-9415,Wonka Gum,146.58,21,24.51,122.07,3,16.72,1.17,5.81,6.98,Secret Factory,41.446333,-90.565487
1987,US-2024-11987-CH,2024-07-20,2024-07-23,Same Day,CUST-16103,United States,Los Angeles,California,90049,Sugar,Pacific,PROD-2120,Everlasting Gobstopper,313.02,47,36.49,276.53,3,11.66,0.78,5.88,6.66,Secret Factory,41.446333,-90.565487
1988,US-2024-11988-CH,2024-07-09,2024-07-16,First Class,CUST-18988,United States,Henderson,Kentucky,42420,Sugar,Gulf,PROD-6629,SweeTARTS,287.63,49,86.35,201.28,7,30.02,1.76,4.11,5.87,Sugar Shack,48.11914,-96.18115
1989,US-2024-11989-CH,2026-01-15,2026-01-17,Standard Class,CUST-14380,United States,Seattle,Washington,98101,Chocolate,Pacific,PROD-0874,Wonka Bar - Milk Chocolate,45.44,4,29.19,16.25,2,64.24,7.3,4.06,11.36,Wicked Choccy's,32.076176,-81.088371
1990,US-2024-11990-CH,2025-11-27,2025-11-30,Standard Class,CUST-13941,United States,Philadelphia,Pennsylvania,19143,Sugar,Atlantic,PROD-9885,Fun Dip,474.7,47,168.35,306.35,3,35.46,3.58,6.52,10.1,Sugar Shack,48.11914,-96.18115
1991,US-2024-11991-CH,2024-06-25,2024-06-28,Standard Class,CUST-19582,United States,Philadelphia,Pennsylvania,19143,Other,Atlantic,PROD-9415,Wonka Gum,172.72,17,35.73,136.99,3,20.69,2.1,8.06,10.16,Secret Factory,41.446333,-90.565487
1992,US-2024-11992-CH,2026-02-25,2026-02-27,Standard Class,CUST-10743,United States,Chicago,Illinois,60601,Chocolate,Interior,PROD-7514,Wonka Bar - Triple Dazzle Caramel,333.74,41,167.69,166.05,2,50.25,4.09,4.05,8.14,Wicked Choccy's,32.076176,-81.088371
1993,US-2024-11993-CH,2024-11-21,2024-11-23,Standard Class,CUST-13728,United States,Athens,Georgia,30605,Sugar,Gulf,PROD-0725,Hair Toffee,165.41,17,37.12,128.29,2,22.44,2.18,7.55,9.73,The Other Factory,35.1175,-89.971107
1994,US-2024-11994-CH,2024-08-06,2024-08-09,Standard Class,CUST-19822,United States,Naperville,Illinois,60540,Sugar,Interior,PROD-9885,Fun Dip,448.02,38,157.48,290.54,3,35.15,4.14,7.65,11.79,Sugar Shack,48.11914,-96.18115
1995,US-2024-11995-CH,2024-04-19,2024-04-22,Standard Class,CUST-12552,United States,Philadelphia,Pennsylvania,19143,Other,Atlantic,PROD-0345,Lickable Wallpaper,408.5,38,23.93,384.57,3,5.86,0.63,10.12,10.75,Secret Factory,41.446333,-90.565487
1996,US-2024-11996-CH,2026-06-13,2026-06-17,Second Class,CUST-14807,United States,Philadelphia,Pennsylvania,19143,Sugar,Atlantic,PROD-0725,Hair Toffee,58.1,5,19.88,38.22,4,34.22,3.98,7.64,11.62,The Other Factory,35.1175,-89.971107
1997,US-2024-11997-CH,2026-03-11,2026-03-18,First Class,CUST-17738,United States,Philadelphia,Pennsylvania,19143,Chocolate,Atlantic,PROD-3776,Wonka Bar -Scrumdiddlyumptious,106.54,14,44.94,61.6,7,42.18,3.21,4.4,7.61,Lot's O' Nuts,32.881893,-111.768036
1998,US-2024-11998-CH,2024-10-05,2024-10-07,Standard Class,CUST-13513,United States,Athens,Georgia,30605,Sugar,Gulf,PROD-9885,Fun Dip,23.2,5,10.32,12.88,2,44.48,2.06,2.58,4.64,Sugar Shack,48.11914,-96.18115
1999,US-2024-11999-CH,2024-03-09,2024-03-14,Standard Class,CUST-19644,United States,Seattle,Washington,98101,Sugar,Pacific,PROD-6629,SweeTARTS,19.8,2,7.19,12.61,5,36.31,3.6,6.3,9.9,Sugar Shack,48.11914,-96.18115
2000,US-2024-12000-CH,2025-09-19,2025-09-21,Standard Class,CUST-16171,United States,Los Angeles,California,90049,Sugar,Pacific,PROD-2533,Laffy Taffy,87.12,12,25.95,61.17,2,29.79,2.16,5.1,7.26,Sugar Shack,48.11914,-96.18115
2001,US-2024-12001-CH,2026-06-01,2026-06-04,Standard Class,CUST-10560,United States,Philadelphia,Pennsylvania,19143,Sugar,Atlantic,PROD-5646,Nerds,28.4,5,7.11,21.29,3,25.04,1.42,4.26,5.68,Sugar Shack,48.11914,-96.18115
2002,US-2024-12002-CH,2025-10-27,2025-10-30,First Class,CUST-16497,United States,Athens,Georgia,30605,Chocolate,Gulf,PROD-0874,Wonka Bar - Milk Chocolate,295.92,27,140.33,155.59,3,47.42,5.2,5.76,10.96,Wicked Choccy's,32.076176,-81.088371
2003,US-2024-12003-CH,2024-04-28,2024-05-01,Standard Class,CUST-15625,United States,Henderson,Kentucky,42420,Chocolate,Gulf,PROD-3893,Wonka Bar - Fudge Mallows,339.29,37,172.58,166.71,3,50.87,4.66,4.51,9.17,Lot's O' Nuts,32.881893,-111.768036
2004,US-2024-12004-CH,2025-05-10,2025-05-15,Standard Class,CUST-19956,United States,Philadelphia,Pennsylvania,19143,Chocolate,Atlantic,PROD-3776,Wonka Bar -Scrumdiddlyumptious,94.56,16,43.27,51.29,5,45.76,2.7,3.21,5.91,Lot's O' Nuts,32.881893,-111.768036
2005,US-2024-12005-CH,2025-05-13,2025-05-17,First Class,CUST-18848,United States,Seattle,Washington,98101,Chocolate,Pacific,PROD-3776,Wonka Bar -Scrumdiddlyumptious,95.92,22,49.6,46.32,4,51.71,2.25,2.11,4.36,Lot's O' Nuts,32.881893,-111.768036
2006,US-2024-12006-CH,2026-03-19,2026-03-24,Standard Class,CUST-18939,United States,Chicago,Illinois,60601,Chocolate,Interior,PROD-7514,Wonka Bar - Triple Dazzle Caramel,93.6,18,50.91,42.69,5,54.39,2.83,2.37,5.2,Wicked Choccy's,32.076176,-81.088371
2007,US-2024-12007-CH,2025-08-05,2025-08-08,Standard Class,CUST-13603,United States,New York,New York,10001,Chocolate,Atlantic,PROD-3893,Wonka Bar - Fudge Mallows,104.4,24,52.61,51.79,3,50.39,2.19,2.16,4.35,Lot's O' Nuts,32.881893,-111.768036
2008,US-2024-12008-CH,2025-01-30,2025-02-01,Standard Class,CUST-13575,United States,Atlanta,Georgia,30301,Chocolate,Gulf,PROD-0874,Wonka Bar - Milk Chocolate,114.4,26,62.33,52.07,2,54.48,2.4,2.0,4.4,Wicked Choccy's,32.076176,-81.088371
2009,US-2024-12009-CH,2024-08-07,2024-08-12,Second Class,CUST-13596,United States,Atlanta,Georgia,30301,Other,Gulf,PROD-9359,Fizzy Lifting Drinks,149.37,13,24.16,125.21,5,16.17,1.86,9.63,11.49,Sugar Shack,48.11914,-96.18115
2010,US-2024-12010-CH,2024-12-17,2024-12-19,Standard Class,CUST-11419,United States,New York,New York,10001,Sugar,Atlantic,PROD-5646,Nerds,96.05,17,31.62,64.43,2,32.92,1.86,3.79,5.65,Sugar Shack,48.11914,-96.18115
2011,US-2024-12011-CH,2025-09-03,2025-09-05,Standard Class,CUST-18165,United States,Naperville,Illinois,60540,Sugar,Interior,PROD-0725,Hair Toffee,113.98,41,19.72,94.26,2,17.3,0.48,2.3,2.78,The Other Factory,35.1175,-89.971107
2012,US-2024-12012-CH,2025-05-14,2025-05-16,Second Class,CUST-18800,United States,Henderson,Kentucky,42420,Other,Gulf,PROD-9415,Wonka Gum,207.09,27,59.0,148.09,2,28.49,2.19,5.48,7.67,Secret Factory,41.446333,-90.565487
2013,US-2024-12013-CH,2024-11-15,2024-11-18,Standard Class,CUST-10519,United States,New York,New York,10001,Chocolate,Atlantic,PROD-7514,Wonka Bar - Triple Dazzle Caramel,124.6,14,68.18,56.42,3,54.72,4.87,4.03,8.9,Wicked Choccy's,32.076176,-81.088371
2014,US-2024-12014-CH,2024-10-03,2024-10-05,Standard Class,CUST-14053,United States,Athens,Georgia,30605,Sugar,Gulf,PROD-6629,SweeTARTS,75.35,11,20.76,54.59,2,27.55,1.89,4.96,6.85,Sugar Shack,48.11914,-96.18115
2015,US-2024-12015-CH,2024-05-21,2024-05-24,First Class,CUST-15714,United States,Seattle,Washington,98101,Other,Pacific,PROD-0345,Lickable Wallpaper,121.66,14,19.45,102.21,3,15.99,1.39,7.3,8.69,Secret Factory,41.446333,-90.565487
2016,US-2024-12016-CH,2025-05-13,2025-05-16,First Class,CUST-15408,United States,Athens,Georgia,30605,Sugar,Gulf,PROD-0725,Hair Toffee,23.22,2,6.53,16.69,3,28.12,3.26,8.35,11.61,The Other Factory,35.1175,-89.971107
2017,US-2024-12017-CH,2025-01-16,2025-01-20,Standard Class,CUST-15140,United States,Henderson,Kentucky,42420,Chocolate,Gulf,PROD-8572,Wonka Bar - Nutty Crunch Surprise,214.4,40,116.38,98.02,4,54.28,2.91,2.45,5.36,Lot's O' Nuts,32.881893,-111.768036
2018,US-2024-12018-CH,2025-01-24,2025-01-28,Standard Class,CUST-11403,United States,Henderson,Kentucky,42420,Other,Gulf,PROD-2646,Kazookles,334.08,32,84.21,249.87,4,25.21,2.63,7.81,10.44,The Other Factory,35.1175,-89.971107
2019,US-2024-12019-CH,2026-06-06,2026-06-11,Standard Class,CUST-11602,United States,Los Angeles,California,90049,Sugar,Pacific,PROD-0725,Hair Toffee,239.83,29,33.48,206.35,5,13.96,1.15,7.12,8.27,The Other Factory,35.1175,-89.971107
2020,US-2024-12020-CH,2025-03-02,2025-03-07,Standard Class,CUST-14159,United States,New York,New York,10001,Chocolate,Atlantic,PROD-7514,Wonka Bar - Triple Dazzle Caramel,252.0,21,131.86,120.14,5,52.33,6.28,5.72,12.0,Wicked Choccy's,32.076176,-81.088371
2021,US-2024-12021-CH,2026-03-06,2026-03-09,Standard Class,CUST-13261,United States,Atlanta,Georgia,30301,Other,Gulf,PROD-9415,Wonka Gum,148.26,14,28.21,120.05,3,19.03,2.02,8.57,10.59,Secret Factory,41.446333,-90.565487
2022,US-2024-12022-CH,2024-01-21,2024-01-24,Standard Class,CUST-19631,United States,Naperville,Illinois,60540,Sugar,Interior,PROD-6629,SweeTARTS,187.86,31,75.55,112.31,3,40.22,2.44,3.62,6.06,Sugar Shack,48.11914,-96.18115
2023,US-2024-12023-CH,2024-05-31,2024-06-04,Standard Class,CUST-16752,United States,Henderson,Kentucky,42420,Sugar,Gulf,PROD-2120,Everlasting Gobstopper,273.36,34,60.01,213.35,4,21.95,1.76,6.28,8.04,Secret Factory,41.446333,-90.565487
2024,US-2024-12024-CH,2025-11-08,2025-11-15,Second Class,CUST-14606,United States,New York,New York,10001,Other,Atlantic,PROD-9415,Wonka Gum,163.41,39,18.43,144.98,7,11.28,0.47,3.72,4.19,Secret Factory,41.446333,-90.565487
2025,US-2024-12025-CH,2024-01-16,2024-01-19,Standard Class,CUST-12906,United States,Naperville,Illinois,60540,Sugar,Interior,PROD-0725,Hair Toffee,247.9,37,70.82,177.08,3,28.57,1.91,4.79,6.7,The Other Factory,35.1175,-89.971107
2026,US-2024-12026-CH,2025-11-27,2025-12-04,Standard Class,CUST-17310,United States,Naperville,Illinois,60540,Chocolate,Interior,PROD-3776,Wonka Bar -Scrumdiddlyumptious,280.16,34,181.45,98.71,7,64.77,5.34,2.9,8.24,Lot's O' Nuts,32.881893,-111.768036
2027,US-2024-12027-CH,2026-05-14,2026-05-18,Second Class,CUST-18759,United States,Los Angeles,California,90049,Chocolate,Pacific,PROD-0874,Wonka Bar - Milk Chocolate,102.36,12,64.1,38.26,4,62.62,5.34,3.19,8.53,Wicked Choccy's,32.076176,-81.088371
2028,US-2024-12028-CH,2025-09-01,2025-09-05,Standard Class,CUST-16153,United States,New York,New York,10001,Other,Atlantic,PROD-0345,Lickable Wallpaper,53.62,7,1.19,52.43,4,2.22,0.17,7.49,7.66,Secret Factory,41.446333,-90.565487
2029,US-2024-12029-CH,2024-09-21,2024-09-24,Second Class,CUST-19850,United States,Henderson,Kentucky,42420,Sugar,Gulf,PROD-2120,Everlasting Gobstopper,34.68,12,11.43,23.25,3,32.96,0.95,1.94,2.89,Secret Factory,41.446333,-90.565487
2030,US-2024-12030-CH,2024-06-09,2024-06-14,Standard Class,CUST-14412,United States,Los Angeles,California,90049,Sugar,Pacific,PROD-2533,Laffy Taffy,151.6,20,38.51,113.09,5,25.4,1.93,5.65,7.58,Sugar Shack,48.11914,-96.18115
2031,US-2024-12031-CH,2024-10-17,2024-10-20,Second Class,CUST-11925,United States,Naperville,Illinois,60540,Chocolate,Interior,PROD-3776,Wonka Bar -Scrumdiddlyumptious,278.0,40,157.25,120.75,3,56.56,3.93,3.02,6.95,Lot's O' Nuts,32.881893,-111.768036
2032,US-2024-12032-CH,2026-01-24,2026-01-27,Standard Class,CUST-11602,United States,Athens,Georgia,30605,Sugar,Gulf,PROD-6629,SweeTARTS,449.32,47,127.82,321.5,3,28.45,2.72,6.84,9.56,Sugar Shack,48.11914,-96.18115
2033,US-2024-12033-CH,2026-02-07,2026-02-09,Standard Class,CUST-12321,United States,Philadelphia,Pennsylvania,19143,Sugar,Atlantic,PROD-6629,SweeTARTS,153.66,39,41.24,112.42,2,26.84,1.06,2.88,3.94,Sugar Shack,48.11914,-96.18115
2034,US-2024-12034-CH,2024-06-08,2024-06-10,Standard Class,CUST-14694,United States,Atlanta,Georgia,30301,Sugar,Gulf,PROD-5646,Nerds,78.43,11,25.34,53.09,2,32.31,2.3,4.83,7.13,Sugar Shack,48.11914,-96.18115
2035,US-2024-12035-CH,2025-10-11,2025-10-14,Standard Class,CUST-12814,United States,Chicago,Illinois,60601,Chocolate,Interior,PROD-7514,Wonka Bar - Triple Dazzle Caramel,155.77,37,97.42,58.35,3,62.54,2.63,1.58,4.21,Wicked Choccy's,32.076176,-81.088371
2036,US-2024-12036-CH,2025-04-16,2025-04-19,First Class,CUST-15061,United States,Los Angeles,California,90049,Sugar,Pacific,PROD-9885,Fun Dip,149.73,31,40.43,109.3,3,27.0,1.3,3.53,4.83,Sugar Shack,48.11914,-96.18115
2037,US-2024-12037-CH,2025-01-01,2025-01-04,Standard Class,CUST-19788,United States,Philadelphia,Pennsylvania,19143,Chocolate,Atlantic,PROD-3776,Wonka Bar -Scrumdiddlyumptious,205.68,24,105.77,99.91,3,51.42,4.41,4.16,8.57,Lot's O' Nuts,32.881893,-111.768036
2038,US-2024-12038-CH,2025-07-29,2025-08-03,Standard Class,CUST-10025,United States,Henderson,Kentucky,42420,Sugar,Gulf,PROD-5646,Nerds,159.39,23,41.69,117.7,5,26.16,1.81,5.12,6.93,Sugar Shack,48.11914,-96.18115
2039,US-2024-12039-CH,2025-01-21,2025-01-24,Standard Class,CUST-19077,United States,Atlanta,Georgia,30301,Sugar,Gulf,PROD-6629,SweeTARTS,203.29,29,73.52,129.77,3,36.17,2.54,4.47,7.01,Sugar Shack,48.11914,-96.18115
2040,US-2024-12040-CH,2026-04-14,2026-04-17,Second Class,CUST-14980,United States,New York,New York,10001,Chocolate,Atlantic,PROD-3893,Wonka Bar - Fudge Mallows,159.6,35,96.84,62.76,3,60.68,2.77,1.79,4.56,Lot's O' Nuts,32.881893,-111.768036
2041,US-2024-12041-CH,2024-11-28,2024-12-01,Standard Class,CUST-17859,United States,Henderson,Kentucky,42420,Sugar,Gulf,PROD-9885,Fun Dip,88.56,12,32.94,55.62,3,37.2,2.74,4.64,7.38,Sugar Shack,48.11914,-96.18115
2042,US-2024-12042-CH,2025-06-30,2025-07-03,Same Day,CUST-15857,United States,Atlanta,Georgia,30301,Chocolate,Gulf,PROD-3893,Wonka Bar - Fudge Mallows,195.5,34,91.23,104.27,3,46.66,2.68,3.07,5.75,Lot's O' Nuts,32.881893,-111.768036
2043,US-2024-12043-CH,2024-04-15,2024-04-19,First Class,CUST-12529,United States,Houston,Texas,77095,Sugar,Gulf,PROD-5646,Nerds,139.26,22,43.64,95.62,4,31.34,1.98,4.35,6.33,Sugar Shack,48.11914,-96.18115
2044,US-2024-12044-CH,2026-04-25,2026-04-28,Standard Class,CUST-19497,United States,New York,New York,10001,Other,Atlantic,PROD-0345,Lickable Wallpaper,253.12,28,0.55,252.57,3,0.22,0.02,9.02,9.04,Secret Factory,41.446333,-90.565487
2045,US-2024-12045-CH,2025-08-04,2025-08-07,Standard Class,CUST-16062,United States,Henderson,Kentucky,42420,Other,Gulf,PROD-2646,Kazookles,497.51,43,75.99,421.52,3,15.27,1.77,9.8,11.57,The Other Factory,35.1175,-89.971107
2046,US-2024-12046-CH,2026-02-23,2026-02-27,Standard Class,CUST-19292,United States,New York,New York,10001,Other,Atlantic,PROD-9415,Wonka Gum,350.7,30,94.81,255.89,4,27.03,3.16,8.53,11.69,Secret Factory,41.446333,-90.565487
2047,US-2024-12047-CH,2026-05-16,2026-05-18,Standard Class,CUST-13314,United States,Philadelphia,Pennsylvania,19143,Chocolate,Atlantic,PROD-3893,Wonka Bar - Fudge Mallows,85.26,14,52.63,32.63,2,61.73,3.76,2.33,6.09,Lot's O' Nuts,32.881893,-111.768036
2048,US-2024-12048-CH,2024-11-19,2024-11-23,Standard Class,CUST-19092,United States,Athens,Georgia,30605,Sugar,Gulf,PROD-9885,Fun Dip,90.4,8,24.13,66.27,4,26.69,3.02,8.28,11.3,Sugar Shack,48.11914,-96.18115
2049,US-2024-12049-CH,2026-03-14,2026-03-17,Standard Class,CUST-11768,United States,Chicago,Illinois,60601,Other,Interior,PROD-2646,Kazookles,108.42,26,31.84,76.58,3,29.37,1.22,2.95,4.17,The Other Factory,35.1175,-89.971107
2050,US-2024-12050-CH,2025-08-14,2025-08-17,Same Day,CUST-11405,United States,Philadelphia,Pennsylvania,19143,Chocolate,Atlantic,PROD-8572,Wonka Bar - Nutty Crunch Surprise,86.07,19,46.3,39.77,3,53.79,2.44,2.09,4.53,Lot's O' Nuts,32.881893,-111.768036
2051,US-2024-12051-CH,2024-04-20,2024-04-23,Standard Class,CUST-13670,United States,Naperville,Illinois,60540,Sugar,Interior,PROD-0725,Hair Toffee,285.22,26,68.66,216.56,3,24.07,2.64,8.33,10.97,The Other Factory,35.1175,-89.971107
2052,US-2024-12052-CH,2025-11-24,2025-11-27,Standard Class,CUST-10360,United States,Los Angeles,California,90049,Sugar,Pacific,PROD-2533,Laffy Taffy,254.8,40,75.32,179.48,3,29.56,1.88,4.49,6.37,Sugar Shack,48.11914,-96.18115
2053,US-2024-12053-CH,2026-05-02,2026-05-04,Standard Class,CUST-16026,United States,Chicago,Illinois,60601,Sugar,Interior,PROD-9885,Fun Dip,86.84,26,37.48,49.36,2,43.16,1.44,1.9,3.34,Sugar Shack,48.11914,-96.18115
2054,US-2024-12054-CH,2025-07-18,2025-07-23,Standard Class,CUST-19497,United States,Atlanta,Georgia,30301,Chocolate,Gulf,PROD-8572,Wonka Bar - Nutty Crunch Surprise,181.56,17,77.05,104.51,5,42.44,4.53,6.15,10.68,Lot's O' Nuts,32.881893,-111.768036
2055,US-2024-12055-CH,2026-04-26,2026-05-03,Standard Class,CUST-11749,United States,Seattle,Washington,98101,Chocolate,Pacific,PROD-0874,Wonka Bar - Milk Chocolate,69.12,27,28.47,40.65,7,41.19,1.05,1.51,2.56,Wicked Choccy's,32.076176,-81.088371
2056,US-2024-12056-CH,2025-01-09,2025-01-11,Same Day,CUST-18199,United States,Houston,Texas,77095,Other,Gulf,PROD-0345,Lickable Wallpaper,256.08,33,10.11,245.97,2,3.95,0.31,7.45,7.76,Secret Factory,41.446333,-90.565487
2057,US-2024-12057-CH,2024-02-11,2024-02-18,Same Day,CUST-19989,United States,Houston,Texas,77095,Other,Gulf,PROD-9359,Fizzy Lifting Drinks,46.69,7,-2.15,48.84,7,-4.6,-0.31,6.98,6.67,Sugar Shack,48.11914,-96.18115
2058,US-2024-12058-CH,2025-04-07,2025-04-11,Standard Class,CUST-19680,United States,New York,New York,10001,Sugar,Atlantic,PROD-2120,Everlasting Gobstopper,172.0,40,51.94,120.06,4,30.2,1.3,3.0,4.3,Secret Factory,41.446333,-90.565487
2059,US-2024-12059-CH,2024-01-16,2024-01-19,Same Day,CUST-10353,United States,Athens,Georgia,30605,Sugar,Gulf,PROD-2120,Everlasting Gobstopper,132.24,24,33.41,98.83,3,25.26,1.39,4.12,5.51,Secret Factory,41.446333,-90.565487
2060,US-2024-12060-CH,2024-10-08,2024-10-12,First Class,CUST-13754,United States,Philadelphia,Pennsylvania,19143,Sugar,Atlantic,PROD-2120,Everlasting Gobstopper,347.52,48,91.54,255.98,4,26.34,1.91,5.33,7.24,Secret Factory,41.446333,-90.565487
2061,US-2024-12061-CH,2024-12-23,2024-12-25,Standard Class,CUST-10663,United States,Houston,Texas,77095,Sugar,Gulf,PROD-0725,Hair Toffee,416.52,36,137.11,279.41,2,32.92,3.81,7.76,11.57,The Other Factory,35.1175,-89.971107
2062,US-2024-12062-CH,2024-06-04,2024-06-06,First Class,CUST-17006,United States,New York,New York,10001,Sugar,Atlantic,PROD-2533,Laffy Taffy,217.56,37,96.33,121.23,2,44.28,2.6,3.28,5.88,Sugar Shack,48.11914,-96.18115
2063,US-2024-12063-CH,2024-07-04,2024-07-06,Same Day,CUST-15909,United States,New York,New York,10001,Other,Atlantic,PROD-0345,Lickable Wallpaper,12.64,2,0.76,11.88,2,6.01,0.38,5.94,6.32,Secret Factory,41.446333,-90.565487
2064,US-2024-12064-CH,2025-07-30,2025-08-03,Standard Class,CUST-13996,United States,Athens,Georgia,30605,Sugar,Gulf,PROD-2533,Laffy Taffy,159.36,16,68.54,90.82,4,43.01,4.28,5.68,9.96,Sugar Shack,48.11914,-96.18115
2065,US-2024-12065-CH,2025-02-03,2025-02-07,Standard Class,CUST-18431,United States,Seattle,Washington,98101,Other,Pacific,PROD-2646,Kazookles,257.46,42,67.83,189.63,4,26.35,1.62,4.51,6.13,The Other Factory,35.1175,-89.971107
2066,US-2024-12066-CH,2024-02-17,2024-02-20,Standard Class,CUST-11897,United States,Atlanta,Georgia,30301,Chocolate,Gulf,PROD-3893,Wonka Bar - Fudge Mallows,202.98,17,116.65,86.33,3,57.47,6.86,5.08,11.94,Lot's O' Nuts,32.881893,-111.768036
2067,US-2024-12067-CH,2025-09-16,2025-09-20,Standard Class,CUST-17686,United States,Athens,Georgia,30605,Chocolate,Gulf,PROD-8572,Wonka Bar - Nutty Crunch Surprise,122.46,26,72.17,50.29,4,58.93,2.78,1.93,4.71,Lot's O' Nuts,32.881893,-111.768036
2068,US-2024-12068-CH,2026-02-16,2026-02-18,Standard Class,CUST-10101,United States,Athens,Georgia,30605,Chocolate,Gulf,PROD-8572,Wonka Bar - Nutty Crunch Surprise,349.12,32,225.27,123.85,2,64.53,7.04,3.87,10.91,Lot's O' Nuts,32.881893,-111.768036
2069,US-2024-12069-CH,2025-05-12,2025-05-15,First Class,CUST-12053,United States,Seattle,Washington,98101,Sugar,Pacific,PROD-9885,Fun Dip,299.95,35,86.43,213.52,3,28.81,2.47,6.1,8.57,Sugar Shack,48.11914,-96.18115
2070,US-2024-12070-CH,2026-01-11,2026-01-15,Standard Class,CUST-13239,United States,Philadelphia,Pennsylvania,19143,Other,Atlantic,PROD-9415,Wonka Gum,85.85,17,18.66,67.19,4,21.74,1.1,3.95,5.05,Secret Factory,41.446333,-90.565487
2071,US-2024-12071-CH,2025-11-05,2025-11-08,Standard Class,CUST-15831,United States,Naperville,Illinois,60540,Other,Interior,PROD-9359,Fizzy Lifting Drinks,401.62,43,56.94,344.68,3,14.18,1.32,8.02,9.34,Sugar Shack,48.11914,-96.18115
2072,US-2024-12072-CH,2024-05-26,2024-05-30,Standard Class,CUST-16807,United States,Houston,Texas,77095,Other,Gulf,PROD-9359,Fizzy Lifting Drinks,6.5,2,0.68,5.82,4,10.46,0.34,2.91,3.25,Sugar Shack,48.11914,-96.18115
2073,US-2024-12073-CH,2024-02-07,2024-02-10,First Class,CUST-12039,United States,Naperville,Illinois,60540,Other,Interior,PROD-9415,Wonka Gum,150.72,24,27.1,123.62,3,17.98,1.13,5.15,6.28,Secret Factory,41.446333,-90.565487
2074,US-2024-12074-CH,2026-02-05,2026-02-07,Second Class,CUST-19028,United States,Seattle,Washington,98101,Chocolate,Pacific,PROD-0874,Wonka Bar - Milk Chocolate,93.15,9,43.42,49.73,2,46.61,4.82,5.53,10.35,Wicked Choccy's,32.076176,-81.088371
2075,US-2024-12075-CH,2025-09-07,2025-09-09,First Class,CUST-13983,United States,Houston,Texas,77095,Other,Gulf,PROD-9415,Wonka Gum,190.19,19,32.34,157.85,2,17.0,1.7,8.31,10.01,Secret Factory,41.446333,-90.565487
2076,US-2024-12076-CH,2025-10-11,2025-10-14,Second Class,CUST-10975,United States,New York,New York,10001,Sugar,Atlantic,PROD-9885,Fun Dip,18.28,4,7.1,11.18,3,38.84,1.78,2.8,4.57,Sugar Shack,48.11914,-96.18115
2077,US-2024-12077-CH,2025-01-13,2025-01-18,Second Class,CUST-10695,United States,Naperville,Illinois,60540,Sugar,Interior,PROD-9885,Fun Dip,36.53,13,11.86,24.67,5,32.47,0.91,1.9,2.81,Sugar Shack,48.11914,-96.18115
2078,US-2024-12078-CH,2026-03-18,2026-03-23,Standard Class,CUST-13477,United States,Henderson,Kentucky,42420,Other,Gulf,PROD-0345,Lickable Wallpaper,250.56,48,0.9,249.66,5,0.36,0.02,5.2,5.22,Secret Factory,41.446333,-90.565487
2079,US-2024-12079-CH,2024-11-18,2024-11-20,Standard Class,CUST-10185,United States,Chicago,Illinois,60601,Sugar,Interior,PROD-2120,Everlasting Gobstopper,120.6,12,31.74,88.86,2,26.32,2.64,7.4,10.05,Secret Factory,41.446333,-90.565487
2080,US-2024-12080-CH,2025-10-01,2025-10-04,Standard Class,CUST-13165,United States,Atlanta,Georgia,30301,Sugar,Gulf,PROD-6629,SweeTARTS,147.2,40,38.27,108.93,3,26.0,0.96,2.72,3.68,Sugar Shack,48.11914,-96.18115
2081,US-2024-12081-CH,2024-12-04,2024-12-07,Standard Class,CUST-11329,United States,Los Angeles,California,90049,Sugar,Pacific,PROD-5646,Nerds,100.96,16,34.99,65.97,3,34.66,2.19,4.12,6.31,Sugar Shack,48.11914,-96.18115
2082,US-2024-12082-CH,2025-09-19,2025-09-23,First Class,CUST-16210,United States,Chicago,Illinois,60601,Other,Interior,PROD-9415,Wonka Gum,41.99,13,11.17,30.82,4,26.6,0.86,2.37,3.23,Secret Factory,41.446333,-90.565487
2083,US-2024-12083-CH,2024-11-28,2024-12-02,Standard Class,CUST-10690,United States,Chicago,Illinois,60601,Sugar,Interior,PROD-2533,Laffy Taffy,261.24,42,84.4,176.84,4,32.31,2.01,4.21,6.22,Sugar Shack,48.11914,-96.18115
2084,US-2024-12084-CH,2024-12-31,2025-01-05,First Class,CUST-15758,United States,Seattle,Washington,98101,Sugar,Pacific,PROD-5646,Nerds,120.15,15,46.7,73.45,5,38.87,3.11,4.9,8.01,Sugar Shack,48.11914,-96.18115
2085,US-2024-12085-CH,2025-01-08,2025-01-15,Standard Class,CUST-16409,United States,Philadelphia,Pennsylvania,19143,Sugar,Atlantic,PROD-9885,Fun Dip,26.64,4,8.57,18.07,7,32.17,2.14,4.52,6.66,Sugar Shack,48.11914,-96.18115
2086,US-2024-12086-CH,2024-07-04,2024-07-07,Standard Class,CUST-10553,United States,New York,New York,10001,Sugar,Atlantic,PROD-5646,Nerds,77.0,7,22.81,54.19,3,29.62,3.26,7.74,11.0,Sugar Shack,48.11914,-96.18115
2087,US-2024-12087-CH,2026-02-26,2026-02-28,Second Class,CUST-19740,United States,Athens,Georgia,30605,Other,Gulf,PROD-0345,Lickable Wallpaper,12.16,2,1.93,10.23,2,15.87,0.96,5.12,6.08,Secret Factory,41.446333,-90.565487
2088,US-2024-12088-CH,2026-05-12,2026-05-16,Standard Class,CUST-17717,United States,Chicago,Illinois,60601,Other,Interior,PROD-9359,Fizzy Lifting Drinks,200.52,18,26.45,174.07,4,13.19,1.47,9.67,11.14,Sugar Shack,48.11914,-96.18115
2089,US-2024-12089-CH,2025-03-13,2025-03-15,Standard Class,CUST-10561,United States,Atlanta,Georgia,30301,Sugar,Gulf,PROD-0725,Hair Toffee,53.83,7,18.22,35.61,2,33.85,2.6,5.09,7.69,The Other Factory,35.1175,-89.971107
2090,US-2024-12090-CH,2024-09-05,2024-09-07,Standard Class,CUST-16974,United States,Seattle,Washington,98101,Sugar,Pacific,PROD-5646,Nerds,7.71,3,2.21,5.5,2,28.66,0.74,1.83,2.57,Sugar Shack,48.11914,-96.18115
2091,US-2024-12091-CH,2024-05-10,2024-05-13,Second Class,CUST-13948,United States,Houston,Texas,77095,Sugar,Gulf,PROD-5646,Nerds,59.0,10,23.62,35.38,3,40.03,2.36,3.54,5.9,Sugar Shack,48.11914,-96.18115
2092,US-2024-12092-CH,2026-01-18,2026-01-23,Standard Class,CUST-12416,United States,Henderson,Kentucky,42420,Sugar,Gulf,PROD-5646,Nerds,85.14,18,22.53,62.61,5,26.46,1.25,3.48,4.73,Sugar Shack,48.11914,-96.18115
2093,US-2024-12093-CH,2025-02-05,2025-02-08,Standard Class,CUST-17222,United States,Los Angeles,California,90049,Other,Pacific,PROD-0345,Lickable Wallpaper,169.2,24,-1.22,170.42,3,-0.72,-0.05,7.1,7.05,Secret Factory,41.446333,-90.565487
2094,US-2024-12094-CH,2024-09-24,2024-09-27,First Class,CUST-10892,United States,Seattle,Washington,98101,Sugar,Pacific,PROD-9885,Fun Dip,293.28,39,90.25,203.03,3,30.77,2.31,5.21,7.52,Sugar Shack,48.11914,-96.18115
2095,US-2024-12095-CH,2026-01-14,2026-01-21,Second Class,CUST-19012,United States,Seattle,Washington,98101,Chocolate,Pacific,PROD-3893,Wonka Bar - Fudge Mallows,12.32,4,7.71,4.61,7,62.58,1.93,1.15,3.08,Lot's O' Nuts,32.881893,-111.768036
2096,US-2024-12096-CH,2025-07-28,2025-07-31,Second Class,CUST-19764,United States,Philadelphia,Pennsylvania,19143,Sugar,Atlantic,PROD-0725,Hair Toffee,244.03,23,81.15,162.88,3,33.25,3.53,7.08,10.61,The Other Factory,35.1175,-89.971107
2097,US-2024-12097-CH,2025-03-23,2025-03-30,Same Day,CUST-19261,United States,Philadelphia,Pennsylvania,19143,Sugar,Atlantic,PROD-2120,Everlasting Gobstopper,284.53,37,93.89,190.64,7,33.0,2.54,5.15,7.69,Secret Factory,41.446333,-90.565487
2098,US-2024-12098-CH,2025-06-23,2025-06-27,Standard Class,CUST-19665,United States,Athens,Georgia,30605,Sugar,Gulf,PROD-5646,Nerds,17.74,2,6.72,11.02,4,37.88,3.36,5.51,8.87,Sugar Shack,48.11914,-96.18115
2099,US-2024-12099-CH,2024-11-21,2024-11-24,Standard Class,CUST-18746,United States,Atlanta,Georgia,30301,Sugar,Gulf,PROD-5646,Nerds,117.98,34,30.97,87.01,3,26.25,0.91,2.56,3.47,Sugar Shack,48.11914,-96.18115
2100,US-2024-12100-CH,2026-04-15,2026-04-19,Standard Class,CUST-12036,United States,New York,New York,10001,Other,Atlantic,PROD-0345,Lickable Wallpaper,88.96,8,6.34,82.62,4,7.13,0.79,10.33,11.12,Secret Factory,41.446333,-90.565487
2101,US-2024-12101-CH,2025-07-19,2025-07-22,Standard Class,CUST-18863,United States,Seattle,Washington,98101,Sugar,Pacific,PROD-6629,SweeTARTS,81.29,11,25.55,55.74,3,31.43,2.32,5.07,7.39,Sugar Shack,48.11914,-96.18115
2102,US-2024-12102-CH,2025-07-02,2025-07-05,Standard Class,CUST-14872,United States,Los Angeles,California,90049,Sugar,Pacific,PROD-6629,SweeTARTS,57.26,14,20.91,36.35,3,36.52,1.49,2.6,4.09,Sugar Shack,48.11914,-96.18115
2103,US-2024-12103-CH,2026-03-20,2026-03-27,Standard Class,CUST-19635,United States,Philadelphia,Pennsylvania,19143,Sugar,Atlantic,PROD-0725,Hair Toffee,151.64,34,36.05,115.59,7,23.77,1.06,3.4,4.46,The Other Factory,35.1175,-89.971107
2104,US-2024-12104-CH,2024-12-19,2024-12-22,Standard Class,CUST-10909,United States,Henderson,Kentucky,42420,Chocolate,Gulf,PROD-8572,Wonka Bar - Nutty Crunch Surprise,47.16,18,26.04,21.12,3,55.22,1.45,1.17,2.62,Lot's O' Nuts,32.881893,-111.768036
2105,US-2024-12105-CH,2025-10-03,2025-10-06,Second Class,CUST-11537,United States,Seattle,Washington,98101,Sugar,Pacific,PROD-9885,Fun Dip,164.12,44,68.7,95.42,3,41.86,1.56,2.17,3.73,Sugar Shack,48.11914,-96.18115
2106,US-2024-12106-CH,2024-05-17,2024-05-19,Standard Class,CUST-11975,United States,Houston,Texas,77095,Other,Gulf,PROD-9359,Fizzy Lifting Drinks,171.87,17,1.87,170.0,2,1.09,0.11,10.0,10.11,Sugar Shack,48.11914,-96.18115
2107,US-2024-12107-CH,2025-02-26,2025-03-05,Standard Class,CUST-19562,United States,Seattle,Washington,98101,Chocolate,Pacific,PROD-3893,Wonka Bar - Fudge Mallows,228.15,39,140.98,87.17,7,61.79,3.61,2.24,5.85,Lot's O' Nuts,32.881893,-111.768036
2108,US-2024-12108-CH,2025-12-14,2025-12-17,Second Class,CUST-10111,United States,Chicago,Illinois,60601,Chocolate,Interior,PROD-7514,Wonka Bar - Triple Dazzle Caramel,304.5,29,183.12,121.38,3,60.14,6.31,4.19,10.5,Wicked Choccy's,32.076176,-81.088371
2109,US-2024-12109-CH,2026-05-26,2026-05-30,Standard Class,CUST-10036,United States,Atlanta,Georgia,30301,Chocolate,Gulf,PROD-0874,Wonka Bar - Milk Chocolate,137.67,39,69.81,67.86,4,50.71,1.79,1.74,3.53,Wicked Choccy's,32.076176,-81.088371
2110,US-2024-12110-CH,2024-09-26,2024-10-01,Standard Class,CUST-11526,United States,Henderson,Kentucky,42420,Chocolate,Gulf,PROD-3776,Wonka Bar -Scrumdiddlyumptious,315.24,37,139.14,176.1,5,44.14,3.76,4.76,8.52,Lot's O' Nuts,32.881893,-111.768036
2111,US-2024-12111-CH,2025-02-28,2025-03-03,Second Class,CUST-18756,United States,Athens,Georgia,30605,Sugar,Gulf,PROD-0725,Hair Toffee,383.04,48,96.0,287.04,3,25.06,2.0,5.98,7.98,The Other Factory,35.1175,-89.971107
2112,US-2024-12112-CH,2026-05-16,2026-05-18,Second Class,CUST-13962,United States,Seattle,Washington,98101,Sugar,Pacific,PROD-0725,Hair Toffee,19.7,2,3.15,16.55,2,15.99,1.58,8.28,9.85,The Other Factory,35.1175,-89.971107
2113,US-2024-12113-CH,2026-01-28,2026-02-04,Standard Class,CUST-11591,United States,Henderson,Kentucky,42420,Sugar,Gulf,PROD-9885,Fun Dip,177.9,30,61.62,116.28,7,34.64,2.05,3.88,5.93,Sugar Shack,48.11914,-96.18115
2114,US-2024-12114-CH,2025-11-18,2025-11-23,Second Class,CUST-15690,United States,Seattle,Washington,98101,Chocolate,Pacific,PROD-3893,Wonka Bar - Fudge Mallows,245.44,32,100.15,145.29,5,40.8,3.13,4.54,7.67,Lot's O' Nuts,32.881893,-111.768036
2115,US-2024-12115-CH,2024-08-31,2024-09-04,Same Day,CUST-11927,United States,Houston,Texas,77095,Other,Gulf,PROD-9359,Fizzy Lifting Drinks,135.18,18,4.88,130.3,4,3.61,0.27,7.24,7.51,Sugar Shack,48.11914,-96.18115
2116,US-2024-12116-CH,2024-09-22,2024-09-25,Standard Class,CUST-19541,United States,Philadelphia,Pennsylvania,19143,Sugar,Atlantic,PROD-9885,Fun Dip,216.09,49,79.54,136.55,3,36.81,1.62,2.79,4.41,Sugar Shack,48.11914,-96.18115
2117,US-2024-12117-CH,2026-01-29,2026-02-01,Standard Class,CUST-12519,United States,Houston,Texas,77095,Sugar,Gulf,PROD-6629,SweeTARTS,277.92,36,113.08,164.84,3,40.69,3.14,4.58,7.72,Sugar Shack,48.11914,-96.18115
2118,US-2024-12118-CH,2025-06-06,2025-06-09,Second Class,CUST-10744,United States,Atlanta,Georgia,30301,Sugar,Gulf,PROD-2533,Laffy Taffy,519.4,49,203.35,316.05,3,39.15,4.15,6.45,10.6,Sugar Shack,48.11914,-96.18115
2119,US-2024-12119-CH,2025-02-21,2025-02-23,Standard Class,CUST-15973,United States,Houston,Texas,77095,Chocolate,Gulf,PROD-7514,Wonka Bar - Triple Dazzle Caramel,220.99,49,112.29,108.7,2,50.81,2.29,2.22,4.51,Wicked Choccy's,32.076176,-81.088371
2120,US-2024-12120-CH,2024-07-15,2024-07-18,Standard Class,CUST-16716,United States,Los Angeles,California,90049,Chocolate,Pacific,PROD-3776,Wonka Bar -Scrumdiddlyumptious,165.12,48,101.34,63.78,3,61.37,2.11,1.33,3.44,Lot's O' Nuts,32.881893,-111.768036
2121,US-2024-12121-CH,2025-06-15,2025-06-18,Standard Class,CUST-15502,United States,Philadelphia,Pennsylvania,19143,Chocolate,Atlantic,PROD-8572,Wonka Bar - Nutty Crunch Surprise,315.35,35,181.88,133.47,3,57.68,5.2,3.81,9.01,Lot's O' Nuts,32.881893,-111.768036
2122,US-2024-12122-CH,2024-03-11,2024-03-14,Standard Class,CUST-10393,United States,Seattle,Washington,98101,Sugar,Pacific,PROD-9885,Fun Dip,143.28,18,37.21,106.07,3,25.97,2.07,5.89,7.96,Sugar Shack,48.11914,-96.18115
2123,US-2024-12123-CH,2024-11-06,2024-11-09,Second Class,CUST-19357,United States,Los Angeles,California,90049,Chocolate,Pacific,PROD-3893,Wonka Bar - Fudge Mallows,126.72,16,51.92,74.8,3,40.97,3.24,4.68,7.92,Lot's O' Nuts,32.881893,-111.768036
2124,US-2024-12124-CH,2024-04-20,2024-04-24,First Class,CUST-12274,United States,Athens,Georgia,30605,Other,Gulf,PROD-9359,Fizzy Lifting Drinks,124.8,15,-2.04,126.84,4,-1.63,-0.14,8.46,8.32,Sugar Shack,48.11914,-96.18115
2125,US-2024-12125-CH,2025-03-08,2025-03-11,Same Day,CUST-13522,United States,Los Angeles,California,90049,Other,Pacific,PROD-9359,Fizzy Lifting Drinks,309.69,37,31.91,277.78,3,10.3,0.86,7.51,8.37,Sugar Shack,48.11914,-96.18115
2126,US-2024-12126-CH,2025-11-30,2025-12-03,First Class,CUST-13984,United States,Seattle,Washington,98101,Chocolate,Pacific,PROD-0874,Wonka Bar - Milk Chocolate,154.7,17,75.37,79.33,3,48.72,4.43,4.67,9.1,Wicked Choccy's,32.076176,-81.088371
2127,US-2024-12127-CH,2025-12-10,2025-12-12,Standard Class,CUST-17733,United States,Naperville,Illinois,60540,Chocolate,Interior,PROD-0874,Wonka Bar - Milk Chocolate,104.88,12,61.48,43.4,2,58.62,5.12,3.62,8.74,Wicked Choccy's,32.076176,-81.088371
2128,US-2024-12128-CH,2024-03-19,2024-03-21,First Class,CUST-14245,United States,Atlanta,Georgia,30301,Sugar,Gulf,PROD-6629,SweeTARTS,366.11,31,138.95,227.16,2,37.95,4.48,7.33,11.81,Sugar Shack,48.11914,-96.18115
2129,US-2024-12129-CH,2025-04-08,2025-04-12,Second Class,CUST-15768,United States,Philadelphia,Pennsylvania,19143,Other,Atlantic,PROD-9415,Wonka Gum,104.06,11,20.64,83.42,4,19.83,1.88,7.58,9.46,Secret Factory,41.446333,-90.565487
2130,US-2024-12130-CH,2024-12-01,2024-12-04,Standard Class,CUST-16841,United States,Los Angeles,California,90049,Sugar,Pacific,PROD-6629,SweeTARTS,195.3,18,70.25,125.05,3,35.97,3.9,6.95,10.85,Sugar Shack,48.11914,-96.18115
2131,US-2024-12131-CH,2024-04-05,2024-04-08,Standard Class,CUST-19500,United States,Seattle,Washington,98101,Sugar,Pacific,PROD-2120,Everlasting Gobstopper,53.82,9,17.23,36.59,3,32.01,1.91,4.07,5.98,Secret Factory,41.446333,-90.565487
2132,US-2024-12132-CH,2026-05-22,2026-05-25,Standard Class,CUST-16037,United States,Atlanta,Georgia,30301,Chocolate,Gulf,PROD-8572,Wonka Bar - Nutty Crunch Surprise,291.72,44,124.85,166.87,3,42.8,2.84,3.79,6.63,Lot's O' Nuts,32.881893,-111.768036
2133,US-2024-12133-CH,2026-04-23,2026-04-27,Standard Class,CUST-15566,United States,Los Angeles,California,90049,Sugar,Pacific,PROD-2120,Everlasting Gobstopper,380.88,46,106.2,274.68,4,27.88,2.31,5.97,8.28,Secret Factory,41.446333,-90.565487
2134,US-2024-12134-CH,2026-05-29,2026-06-05,First Class,CUST-15867,United States,Naperville,Illinois,60540,Chocolate,Interior,PROD-3893,Wonka Bar - Fudge Mallows,186.19,43,77.67,108.52,7,41.72,1.81,2.52,4.33,Lot's O' Nuts,32.881893,-111.768036
2135,US-2024-12135-CH,2025-07-19,2025-07-22,Second Class,CUST-11353,United States,Athens,Georgia,30605,Sugar,Gulf,PROD-2120,Everlasting Gobstopper,29.7,6,3.51,26.19,3,11.82,0.58,4.36,4.95,Secret Factory,41.446333,-90.565487
2136,US-2024-12136-CH,2025-04-13,2025-04-15,Standard Class,CUST-11484,United States,New York,New York,10001,Chocolate,Atlantic,PROD-0874,Wonka Bar - Milk Chocolate,416.86,38,232.64,184.22,2,55.81,6.12,4.85,10.97,Wicked Choccy's,32.076176,-81.088371
2137,US-2024-12137-CH,2025-06-08,2025-06-11,Standard Class,CUST-15866,United States,Houston,Texas,77095,Other,Gulf,PROD-2646,Kazookles,143.0,25,24.97,118.03,3,17.46,1.0,4.72,5.72,The Other Factory,35.1175,-89.971107
2138,US-2024-12138-CH,2024-02-18,2024-02-21,Standard Class,CUST-11399,United States,New York,New York,10001,Other,Atlantic,PROD-9359,Fizzy Lifting Drinks,58.52,14,5.99,52.53,3,10.24,0.43,3.75,4.18,Sugar Shack,48.11914,-96.18115
2139,US-2024-12139-CH,2025-04-26,2025-04-29,Standard Class,CUST-16952,United States,Athens,Georgia,30605,Other,Gulf,PROD-2646,Kazookles,203.3,38,70.92,132.38,3,34.88,1.87,3.48,5.35,The Other Factory,35.1175,-89.971107
2140,US-2024-12140-CH,2024-10-24,2024-10-27,Standard Class,CUST-13185,United States,Houston,Texas,77095,Other,Gulf,PROD-9359,Fizzy Lifting Drinks,202.54,41,16.13,186.41,3,7.96,0.39,4.55,4.94,Sugar Shack,48.11914,-96.18115
2141,US-2024-12141-CH,2025-09-09,2025-09-11,Standard Class,CUST-12101,United States,Henderson,Kentucky,42420,Sugar,Gulf,PROD-6629,SweeTARTS,162.0,15,55.35,106.65,2,34.17,3.69,7.11,10.8,Sugar Shack,48.11914,-96.18115
2142,US-2024-12142-CH,2024-11-25,2024-11-27,First Class,CUST-17568,United States,Los Angeles,California,90049,Other,Pacific,PROD-9359,Fizzy Lifting Drinks,158.22,27,14.97,143.25,2,9.46,0.55,5.31,5.86,Sugar Shack,48.11914,-96.18115
2143,US-2024-12143-CH,2025-09-26,2025-09-29,Standard Class,CUST-19453,United States,New York,New York,10001,Sugar,Atlantic,PROD-6629,SweeTARTS,66.6,15,25.81,40.79,3,38.75,1.72,2.72,4.44,Sugar Shack,48.11914,-96.18115
2144,US-2024-12144-CH,2024-04-12,2024-04-15,Standard Class,CUST-19073,United States,Henderson,Kentucky,42420,Chocolate,Gulf,PROD-8572,Wonka Bar - Nutty Crunch Surprise,265.5,25,145.23,120.27,3,54.7,5.81,4.81,10.62,Lot's O' Nuts,32.881893,-111.768036
2145,US-2024-12145-CH,2024-09-12,2024-09-14,Second Class,CUST-15587,United States,Los Angeles,California,90049,Other,Pacific,PROD-2646,Kazookles,343.07,29,66.02,277.05,2,19.24,2.28,9.55,11.83,The Other Factory,35.1175,-89.971107
2146,US-2024-12146-CH,2024-06-24,2024-06-26,Standard Class,CUST-16018,United States,New York,New York,10001,Other,Atlantic,PROD-9359,Fizzy Lifting Drinks,9.62,2,1.64,7.98,2,17.05,0.82,3.99,4.81,Sugar Shack,48.11914,-96.18115
2147,US-2024-12147-CH,2025-01-10,2025-01-15,Standard Class,CUST-16103,United States,Chicago,Illinois,60601,Sugar,Interior,PROD-2533,Laffy Taffy,16.78,2,4.32,12.46,5,25.74,2.16,6.23,8.39,Sugar Shack,48.11914,-96.18115
2148,US-2024-12148-CH,2024-12-30,2025-01-01,Standard Class,CUST-15131,United States,Henderson,Kentucky,42420,Sugar,Gulf,PROD-2533,Laffy Taffy,31.9,11,14.29,17.61,2,44.8,1.3,1.6,2.9,Sugar Shack,48.11914,-96.18115
2149,US-2024-12149-CH,2026-05-07,2026-05-09,Standard Class,CUST-12488,United States,Atlanta,Georgia,30301,Chocolate,Gulf,PROD-0874,Wonka Bar - Milk Chocolate,49.3,10,31.72,17.58,2,64.34,3.17,1.76,4.93,Wicked Choccy's,32.076176,-81.088371
2150,US-2024-12150-CH,2025-01-05,2025-01-09,Standard Class,CUST-14549,United States,Philadelphia,Pennsylvania,19143,Sugar,Atlantic,PROD-9885,Fun Dip,183.6,36,67.54,116.06,4,36.79,1.88,3.22,5.1,Sugar Shack,48.11914,-96.18115
2151,US-2024-12151-CH,2024-06-14,2024-06-21,Standard Class,CUST-16964,United States,Naperville,Illinois,60540,Chocolate,Interior,PROD-3893,Wonka Bar - Fudge Mallows,137.62,14,87.67,49.95,7,63.7,6.26,3.57,9.83,Lot's O' Nuts,32.881893,-111.768036
2152,US-2024-12152-CH,2024-04-30,2024-05-07,Standard Class,CUST-12267,United States,New York,New York,10001,Sugar,Atlantic,PROD-2120,Everlasting Gobstopper,262.44,27,58.03,204.41,7,22.11,2.15,7.57,9.72,Secret Factory,41.446333,-90.565487
2153,US-2024-12153-CH,2026-01-18,2026-01-22,Standard Class,CUST-14310,United States,Atlanta,Georgia,30301,Sugar,Gulf,PROD-9885,Fun Dip,185.33,43,54.54,130.79,4,29.43,1.27,3.04,4.31,Sugar Shack,48.11914,-96.18115
2154,US-2024-12154-CH,2026-05-08,2026-05-11,First Class,CUST-10553,United States,Philadelphia,Pennsylvania,19143,Chocolate,Atlantic,PROD-8572,Wonka Bar - Nutty Crunch Surprise,250.7,23,100.61,150.09,3,40.13,4.37,6.53,10.9,Lot's O' Nuts,32.881893,-111.768036
2155,US-2024-12155-CH,2024-06-13,2024-06-18,Standard Class,CUST-12736,United States,Los Angeles,California,90049,Chocolate,Pacific,PROD-7514,Wonka Bar - Triple Dazzle Caramel,58.38,7,35.75,22.63,5,61.24,5.11,3.23,8.34,Wicked Choccy's,32.076176,-81.088371
2156,US-2024-12156-CH,2024-03-01,2024-03-04,Second Class,CUST-11935,United States,New York,New York,10001,Other,Atlantic,PROD-0345,Lickable Wallpaper,271.63,23,6.39,265.24,3,2.35,0.28,11.53,11.81,Secret Factory,41.446333,-90.565487
2157,US-2024-12157-CH,2024-02-16,2024-02-19,Standard Class,CUST-12562,United States,Seattle,Washington,98101,Chocolate,Pacific,PROD-3776,Wonka Bar -Scrumdiddlyumptious,245.83,31,155.97,89.86,3,63.45,5.03,2.9,7.93,Lot's O' Nuts,32.881893,-111.768036
2158,US-2024-12158-CH,2024-09-05,2024-09-09,Standard Class,CUST-16209,United States,Houston,Texas,77095,Chocolate,Gulf,PROD-8572,Wonka Bar - Nutty Crunch Surprise,46.68,4,29.88,16.8,4,64.01,7.47,4.2,11.67,Lot's O' Nuts,32.881893,-111.768036
2159,US-2024-12159-CH,2026-04-11,2026-04-14,Standard Class,CUST-13933,United States,Henderson,Kentucky,42420,Other,Gulf,PROD-9415,Wonka Gum,9.81,3,2.93,6.88,3,29.87,0.98,2.29,3.27,Secret Factory,41.446333,-90.565487
2160,US-2024-12160-CH,2024-02-15,2024-02-19,First Class,CUST-15420,United States,Houston,Texas,77095,Chocolate,Gulf,PROD-8572,Wonka Bar - Nutty Crunch Surprise,301.74,47,138.48,163.26,4,45.89,2.95,3.47,6.42,Lot's O' Nuts,32.881893,-111.768036
2161,US-2024-12161-CH,2025-11-09,2025-11-11,First Class,CUST-12737,United States,Naperville,Illinois,60540,Other,Interior,PROD-0345,Lickable Wallpaper,117.15,33,6.03,111.12,2,5.15,0.18,3.37,3.55,Secret Factory,41.446333,-90.565487
2162,US-2024-12162-CH,2026-03-16,2026-03-18,Standard Class,CUST-19510,United States,Chicago,Illinois,60601,Sugar,Interior,PROD-2533,Laffy Taffy,530.18,49,181.3,348.88,2,34.2,3.7,7.12,10.82,Sugar Shack,48.11914,-96.18115
2163,US-2024-12163-CH,2025-04-20,2025-04-24,Standard Class,CUST-18411,United States,Athens,Georgia,30605,Sugar,Gulf,PROD-5646,Nerds,214.55,35,88.39,126.16,4,41.2,2.53,3.6,6.13,Sugar Shack,48.11914,-96.18115
2164,US-2024-12164-CH,2026-03-29,2026-04-03,Second Class,CUST-12042,United States,Philadelphia,Pennsylvania,19143,Sugar,Atlantic,PROD-6629,SweeTARTS,53.5,5,17.23,36.27,5,32.21,3.45,7.25,10.7,Sugar Shack,48.11914,-96.18115
2165,US-2024-12165-CH,2026-03-14,2026-03-21,Standard Class,CUST-13072,United States,Athens,Georgia,30605,Chocolate,Gulf,PROD-3776,Wonka Bar -Scrumdiddlyumptious,224.25,39,140.19,84.06,7,62.52,3.59,2.16,5.75,Lot's O' Nuts,32.881893,-111.768036
2166,US-2024-12166-CH,2025-01-15,2025-01-17,Standard Class,CUST-18736,United States,Henderson,Kentucky,42420,Chocolate,Gulf,PROD-3776,Wonka Bar -Scrumdiddlyumptious,185.64,28,75.39,110.25,2,40.61,2.69,3.94,6.63,Lot's O' Nuts,32.881893,-111.768036
2167,US-2024-12167-CH,2024-01-26,2024-01-29,Standard Class,CUST-11686,United States,Atlanta,Georgia,30301,Sugar,Gulf,PROD-5646,Nerds,379.68,42,100.54,279.14,3,26.48,2.39,6.65,9.04,Sugar Shack,48.11914,-96.18115
2168,US-2024-12168-CH,2025-01-05,2025-01-08,First Class,CUST-18804,United States,Naperville,Illinois,60540,Sugar,Interior,PROD-0725,Hair Toffee,66.2,20,16.89,49.31,3,25.51,0.84,2.47,3.31,The Other Factory,35.1175,-89.971107
2169,US-2024-12169-CH,2026-03-16,2026-03-19,Standard Class,CUST-16212,United States,Los Angeles,California,90049,Sugar,Pacific,PROD-2120,Everlasting Gobstopper,69.52,22,16.63,52.89,3,23.92,0.76,2.4,3.16,Secret Factory,41.446333,-90.565487
2170,US-2024-12170-CH,2025-04-29,2025-05-02,Same Day,CUST-19262,United States,Henderson,Kentucky,42420,Other,Gulf,PROD-2646,Kazookles,277.2,30,70.16,207.04,3,25.31,2.34,6.9,9.24,The Other Factory,35.1175,-89.971107
2171,US-2024-12171-CH,2026-01-27,2026-01-30,Standard Class,CUST-10898,United States,Los Angeles,California,90049,Other,Pacific,PROD-2646,Kazookles,265.93,29,55.78,210.15,3,20.98,1.92,7.25,9.17,The Other Factory,35.1175,-89.971107
2172,US-2024-12172-CH,2024-04-28,2024-04-30,First Class,CUST-14570,United States,Los Angeles,California,90049,Sugar,Pacific,PROD-6629,SweeTARTS,264.3,30,88.77,175.53,2,33.59,2.96,5.85,8.81,Sugar Shack,48.11914,-96.18115
2173,US-2024-12173-CH,2025-03-10,2025-03-13,First Class,CUST-19148,United States,Los Angeles,California,90049,Chocolate,Pacific,PROD-3776,Wonka Bar -Scrumdiddlyumptious,205.56,36,133.52,72.04,3,64.95,3.71,2.0,5.71,Lot's O' Nuts,32.881893,-111.768036
2174,US-2024-12174-CH,2026-05-26,2026-05-29,First Class,CUST-11093,United States,Athens,Georgia,30605,Other,Gulf,PROD-9415,Wonka Gum,132.24,24,45.06,87.18,3,34.07,1.88,3.63,5.51,Secret Factory,41.446333,-90.565487
2175,US-2024-12175-CH,2024-07-02,2024-07-06,First Class,CUST-17926,United States,Athens,Georgia,30605,Chocolate,Gulf,PROD-3776,Wonka Bar -Scrumdiddlyumptious,448.54,41,222.09,226.45,4,49.51,5.42,5.52,10.94,Lot's O' Nuts,32.881893,-111.768036
2176,US-2024-12176-CH,2025-03-10,2025-03-13,Standard Class,CUST-16025,United States,Chicago,Illinois,60601,Other,Interior,PROD-9359,Fizzy Lifting Drinks,42.56,14,-0.11,42.67,3,-0.26,-0.01,3.05,3.04,Sugar Shack,48.11914,-96.18115
2177,US-2024-12177-CH,2026-04-21,2026-04-28,Standard Class,CUST-15826,United States,Chicago,Illinois,60601,Other,Interior,PROD-2646,Kazookles,174.9,15,35.48,139.42,7,20.29,2.37,9.29,11.66,The Other Factory,35.1175,-89.971107
2178,US-2024-12178-CH,2024-12-17,2024-12-19,First Class,CUST-17784,United States,Los Angeles,California,90049,Other,Pacific,PROD-9359,Fizzy Lifting Drinks,282.72,31,8.93,273.79,2,3.16,0.29,8.83,9.12,Sugar Shack,48.11914,-96.18115
2179,US-2024-12179-CH,2024-06-30,2024-07-03,Standard Class,CUST-13205,United States,Houston,Texas,77095,Chocolate,Gulf,PROD-3893,Wonka Bar - Fudge Mallows,174.8,19,76.56,98.24,3,43.8,4.03,5.17,9.2,Lot's O' Nuts,32.881893,-111.768036
2180,US-2024-12180-CH,2024-12-27,2024-12-29,Standard Class,CUST-17513,United States,Chicago,Illinois,60601,Other,Interior,PROD-0345,Lickable Wallpaper,406.55,47,10.23,396.32,2,2.52,0.22,8.43,8.65,Secret Factory,41.446333,-90.565487
2181,US-2024-12181-CH,2026-02-17,2026-02-20,Standard Class,CUST-11812,United States,Seattle,Washington,98101,Other,Pacific,PROD-9359,Fizzy Lifting Drinks,181.44,28,24.37,157.07,3,13.43,0.87,5.61,6.48,Sugar Shack,48.11914,-96.18115
2182,US-2024-12182-CH,2024-05-08,2024-05-11,Standard Class,CUST-10227,United States,Los Angeles,California,90049,Chocolate,Pacific,PROD-7514,Wonka Bar - Triple Dazzle Caramel,167.58,14,78.85,88.73,3,47.05,5.63,6.34,11.97,Wicked Choccy's,32.076176,-81.088371
2183,US-2024-12183-CH,2024-01-17,2024-01-19,Second Class,CUST-16251,United States,Atlanta,Georgia,30301,Sugar,Gulf,PROD-0725,Hair Toffee,158.47,23,17.24,141.23,2,10.88,0.75,6.14,6.89,The Other Factory,35.1175,-89.971107
2184,US-2024-12184-CH,2025-07-02,2025-07-05,Second Class,CUST-14954,United States,Athens,Georgia,30605,Sugar,Gulf,PROD-9885,Fun Dip,389.9,35,149.8,240.1,3,38.42,4.28,6.86,11.14,Sugar Shack,48.11914,-96.18115
2185,US-2024-12185-CH,2024-01-02,2024-01-05,Standard Class,CUST-10767,United States,Athens,Georgia,30605,Sugar,Gulf,PROD-9885,Fun Dip,167.86,22,46.96,120.9,3,27.98,2.13,5.5,7.63,Sugar Shack,48.11914,-96.18115
2186,US-2024-12186-CH,2024-05-22,2024-05-24,Standard Class,CUST-15575,United States,Philadelphia,Pennsylvania,19143,Sugar,Atlantic,PROD-6629,SweeTARTS,154.56,48,67.59,86.97,2,43.73,1.41,1.81,3.22,Sugar Shack,48.11914,-96.18115
2187,US-2024-12187-CH,2025-05-06,2025-05-08,Same Day,CUST-13926,United States,Los Angeles,California,90049,Sugar,Pacific,PROD-2120,Everlasting Gobstopper,90.0,24,25.12,64.88,2,27.91,1.05,2.7,3.75,Secret Factory,41.446333,-90.565487
2188,US-2024-12188-CH,2025-09-23,2025-09-26,Standard Class,CUST-16881,United States,Henderson,Kentucky,42420,Chocolate,Gulf,PROD-7514,Wonka Bar - Triple Dazzle Caramel,75.78,18,38.51,37.27,3,50.82,2.14,2.07,4.21,Wicked Choccy's,32.076176,-81.088371
2189,US-2024-12189-CH,2024-01-26,2024-01-28,Second Class,CUST-13621,United States,Houston,Texas,77095,Other,Gulf,PROD-9359,Fizzy Lifting Drinks,30.0,3,5.16,24.84,2,17.2,1.72,8.28,10.0,Sugar Shack,48.11914,-96.18115
2190,US-2024-12190-CH,2024-03-10,2024-03-13,First Class,CUST-18777,United States,Athens,Georgia,30605,Sugar,Gulf,PROD-6629,SweeTARTS,294.72,32,111.34,183.38,3,37.78,3.48,5.73,9.21,Sugar Shack,48.11914,-96.18115
2191,US-2024-12191-CH,2025-05-23,2025-05-27,Standard Class,CUST-17440,United States,Seattle,Washington,98101,Chocolate,Pacific,PROD-3893,Wonka Bar - Fudge Mallows,290.7,38,148.27,142.43,4,51.0,3.9,3.75,7.65,Lot's O' Nuts,32.881893,-111.768036
2192,US-2024-12192-CH,2025-02-15,2025-02-18,Standard Class,CUST-11926,United States,Atlanta,Georgia,30301,Chocolate,Gulf,PROD-3776,Wonka Bar -Scrumdiddlyumptious,75.24,22,34.53,40.71,3,45.89,1.57,1.85,3.42,Lot's O' Nuts,32.881893,-111.768036
2193,US-2024-12193-CH,2025-07-05,2025-07-08,Second Class,CUST-15022,United States,Henderson,Kentucky,42420,Sugar,Gulf,PROD-9885,Fun Dip,93.3,10,31.52,61.78,3,33.78,3.15,6.18,9.33,Sugar Shack,48.11914,-96.18115
2194,US-2024-12194-CH,2026-04-05,2026-04-09,First Class,CUST-16777,United States,Chicago,Illinois,60601,Chocolate,Interior,PROD-8572,Wonka Bar - Nutty Crunch Surprise,243.66,31,101.34,142.32,4,41.59,3.27,4.59,7.86,Lot's O' Nuts,32.881893,-111.768036
2195,US-2024-12195-CH,2024-11-07,2024-11-10,Standard Class,CUST-13338,United States,Philadelphia,Pennsylvania,19143,Sugar,Atlantic,PROD-2533,Laffy Taffy,71.12,14,28.34,42.78,3,39.85,2.02,3.06,5.08,Sugar Shack,48.11914,-96.18115
2196,US-2024-12196-CH,2024-04-20,2024-04-24,Second Class,CUST-19077,United States,Los Angeles,California,90049,Sugar,Pacific,PROD-5646,Nerds,200.42,22,73.61,126.81,4,36.73,3.35,5.76,9.11,Sugar Shack,48.11914,-96.18115
2197,US-2024-12197-CH,2025-04-26,2025-04-30,Standard Class,CUST-18100,United States,Atlanta,Georgia,30301,Chocolate,Gulf,PROD-8572,Wonka Bar - Nutty Crunch Surprise,31.92,12,15.32,16.6,4,47.99,1.28,1.38,2.66,Lot's O' Nuts,32.881893,-111.768036
2198,US-2024-12198-CH,2025-10-05,2025-10-08,Standard Class,CUST-13293,United States,New York,New York,10001,Sugar,Atlantic,PROD-0725,Hair Toffee,387.2,44,103.94,283.26,3,26.84,2.36,6.44,8.8,The Other Factory,35.1175,-89.971107
2199,US-2024-12199-CH,2024-06-15,2024-06-18,Standard Class,CUST-12774,United States,Athens,Georgia,30605,Chocolate,Gulf,PROD-3893,Wonka Bar - Fudge Mallows,489.6,45,223.1,266.5,3,45.57,4.96,5.92,10.88,Lot's O' Nuts,32.881893,-111.768036
2200,US-2024-12200-CH,2025-07-22,2025-07-26,Standard Class,CUST-17636,United States,Henderson,Kentucky,42420,Other,Gulf,PROD-9359,Fizzy Lifting Drinks,305.66,29,6.72,298.94,4,2.2,0.23,10.31,10.54,Sugar Shack,48.11914,-96.18115
2201,US-2024-12201-CH,2024-01-26,2024-01-30,Standard Class,CUST-13719,United States,Henderson,Kentucky,42420,Sugar,Gulf,PROD-5646,Nerds,372.59,37,107.46,265.13,4,28.84,2.9,7.17,10.07,Sugar Shack,48.11914,-96.18115
2202,US-2024-12202-CH,2026-04-17,2026-04-19,Standard Class,CUST-18890,United States,Chicago,Illinois,60601,Chocolate,Interior,PROD-3893,Wonka Bar - Fudge Mallows,396.27,37,228.23,168.04,2,57.59,6.17,4.54,10.71,Lot's O' Nuts,32.881893,-111.768036
2203,US-2024-12203-CH,2024-05-08,2024-05-15,Standard Class,CUST-17732,United States,Atlanta,Georgia,30301,Sugar,Gulf,PROD-9885,Fun Dip,51.9,6,23.05,28.85,7,44.41,3.84,4.81,8.65,Sugar Shack,48.11914,-96.18115
2204,US-2024-12204-CH,2024-11-16,2024-11-20,Standard Class,CUST-19843,United States,Los Angeles,California,90049,Sugar,Pacific,PROD-5646,Nerds,240.0,25,76.56,163.44,4,31.9,3.06,6.54,9.6,Sugar Shack,48.11914,-96.18115
2205,US-2024-12205-CH,2026-06-13,2026-06-16,Standard Class,CUST-18541,United States,Atlanta,Georgia,30301,Other,Gulf,PROD-0345,Lickable Wallpaper,168.13,23,26.03,142.1,3,15.48,1.13,6.18,7.31,Secret Factory,41.446333,-90.565487
2206,US-2024-12206-CH,2025-03-01,2025-03-04,First Class,CUST-10990,United States,Athens,Georgia,30605,Sugar,Gulf,PROD-0725,Hair Toffee,231.27,39,38.19,193.08,3,16.51,0.98,4.95,5.93,The Other Factory,35.1175,-89.971107
2207,US-2024-12207-CH,2026-01-26,2026-01-30,Standard Class,CUST-12887,United States,Philadelphia,Pennsylvania,19143,Chocolate,Atlantic,PROD-3893,Wonka Bar - Fudge Mallows,218.4,35,97.16,121.24,4,44.49,2.78,3.46,6.24,Lot's O' Nuts,32.881893,-111.768036
2208,US-2024-12208-CH,2024-08-12,2024-08-15,Second Class,CUST-12692,United States,Atlanta,Georgia,30301,Chocolate,Gulf,PROD-3776,Wonka Bar -Scrumdiddlyumptious,165.51,27,67.24,98.27,3,40.63,2.49,3.64,6.13,Lot's O' Nuts,32.881893,-111.768036
2209,US-2024-12209-CH,2025-04-18,2025-04-21,Second Class,CUST-18003,United States,Philadelphia,Pennsylvania,19143,Chocolate,Atlantic,PROD-3893,Wonka Bar - Fudge Mallows,56.55,15,30.02,26.53,3,53.09,2.0,1.77,3.77,Lot's O' Nuts,32.881893,-111.768036
2210,US-2024-12210-CH,2024-11-24,2024-11-28,Second Class,CUST-15408,United States,Athens,Georgia,30605,Sugar,Gulf,PROD-0725,Hair Toffee,34.23,7,6.07,28.16,4,17.73,0.87,4.02,4.89,The Other Factory,35.1175,-89.971107
2211,US-2024-12211-CH,2026-06-10,2026-06-13,Same Day,CUST-15717,United States,Henderson,Kentucky,42420,Other,Gulf,PROD-0345,Lickable Wallpaper,364.25,31,-14.4,378.65,3,-3.95,-0.46,12.21,11.75,Secret Factory,41.446333,-90.565487
2212,US-2024-12212-CH,2025-06-17,2025-06-20,Standard Class,CUST-11041,United States,Athens,Georgia,30605,Other,Gulf,PROD-9415,Wonka Gum,444.85,41,144.12,300.73,3,32.4,3.52,7.33,10.85,Secret Factory,41.446333,-90.565487
2213,US-2024-12213-CH,2025-10-18,2025-10-25,Second Class,CUST-18972,United States,Los Angeles,California,90049,Sugar,Pacific,PROD-2533,Laffy Taffy,159.72,33,49.31,110.41,7,30.87,1.49,3.35,4.84,Sugar Shack,48.11914,-96.18115
2214,US-2024-12214-CH,2024-12-22,2024-12-26,Standard Class,CUST-12590,United States,Philadelphia,Pennsylvania,19143,Chocolate,Atlantic,PROD-8572,Wonka Bar - Nutty Crunch Surprise,332.4,40,193.5,138.9,4,58.21,4.84,3.47,8.31,Lot's O' Nuts,32.881893,-111.768036
2215,US-2024-12215-CH,2026-05-06,2026-05-09,Standard Class,CUST-12912,United States,Naperville,Illinois,60540,Other,Interior,PROD-2646,Kazookles,61.56,19,19.89,41.67,3,32.31,1.05,2.19,3.24,The Other Factory,35.1175,-89.971107
2216,US-2024-12216-CH,2024-02-26,2024-02-29,Standard Class,CUST-19161,United States,New York,New York,10001,Sugar,Atlantic,PROD-2120,Everlasting Gobstopper,167.2,16,35.71,131.49,3,21.36,2.23,8.22,10.45,Secret Factory,41.446333,-90.565487
2217,US-2024-12217-CH,2024-04-12,2024-04-19,Standard Class,CUST-10088,United States,Naperville,Illinois,60540,Other,Interior,PROD-9359,Fizzy Lifting Drinks,237.5,38,2.04,235.46,7,0.86,0.05,6.2,6.25,Sugar Shack,48.11914,-96.18115
2218,US-2024-12218-CH,2024-06-04,2024-06-11,First Class,CUST-10054,United States,Los Angeles,California,90049,Chocolate,Pacific,PROD-7514,Wonka Bar - Triple Dazzle Caramel,28.42,7,13.83,14.59,7,48.66,1.98,2.08,4.06,Wicked Choccy's,32.076176,-81.088371
2219,US-2024-12219-CH,2024-03-09,2024-03-11,Standard Class,CUST-13613,United States,Athens,Georgia,30605,Other,Gulf,PROD-2646,Kazookles,123.64,11,32.26,91.38,2,26.09,2.93,8.31,11.24,The Other Factory,35.1175,-89.971107
2220,US-2024-12220-CH,2025-07-25,2025-07-29,Standard Class,CUST-19610,United States,Houston,Texas,77095,Chocolate,Gulf,PROD-3776,Wonka Bar -Scrumdiddlyumptious,168.51,41,96.78,71.73,4,57.43,2.36,1.75,4.11,Lot's O' Nuts,32.881893,-111.768036
2221,US-2024-12221-CH,2025-12-12,2025-12-14,Standard Class,CUST-17366,United States,Henderson,Kentucky,42420,Sugar,Gulf,PROD-5646,Nerds,205.2,20,82.05,123.15,2,39.99,4.1,6.16,10.26,Sugar Shack,48.11914,-96.18115
2222,US-2024-12222-CH,2024-03-28,2024-03-30,First Class,CUST-17557,United States,Philadelphia,Pennsylvania,19143,Other,Atlantic,PROD-9415,Wonka Gum,52.55,5,12.85,39.7,2,24.45,2.57,7.94,10.51,Secret Factory,41.446333,-90.565487
2223,US-2024-12223-CH,2025-07-03,2025-07-05,Second Class,CUST-14374,United States,Houston,Texas,77095,Other,Gulf,PROD-9359,Fizzy Lifting Drinks,75.3,30,2.81,72.49,2,3.73,0.09,2.42,2.51,Sugar Shack,48.11914,-96.18115
2224,US-2024-12224-CH,2025-11-09,2025-11-16,Standard Class,CUST-10322,United States,Los Angeles,California,90049,Chocolate,Pacific,PROD-7514,Wonka Bar - Triple Dazzle Caramel,137.75,25,58.44,79.31,7,42.42,2.34,3.17,5.51,Wicked Choccy's,32.076176,-81.088371
2225,US-2024-12225-CH,2025-08-06,2025-08-09,First Class,CUST-17796,United States,Seattle,Washington,98101,Chocolate,Pacific,PROD-7514,Wonka Bar - Triple Dazzle Caramel,239.6,40,124.05,115.55,3,51.77,3.1,2.89,5.99,Wicked Choccy's,32.076176,-81.088371
2226,US-2024-12226-CH,2024-06-21,2024-06-28,Standard Class,CUST-10166,United States,Henderson,Kentucky,42420,Other,Gulf,PROD-9415,Wonka Gum,260.16,32,48.83,211.33,7,18.77,1.53,6.6,8.13,Secret Factory,41.446333,-90.565487
2227,US-2024-12227-CH,2024-04-27,2024-04-30,Second Class,CUST-14558,United States,New York,New York,10001,Sugar,Atlantic,PROD-0725,Hair Toffee,132.43,19,28.45,103.98,3,21.48,1.5,5.47,6.97,The Other Factory,35.1175,-89.971107
2228,US-2024-12228-CH,2025-10-09,2025-10-12,Second Class,CUST-16698,United States,Naperville,Illinois,60540,Other,Interior,PROD-2646,Kazookles,7.12,2,1.03,6.09,3,14.47,0.52,3.04,3.56,The Other Factory,35.1175,-89.971107
2229,US-2024-12229-CH,2026-02-18,2026-02-25,First Class,CUST-19630,United States,Chicago,Illinois,60601,Chocolate,Interior,PROD-0874,Wonka Bar - Milk Chocolate,349.2,45,221.88,127.32,7,63.54,4.93,2.83,7.76,Wicked Choccy's,32.076176,-81.088371
2230,US-2024-12230-CH,2024-06-17,2024-06-20,Second Class,CUST-11350,United States,Henderson,Kentucky,42420,Chocolate,Gulf,PROD-0874,Wonka Bar - Milk Chocolate,70.29,11,39.74,30.55,3,56.54,3.61,2.78,6.39,Wicked Choccy's,32.076176,-81.088371
2231,US-2024-12231-CH,2026-04-26,2026-05-01,Standard Class,CUST-19595,United States,Houston,Texas,77095,Chocolate,Gulf,PROD-3893,Wonka Bar - Fudge Mallows,150.19,23,69.17,81.02,5,46.05,3.01,3.52,6.53,Lot's O' Nuts,32.881893,-111.768036
2232,US-2024-12232-CH,2026-06-12,2026-06-15,Standard Class,CUST-10678,United States,Athens,Georgia,30605,Other,Gulf,PROD-9415,Wonka Gum,129.86,43,28.93,100.93,3,22.28,0.67,2.35,3.02,Secret Factory,41.446333,-90.565487
2233,US-2024-12233-CH,2024-05-12,2024-05-16,First Class,CUST-11685,United States,Seattle,Washington,98101,Sugar,Pacific,PROD-9885,Fun Dip,368.94,43,131.62,237.32,4,35.68,3.06,5.52,8.58,Sugar Shack,48.11914,-96.18115
2234,US-2024-12234-CH,2025-01-29,2025-01-31,First Class,CUST-14951,United States,Houston,Texas,77095,Chocolate,Gulf,PROD-3893,Wonka Bar - Fudge Mallows,315.62,43,197.49,118.13,2,62.57,4.59,2.75,7.34,Lot's O' Nuts,32.881893,-111.768036
2235,US-2024-12235-CH,2026-02-28,2026-03-07,Same Day,CUST-17337,United States,Los Angeles,California,90049,Sugar,Pacific,PROD-2120,Everlasting Gobstopper,35.91,3,10.17,25.74,7,28.32,3.39,8.58,11.97,Secret Factory,41.446333,-90.565487
2236,US-2024-12236-CH,2024-08-18,2024-08-20,Standard Class,CUST-17802,United States,Seattle,Washington,98101,Sugar,Pacific,PROD-2533,Laffy Taffy,113.28,12,47.59,65.69,2,42.01,3.97,5.47,9.44,Sugar Shack,48.11914,-96.18115
2237,US-2024-12237-CH,2024-05-17,2024-05-20,Standard Class,CUST-12014,United States,Chicago,Illinois,60601,Sugar,Interior,PROD-2533,Laffy Taffy,6.84,2,2.35,4.49,3,34.36,1.18,2.24,3.42,Sugar Shack,48.11914,-96.18115
2238,US-2024-12238-CH,2024-04-16,2024-04-23,Second Class,CUST-15303,United States,Henderson,Kentucky,42420,Chocolate,Gulf,PROD-8572,Wonka Bar - Nutty Crunch Surprise,321.9,37,163.91,157.99,7,50.92,4.43,4.27,8.7,Lot's O' Nuts,32.881893,-111.768036
2239,US-2024-12239-CH,2025-05-23,2025-05-27,Second Class,CUST-11615,United States,Houston,Texas,77095,Chocolate,Gulf,PROD-3776,Wonka Bar -Scrumdiddlyumptious,215.22,34,124.97,90.25,4,58.07,3.68,2.65,6.33,Lot's O' Nuts,32.881893,-111.768036
2240,US-2024-12240-CH,2024-01-17,2024-01-20,Standard Class,CUST-11976,United States,Seattle,Washington,98101,Other,Pacific,PROD-9359,Fizzy Lifting Drinks,127.89,29,9.0,118.89,3,7.04,0.31,4.1,4.41,Sugar Shack,48.11914,-96.18115
2241,US-2024-12241-CH,2024-12-20,2024-12-23,Standard Class,CUST-17198,United States,Athens,Georgia,30605,Sugar,Gulf,PROD-0725,Hair Toffee,71.91,17,13.01,58.9,3,18.09,0.77,3.46,4.23,The Other Factory,35.1175,-89.971107
2242,US-2024-12242-CH,2025-01-05,2025-01-07,Second Class,CUST-11573,United States,Chicago,Illinois,60601,Chocolate,Interior,PROD-7514,Wonka Bar - Triple Dazzle Caramel,335.38,41,146.06,189.32,2,43.55,3.56,4.62,8.18,Wicked Choccy's,32.076176,-81.088371
2243,US-2024-12243-CH,2025-04-11,2025-04-14,Standard Class,CUST-12035,United States,Athens,Georgia,30605,Chocolate,Gulf,PROD-0874,Wonka Bar - Milk Chocolate,24.78,3,12.94,11.84,3,52.22,4.31,3.95,8.26,Wicked Choccy's,32.076176,-81.088371
2244,US-2024-12244-CH,2025-08-31,2025-09-02,Second Class,CUST-18692,United States,Naperville,Illinois,60540,Chocolate,Interior,PROD-0874,Wonka Bar - Milk Chocolate,29.05,5,17.59,11.46,2,60.55,3.52,2.29,5.81,Wicked Choccy's,32.076176,-81.088371
2245,US-2024-12245-CH,2024-12-02,2024-12-05,Standard Class,CUST-18144,United States,Atlanta,Georgia,30301,Sugar,Gulf,PROD-2533,Laffy Taffy,204.75,45,58.38,146.37,3,28.51,1.3,3.25,4.55,Sugar Shack,48.11914,-96.18115
2246,US-2024-12246-CH,2024-08-06,2024-08-10,Standard Class,CUST-15480,United States,Los Angeles,California,90049,Sugar,Pacific,PROD-6629,SweeTARTS,66.24,9,24.05,42.19,4,36.31,2.67,4.69,7.36,Sugar Shack,48.11914,-96.18115
2247,US-2024-12247-CH,2024-03-03,2024-03-07,Standard Class,CUST-17135,United States,Houston,Texas,77095,Chocolate,Gulf,PROD-0874,Wonka Bar - Milk Chocolate,204.44,19,114.66,89.78,4,56.08,6.03,4.73,10.76,Wicked Choccy's,32.076176,-81.088371
2248,US-2024-12248-CH,2024-05-09,2024-05-13,Standard Class,CUST-11037,United States,Philadelphia,Pennsylvania,19143,Chocolate,Atlantic,PROD-3893,Wonka Bar - Fudge Mallows,92.96,16,50.83,42.13,4,54.68,3.18,2.63,5.81,Lot's O' Nuts,32.881893,-111.768036
2249,US-2024-12249-CH,2025-09-05,2025-09-12,First Class,CUST-11194,United States,Chicago,Illinois,60601,Chocolate,Interior,PROD-8572,Wonka Bar - Nutty Crunch Surprise,47.09,17,23.49,23.6,7,49.88,1.38,1.39,2.77,Lot's O' Nuts,32.881893,-111.768036
2250,US-2024-12250-CH,2024-09-30,2024-10-02,Standard Class,CUST-17504,United States,Chicago,Illinois,60601,Chocolate,Interior,PROD-0874,Wonka Bar - Milk Chocolate,125.64,12,73.16,52.48,2,58.23,6.1,4.37,10.47,Wicked Choccy's,32.076176,-81.088371
2251,US-2024-12251-CH,2025-05-10,2025-05-12,Second Class,CUST-13223,United States,Philadelphia,Pennsylvania,19143,Chocolate,Atlantic,PROD-3893,Wonka Bar - Fudge Mallows,120.93,29,72.03,48.9,2,59.56,2.48,1.69,4.17,Lot's O' Nuts,32.881893,-111.768036
2252,US-2024-12252-CH,2025-07-29,2025-07-31,Standard Class,CUST-14533,United States,Naperville,Illinois,60540,Chocolate,Interior,PROD-3893,Wonka Bar - Fudge Mallows,66.9,15,34.71,32.19,2,51.88,2.31,2.15,4.46,Lot's O' Nuts,32.881893,-111.768036
2253,US-2024-12253-CH,2025-09-09,2025-09-16,Standard Class,CUST-10014,United States,New York,New York,10001,Chocolate,Atlantic,PROD-3776,Wonka Bar -Scrumdiddlyumptious,104.78,13,55.07,49.71,7,52.56,4.24,3.82,8.06,Lot's O' Nuts,32.881893,-111.768036
2254,US-2024-12254-CH,2025-02-17,2025-02-24,Standard Class,CUST-15471,United States,Philadelphia,Pennsylvania,19143,Sugar,Atlantic,PROD-2120,Everlasting Gobstopper,129.77,19,21.6,108.17,7,16.64,1.14,5.69,6.83,Secret Factory,41.446333,-90.565487
2255,US-2024-12255-CH,2024-02-05,2024-02-08,First Class,CUST-12072,United States,Naperville,Illinois,60540,Sugar,Interior,PROD-2120,Everlasting Gobstopper,262.98,27,74.66,188.32,3,28.39,2.77,6.97,9.74,Secret Factory,41.446333,-90.565487
2256,US-2024-12256-CH,2024-09-24,2024-09-27,Second Class,CUST-16198,United States,Philadelphia,Pennsylvania,19143,Sugar,Atlantic,PROD-0725,Hair Toffee,63.0,21,10.32,52.68,3,16.38,0.49,2.51,3.0,The Other Factory,35.1175,-89.971107
2257,US-2024-12257-CH,2024-02-21,2024-02-24,Standard Class,CUST-10854,United States,Henderson,Kentucky,42420,Chocolate,Gulf,PROD-8572,Wonka Bar - Nutty Crunch Surprise,61.74,14,36.94,24.8,3,59.83,2.64,1.77,4.41,Lot's O' Nuts,32.881893,-111.768036
2258,US-2024-12258-CH,2025-07-12,2025-07-14,Standard Class,CUST-19530,United States,Athens,Georgia,30605,Sugar,Gulf,PROD-2120,Everlasting Gobstopper,194.48,26,60.41,134.07,2,31.06,2.32,5.16,7.48,Secret Factory,41.446333,-90.565487
2259,US-2024-12259-CH,2024-07-16,2024-07-20,Second Class,CUST-14708,United States,Naperville,Illinois,60540,Chocolate,Interior,PROD-7514,Wonka Bar - Triple Dazzle Caramel,308.0,44,175.71,132.29,4,57.05,3.99,3.01,7.0,Wicked Choccy's,32.076176,-81.088371
2260,US-2024-12260-CH,2024-08-20,2024-08-23,Standard Class,CUST-16950,United States,Houston,Texas,77095,Chocolate,Gulf,PROD-3893,Wonka Bar - Fudge Mallows,439.14,39,195.1,244.04,3,44.43,5.0,6.26,11.26,Lot's O' Nuts,32.881893,-111.768036
2261,US-2024-12261-CH,2024-03-17,2024-03-20,Standard Class,CUST-14714,United States,Philadelphia,Pennsylvania,19143,Sugar,Atlantic,PROD-9885,Fun Dip,15.98,2,5.17,10.81,3,32.35,2.58,5.4,7.99,Sugar Shack,48.11914,-96.18115
2262,US-2024-12262-CH,2025-01-28,2025-02-04,First Class,CUST-14275,United States,Seattle,Washington,98101,Chocolate,Pacific,PROD-3776,Wonka Bar -Scrumdiddlyumptious,246.0,40,138.26,107.74,7,56.2,3.46,2.69,6.15,Lot's O' Nuts,32.881893,-111.768036
2263,US-2024-12263-CH,2025-09-24,2025-09-27,Standard Class,CUST-18173,United States,Athens,Georgia,30605,Other,Gulf,PROD-9415,Wonka Gum,220.32,24,31.88,188.44,3,14.47,1.33,7.85,9.18,Secret Factory,41.446333,-90.565487
2264,US-2024-12264-CH,2025-06-26,2025-06-28,Second Class,CUST-16588,United States,Naperville,Illinois,60540,Other,Interior,PROD-9415,Wonka Gum,383.4,36,87.62,295.78,2,22.85,2.43,8.22,10.65,Secret Factory,41.446333,-90.565487
2265,US-2024-12265-CH,2026-04-05,2026-04-08,Standard Class,CUST-15032,United States,Atlanta,Georgia,30301,Sugar,Gulf,PROD-5646,Nerds,155.1,30,47.69,107.41,3,30.75,1.59,3.58,5.17,Sugar Shack,48.11914,-96.18115
2266,US-2024-12266-CH,2024-07-27,2024-07-31,Standard Class,CUST-19967,United States,Philadelphia,Pennsylvania,19143,Sugar,Atlantic,PROD-2533,Laffy Taffy,156.42,18,54.4,102.02,4,34.78,3.02,5.67,8.69,Sugar Shack,48.11914,-96.18115
2267,US-2024-12267-CH,2025-10-09,2025-10-11,Second Class,CUST-18720,United States,Houston,Texas,77095,Chocolate,Gulf,PROD-8572,Wonka Bar - Nutty Crunch Surprise,67.83,7,35.92,31.91,2,52.96,5.13,4.56,9.69,Lot's O' Nuts,32.881893,-111.768036
2268,US-2024-12268-CH,2024-10-31,2024-11-03,Same Day,CUST-16123,United States,Houston,Texas,77095,Sugar,Gulf,PROD-2533,Laffy Taffy,219.78,22,85.05,134.73,3,38.7,3.87,6.12,9.99,Sugar Shack,48.11914,-96.18115
2269,US-2024-12269-CH,2024-01-28,2024-01-30,Standard Class,CUST-14669,United States,Los Angeles,California,90049,Chocolate,Pacific,PROD-7514,Wonka Bar - Triple Dazzle Caramel,123.52,16,67.67,55.85,2,54.78,4.23,3.49,7.72,Wicked Choccy's,32.076176,-81.088371
2270,US-2024-12270-CH,2025-10-05,2025-10-08,Standard Class,CUST-14225,United States,Naperville,Illinois,60540,Sugar,Interior,PROD-2120,Everlasting Gobstopper,292.68,36,78.46,214.22,3,26.81,2.18,5.95,8.13,Secret Factory,41.446333,-90.565487
2271,US-2024-12271-CH,2025-09-20,2025-09-25,Standard Class,CUST-15004,United States,Atlanta,Georgia,30301,Chocolate,Gulf,PROD-3776,Wonka Bar -Scrumdiddlyumptious,19.02,6,9.4,9.62,5,49.42,1.57,1.6,3.17,Lot's O' Nuts,32.881893,-111.768036
2272,US-2024-12272-CH,2025-03-31,2025-04-03,Standard Class,CUST-13376,United States,Los Angeles,California,90049,Other,Pacific,PROD-9415,Wonka Gum,356.81,31,61.58,295.23,3,17.26,1.99,9.52,11.51,Secret Factory,41.446333,-90.565487
2273,US-2024-12273-CH,2025-12-29,2026-01-05,Standard Class,CUST-10357,United States,Philadelphia,Pennsylvania,19143,Sugar,Atlantic,PROD-9885,Fun Dip,313.82,34,100.31,213.51,7,31.96,2.95,6.28,9.23,Sugar Shack,48.11914,-96.18115
2274,US-2024-12274-CH,2024-01-18,2024-01-21,Standard Class,CUST-18678,United States,Philadelphia,Pennsylvania,19143,Chocolate,Atlantic,PROD-7514,Wonka Bar - Triple Dazzle Caramel,260.68,28,107.23,153.45,3,41.13,3.83,5.48,9.31,Wicked Choccy's,32.076176,-81.088371
2275,US-2024-12275-CH,2025-01-02,2025-01-05,Second Class,CUST-17807,United States,Chicago,Illinois,60601,Sugar,Interior,PROD-6629,SweeTARTS,169.6,16,60.07,109.53,3,35.42,3.75,6.85,10.6,Sugar Shack,48.11914,-96.18115
2276,US-2024-12276-CH,2024-05-22,2024-05-25,Second Class,CUST-12972,United States,Atlanta,Georgia,30301,Sugar,Gulf,PROD-9885,Fun Dip,547.68,48,245.11,302.57,3,44.75,5.11,6.3,11.41,Sugar Shack,48.11914,-96.18115
2277,US-2024-12277-CH,2026-06-17,2026-06-20,Same Day,CUST-18644,United States,New York,New York,10001,Sugar,Atlantic,PROD-2120,Everlasting Gobstopper,26.16,3,8.32,17.84,3,31.8,2.77,5.95,8.72,Secret Factory,41.446333,-90.565487
2278,US-2024-12278-CH,2024-01-31,2024-02-05,Second Class,CUST-15718,United States,Atlanta,Georgia,30301,Other,Gulf,PROD-2646,Kazookles,175.98,21,43.31,132.67,5,24.61,2.06,6.32,8.38,The Other Factory,35.1175,-89.971107
2279,US-2024-12279-CH,2025-06-23,2025-06-25,Same Day,CUST-14272,United States,Henderson,Kentucky,42420,Sugar,Gulf,PROD-2533,Laffy Taffy,72.63,9,22.27,50.36,2,30.66,2.47,5.6,8.07,Sugar Shack,48.11914,-96.18115
2280,US-2024-12280-CH,2024-05-06,2024-05-08,First Class,CUST-13551,United States,Houston,Texas,77095,Sugar,Gulf,PROD-2533,Laffy Taffy,63.36,8,16.24,47.12,2,25.63,2.03,5.89,7.92,Sugar Shack,48.11914,-96.18115
2281,US-2024-12281-CH,2024-03-15,2024-03-17,Second Class,CUST-17882,United States,Atlanta,Georgia,30301,Sugar,Gulf,PROD-2120,Everlasting Gobstopper,391.2,40,58.38,332.82,2,14.92,1.46,8.32,9.78,Secret Factory,41.446333,-90.565487
2282,US-2024-12282-CH,2025-09-22,2025-09-25,Standard Class,CUST-15690,United States,Chicago,Illinois,60601,Other,Interior,PROD-9359,Fizzy Lifting Drinks,117.72,18,19.15,98.57,3,16.27,1.06,5.48,6.54,Sugar Shack,48.11914,-96.18115
2283,US-2024-12283-CH,2024-05-10,2024-05-13,Standard Class,CUST-15729,United States,Los Angeles,California,90049,Chocolate,Pacific,PROD-0874,Wonka Bar - Milk Chocolate,197.64,36,87.15,110.49,3,44.1,2.42,3.07,5.49,Wicked Choccy's,32.076176,-81.088371
2284,US-2024-12284-CH,2024-12-31,2025-01-02,Second Class,CUST-16723,United States,Seattle,Washington,98101,Sugar,Pacific,PROD-5646,Nerds,32.46,3,11.46,21.0,2,35.3,3.82,7.0,10.82,Sugar Shack,48.11914,-96.18115
2285,US-2024-12285-CH,2024-10-05,2024-10-08,First Class,CUST-11869,United States,Philadelphia,Pennsylvania,19143,Other,Atlantic,PROD-9415,Wonka Gum,254.54,26,64.76,189.78,3,25.44,2.49,7.3,9.79,Secret Factory,41.446333,-90.565487
2286,US-2024-12286-CH,2025-11-25,2025-12-02,Standard Class,CUST-15902,United States,Henderson,Kentucky,42420,Sugar,Gulf,PROD-9885,Fun Dip,86.72,8,34.07,52.65,7,39.29,4.26,6.58,10.84,Sugar Shack,48.11914,-96.18115
2287,US-2024-12287-CH,2024-08-23,2024-08-26,Second Class,CUST-18958,United States,Philadelphia,Pennsylvania,19143,Chocolate,Atlantic,PROD-8572,Wonka Bar - Nutty Crunch Surprise,427.05,39,268.15,158.9,3,62.79,6.88,4.07,10.95,Lot's O' Nuts,32.881893,-111.768036
2288,US-2024-12288-CH,2025-02-22,2025-02-26,Standard Class,CUST-12910,United States,Chicago,Illinois,60601,Other,Interior,PROD-2646,Kazookles,27.03,3,6.31,20.72,4,23.34,2.1,6.91,9.01,The Other Factory,35.1175,-89.971107
2289,US-2024-12289-CH,2025-05-29,2025-06-03,Standard Class,CUST-10712,United States,Houston,Texas,77095,Chocolate,Gulf,PROD-3776,Wonka Bar -Scrumdiddlyumptious,241.23,33,128.28,112.95,5,53.18,3.89,3.42,7.31,Lot's O' Nuts,32.881893,-111.768036
2290,US-2024-12290-CH,2024-09-26,2024-09-28,Standard Class,CUST-17713,United States,Chicago,Illinois,60601,Other,Interior,PROD-0345,Lickable Wallpaper,160.2,15,-0.76,160.96,2,-0.47,-0.05,10.73,10.68,Secret Factory,41.446333,-90.565487
2291,US-2024-12291-CH,2025-10-29,2025-11-01,Same Day,CUST-16854,United States,Henderson,Kentucky,42420,Sugar,Gulf,PROD-9885,Fun Dip,201.63,39,86.3,115.33,3,42.8,2.21,2.96,5.17,Sugar Shack,48.11914,-96.18115
2292,US-2024-12292-CH,2024-04-23,2024-04-25,Same Day,CUST-11967,United States,Houston,Texas,77095,Chocolate,Gulf,PROD-8572,Wonka Bar - Nutty Crunch Surprise,305.37,29,171.86,133.51,2,56.28,5.93,4.6,10.53,Lot's O' Nuts,32.881893,-111.768036
2293,US-2024-12293-CH,2024-05-22,2024-05-25,Standard Class,CUST-15515,United States,Philadelphia,Pennsylvania,19143,Chocolate,Atlantic,PROD-0874,Wonka Bar - Milk Chocolate,393.8,44,245.05,148.75,3,62.23,5.57,3.38,8.95,Wicked Choccy's,32.076176,-81.088371
2294,US-2024-12294-CH,2024-01-31,2024-02-03,First Class,CUST-12562,United States,Athens,Georgia,30605,Chocolate,Gulf,PROD-0874,Wonka Bar - Milk Chocolate,397.6,35,230.13,167.47,3,57.88,6.58,4.78,11.36,Wicked Choccy's,32.076176,-81.088371
2295,US-2024-12295-CH,2025-01-25,2025-01-27,Standard Class,CUST-11027,United States,New York,New York,10001,Sugar,Atlantic,PROD-9885,Fun Dip,415.52,49,159.63,255.89,2,38.42,3.26,5.22,8.48,Sugar Shack,48.11914,-96.18115
2296,US-2024-12296-CH,2025-04-14,2025-04-18,Second Class,CUST-15489,United States,Chicago,Illinois,60601,Sugar,Interior,PROD-5646,Nerds,319.7,46,81.32,238.38,4,25.44,1.77,5.18,6.95,Sugar Shack,48.11914,-96.18115
2297,US-2024-12297-CH,2024-01-05,2024-01-09,Standard Class,CUST-19755,United States,Henderson,Kentucky,42420,Other,Gulf,PROD-0345,Lickable Wallpaper,84.59,11,12.01,72.58,4,14.2,1.09,6.6,7.69,Secret Factory,41.446333,-90.565487
2298,US-2024-12298-CH,2026-05-03,2026-05-06,Standard Class,CUST-11017,United States,New York,New York,10001,Sugar,Atlantic,PROD-2120,Everlasting Gobstopper,107.52,28,37.02,70.5,3,34.43,1.32,2.52,3.84,Secret Factory,41.446333,-90.565487
2299,US-2024-12299-CH,2025-10-23,2025-10-26,Standard Class,CUST-16829,United States,Chicago,Illinois,60601,Chocolate,Interior,PROD-7514,Wonka Bar - Triple Dazzle Caramel,45.55,5,20.28,25.27,3,44.52,4.06,5.05,9.11,Wicked Choccy's,32.076176,-81.088371
2300,US-2024-12300-CH,2025-09-11,2025-09-15,Standard Class,CUST-19176,United States,Los Angeles,California,90049,Sugar,Pacific,PROD-9885,Fun Dip,30.33,9,8.82,21.51,4,29.08,0.98,2.39,3.37,Sugar Shack,48.11914,-96.18115
2301,US-2024-12301-CH,2025-01-31,2025-02-07,Standard Class,CUST-19405,United States,New York,New York,10001,Chocolate,Atlantic,PROD-3893,Wonka Bar - Fudge Mallows,319.8,41,130.73,189.07,7,40.88,3.19,4.61,7.8,Lot's O' Nuts,32.881893,-111.768036
2302,US-2024-12302-CH,2024-02-28,2024-03-01,Second Class,CUST-19203,United States,Atlanta,Georgia,30301,Sugar,Gulf,PROD-9885,Fun Dip,346.05,45,152.8,193.25,2,44.16,3.4,4.29,7.69,Sugar Shack,48.11914,-96.18115
2303,US-2024-12303-CH,2024-12-05,2024-12-07,Standard Class,CUST-10988,United States,Philadelphia,Pennsylvania,19143,Other,Atlantic,PROD-0345,Lickable Wallpaper,285.12,36,1.26,283.86,2,0.44,0.04,7.89,7.92,Secret Factory,41.446333,-90.565487
2304,US-2024-12304-CH,2026-03-15,2026-03-22,Second Class,CUST-13005,United States,Athens,Georgia,30605,Chocolate,Gulf,PROD-3776,Wonka Bar -Scrumdiddlyumptious,53.04,17,33.75,19.29,7,63.63,1.99,1.13,3.12,Lot's O' Nuts,32.881893,-111.768036
2305,US-2024-12305-CH,2026-04-15,2026-04-18,Same Day,CUST-15970,United States,Seattle,Washington,98101,Chocolate,Pacific,PROD-0874,Wonka Bar - Milk Chocolate,298.99,29,122.92,176.07,3,41.11,4.24,6.07,10.31,Wicked Choccy's,32.076176,-81.088371
2306,US-2024-12306-CH,2025-04-10,2025-04-15,Standard Class,CUST-13137,United States,Philadelphia,Pennsylvania,19143,Chocolate,Atlantic,PROD-8572,Wonka Bar - Nutty Crunch Surprise,393.6,41,180.2,213.4,5,45.78,4.4,5.2,9.6,Lot's O' Nuts,32.881893,-111.768036
2307,US-2024-12307-CH,2025-09-23,2025-09-25,Second Class,CUST-17906,United States,New York,New York,10001,Sugar,Atlantic,PROD-0725,Hair Toffee,169.65,29,20.22,149.43,2,11.92,0.7,5.15,5.85,The Other Factory,35.1175,-89.971107
2308,US-2024-12308-CH,2025-02-03,2025-02-05,Standard Class,CUST-19898,United States,Athens,Georgia,30605,Chocolate,Gulf,PROD-3776,Wonka Bar -Scrumdiddlyumptious,258.93,27,144.4,114.53,2,55.77,5.35,4.24,9.59,Lot's O' Nuts,32.881893,-111.768036
2309,US-2024-12309-CH,2024-12-05,2024-12-08,Standard Class,CUST-18503,United States,Houston,Texas,77095,Sugar,Gulf,PROD-9885,Fun Dip,163.06,31,58.5,104.56,3,35.88,1.89,3.37,5.26,Sugar Shack,48.11914,-96.18115
2310,US-2024-12310-CH,2024-05-08,2024-05-10,Standard Class,CUST-18995,United States,Naperville,Illinois,60540,Sugar,Interior,PROD-5646,Nerds,310.05,39,86.65,223.4,2,27.95,2.22,5.73,7.95,Sugar Shack,48.11914,-96.18115
2311,US-2024-12311-CH,2024-12-09,2024-12-11,Same Day,CUST-17669,United States,Henderson,Kentucky,42420,Chocolate,Gulf,PROD-0874,Wonka Bar - Milk Chocolate,192.4,40,124.49,67.91,2,64.7,3.11,1.7,4.81,Wicked Choccy's,32.076176,-81.088371
2312,US-2024-12312-CH,2025-12-01,2025-12-03,Standard Class,CUST-16107,United States,Seattle,Washington,98101,Sugar,Pacific,PROD-2533,Laffy Taffy,311.08,28,84.76,226.32,2,27.25,3.03,8.08,11.11,Sugar Shack,48.11914,-96.18115
2313,US-2024-12313-CH,2025-01-21,2025-01-24,Standard Class,CUST-10275,United States,Henderson,Kentucky,42420,Sugar,Gulf,PROD-2120,Everlasting Gobstopper,110.76,39,37.46,73.3,3,33.82,0.96,1.88,2.84,Secret Factory,41.446333,-90.565487
2314,US-2024-12314-CH,2026-06-16,2026-06-20,Second Class,CUST-15870,United States,Houston,Texas,77095,Other,Gulf,PROD-2646,Kazookles,158.76,28,48.88,109.88,4,30.79,1.75,3.92,5.67,The Other Factory,35.1175,-89.971107
2315,US-2024-12315-CH,2024-01-17,2024-01-20,Second Class,CUST-19047,United States,Chicago,Illinois,60601,Other,Interior,PROD-9415,Wonka Gum,60.48,21,20.64,39.84,3,34.13,0.98,1.9,2.88,Secret Factory,41.446333,-90.565487
2316,US-2024-12316-CH,2026-05-19,2026-05-26,Standard Class,CUST-14278,United States,Philadelphia,Pennsylvania,19143,Other,Atlantic,PROD-9359,Fizzy Lifting Drinks,192.66,38,9.31,183.35,7,4.83,0.25,4.82,5.07,Sugar Shack,48.11914,-96.18115
2317,US-2024-12317-CH,2024-01-06,2024-01-08,Second Class,CUST-16783,United States,Naperville,Illinois,60540,Sugar,Interior,PROD-6629,SweeTARTS,142.66,14,53.53,89.13,2,37.52,3.82,6.37,10.19,Sugar Shack,48.11914,-96.18115
2318,US-2024-12318-CH,2024-02-20,2024-02-24,First Class,CUST-10970,United States,Philadelphia,Pennsylvania,19143,Sugar,Atlantic,PROD-2533,Laffy Taffy,96.6,21,24.17,72.43,4,25.02,1.15,3.45,4.6,Sugar Shack,48.11914,-96.18115
2319,US-2024-12319-CH,2025-05-16,2025-05-19,Standard Class,CUST-15188,United States,Seattle,Washington,98101,Sugar,Pacific,PROD-5646,Nerds,79.0,25,20.58,58.42,3,26.05,0.82,2.34,3.16,Sugar Shack,48.11914,-96.18115
2320,US-2024-12320-CH,2025-08-12,2025-08-15,Standard Class,CUST-19168,United States,Naperville,Illinois,60540,Other,Interior,PROD-9359,Fizzy Lifting Drinks,32.73,3,5.03,27.7,3,15.37,1.68,9.23,10.91,Sugar Shack,48.11914,-96.18115
2321,US-2024-12321-CH,2025-08-20,2025-08-23,First Class,CUST-10140,United States,Houston,Texas,77095,Other,Gulf,PROD-0345,Lickable Wallpaper,264.1,38,31.78,232.32,3,12.03,0.84,6.11,6.95,Secret Factory,41.446333,-90.565487
2322,US-2024-12322-CH,2025-12-16,2025-12-18,Standard Class,CUST-10363,United States,New York,New York,10001,Other,Atlantic,PROD-9415,Wonka Gum,10.08,4,3.21,6.87,2,31.85,0.8,1.72,2.52,Secret Factory,41.446333,-90.565487
2323,US-2024-12323-CH,2025-11-08,2025-11-15,Standard Class,CUST-15437,United States,New York,New York,10001,Sugar,Atlantic,PROD-6629,SweeTARTS,12.36,3,4.48,7.88,7,36.25,1.49,2.63,4.12,Sugar Shack,48.11914,-96.18115
2324,US-2024-12324-CH,2024-12-28,2024-12-31,Second Class,CUST-19974,United States,Philadelphia,Pennsylvania,19143,Sugar,Atlantic,PROD-2120,Everlasting Gobstopper,131.88,14,38.29,93.59,3,29.03,2.74,6.68,9.42,Secret Factory,41.446333,-90.565487
2325,US-2024-12325-CH,2026-03-14,2026-03-18,Standard Class,CUST-13526,United States,Chicago,Illinois,60601,Sugar,Interior,PROD-2533,Laffy Taffy,35.75,11,12.77,22.98,4,35.72,1.16,2.09,3.25,Sugar Shack,48.11914,-96.18115
2326,US-2024-12326-CH,2024-04-03,2024-04-05,Standard Class,CUST-16137,United States,Houston,Texas,77095,Other,Gulf,PROD-9359,Fizzy Lifting Drinks,272.46,38,41.86,230.6,2,15.36,1.1,6.07,7.17,Sugar Shack,48.11914,-96.18115
2327,US-2024-12327-CH,2025-06-09,2025-06-12,Standard Class,CUST-15593,United States,Naperville,Illinois,60540,Sugar,Interior,PROD-2533,Laffy Taffy,28.38,3,8.22,20.16,3,28.96,2.74,6.72,9.46,Sugar Shack,48.11914,-96.18115
2328,US-2024-12328-CH,2025-03-22,2025-03-26,Second Class,CUST-10828,United States,Philadelphia,Pennsylvania,19143,Sugar,Atlantic,PROD-2120,Everlasting Gobstopper,36.2,5,9.53,26.67,4,26.33,1.91,5.33,7.24,Secret Factory,41.446333,-90.565487
2329,US-2024-12329-CH,2024-04-12,2024-04-15,First Class,CUST-16785,United States,Houston,Texas,77095,Other,Gulf,PROD-2646,Kazookles,182.84,28,40.79,142.05,3,22.31,1.46,5.07,6.53,The Other Factory,35.1175,-89.971107
2330,US-2024-12330-CH,2024-12-30,2025-01-03,Standard Class,CUST-12173,United States,Chicago,Illinois,60601,Sugar,Interior,PROD-6629,SweeTARTS,61.1,10,19.68,41.42,4,32.21,1.97,4.14,6.11,Sugar Shack,48.11914,-96.18115
2331,US-2024-12331-CH,2024-12-31,2025-01-04,Standard Class,CUST-10393,United States,Naperville,Illinois,60540,Chocolate,Interior,PROD-0874,Wonka Bar - Milk Chocolate,74.64,8,40.07,34.57,4,53.68,5.01,4.32,9.33,Wicked Choccy's,32.076176,-81.088371
2332,US-2024-12332-CH,2025-06-13,2025-06-18,Standard Class,CUST-16953,United States,Philadelphia,Pennsylvania,19143,Chocolate,Atlantic,PROD-3893,Wonka Bar - Fudge Mallows,46.8,6,21.82,24.98,5,46.62,3.64,4.16,7.8,Lot's O' Nuts,32.881893,-111.768036
2333,US-2024-12333-CH,2025-11-20,2025-11-23,Standard Class,CUST-17445,United States,New York,New York,10001,Chocolate,Atlantic,PROD-8572,Wonka Bar - Nutty Crunch Surprise,150.24,16,82.51,67.73,3,54.92,5.16,4.23,9.39,Lot's O' Nuts,32.881893,-111.768036
2334,US-2024-12334-CH,2025-08-31,2025-09-03,Standard Class,CUST-15120,United States,Naperville,Illinois,60540,Other,Interior,PROD-9359,Fizzy Lifting Drinks,310.08,38,39.92,270.16,3,12.87,1.05,7.11,8.16,Sugar Shack,48.11914,-96.18115
2335,US-2024-12335-CH,2025-08-23,2025-08-26,Standard Class,CUST-15690,United States,Chicago,Illinois,60601,Other,Interior,PROD-9415,Wonka Gum,88.24,8,17.68,70.56,3,20.04,2.21,8.82,11.03,Secret Factory,41.446333,-90.565487
2336,US-2024-12336-CH,2025-03-22,2025-03-26,Standard Class,CUST-15479,United States,Henderson,Kentucky,42420,Sugar,Gulf,PROD-2120,Everlasting Gobstopper,152.1,15,36.12,115.98,4,23.75,2.41,7.73,10.14,Secret Factory,41.446333,-90.565487
2337,US-2024-12337-CH,2024-03-28,2024-04-01,Standard Class,CUST-15125,United States,Philadelphia,Pennsylvania,19143,Sugar,Atlantic,PROD-2120,Everlasting Gobstopper,98.64,24,32.18,66.46,4,32.62,1.34,2.77,4.11,Secret Factory,41.446333,-90.565487
2338,US-2024-12338-CH,2025-01-19,2025-01-22,Second Class,CUST-10836,United States,Henderson,Kentucky,42420,Other,Gulf,PROD-9415,Wonka Gum,68.38,26,19.36,49.02,3,28.31,0.74,1.89,2.63,Secret Factory,41.446333,-90.565487
2339,US-2024-12339-CH,2025-07-15,2025-07-18,Second Class,CUST-13822,United States,New York,New York,10001,Other,Atlantic,PROD-2646,Kazookles,66.8,10,18.33,48.47,3,27.44,1.83,4.85,6.68,The Other Factory,35.1175,-89.971107
2340,US-2024-12340-CH,2026-01-09,2026-01-12,First Class,CUST-14452,United States,Chicago,Illinois,60601,Other,Interior,PROD-9359,Fizzy Lifting Drinks,337.12,49,19.54,317.58,3,5.8,0.4,6.48,6.88,Sugar Shack,48.11914,-96.18115
2341,US-2024-12341-CH,2024-09-17,2024-09-20,Second Class,CUST-17227,United States,New York,New York,10001,Sugar,Atlantic,PROD-2120,Everlasting Gobstopper,381.48,34,56.38,325.1,3,14.78,1.66,9.56,11.22,Secret Factory,41.446333,-90.565487
2342,US-2024-12342-CH,2024-12-14,2024-12-21,Standard Class,CUST-11978,United States,Philadelphia,Pennsylvania,19143,Other,Atlantic,PROD-0345,Lickable Wallpaper,331.1,35,2.38,328.72,7,0.72,0.07,9.39,9.46,Secret Factory,41.446333,-90.565487
2343,US-2024-12343-CH,2025-09-06,2025-09-11,Standard Class,CUST-19109,United States,Athens,Georgia,30605,Other,Gulf,PROD-9359,Fizzy Lifting Drinks,194.56,19,6.34,188.22,5,3.26,0.33,9.91,10.24,Sugar Shack,48.11914,-96.18115
2344,US-2024-12344-CH,2025-08-20,2025-08-22,Second Class,CUST-14371,United States,Chicago,Illinois,60601,Chocolate,Interior,PROD-3893,Wonka Bar - Fudge Mallows,188.76,26,92.03,96.73,2,48.76,3.54,3.72,7.26,Lot's O' Nuts,32.881893,-111.768036
2345,US-2024-12345-CH,2026-02-13,2026-02-17,Standard Class,CUST-15827,United States,Philadelphia,Pennsylvania,19143,Sugar,Atlantic,PROD-0725,Hair Toffee,113.2,20,27.82,85.38,4,24.58,1.39,4.27,5.66,The Other Factory,35.1175,-89.971107
2346,US-2024-12346-CH,2025-04-13,2025-04-16,Standard Class,CUST-16091,United States,Houston,Texas,77095,Sugar,Gulf,PROD-0725,Hair Toffee,19.95,3,2.55,17.4,3,12.78,0.85,5.8,6.65,The Other Factory,35.1175,-89.971107
2347,US-2024-12347-CH,2025-05-12,2025-05-14,Standard Class,CUST-14994,United States,Chicago,Illinois,60601,Sugar,Interior,PROD-9885,Fun Dip,251.46,33,87.93,163.53,2,34.97,2.66,4.96,7.62,Sugar Shack,48.11914,-96.18115
2348,US-2024-12348-CH,2024-06-24,2024-06-27,Standard Class,CUST-17787,United States,Atlanta,Georgia,30301,Sugar,Gulf,PROD-9885,Fun Dip,36.6,6,11.99,24.61,3,32.76,2.0,4.1,6.1,Sugar Shack,48.11914,-96.18115
2349,US-2024-12349-CH,2025-11-18,2025-11-21,Standard Class,CUST-15137,United States,Houston,Texas,77095,Sugar,Gulf,PROD-2533,Laffy Taffy,279.51,33,121.41,158.1,3,43.44,3.68,4.79,8.47,Sugar Shack,48.11914,-96.18115
2350,US-2024-12350-CH,2024-11-23,2024-11-26,Same Day,CUST-15217,United States,Houston,Texas,77095,Sugar,Gulf,PROD-0725,Hair Toffee,152.1,39,16.21,135.89,3,10.66,0.42,3.48,3.9,The Other Factory,35.1175,-89.971107
2351,US-2024-12351-CH,2025-07-04,2025-07-11,Standard Class,CUST-19095,United States,Chicago,Illinois,60601,Chocolate,Interior,PROD-3776,Wonka Bar -Scrumdiddlyumptious,76.14,27,32.01,44.13,7,42.04,1.19,1.63,2.82,Lot's O' Nuts,32.881893,-111.768036
2352,US-2024-12352-CH,2024-10-06,2024-10-09,Standard Class,CUST-19207,United States,Houston,Texas,77095,Chocolate,Gulf,PROD-3776,Wonka Bar -Scrumdiddlyumptious,163.62,18,102.12,61.5,3,62.41,5.67,3.42,9.09,Lot's O' Nuts,32.881893,-111.768036
2353,US-2024-12353-CH,2025-04-14,2025-04-17,Standard Class,CUST-17847,United States,Athens,Georgia,30605,Chocolate,Gulf,PROD-3893,Wonka Bar - Fudge Mallows,295.75,25,129.89,165.86,3,43.92,5.2,6.63,11.83,Lot's O' Nuts,32.881893,-111.768036
2354,US-2024-12354-CH,2024-03-12,2024-03-15,Standard Class,CUST-19673,United States,Chicago,Illinois,60601,Other,Interior,PROD-9359,Fizzy Lifting Drinks,95.92,22,17.05,78.87,3,17.78,0.78,3.59,4.36,Sugar Shack,48.11914,-96.18115
2355,US-2024-12355-CH,2025-01-11,2025-01-14,Second Class,CUST-18148,United States,Houston,Texas,77095,Sugar,Gulf,PROD-0725,Hair Toffee,31.4,10,6.79,24.61,3,21.62,0.68,2.46,3.14,The Other Factory,35.1175,-89.971107
2356,US-2024-12356-CH,2025-05-08,2025-05-11,Standard Class,CUST-13399,United States,Houston,Texas,77095,Sugar,Gulf,PROD-2533,Laffy Taffy,60.17,11,25.7,34.47,3,42.71,2.34,3.13,5.47,Sugar Shack,48.11914,-96.18115
2357,US-2024-12357-CH,2026-04-13,2026-04-18,First Class,CUST-12261,United States,Houston,Texas,77095,Sugar,Gulf,PROD-0725,Hair Toffee,116.4,30,28.84,87.56,5,24.78,0.96,2.92,3.88,The Other Factory,35.1175,-89.971107
2358,US-2024-12358-CH,2024-10-15,2024-10-22,First Class,CUST-15159,United States,Philadelphia,Pennsylvania,19143,Chocolate,Atlantic,PROD-3893,Wonka Bar - Fudge Mallows,20.43,3,10.86,9.57,7,53.16,3.62,3.19,6.81,Lot's O' Nuts,32.881893,-111.768036
2359,US-2024-12359-CH,2024-07-28,2024-07-30,Standard Class,CUST-17166,United States,Athens,Georgia,30605,Sugar,Gulf,PROD-2533,Laffy Taffy,60.96,24,15.36,45.6,2,25.2,0.64,1.9,2.54,Sugar Shack,48.11914,-96.18115
2360,US-2024-12360-CH,2025-12-22,2025-12-26,Standard Class,CUST-19183,United States,New York,New York,10001,Other,Atlantic,PROD-2646,Kazookles,45.52,4,7.29,38.23,4,16.01,1.82,9.56,11.38,The Other Factory,35.1175,-89.971107
2361,US-2024-12361-CH,2025-01-25,2025-01-28,First Class,CUST-19463,United States,Seattle,Washington,98101,Other,Pacific,PROD-9415,Wonka Gum,145.6,16,20.85,124.75,3,14.32,1.3,7.8,9.1,Secret Factory,41.446333,-90.565487
2362,US-2024-12362-CH,2024-01-05,2024-01-08,Standard Class,CUST-17437,United States,Henderson,Kentucky,42420,Other,Gulf,PROD-0345,Lickable Wallpaper,40.14,6,-1.45,41.59,3,-3.61,-0.24,6.93,6.69,Secret Factory,41.446333,-90.565487
2363,US-2024-12363-CH,2024-03-22,2024-03-25,Standard Class,CUST-17258,United States,Atlanta,Georgia,30301,Sugar,Gulf,PROD-0725,Hair Toffee,318.5,35,94.92,223.58,3,29.8,2.71,6.39,9.1,The Other Factory,35.1175,-89.971107
2364,US-2024-12364-CH,2024-09-05,2024-09-09,First Class,CUST-11494,United States,Philadelphia,Pennsylvania,19143,Chocolate,Atlantic,PROD-7514,Wonka Bar - Triple Dazzle Caramel,199.98,18,126.52,73.46,4,63.27,7.03,4.08,11.11,Wicked Choccy's,32.076176,-81.088371
2365,US-2024-12365-CH,2024-10-01,2024-10-08,Standard Class,CUST-17957,United States,New York,New York,10001,Other,Atlantic,PROD-2646,Kazookles,203.28,42,50.91,152.37,7,25.04,1.21,3.63,4.84,The Other Factory,35.1175,-89.971107
2366,US-2024-12366-CH,2026-03-04,2026-03-08,Standard Class,CUST-15393,United States,Naperville,Illinois,60540,Sugar,Interior,PROD-2120,Everlasting Gobstopper,43.14,6,13.56,29.58,4,31.43,2.26,4.93,7.19,Secret Factory,41.446333,-90.565487
2367,US-2024-12367-CH,2024-03-06,2024-03-10,Standard Class,CUST-19895,United States,Naperville,Illinois,60540,Other,Interior,PROD-2646,Kazookles,112.66,43,32.97,79.69,4,29.27,0.77,1.85,2.62,The Other Factory,35.1175,-89.971107
2368,US-2024-12368-CH,2024-06-27,2024-06-30,Standard Class,CUST-10835,United States,Naperville,Illinois,60540,Sugar,Interior,PROD-5646,Nerds,142.12,17,51.26,90.86,3,36.07,3.02,5.34,8.36,Sugar Shack,48.11914,-96.18115
2369,US-2024-12369-CH,2025-11-17,2025-11-19,First Class,CUST-18323,United States,Los Angeles,California,90049,Chocolate,Pacific,PROD-0874,Wonka Bar - Milk Chocolate,39.8,4,23.69,16.11,2,59.52,5.92,4.03,9.95,Wicked Choccy's,32.076176,-81.088371
2370,US-2024-12370-CH,2025-05-27,2025-05-29,Standard Class,CUST-13985,United States,New York,New York,10001,Sugar,Atlantic,PROD-9885,Fun Dip,117.0,36,39.74,77.26,2,33.97,1.1,2.15,3.25,Sugar Shack,48.11914,-96.18115
2371,US-2024-12371-CH,2024-08-09,2024-08-12,Second Class,CUST-13460,United States,New York,New York,10001,Sugar,Atlantic,PROD-5646,Nerds,378.36,36,159.15,219.21,3,42.06,4.42,6.09,10.51,Sugar Shack,48.11914,-96.18115
2372,US-2024-12372-CH,2024-02-21,2024-02-23,Standard Class,CUST-15163,United States,Naperville,Illinois,60540,Other,Interior,PROD-0345,Lickable Wallpaper,47.52,8,4.64,42.88,2,9.76,0.58,5.36,5.94,Secret Factory,41.446333,-90.565487
2373,US-2024-12373-CH,2025-08-07,2025-08-10,Standard Class,CUST-14757,United States,Atlanta,Georgia,30301,Other,Gulf,PROD-0345,Lickable Wallpaper,313.48,34,-2.51,315.99,3,-0.8,-0.07,9.29,9.22,Secret Factory,41.446333,-90.565487
2374,US-2024-12374-CH,2024-07-04,2024-07-07,Second Class,CUST-15112,United States,Naperville,Illinois,60540,Chocolate,Interior,PROD-0874,Wonka Bar - Milk Chocolate,239.46,26,104.55,134.91,3,43.66,4.02,5.19,9.21,Wicked Choccy's,32.076176,-81.088371
2375,US-2024-12375-CH,2025-07-22,2025-07-25,Standard Class,CUST-10834,United States,Seattle,Washington,98101,Sugar,Pacific,PROD-0725,Hair Toffee,104.13,13,26.88,77.25,3,25.81,2.07,5.94,8.01,The Other Factory,35.1175,-89.971107
2376,US-2024-12376-CH,2024-02-14,2024-02-16,Standard Class,CUST-11839,United States,Seattle,Washington,98101,Chocolate,Pacific,PROD-8572,Wonka Bar - Nutty Crunch Surprise,41.56,4,19.08,22.48,2,45.91,4.77,5.62,10.39,Lot's O' Nuts,32.881893,-111.768036
2377,US-2024-12377-CH,2025-12-14,2025-12-21,Second Class,CUST-15213,United States,Atlanta,Georgia,30301,Chocolate,Gulf,PROD-3893,Wonka Bar - Fudge Mallows,49.7,7,25.7,24.0,7,51.71,3.67,3.43,7.1,Lot's O' Nuts,32.881893,-111.768036
2378,US-2024-12378-CH,2024-02-27,2024-03-03,Standard Class,CUST-10436,United States,Athens,Georgia,30605,Sugar,Gulf,PROD-6629,SweeTARTS,220.16,32,81.76,138.4,5,37.14,2.56,4.32,6.88,Sugar Shack,48.11914,-96.18115
2379,US-2024-12379-CH,2025-02-06,2025-02-08,Standard Class,CUST-10461,United States,Philadelphia,Pennsylvania,19143,Sugar,Atlantic,PROD-6629,SweeTARTS,78.54,11,32.56,45.98,2,41.46,2.96,4.18,7.14,Sugar Shack,48.11914,-96.18115
2380,US-2024-12380-CH,2024-06-10,2024-06-12,Standard Class,CUST-10088,United States,Henderson,Kentucky,42420,Other,Gulf,PROD-0345,Lickable Wallpaper,110.5,34,12.77,97.73,2,11.56,0.38,2.87,3.25,Secret Factory,41.446333,-90.565487
2381,US-2024-12381-CH,2026-03-11,2026-03-13,Standard Class,CUST-14433,United States,Philadelphia,Pennsylvania,19143,Sugar,Atlantic,PROD-2533,Laffy Taffy,80.08,26,34.74,45.34,2,43.38,1.34,1.74,3.08,Sugar Shack,48.11914,-96.18115
2382,US-2024-12382-CH,2024-12-20,2024-12-23,First Class,CUST-13764,United States,Houston,Texas,77095,Other,Gulf,PROD-9359,Fizzy Lifting Drinks,255.36,24,-2.33,257.69,3,-0.91,-0.1,10.74,10.64,Sugar Shack,48.11914,-96.18115
2383,US-2024-12383-CH,2024-07-21,2024-07-24,First Class,CUST-19651,United States,New York,New York,10001,Chocolate,Atlantic,PROD-0874,Wonka Bar - Milk Chocolate,188.37,21,100.92,87.45,3,53.58,4.81,4.16,8.97,Wicked Choccy's,32.076176,-81.088371
2384,US-2024-12384-CH,2025-06-25,2025-06-30,Standard Class,CUST-12122,United States,Henderson,Kentucky,42420,Sugar,Gulf,PROD-0725,Hair Toffee,295.75,35,50.33,245.42,5,17.02,1.44,7.01,8.45,The Other Factory,35.1175,-89.971107
2385,US-2024-12385-CH,2025-05-12,2025-05-14,Second Class,CUST-11264,United States,Henderson,Kentucky,42420,Other,Gulf,PROD-0345,Lickable Wallpaper,219.83,19,37.05,182.78,2,16.85,1.95,9.62,11.57,Secret Factory,41.446333,-90.565487
2386,US-2024-12386-CH,2024-08-07,2024-08-09,Standard Class,CUST-11747,United States,Los Angeles,California,90049,Other,Pacific,PROD-0345,Lickable Wallpaper,88.91,17,14.08,74.83,2,15.84,0.83,4.4,5.23,Secret Factory,41.446333,-90.565487
2387,US-2024-12387-CH,2024-08-18,2024-08-25,Standard Class,CUST-16409,United States,Atlanta,Georgia,30301,Sugar,Gulf,PROD-2533,Laffy Taffy,270.25,25,109.98,160.27,7,40.7,4.4,6.41,10.81,Sugar Shack,48.11914,-96.18115
2388,US-2024-12388-CH,2026-01-26,2026-01-29,Second Class,CUST-16069,United States,Chicago,Illinois,60601,Sugar,Interior,PROD-2533,Laffy Taffy,35.55,9,13.03,22.52,3,36.65,1.45,2.5,3.95,Sugar Shack,48.11914,-96.18115
2389,US-2024-12389-CH,2025-03-22,2025-03-25,Standard Class,CUST-16210,United States,Chicago,Illinois,60601,Chocolate,Interior,PROD-3893,Wonka Bar - Fudge Mallows,30.4,4,14.36,16.04,3,47.24,3.59,4.01,7.6,Lot's O' Nuts,32.881893,-111.768036
2390,US-2024-12390-CH,2025-04-23,2025-04-26,Second Class,CUST-16705,United States,Seattle,Washington,98101,Chocolate,Pacific,PROD-7514,Wonka Bar - Triple Dazzle Caramel,91.8,27,39.86,51.94,3,43.42,1.48,1.92,3.4,Wicked Choccy's,32.076176,-81.088371
2391,US-2024-12391-CH,2026-04-10,2026-04-13,Standard Class,CUST-11580,United States,Henderson,Kentucky,42420,Sugar,Gulf,PROD-6629,SweeTARTS,89.54,22,24.97,64.57,3,27.89,1.14,2.93,4.07,Sugar Shack,48.11914,-96.18115
2392,US-2024-12392-CH,2024-02-22,2024-02-25,Standard Class,CUST-10693,United States,New York,New York,10001,Sugar,Atlantic,PROD-0725,Hair Toffee,38.72,4,7.76,30.96,3,20.04,1.94,7.74,9.68,The Other Factory,35.1175,-89.971107
2393,US-2024-12393-CH,2024-06-30,2024-07-03,Standard Class,CUST-16634,United States,Los Angeles,California,90049,Sugar,Pacific,PROD-5646,Nerds,69.93,7,27.23,42.7,3,38.94,3.89,6.1,9.99,Sugar Shack,48.11914,-96.18115
2394,US-2024-12394-CH,2025-03-13,2025-03-20,Standard Class,CUST-17739,United States,Seattle,Washington,98101,Chocolate,Pacific,PROD-8572,Wonka Bar - Nutty Crunch Surprise,272.02,29,127.18,144.84,7,46.75,4.39,4.99,9.38,Lot's O' Nuts,32.881893,-111.768036
2395,US-2024-12395-CH,2025-04-06,2025-04-09,Second Class,CUST-16625,United States,Henderson,Kentucky,42420,Chocolate,Gulf,PROD-7514,Wonka Bar - Triple Dazzle Caramel,114.12,18,56.24,57.88,3,49.28,3.12,3.22,6.34,Wicked Choccy's,32.076176,-81.088371
2396,US-2024-12396-CH,2024-09-24,2024-09-29,Standard Class,CUST-17782,United States,Houston,Texas,77095,Other,Gulf,PROD-0345,Lickable Wallpaper,70.04,17,1.51,68.53,5,2.16,0.09,4.03,4.12,Secret Factory,41.446333,-90.565487
2397,US-2024-12397-CH,2024-02-06,2024-02-11,Standard Class,CUST-16487,United States,Henderson,Kentucky,42420,Other,Gulf,PROD-2646,Kazookles,300.24,36,47.36,252.88,5,15.77,1.32,7.02,8.34,The Other Factory,35.1175,-89.971107
2398,US-2024-12398-CH,2025-01-11,2025-01-14,Standard Class,CUST-11017,United States,Naperville,Illinois,60540,Other,Interior,PROD-2646,Kazookles,363.28,38,43.41,319.87,3,11.95,1.14,8.42,9.56,The Other Factory,35.1175,-89.971107
2399,US-2024-12399-CH,2025-03-11,2025-03-14,Standard Class,CUST-18454,United States,Henderson,Kentucky,42420,Chocolate,Gulf,PROD-3776,Wonka Bar -Scrumdiddlyumptious,434.6,41,192.72,241.88,3,44.34,4.7,5.9,10.6,Lot's O' Nuts,32.881893,-111.768036
2400,US-2024-12400-CH,2024-10-18,2024-10-22,Second Class,CUST-16625,United States,Henderson,Kentucky,42420,Sugar,Gulf,PROD-2533,Laffy Taffy,54.8,20,18.61,36.19,4,33.96,0.93,1.81,2.74,Sugar Shack,48.11914,-96.18115
2401,US-2024-12401-CH,2024-06-23,2024-06-25,Same Day,CUST-14685,United States,Atlanta,Georgia,30301,Sugar,Gulf,PROD-2120,Everlasting Gobstopper,15.09,3,2.36,12.73,2,15.64,0.79,4.24,5.03,Secret Factory,41.446333,-90.565487
2402,US-2024-12402-CH,2024-03-02,2024-03-07,Standard Class,CUST-11902,United States,New York,New York,10001,Other,Atlantic,PROD-9359,Fizzy Lifting Drinks,337.59,33,58.74,278.85,5,17.4,1.78,8.45,10.23,Sugar Shack,48.11914,-96.18115
2403,US-2024-12403-CH,2025-07-25,2025-07-29,Second Class,CUST-16243,United States,New York,New York,10001,Other,Atlantic,PROD-0345,Lickable Wallpaper,156.24,31,10.64,145.6,4,6.81,0.34,4.7,5.04,Secret Factory,41.446333,-90.565487
2404,US-2024-12404-CH,2025-09-16,2025-09-20,Second Class,CUST-15243,United States,Chicago,Illinois,60601,Chocolate,Interior,PROD-3893,Wonka Bar - Fudge Mallows,154.66,37,75.72,78.94,4,48.96,2.05,2.13,4.18,Lot's O' Nuts,32.881893,-111.768036
2405,US-2024-12405-CH,2025-10-15,2025-10-18,Standard Class,CUST-17055,United States,Atlanta,Georgia,30301,Sugar,Gulf,PROD-5646,Nerds,172.77,39,62.39,110.38,3,36.11,1.6,2.83,4.43,Sugar Shack,48.11914,-96.18115
2406,US-2024-12406-CH,2024-10-11,2024-10-13,Standard Class,CUST-17115,United States,Philadelphia,Pennsylvania,19143,Other,Atlantic,PROD-0345,Lickable Wallpaper,35.91,3,5.3,30.61,2,14.76,1.77,10.2,11.97,Secret Factory,41.446333,-90.565487
2407,US-2024-12407-CH,2025-08-22,2025-08-27,Second Class,CUST-10476,United States,Seattle,Washington,98101,Chocolate,Pacific,PROD-0874,Wonka Bar - Milk Chocolate,163.03,17,105.65,57.38,5,64.8,6.21,3.38,9.59,Wicked Choccy's,32.076176,-81.088371
2408,US-2024-12408-CH,2025-07-29,2025-08-01,Standard Class,CUST-11582,United States,Los Angeles,California,90049,Chocolate,Pacific,PROD-0874,Wonka Bar - Milk Chocolate,137.25,15,68.86,68.39,3,50.17,4.59,4.56,9.15,Wicked Choccy's,32.076176,-81.088371
2409,US-2024-12409-CH,2025-05-13,2025-05-20,Standard Class,CUST-17228,United States,Atlanta,Georgia,30301,Sugar,Gulf,PROD-6629,SweeTARTS,130.39,13,34.22,96.17,7,26.24,2.63,7.4,10.03,Sugar Shack,48.11914,-96.18115
2410,US-2024-12410-CH,2025-05-04,2025-05-07,Standard Class,CUST-10837,United States,Houston,Texas,77095,Chocolate,Gulf,PROD-7514,Wonka Bar - Triple Dazzle Caramel,92.8,8,59.23,33.57,3,63.83,7.4,4.2,11.6,Wicked Choccy's,32.076176,-81.088371
2411,US-2024-12411-CH,2024-11-13,2024-11-16,Second Class,CUST-16381,United States,Houston,Texas,77095,Sugar,Gulf,PROD-2120,Everlasting Gobstopper,27.0,10,3.75,23.25,3,13.89,0.38,2.33,2.7,Secret Factory,41.446333,-90.565487
2412,US-2024-12412-CH,2026-05-12,2026-05-19,First Class,CUST-17318,United States,Naperville,Illinois,60540,Sugar,Interior,PROD-5646,Nerds,178.2,44,56.44,121.76,7,31.67,1.28,2.77,4.05,Sugar Shack,48.11914,-96.18115
2413,US-2024-12413-CH,2024-08-07,2024-08-11,Standard Class,CUST-18801,United States,Seattle,Washington,98101,Other,Pacific,PROD-9415,Wonka Gum,331.76,29,85.07,246.69,4,25.64,2.93,8.51,11.44,Secret Factory,41.446333,-90.565487
2414,US-2024-12414-CH,2024-06-05,2024-06-10,Standard Class,CUST-13421,United States,Naperville,Illinois,60540,Other,Interior,PROD-2646,Kazookles,295.68,48,33.78,261.9,5,11.42,0.7,5.46,6.16,The Other Factory,35.1175,-89.971107
2415,US-2024-12415-CH,2025-11-04,2025-11-07,Standard Class,CUST-14025,United States,Naperville,Illinois,60540,Sugar,Interior,PROD-5646,Nerds,87.5,14,29.37,58.13,3,33.57,2.1,4.15,6.25,Sugar Shack,48.11914,-96.18115
2416,US-2024-12416-CH,2025-08-20,2025-08-22,Standard Class,CUST-17176,United States,Henderson,Kentucky,42420,Chocolate,Gulf,PROD-7514,Wonka Bar - Triple Dazzle Caramel,220.8,46,90.29,130.51,2,40.89,1.96,2.84,4.8,Wicked Choccy's,32.076176,-81.088371
2417,US-2024-12417-CH,2025-08-30,2025-09-04,Second Class,CUST-19874,United States,Athens,Georgia,30605,Chocolate,Gulf,PROD-3893,Wonka Bar - Fudge Mallows,183.04,16,98.88,84.16,5,54.02,6.18,5.26,11.44,Lot's O' Nuts,32.881893,-111.768036
2418,US-2024-12418-CH,2025-05-17,2025-05-21,First Class,CUST-18572,United States,New York,New York,10001,Sugar,Atlantic,PROD-9885,Fun Dip,343.2,48,94.99,248.21,4,27.68,1.98,5.17,7.15,Sugar Shack,48.11914,-96.18115
2419,US-2024-12419-CH,2024-01-19,2024-01-21,Second Class,CUST-10221,United States,Philadelphia,Pennsylvania,19143,Other,Atlantic,PROD-9359,Fizzy Lifting Drinks,17.82,2,2.25,15.57,2,12.63,1.12,7.78,8.91,Sugar Shack,48.11914,-96.18115
2420,US-2024-12420-CH,2025-02-19,2025-02-23,Standard Class,CUST-13309,United States,Houston,Texas,77095,Chocolate,Gulf,PROD-7514,Wonka Bar - Triple Dazzle Caramel,359.91,43,195.74,164.17,4,54.39,4.55,3.82,8.37,Wicked Choccy's,32.076176,-81.088371
2421,US-2024-12421-CH,2024-01-13,2024-01-16,First Class,CUST-18136,United States,Chicago,Illinois,60601,Chocolate,Interior,PROD-8572,Wonka Bar - Nutty Crunch Surprise,35.01,3,19.27,15.74,3,55.04,6.42,5.25,11.67,Lot's O' Nuts,32.881893,-111.768036
2422,US-2024-12422-CH,2024-10-05,2024-10-12,Standard Class,CUST-14067,United States,Henderson,Kentucky,42420,Chocolate,Gulf,PROD-8572,Wonka Bar - Nutty Crunch Surprise,16.56,3,6.75,9.81,7,40.76,2.25,3.27,5.52,Lot's O' Nuts,32.881893,-111.768036
2423,US-2024-12423-CH,2024-04-22,2024-04-25,Standard Class,CUST-17934,United States,New York,New York,10001,Sugar,Atlantic,PROD-0725,Hair Toffee,50.35,5,15.64,34.71,3,31.06,3.13,6.94,10.07,The Other Factory,35.1175,-89.971107
2424,US-2024-12424-CH,2024-06-03,2024-06-05,Standard Class,CUST-15526,United States,Henderson,Kentucky,42420,Sugar,Gulf,PROD-0725,Hair Toffee,49.76,16,14.1,35.66,2,28.34,0.88,2.23,3.11,The Other Factory,35.1175,-89.971107
2425,US-2024-12425-CH,2024-02-02,2024-02-06,Standard Class,CUST-15670,United States,Seattle,Washington,98101,Sugar,Pacific,PROD-6629,SweeTARTS,414.1,41,141.78,272.32,4,34.24,3.46,6.64,10.1,Sugar Shack,48.11914,-96.18115
2426,US-2024-12426-CH,2026-01-25,2026-01-29,Standard Class,CUST-16034,United States,Seattle,Washington,98101,Other,Pacific,PROD-0345,Lickable Wallpaper,160.68,39,-7.87,168.55,4,-4.9,-0.2,4.32,4.12,Secret Factory,41.446333,-90.565487
2427,US-2024-12427-CH,2024-01-16,2024-01-19,Second Class,CUST-14444,United States,Seattle,Washington,98101,Sugar,Pacific,PROD-2120,Everlasting Gobstopper,92.16,12,25.99,66.17,3,28.2,2.17,5.51,7.68,Secret Factory,41.446333,-90.565487
2428,US-2024-12428-CH,2024-01-12,2024-01-16,First Class,CUST-18736,United States,Philadelphia,Pennsylvania,19143,Sugar,Atlantic,PROD-5646,Nerds,55.88,22,20.18,35.7,4,36.11,0.92,1.62,2.54,Sugar Shack,48.11914,-96.18115
2429,US-2024-12429-CH,2024-03-17,2024-03-20,Second Class,CUST-15805,United States,Atlanta,Georgia,30301,Sugar,Gulf,PROD-5646,Nerds,336.0,42,96.03,239.97,3,28.58,2.29,5.71,8.0,Sugar Shack,48.11914,-96.18115
2430,US-2024-12430-CH,2024-04-02,2024-04-06,First Class,CUST-16325,United States,Houston,Texas,77095,Other,Gulf,PROD-9415,Wonka Gum,335.42,31,77.63,257.79,4,23.14,2.5,8.32,10.82,Secret Factory,41.446333,-90.565487
2431,US-2024-12431-CH,2025-10-28,2025-11-01,First Class,CUST-12005,United States,Seattle,Washington,98101,Sugar,Pacific,PROD-2120,Everlasting Gobstopper,353.7,30,94.99,258.71,4,26.86,3.17,8.62,11.79,Secret Factory,41.446333,-90.565487
2432,US-2024-12432-CH,2026-02-02,2026-02-05,Same Day,CUST-14198,United States,Athens,Georgia,30605,Sugar,Gulf,PROD-2533,Laffy Taffy,14.7,3,6.06,8.64,3,41.22,2.02,2.88,4.9,Sugar Shack,48.11914,-96.18115
2433,US-2024-12433-CH,2026-01-02,2026-01-05,Standard Class,CUST-16116,United States,Los Angeles,California,90049,Chocolate,Pacific,PROD-0874,Wonka Bar - Milk Chocolate,192.5,25,119.43,73.07,3,62.04,4.78,2.92,7.7,Wicked Choccy's,32.076176,-81.088371
2434,US-2024-12434-CH,2024-12-25,2024-12-27,First Class,CUST-11468,United States,Atlanta,Georgia,30301,Other,Gulf,PROD-9415,Wonka Gum,19.1,5,2.06,17.04,2,10.79,0.41,3.41,3.82,Secret Factory,41.446333,-90.565487
2435,US-2024-12435-CH,2025-06-25,2025-06-30,First Class,CUST-19308,United States,Atlanta,Georgia,30301,Chocolate,Gulf,PROD-7514,Wonka Bar - Triple Dazzle Caramel,153.75,41,87.15,66.6,5,56.68,2.13,1.62,3.75,Wicked Choccy's,32.076176,-81.088371
2436,US-2024-12436-CH,2025-01-28,2025-01-30,Same Day,CUST-14087,United States,Chicago,Illinois,60601,Sugar,Interior,PROD-5646,Nerds,54.85,5,23.25,31.6,2,42.39,4.65,6.32,10.97,Sugar Shack,48.11914,-96.18115
2437,US-2024-12437-CH,2026-02-22,2026-02-25,Same Day,CUST-15774,United States,Henderson,Kentucky,42420,Sugar,Gulf,PROD-0725,Hair Toffee,288.61,49,84.22,204.39,3,29.18,1.72,4.17,5.89,The Other Factory,35.1175,-89.971107
2438,US-2024-12438-CH,2025-12-07,2025-12-12,First Class,CUST-14545,United States,Athens,Georgia,30605,Chocolate,Gulf,PROD-0874,Wonka Bar - Milk Chocolate,74.4,20,34.69,39.71,5,46.63,1.73,1.99,3.72,Wicked Choccy's,32.076176,-81.088371
2439,US-2024-12439-CH,2025-09-16,2025-09-19,First Class,CUST-15442,United States,New York,New York,10001,Sugar,Atlantic,PROD-2120,Everlasting Gobstopper,287.36,32,94.24,193.12,3,32.8,2.94,6.04,8.98,Secret Factory,41.446333,-90.565487
2440,US-2024-12440-CH,2024-12-18,2024-12-21,Same Day,CUST-13503,United States,Houston,Texas,77095,Sugar,Gulf,PROD-5646,Nerds,86.8,14,35.67,51.13,3,41.09,2.55,3.65,6.2,Sugar Shack,48.11914,-96.18115
2441,US-2024-12441-CH,2025-04-23,2025-04-30,Standard Class,CUST-13612,United States,Athens,Georgia,30605,Sugar,Gulf,PROD-5646,Nerds,96.56,34,42.5,54.06,7,44.01,1.25,1.59,2.84,Sugar Shack,48.11914,-96.18115
2442,US-2024-12442-CH,2026-03-29,2026-04-02,Second Class,CUST-12193,United States,Los Angeles,California,90049,Sugar,Pacific,PROD-2120,Everlasting Gobstopper,107.3,37,20.91,86.39,4,19.49,0.57,2.33,2.9,Secret Factory,41.446333,-90.565487
2443,US-2024-12443-CH,2026-02-07,2026-02-10,Standard Class,CUST-12309,United States,Los Angeles,California,90049,Sugar,Pacific,PROD-0725,Hair Toffee,75.6,27,23.67,51.93,3,31.31,0.88,1.92,2.8,The Other Factory,35.1175,-89.971107
2444,US-2024-12444-CH,2025-03-18,2025-03-22,Second Class,CUST-17953,United States,Naperville,Illinois,60540,Sugar,Interior,PROD-6629,SweeTARTS,136.5,42,50.03,86.47,4,36.65,1.19,2.06,3.25,Sugar Shack,48.11914,-96.18115
2445,US-2024-12445-CH,2024-01-23,2024-01-25,First Class,CUST-12665,United States,Naperville,Illinois,60540,Sugar,Interior,PROD-6629,SweeTARTS,113.1,26,42.09,71.01,2,37.21,1.62,2.73,4.35,Sugar Shack,48.11914,-96.18115
2446,US-2024-12446-CH,2024-03-19,2024-03-23,Second Class,CUST-12737,United States,New York,New York,10001,Sugar,Atlantic,PROD-5646,Nerds,342.63,47,110.8,231.83,4,32.34,2.36,4.93,7.29,Sugar Shack,48.11914,-96.18115
2447,US-2024-12447-CH,2025-09-07,2025-09-14,Second Class,CUST-15204,United States,Los Angeles,California,90049,Sugar,Pacific,PROD-0725,Hair Toffee,206.64,36,36.64,170.0,7,17.73,1.02,4.72,5.74,The Other Factory,35.1175,-89.971107
2448,US-2024-12448-CH,2025-11-15,2025-11-18,Second Class,CUST-18079,United States,Seattle,Washington,98101,Other,Pacific,PROD-0345,Lickable Wallpaper,140.25,25,13.3,126.95,3,9.48,0.53,5.08,5.61,Secret Factory,41.446333,-90.565487
2449,US-2024-12449-CH,2024-01-23,2024-01-26,Second Class,CUST-13993,United States,Henderson,Kentucky,42420,Sugar,Gulf,PROD-5646,Nerds,215.67,39,72.56,143.11,3,33.64,1.86,3.67,5.53,Sugar Shack,48.11914,-96.18115
2450,US-2024-12450-CH,2024-05-29,2024-06-02,Second Class,CUST-16547,United States,Naperville,Illinois,60540,Other,Interior,PROD-0345,Lickable Wallpaper,469.66,46,61.12,408.54,4,13.01,1.33,8.88,10.21,Secret Factory,41.446333,-90.565487
2451,US-2024-12451-CH,2024-08-24,2024-08-27,Standard Class,CUST-17045,United States,Athens,Georgia,30605,Other,Gulf,PROD-0345,Lickable Wallpaper,34.56,9,-1.2,35.76,3,-3.47,-0.13,3.97,3.84,Secret Factory,41.446333,-90.565487
2452,US-2024-12452-CH,2026-02-02,2026-02-09,Standard Class,CUST-11845,United States,Naperville,Illinois,60540,Sugar,Interior,PROD-5646,Nerds,371.85,37,147.4,224.45,7,39.64,3.98,6.07,10.05,Sugar Shack,48.11914,-96.18115
2453,US-2024-12453-CH,2025-02-02,2025-02-05,Standard Class,CUST-19115,United States,New York,New York,10001,Sugar,Atlantic,PROD-2120,Everlasting Gobstopper,125.46,17,18.11,107.35,3,14.43,1.07,6.31,7.38,Secret Factory,41.446333,-90.565487
2454,US-2024-12454-CH,2025-04-23,2025-04-26,Standard Class,CUST-19244,United States,Henderson,Kentucky,42420,Sugar,Gulf,PROD-6629,SweeTARTS,320.96,34,142.74,178.22,3,44.47,4.2,5.24,9.44,Sugar Shack,48.11914,-96.18115
2455,US-2024-12455-CH,2025-01-31,2025-02-02,Standard Class,CUST-15605,United States,Chicago,Illinois,60601,Sugar,Interior,PROD-9885,Fun Dip,74.6,20,20.32,54.28,2,27.24,1.02,2.71,3.73,Sugar Shack,48.11914,-96.18115
2456,US-2024-12456-CH,2024-10-17,2024-10-22,Second Class,CUST-17928,United States,Seattle,Washington,98101,Chocolate,Pacific,PROD-7514,Wonka Bar - Triple Dazzle Caramel,280.5,30,150.79,129.71,5,53.76,5.03,4.32,9.35,Wicked Choccy's,32.076176,-81.088371
2457,US-2024-12457-CH,2026-05-17,2026-05-19,Standard Class,CUST-12555,United States,Philadelphia,Pennsylvania,19143,Other,Atlantic,PROD-2646,Kazookles,144.46,31,20.48,123.98,2,14.18,0.66,4.0,4.66,The Other Factory,35.1175,-89.971107
2458,US-2024-12458-CH,2024-04-16,2024-04-19,Standard Class,CUST-15786,United States,Naperville,Illinois,60540,Chocolate,Interior,PROD-7514,Wonka Bar - Triple Dazzle Caramel,178.35,29,75.51,102.84,3,42.34,2.6,3.55,6.15,Wicked Choccy's,32.076176,-81.088371
2459,US-2024-12459-CH,2025-02-16,2025-02-20,Standard Class,CUST-13229,United States,Philadelphia,Pennsylvania,19143,Sugar,Atlantic,PROD-2120,Everlasting Gobstopper,135.43,29,20.06,115.37,4,14.81,0.69,3.98,4.67,Secret Factory,41.446333,-90.565487
2460,US-2024-12460-CH,2024-08-12,2024-08-14,Standard Class,CUST-18540,United States,Chicago,Illinois,60601,Sugar,Interior,PROD-0725,Hair Toffee,87.12,33,27.9,59.22,2,32.02,0.85,1.79,2.64,The Other Factory,35.1175,-89.971107
2461,US-2024-12461-CH,2025-01-31,2025-02-02,Standard Class,CUST-15930,United States,Chicago,Illinois,60601,Sugar,Interior,PROD-9885,Fun Dip,348.5,34,139.07,209.43,2,39.91,4.09,6.16,10.25,Sugar Shack,48.11914,-96.18115
2462,US-2024-12462-CH,2024-11-19,2024-11-23,Standard Class,CUST-10907,United States,Seattle,Washington,98101,Sugar,Pacific,PROD-2120,Everlasting Gobstopper,82.8,12,25.48,57.32,4,30.77,2.12,4.78,6.9,Secret Factory,41.446333,-90.565487
2463,US-2024-12463-CH,2026-05-07,2026-05-10,Standard Class,CUST-19452,United States,Henderson,Kentucky,42420,Sugar,Gulf,PROD-9885,Fun Dip,222.36,34,63.41,158.95,3,28.52,1.86,4.68,6.54,Sugar Shack,48.11914,-96.18115
2464,US-2024-12464-CH,2026-02-26,2026-03-05,Standard Class,CUST-13844,United States,Los Angeles,California,90049,Sugar,Pacific,PROD-2120,Everlasting Gobstopper,370.23,43,51.4,318.83,7,13.88,1.2,7.41,8.61,Secret Factory,41.446333,-90.565487
2465,US-2024-12465-CH,2024-11-18,2024-11-22,Standard Class,CUST-18998,United States,Naperville,Illinois,60540,Sugar,Interior,PROD-2533,Laffy Taffy,130.56,17,50.7,79.86,4,38.83,2.98,4.7,7.68,Sugar Shack,48.11914,-96.18115
2466,US-2024-12466-CH,2024-09-13,2024-09-16,Standard Class,CUST-15708,United States,Atlanta,Georgia,30301,Other,Gulf,PROD-9359,Fizzy Lifting Drinks,329.94,47,48.51,281.43,3,14.7,1.03,5.99,7.02,Sugar Shack,48.11914,-96.18115
2467,US-2024-12467-CH,2025-05-05,2025-05-07,Standard Class,CUST-10500,United States,Naperville,Illinois,60540,Chocolate,Interior,PROD-3776,Wonka Bar -Scrumdiddlyumptious,139.68,18,60.51,79.17,2,43.32,3.36,4.4,7.76,Lot's O' Nuts,32.881893,-111.768036
2468,US-2024-12468-CH,2024-01-07,2024-01-11,Second Class,CUST-15781,United States,Atlanta,Georgia,30301,Sugar,Gulf,PROD-5646,Nerds,31.2,8,12.45,18.75,4,39.9,1.56,2.34,3.9,Sugar Shack,48.11914,-96.18115
2469,US-2024-12469-CH,2024-08-06,2024-08-11,First Class,CUST-12948,United States,Houston,Texas,77095,Chocolate,Gulf,PROD-0874,Wonka Bar - Milk Chocolate,152.26,46,81.25,71.01,5,53.36,1.77,1.54,3.31,Wicked Choccy's,32.076176,-81.088371
2470,US-2024-12470-CH,2026-01-28,2026-01-31,Standard Class,CUST-15099,United States,Athens,Georgia,30605,Sugar,Gulf,PROD-2533,Laffy Taffy,100.44,18,27.3,73.14,3,27.18,1.52,4.06,5.58,Sugar Shack,48.11914,-96.18115
2471,US-2024-12471-CH,2026-01-25,2026-01-29,Standard Class,CUST-17012,United States,New York,New York,10001,Sugar,Atlantic,PROD-5646,Nerds,200.2,22,56.47,143.73,4,28.21,2.57,6.53,9.1,Sugar Shack,48.11914,-96.18115
2472,US-2024-12472-CH,2025-04-16,2025-04-19,Standard Class,CUST-15439,United States,New York,New York,10001,Other,Atlantic,PROD-9415,Wonka Gum,32.83,7,3.98,28.85,3,12.12,0.57,4.12,4.69,Secret Factory,41.446333,-90.565487
2473,US-2024-12473-CH,2024-10-20,2024-10-23,Same Day,CUST-10129,United States,Houston,Texas,77095,Sugar,Gulf,PROD-0725,Hair Toffee,336.0,28,58.63,277.37,3,17.45,2.09,9.91,12.0,The Other Factory,35.1175,-89.971107
2474,US-2024-12474-CH,2024-02-14,2024-02-18,Standard Class,CUST-18808,United States,Philadelphia,Pennsylvania,19143,Chocolate,Atlantic,PROD-3776,Wonka Bar -Scrumdiddlyumptious,173.4,17,102.64,70.76,4,59.19,6.04,4.16,10.2,Lot's O' Nuts,32.881893,-111.768036
2475,US-2024-12475-CH,2024-06-19,2024-06-26,Standard Class,CUST-10998,United States,Seattle,Washington,98101,Other,Pacific,PROD-0345,Lickable Wallpaper,239.04,36,2.14,236.9,7,0.9,0.06,6.58,6.64,Secret Factory,41.446333,-90.565487
2476,US-2024-12476-CH,2024-03-10,2024-03-14,Standard Class,CUST-10204,United States,Atlanta,Georgia,30301,Other,Gulf,PROD-0345,Lickable Wallpaper,112.23,29,7.4,104.83,4,6.59,0.26,3.61,3.87,Secret Factory,41.446333,-90.565487
2477,US-2024-12477-CH,2024-06-13,2024-06-16,Standard Class,CUST-15578,United States,Los Angeles,California,90049,Chocolate,Pacific,PROD-8572,Wonka Bar - Nutty Crunch Surprise,63.0,18,30.28,32.72,3,48.06,1.68,1.82,3.5,Lot's O' Nuts,32.881893,-111.768036
2478,US-2024-12478-CH,2024-03-18,2024-03-23,Standard Class,CUST-17595,United States,Atlanta,Georgia,30301,Sugar,Gulf,PROD-9885,Fun Dip,200.0,25,75.43,124.57,5,37.72,3.02,4.98,8.0,Sugar Shack,48.11914,-96.18115
2479,US-2024-12479-CH,2024-08-26,2024-09-02,Second Class,CUST-13595,United States,Houston,Texas,77095,Sugar,Gulf,PROD-9885,Fun Dip,388.8,48,148.71,240.09,7,38.25,3.1,5.0,8.1,Sugar Shack,48.11914,-96.18115
2480,US-2024-12480-CH,2025-02-25,2025-03-04,Standard Class,CUST-18876,United States,Seattle,Washington,98101,Chocolate,Pacific,PROD-0874,Wonka Bar - Milk Chocolate,338.41,43,136.25,202.16,7,40.26,3.17,4.7,7.87,Wicked Choccy's,32.076176,-81.088371
2481,US-2024-12481-CH,2025-01-09,2025-01-13,Second Class,CUST-15659,United States,Henderson,Kentucky,42420,Chocolate,Gulf,PROD-3776,Wonka Bar -Scrumdiddlyumptious,213.75,19,114.17,99.58,4,53.41,6.01,5.24,11.25,Lot's O' Nuts,32.881893,-111.768036
2482,US-2024-12482-CH,2026-05-29,2026-06-01,Second Class,CUST-17248,United States,Houston,Texas,77095,Sugar,Gulf,PROD-2533,Laffy Taffy,340.13,43,110.51,229.62,3,32.49,2.57,5.34,7.91,Sugar Shack,48.11914,-96.18115
2483,US-2024-12483-CH,2025-06-19,2025-06-21,Standard Class,CUST-15118,United States,Houston,Texas,77095,Sugar,Gulf,PROD-0725,Hair Toffee,195.12,36,37.66,157.46,2,19.3,1.05,4.37,5.42,The Other Factory,35.1175,-89.971107
2484,US-2024-12484-CH,2024-03-08,2024-03-10,First Class,CUST-15405,United States,Philadelphia,Pennsylvania,19143,Chocolate,Atlantic,PROD-0874,Wonka Bar - Milk Chocolate,308.1,26,189.98,118.12,2,61.66,7.31,4.54,11.85,Wicked Choccy's,32.076176,-81.088371
2485,US-2024-12485-CH,2025-10-13,2025-10-17,Second Class,CUST-17391,United States,Naperville,Illinois,60540,Chocolate,Interior,PROD-7514,Wonka Bar - Triple Dazzle Caramel,380.64,39,219.51,161.13,4,57.67,5.63,4.13,9.76,Wicked Choccy's,32.076176,-81.088371
2486,US-2024-12486-CH,2024-10-11,2024-10-14,Second Class,CUST-16986,United States,Houston,Texas,77095,Sugar,Gulf,PROD-5646,Nerds,272.6,29,86.52,186.08,3,31.74,2.98,6.42,9.4,Sugar Shack,48.11914,-96.18115
2487,US-2024-12487-CH,2026-05-30,2026-06-02,Second Class,CUST-16097,United States,Athens,Georgia,30605,Sugar,Gulf,PROD-6629,SweeTARTS,124.32,48,40.27,84.05,3,32.39,0.84,1.75,2.59,Sugar Shack,48.11914,-96.18115
2488,US-2024-12488-CH,2025-12-12,2025-12-14,Standard Class,CUST-18334,United States,Naperville,Illinois,60540,Sugar,Interior,PROD-2120,Everlasting Gobstopper,275.9,31,90.74,185.16,2,32.89,2.93,5.97,8.9,Secret Factory,41.446333,-90.565487
2489,US-2024-12489-CH,2024-06-29,2024-07-02,Standard Class,CUST-17300,United States,Chicago,Illinois,60601,Chocolate,Interior,PROD-3776,Wonka Bar -Scrumdiddlyumptious,196.33,29,86.25,110.08,3,43.93,2.97,3.8,6.77,Lot's O' Nuts,32.881893,-111.768036
2490,US-2024-12490-CH,2024-10-03,2024-10-05,Standard Class,CUST-10987,United States,Los Angeles,California,90049,Sugar,Pacific,PROD-6629,SweeTARTS,220.32,24,96.9,123.42,2,43.98,4.04,5.14,9.18,Sugar Shack,48.11914,-96.18115
2491,US-2024-12491-CH,2024-04-01,2024-04-08,Standard Class,CUST-15800,United States,Athens,Georgia,30605,Chocolate,Gulf,PROD-0874,Wonka Bar - Milk Chocolate,121.0,20,72.91,48.09,7,60.26,3.65,2.4,6.05,Wicked Choccy's,32.076176,-81.088371
2492,US-2024-12492-CH,2024-03-13,2024-03-17,Second Class,CUST-14358,United States,Philadelphia,Pennsylvania,19143,Sugar,Atlantic,PROD-9885,Fun Dip,98.52,12,37.13,61.39,4,37.69,3.09,5.12,8.21,Sugar Shack,48.11914,-96.18115
2493,US-2024-12493-CH,2025-07-03,2025-07-06,Standard Class,CUST-16970,United States,Seattle,Washington,98101,Other,Pacific,PROD-2646,Kazookles,231.56,28,56.5,175.06,3,24.4,2.02,6.25,8.27,The Other Factory,35.1175,-89.971107
2494,US-2024-12494-CH,2025-02-15,2025-02-18,Standard Class,CUST-19261,United States,Henderson,Kentucky,42420,Other,Gulf,PROD-9359,Fizzy Lifting Drinks,30.6,3,0.58,30.02,3,1.9,0.19,10.01,10.2,Sugar Shack,48.11914,-96.18115
2495,US-2024-12495-CH,2024-10-27,2024-10-29,Standard Class,CUST-11265,United States,Henderson,Kentucky,42420,Sugar,Gulf,PROD-0725,Hair Toffee,69.86,14,10.54,59.32,2,15.09,0.75,4.24,4.99,The Other Factory,35.1175,-89.971107
2496,US-2024-12496-CH,2026-03-06,2026-03-08,Second Class,CUST-13523,United States,Philadelphia,Pennsylvania,19143,Sugar,Atlantic,PROD-5646,Nerds,140.8,32,58.22,82.58,2,41.35,1.82,2.58,4.4,Sugar Shack,48.11914,-96.18115
2497,US-2024-12497-CH,2025-06-12,2025-06-15,Standard Class,CUST-13372,United States,Chicago,Illinois,60601,Sugar,Interior,PROD-9885,Fun Dip,160.23,21,42.89,117.34,3,26.77,2.04,5.59,7.63,Sugar Shack,48.11914,-96.18115
2498,US-2024-12498-CH,2026-03-25,2026-04-01,Same Day,CUST-18181,United States,New York,New York,10001,Chocolate,Atlantic,PROD-7514,Wonka Bar - Triple Dazzle Caramel,446.6,44,226.24,220.36,7,50.66,5.14,5.01,10.15,Wicked Choccy's,32.076176,-81.088371
2499,US-2024-12499-CH,2025-08-28,2025-08-30,First Class,CUST-14075,United States,Seattle,Washington,98101,Sugar,Pacific,PROD-5646,Nerds,329.76,48,121.65,208.11,2,36.89,2.53,4.34,6.87,Sugar Shack,48.11914,-96.18115
2500,US-2024-12500-CH,2024-06-23,2024-06-28,Standard Class,CUST-11493,United States,Houston,Texas,77095,Sugar,Gulf,PROD-2120,Everlasting Gobstopper,252.62,34,67.73,184.89,5,26.81,1.99,5.44,7.43,Secret Factory,41.446333,-90.565487
