Row ID,Order ID,Order Date,Ship Date,Ship Mode,Customer ID,Country/Region,City,State/Province,Postal Code,Division,Region,Product ID,Product Name,Sales,Units,Gross Profit,Cost,Shipping Days,Gross Margin %,Profit per Unit,Cost per Unit,Price per Unit,Factory,Factory_Lat,Factory_Lon
1,US-2024-10001-CH,2026-05-10,2026-05-12,Standard Class,CUST-14426,United States,Athens,Georgia,30605,Sugar,Gulf,PROD-6629,SweeTARTS,73.71,9,20.729999999999997,52.98,2,28.12372812372812,2.303333333333333,5.886666666666667,8.19,Sugar Shack,48.11914,-96.18115
2,US-2024-10002-CH,2025-01-07,2025-01-11,Second Class,CUST-16949,United States,Los Angeles,California,90049,Sugar,Pacific,PROD-2120,Everlasting Gobstopper,217.0,25,24.75999999999999,192.24,4,11.410138248847922,0.9903999999999996,7.6896,8.68,Secret Factory,41.446333,-90.565487
3,US-2024-10003-CH,2024-06-09,2024-06-12,Standard Class,CUST-12558,United States,Henderson,Kentucky,42420,Chocolate,Gulf,PROD-3893,Wonka Bar - Fudge Mallows,59.11,23,23.979999999999997,35.13,3,40.56843173743867,1.0426086956521738,1.5273913043478262,2.57,Lot's O' Nuts,32.881893,-111.768036
4,US-2024-10004-CH,2026-05-25,2026-05-28,Standard Class,CUST-15393,United States,Houston,Texas,77095,Other,Gulf,PROD-9359,Fizzy Lifting Drinks,42.68,4,4.539999999999999,38.14,3,10.637300843486408,1.1349999999999998,9.535,10.67,Sugar Shack,48.11914,-96.18115
5,US-2024-10005-CH,2024-11-11,2024-11-14,Standard Class,CUST-17099,United States,Seattle,Washington,98101,Chocolate,Pacific,PROD-0874,Wonka Bar - Milk Chocolate,26.5,10,12.13,14.37,3,45.77358490566038,1.213,1.4369999999999998,2.65,Wicked Choccy's,32.076176,-81.088371
6,US-2024-10006-CH,2024-02-04,2024-02-11,Standard Class,CUST-13843,United States,Los Angeles,California,90049,Sugar,Pacific,PROD-6629,SweeTARTS,156.51,37,62.769999999999996,93.74,7,40.106063510318826,1.6964864864864864,2.533513513513513,4.2299999999999995,Sugar Shack,48.11914,-96.18115
7,US-2024-10007-CH,2025-12-30,2026-01-02,First Class,CUST-17629,United States,Philadelphia,Pennsylvania,19143,Sugar,Atlantic,PROD-2533,Laffy Taffy,121.0,11,44.72,76.28,3,36.95867768595041,4.065454545454545,6.934545454545455,11.0,Sugar Shack,48.11914,-96.18115
8,US-2024-10008-CH,2025-12-02,2025-12-05,Standard Class,CUST-14859,United States,Seattle,Washington,98101,Sugar,Pacific,PROD-6629,SweeTARTS,163.2,17,58.41999999999999,104.78,3,35.796568627450974,3.4364705882352933,6.163529411764706,9.6,Sugar Shack,48.11914,-96.18115
9,US-2024-10009-CH,2024-06-05,2024-06-10,Standard Class,CUST-12695,United States,Seattle,Washington,98101,Sugar,Pacific,PROD-0725,Hair Toffee,5.3,2,1.0899999999999999,4.21,5,20.566037735849054,0.5449999999999999,2.105,2.65,The Other Factory,35.1175,-89.971107
10,US-2024-10010-CH,2025-08-15,2025-08-19,Standard Class,CUST-16184,United States,Houston,Texas,77095,Sugar,Gulf,PROD-5646,Nerds,353.88,36,93.70999999999998,260.17,4,26.480727930371874,2.603055555555555,7.226944444444445,9.83,Sugar Shack,48.11914,-96.18115
11,US-2024-10011-CH,2024-07-19,2024-07-23,Second Class,CUST-18996,United States,Chicago,Illinois,60601,Sugar,Interior,PROD-0725,Hair Toffee,119.35,35,23.0,96.35,4,19.271051529116047,0.6571428571428571,2.7528571428571427,3.4099999999999997,The Other Factory,35.1175,-89.971107
12,US-2024-10012-CH,2025-12-26,2025-12-31,First Class,CUST-11028,United States,Los Angeles,California,90049,Chocolate,Pacific,PROD-3776,Wonka Bar -Scrumdiddlyumptious,12.28,2,7.8999999999999995,4.38,5,64.33224755700326,3.9499999999999997,2.19,6.14,Lot's O' Nuts,32.881893,-111.768036
13,US-2024-10013-CH,2026-02-05,2026-02-08,Standard Class,CUST-11484,United States,Chicago,Illinois,60601,Other,Interior,PROD-9359,Fizzy Lifting Drinks,209.16,28,10.109999999999985,199.05,3,4.833620195065971,0.36107142857142804,7.108928571428572,7.47,Sugar Shack,48.11914,-96.18115
14,US-2024-10014-CH,2024-08-28,2024-08-31,Second Class,CUST-11678,United States,Chicago,Illinois,60601,Chocolate,Interior,PROD-3776,Wonka Bar -Scrumdiddlyumptious,300.63,33,130.72,169.91,3,43.482021089046334,3.961212121212121,5.1487878787878785,9.11,Lot's O' Nuts,32.881893,-111.768036
15,US-2024-10015-CH,2025-06-08,2025-06-10,Standard Class,CUST-12693,United States,Athens,Georgia,30605,Sugar,Gulf,PROD-2120,Everlasting Gobstopper,249.78,23,63.97,185.81,2,25.610537272800066,2.781304347826087,8.078695652173913,10.86,Secret Factory,41.446333,-90.565487
16,US-2024-10016-CH,2026-03-08,2026-03-13,Standard Class,CUST-11306,United States,Athens,Georgia,30605,Sugar,Gulf,PROD-0725,Hair Toffee,170.52,29,55.71000000000001,114.81,5,32.67065446868403,1.921034482758621,3.9589655172413796,5.880000000000001,The Other Factory,35.1175,-89.971107
17,US-2024-10017-CH,2025-09-19,2025-09-22,Standard Class,CUST-13748,United States,Seattle,Washington,98101,Other,Pacific,PROD-9415,Wonka Gum,10.28,4,2.339999999999999,7.94,3,22.762645914396877,0.5849999999999997,1.985,2.57,Secret Factory,41.446333,-90.565487
18,US-2024-10018-CH,2024-08-21,2024-08-24,Standard Class,CUST-13763,United States,Houston,Texas,77095,Chocolate,Gulf,PROD-8572,Wonka Bar - Nutty Crunch Surprise,65.6,16,29.82999999999999,35.77,3,45.47256097560975,1.8643749999999994,2.235625,4.1,Lot's O' Nuts,32.881893,-111.768036
19,US-2024-10019-CH,2025-03-17,2025-03-24,Standard Class,CUST-10698,United States,New York,New York,10001,Chocolate,Atlantic,PROD-8572,Wonka Bar - Nutty Crunch Surprise,288.8,40,137.24,151.56,7,47.520775623268705,3.431,3.789,7.220000000000001,Lot's O' Nuts,32.881893,-111.768036
20,US-2024-10020-CH,2025-10-03,2025-10-06,Standard Class,CUST-15249,United States,Philadelphia,Pennsylvania,19143,Chocolate,Atlantic,PROD-8572,Wonka Bar - Nutty Crunch Surprise,123.6,24,77.50999999999999,46.09,3,62.71035598705501,3.229583333333333,1.9204166666666669,5.1499999999999995,Lot's O' Nuts,32.881893,-111.768036
21,US-2024-10021-CH,2025-11-02,2025-11-05,Standard Class,CUST-14389,United States,Atlanta,Georgia,30301,Chocolate,Gulf,PROD-7514,Wonka Bar - Triple Dazzle Caramel,16.35,5,8.05,8.3,3,49.235474006116206,1.61,1.6600000000000001,3.2700000000000005,Wicked Choccy's,32.076176,-81.088371
22,US-2024-10022-CH,2026-06-02,2026-06-09,First Class,CUST-19339,United States,Henderson,Kentucky,42420,Sugar,Gulf,PROD-5646,Nerds,174.57,23,46.78999999999999,127.78,7,26.80300166122472,2.034347826086956,5.555652173913043,7.59,Sugar Shack,48.11914,-96.18115
23,US-2024-10023-CH,2025-04-08,2025-04-10,Second Class,CUST-18338,United States,Naperville,Illinois,60540,Sugar,Interior,PROD-2120,Everlasting Gobstopper,117.6,21,18.239999999999995,99.36,2,15.51020408163265,0.8685714285714283,4.731428571428571,5.6,Secret Factory,41.446333,-90.565487
24,US-2024-10024-CH,2026-03-30,2026-04-06,Standard Class,CUST-18155,United States,Chicago,Illinois,60601,Chocolate,Interior,PROD-0874,Wonka Bar - Milk Chocolate,252.97,41,160.43,92.54,7,63.418587184251095,3.912926829268293,2.2570731707317075,6.17,Wicked Choccy's,32.076176,-81.088371
25,US-2024-10025-CH,2024-05-30,2024-06-02,First Class,CUST-19208,United States,Seattle,Washington,98101,Sugar,Pacific,PROD-9885,Fun Dip,212.85,43,81.31,131.54,3,38.2006107587503,1.8909302325581396,3.0590697674418603,4.95,Sugar Shack,48.11914,-96.18115
26,US-2024-10026-CH,2024-01-02,2024-01-09,Standard Class,CUST-17400,United States,New York,New York,10001,Chocolate,Atlantic,PROD-0874,Wonka Bar - Milk Chocolate,101.4,13,62.93000000000001,38.47,7,62.06114398422091,4.840769230769231,2.959230769230769,7.800000000000001,Wicked Choccy's,32.076176,-81.088371
27,US-2024-10027-CH,2026-03-26,2026-03-31,Second Class,CUST-11648,United States,Houston,Texas,77095,Chocolate,Gulf,PROD-3776,Wonka Bar -Scrumdiddlyumptious,229.53,21,136.56,92.97,5,59.495490785518236,6.502857142857143,4.427142857142857,10.93,Lot's O' Nuts,32.881893,-111.768036
28,US-2024-10028-CH,2025-02-25,2025-03-01,Same Day,CUST-12961,United States,Athens,Georgia,30605,Sugar,Gulf,PROD-5646,Nerds,217.44,36,95.24,122.2,4,43.80058866813833,2.645555555555555,3.3944444444444444,6.04,Sugar Shack,48.11914,-96.18115
29,US-2024-10029-CH,2025-12-06,2025-12-10,Standard Class,CUST-14493,United States,Philadelphia,Pennsylvania,19143,Other,Atlantic,PROD-9415,Wonka Gum,203.15,17,29.25,173.9,4,14.398227910411027,1.7205882352941178,10.229411764705883,11.950000000000001,Secret Factory,41.446333,-90.565487
30,US-2024-10030-CH,2025-05-18,2025-05-22,Standard Class,CUST-19146,United States,Athens,Georgia,30605,Chocolate,Gulf,PROD-7514,Wonka Bar - Triple Dazzle Caramel,74.8,8,35.68,39.12,4,47.70053475935829,4.46,4.89,9.35,Wicked Choccy's,32.076176,-81.088371
31,US-2024-10031-CH,2025-01-09,2025-01-12,First Class,CUST-13354,United States,Naperville,Illinois,60540,Chocolate,Interior,PROD-3776,Wonka Bar -Scrumdiddlyumptious,363.94,31,181.34,182.6,3,49.82689454305655,5.849677419354839,5.890322580645161,11.74,Lot's O' Nuts,32.881893,-111.768036
32,US-2024-10032-CH,2024-10-03,2024-10-06,Standard Class,CUST-19007,United States,Philadelphia,Pennsylvania,19143,Sugar,Atlantic,PROD-2120,Everlasting Gobstopper,256.65,29,81.10999999999999,175.54,3,31.60335086693941,2.7968965517241373,6.053103448275862,8.85,Secret Factory,41.446333,-90.565487
33,US-2024-10033-CH,2025-06-30,2025-07-04,Standard Class,CUST-11060,United States,Athens,Georgia,30605,Chocolate,Gulf,PROD-3776,Wonka Bar -Scrumdiddlyumptious,215.1,18,111.30999999999999,103.79,4,51.74802417480241,6.183888888888888,5.766111111111112,11.95,Lot's O' Nuts,32.881893,-111.768036
34,US-2024-10034-CH,2024-10-28,2024-11-04,Standard Class,CUST-12975,United States,New York,New York,10001,Sugar,Atlantic,PROD-5646,Nerds,425.16,36,112.70000000000005,312.46,7,26.50766770157118,3.130555555555557,8.679444444444444,11.81,Sugar Shack,48.11914,-96.18115
35,US-2024-10035-CH,2024-09-12,2024-09-15,Second Class,CUST-11895,United States,New York,New York,10001,Sugar,Atlantic,PROD-6629,SweeTARTS,148.01,19,64.71,83.3,3,43.720018917640694,3.40578947368421,4.38421052631579,7.789999999999999,Sugar Shack,48.11914,-96.18115
36,US-2024-10036-CH,2025-09-17,2025-09-21,Standard Class,CUST-10784,United States,Los Angeles,California,90049,Other,Pacific,PROD-9415,Wonka Gum,135.93,23,22.230000000000004,113.7,4,16.35400573824763,0.9665217391304349,4.943478260869566,5.91,Secret Factory,41.446333,-90.565487
37,US-2024-10037-CH,2025-01-27,2025-01-31,Standard Class,CUST-11841,United States,New York,New York,10001,Sugar,Atlantic,PROD-5646,Nerds,379.75,49,117.45999999999998,262.29,4,30.930875576036858,2.397142857142857,5.352857142857143,7.75,Sugar Shack,48.11914,-96.18115
38,US-2024-10038-CH,2025-06-08,2025-06-10,Second Class,CUST-16655,United States,Los Angeles,California,90049,Sugar,Pacific,PROD-9885,Fun Dip,58.08,8,23.79,34.29,2,40.960743801652896,2.97375,4.28625,7.26,Sugar Shack,48.11914,-96.18115
39,US-2024-10039-CH,2025-04-15,2025-04-17,Standard Class,CUST-13769,United States,Houston,Texas,77095,Other,Gulf,PROD-9415,Wonka Gum,118.65,35,29.02000000000001,89.63,2,24.458491361146237,0.8291428571428574,2.560857142857143,3.39,Secret Factory,41.446333,-90.565487
40,US-2024-10040-CH,2024-11-09,2024-11-14,Standard Class,CUST-13124,United States,Naperville,Illinois,60540,Other,Interior,PROD-2646,Kazookles,443.33,43,84.25,359.08,5,19.00390228497959,1.9593023255813953,8.350697674418605,10.31,The Other Factory,35.1175,-89.971107
41,US-2024-10041-CH,2024-04-12,2024-04-14,Second Class,CUST-17079,United States,Henderson,Kentucky,42420,Sugar,Gulf,PROD-0725,Hair Toffee,200.1,46,40.59,159.51,2,20.284857571214395,0.8823913043478262,3.467608695652174,4.35,The Other Factory,35.1175,-89.971107
42,US-2024-10042-CH,2025-09-27,2025-10-01,Standard Class,CUST-19561,United States,Philadelphia,Pennsylvania,19143,Chocolate,Atlantic,PROD-0874,Wonka Bar - Milk Chocolate,201.0,20,94.01,106.99,4,46.77114427860697,4.7005,5.3495,10.05,Wicked Choccy's,32.076176,-81.088371
43,US-2024-10043-CH,2024-04-26,2024-04-28,First Class,CUST-17805,United States,Atlanta,Georgia,30301,Chocolate,Gulf,PROD-7514,Wonka Bar - Triple Dazzle Caramel,90.4,10,37.480000000000004,52.92,2,41.46017699115044,3.748,5.292,9.040000000000001,Wicked Choccy's,32.076176,-81.088371
44,US-2024-10044-CH,2025-05-02,2025-05-09,Standard Class,CUST-17004,United States,Seattle,Washington,98101,Sugar,Pacific,PROD-2533,Laffy Taffy,23.14,2,9.200000000000001,13.94,7,39.757994814174594,4.6000000000000005,6.97,11.57,Sugar Shack,48.11914,-96.18115
45,US-2024-10045-CH,2024-03-16,2024-03-19,Standard Class,CUST-12141,United States,Houston,Texas,77095,Sugar,Gulf,PROD-6629,SweeTARTS,138.32,38,44.03999999999999,94.28,3,31.83921341816078,1.1589473684210525,2.4810526315789474,3.6399999999999997,Sugar Shack,48.11914,-96.18115
46,US-2024-10046-CH,2025-03-28,2025-03-31,Standard Class,CUST-17421,United States,Athens,Georgia,30605,Other,Gulf,PROD-9415,Wonka Gum,263.25,27,79.43,183.82,3,30.172839506172842,2.941851851851852,6.808148148148148,9.75,Secret Factory,41.446333,-90.565487
47,US-2024-10047-CH,2024-01-23,2024-01-25,Standard Class,CUST-12489,United States,Henderson,Kentucky,42420,Other,Gulf,PROD-9415,Wonka Gum,65.52,6,10.829999999999998,54.69,2,16.52930402930403,1.8049999999999997,9.115,10.92,Secret Factory,41.446333,-90.565487
48,US-2024-10048-CH,2024-11-20,2024-11-24,Standard Class,CUST-19087,United States,Los Angeles,California,90049,Chocolate,Pacific,PROD-8572,Wonka Bar - Nutty Crunch Surprise,53.89,17,30.21,23.68,4,56.0586379662275,1.7770588235294118,1.3929411764705881,3.17,Lot's O' Nuts,32.881893,-111.768036
49,US-2024-10049-CH,2025-10-25,2025-10-29,Standard Class,CUST-15732,United States,Athens,Georgia,30605,Sugar,Gulf,PROD-2120,Everlasting Gobstopper,309.96,36,66.50999999999999,243.45,4,21.457607433217188,1.8474999999999997,6.762499999999999,8.61,Secret Factory,41.446333,-90.565487
50,US-2024-10050-CH,2025-07-30,2025-08-06,Standard Class,CUST-13373,United States,Houston,Texas,77095,Sugar,Gulf,PROD-0725,Hair Toffee,49.06,11,8.270000000000003,40.79,7,16.856909906237266,0.751818181818182,3.708181818181818,4.46,The Other Factory,35.1175,-89.971107
51,US-2024-10051-CH,2026-01-23,2026-01-27,Second Class,CUST-10417,United States,Houston,Texas,77095,Chocolate,Gulf,PROD-3893,Wonka Bar - Fudge Mallows,157.14,18,77.99999999999999,79.14,4,49.63726613211149,4.333333333333332,4.3966666666666665,8.729999999999999,Lot's O' Nuts,32.881893,-111.768036
52,US-2024-10052-CH,2024-07-14,2024-07-18,Standard Class,CUST-17164,United States,Seattle,Washington,98101,Chocolate,Pacific,PROD-3776,Wonka Bar -Scrumdiddlyumptious,524.4,46,214.89999999999998,309.5,4,40.980167810831425,4.671739130434782,6.728260869565218,11.4,Lot's O' Nuts,32.881893,-111.768036
53,US-2024-10053-CH,2025-01-28,2025-01-31,Standard Class,CUST-15073,United States,Athens,Georgia,30605,Sugar,Gulf,PROD-9885,Fun Dip,254.0,25,113.82,140.18,3,44.811023622047244,4.5527999999999995,5.607200000000001,10.16,Sugar Shack,48.11914,-96.18115
54,US-2024-10054-CH,2024-04-05,2024-04-08,Second Class,CUST-12914,United States,Chicago,Illinois,60601,Chocolate,Interior,PROD-8572,Wonka Bar - Nutty Crunch Surprise,351.45,33,178.26999999999998,173.18,3,50.724142836818885,5.402121212121211,5.247878787878788,10.65,Lot's O' Nuts,32.881893,-111.768036
55,US-2024-10055-CH,2026-05-30,2026-06-02,Standard Class,CUST-10395,United States,New York,New York,10001,Sugar,Atlantic,PROD-9885,Fun Dip,303.8,49,94.03,209.77,3,30.95128373930217,1.9189795918367347,4.281020408163266,6.2,Sugar Shack,48.11914,-96.18115
56,US-2024-10056-CH,2024-03-16,2024-03-19,Standard Class,CUST-15486,United States,Seattle,Washington,98101,Other,Pacific,PROD-0345,Lickable Wallpaper,334.37,29,56.389999999999986,277.98,3,16.8645512456261,1.9444827586206892,9.58551724137931,11.53,Secret Factory,41.446333,-90.565487
57,US-2024-10057-CH,2024-04-08,2024-04-12,Second Class,CUST-12156,United States,Henderson,Kentucky,42420,Chocolate,Gulf,PROD-7514,Wonka Bar - Triple Dazzle Caramel,212.3,22,126.93,85.37,4,59.7880357983985,5.7695454545454545,3.880454545454546,9.65,Wicked Choccy's,32.076176,-81.088371
58,US-2024-10058-CH,2024-07-04,2024-07-06,Standard Class,CUST-18010,United States,Atlanta,Georgia,30301,Chocolate,Gulf,PROD-7514,Wonka Bar - Triple Dazzle Caramel,96.96,32,56.64999999999999,40.31,2,58.42615511551155,1.7703124999999997,1.2596875,3.03,Wicked Choccy's,32.076176,-81.088371
59,US-2024-10059-CH,2024-03-14,2024-03-19,Second Class,CUST-16313,United States,Seattle,Washington,98101,Chocolate,Pacific,PROD-3893,Wonka Bar - Fudge Mallows,62.28,18,26.22,36.06,5,42.10019267822736,1.4566666666666666,2.0033333333333334,3.46,Lot's O' Nuts,32.881893,-111.768036
60,US-2024-10060-CH,2026-03-05,2026-03-09,Standard Class,CUST-19580,United States,Philadelphia,Pennsylvania,19143,Sugar,Atlantic,PROD-9885,Fun Dip,44.28,6,13.14,31.14,4,29.67479674796748,2.19,5.19,7.38,Sugar Shack,48.11914,-96.18115
61,US-2024-10061-CH,2025-05-14,2025-05-17,Standard Class,CUST-13486,United States,Naperville,Illinois,60540,Chocolate,Interior,PROD-8572,Wonka Bar - Nutty Crunch Surprise,94.96,8,55.86999999999999,39.09,3,58.83529907329401,6.983749999999999,4.88625,11.87,Lot's O' Nuts,32.881893,-111.768036
62,US-2024-10062-CH,2024-06-15,2024-06-18,Standard Class,CUST-14849,United States,Naperville,Illinois,60540,Chocolate,Interior,PROD-3776,Wonka Bar -Scrumdiddlyumptious,152.28,27,77.45,74.83,3,50.86025742054111,2.8685185185185187,2.7714814814814814,5.64,Lot's O' Nuts,32.881893,-111.768036
63,US-2024-10063-CH,2025-10-21,2025-10-23,Standard Class,CUST-10504,United States,Atlanta,Georgia,30301,Sugar,Gulf,PROD-0725,Hair Toffee,401.94,42,108.63,293.31,2,27.02642185400806,2.5864285714285713,6.9835714285714285,9.57,The Other Factory,35.1175,-89.971107
64,US-2024-10064-CH,2025-02-12,2025-02-17,Same Day,CUST-16316,United States,New York,New York,10001,Other,Atlantic,PROD-2646,Kazookles,259.35,39,77.94000000000003,181.41,5,30.052053209947953,1.9984615384615392,4.651538461538461,6.65,The Other Factory,35.1175,-89.971107
65,US-2024-10065-CH,2024-03-20,2024-03-23,Second Class,CUST-16190,United States,Henderson,Kentucky,42420,Other,Gulf,PROD-0345,Lickable Wallpaper,134.76,12,1.0999999999999943,133.66,3,0.8162659542891024,0.09166666666666619,11.138333333333334,11.229999999999999,Secret Factory,41.446333,-90.565487
66,US-2024-10066-CH,2025-06-09,2025-06-12,First Class,CUST-18120,United States,New York,New York,10001,Sugar,Atlantic,PROD-9885,Fun Dip,16.92,2,6.210000000000001,10.71,3,36.702127659574465,3.1050000000000004,5.355,8.46,Sugar Shack,48.11914,-96.18115
67,US-2024-10067-CH,2026-01-05,2026-01-07,Standard Class,CUST-16819,United States,Atlanta,Georgia,30301,Sugar,Gulf,PROD-2120,Everlasting Gobstopper,266.37,39,67.93,198.44,2,25.50212110973458,1.741794871794872,5.088205128205128,6.83,Secret Factory,41.446333,-90.565487
68,US-2024-10068-CH,2025-11-28,2025-12-01,Same Day,CUST-17102,United States,Los Angeles,California,90049,Other,Pacific,PROD-9359,Fizzy Lifting Drinks,93.96,29,16.36,77.6,3,17.41166453810132,0.5641379310344827,2.6758620689655173,3.2399999999999998,Sugar Shack,48.11914,-96.18115
69,US-2024-10069-CH,2025-12-24,2025-12-28,First Class,CUST-15713,United States,Seattle,Washington,98101,Chocolate,Pacific,PROD-8572,Wonka Bar - Nutty Crunch Surprise,197.96,49,124.27000000000001,73.69,4,62.775308143059206,2.536122448979592,1.503877551020408,4.04,Lot's O' Nuts,32.881893,-111.768036
70,US-2024-10070-CH,2026-03-25,2026-04-01,Standard Class,CUST-11015,United States,Henderson,Kentucky,42420,Chocolate,Gulf,PROD-3776,Wonka Bar -Scrumdiddlyumptious,124.96,11,77.03999999999999,47.92,7,61.651728553137,7.003636363636363,4.356363636363636,11.36,Lot's O' Nuts,32.881893,-111.768036
71,US-2024-10071-CH,2024-03-05,2024-03-08,Standard Class,CUST-13925,United States,Naperville,Illinois,60540,Chocolate,Interior,PROD-8572,Wonka Bar - Nutty Crunch Surprise,188.64,48,103.47999999999999,85.16,3,54.85581000848177,2.1558333333333333,1.7741666666666667,3.9299999999999997,Lot's O' Nuts,32.881893,-111.768036
72,US-2024-10072-CH,2025-04-05,2025-04-07,Standard Class,CUST-12000,United States,New York,New York,10001,Sugar,Atlantic,PROD-2120,Everlasting Gobstopper,270.48,42,45.54000000000002,224.94,2,16.83673469387756,1.0842857142857147,5.355714285714286,6.44,Secret Factory,41.446333,-90.565487
73,US-2024-10073-CH,2026-05-19,2026-05-26,First Class,CUST-17245,United States,Henderson,Kentucky,42420,Chocolate,Gulf,PROD-7514,Wonka Bar - Triple Dazzle Caramel,235.44,24,149.78,85.66,7,63.617057424396876,6.240833333333334,3.5691666666666664,9.81,Wicked Choccy's,32.076176,-81.088371
74,US-2024-10074-CH,2024-02-20,2024-02-23,Second Class,CUST-13419,United States,New York,New York,10001,Sugar,Atlantic,PROD-9885,Fun Dip,23.35,5,8.97,14.38,3,38.41541755888651,1.794,2.8760000000000003,4.67,Sugar Shack,48.11914,-96.18115
75,US-2024-10075-CH,2025-07-04,2025-07-08,Standard Class,CUST-11077,United States,Los Angeles,California,90049,Other,Pacific,PROD-2646,Kazookles,245.7,35,75.63999999999999,170.06,4,30.785510785510784,2.1611428571428566,4.8588571428571425,7.02,The Other Factory,35.1175,-89.971107
76,US-2024-10076-CH,2026-01-03,2026-01-07,Second Class,CUST-16996,United States,Henderson,Kentucky,42420,Sugar,Gulf,PROD-0725,Hair Toffee,67.86,18,7.269999999999996,60.59,4,10.713233127026225,0.4038888888888887,3.3661111111111115,3.77,The Other Factory,35.1175,-89.971107
77,US-2024-10077-CH,2024-03-15,2024-03-18,Second Class,CUST-18017,United States,Philadelphia,Pennsylvania,19143,Other,Atlantic,PROD-9415,Wonka Gum,326.04,39,112.52000000000001,213.52,3,34.511102932155566,2.8851282051282054,5.474871794871795,8.360000000000001,Secret Factory,41.446333,-90.565487
78,US-2024-10078-CH,2025-03-22,2025-03-26,Standard Class,CUST-13177,United States,Houston,Texas,77095,Other,Gulf,PROD-9415,Wonka Gum,264.42,39,86.63000000000002,177.79,4,32.76227214280312,2.221282051282052,4.558717948717948,6.78,Secret Factory,41.446333,-90.565487
79,US-2024-10079-CH,2024-05-12,2024-05-16,Standard Class,CUST-14164,United States,New York,New York,10001,Chocolate,Atlantic,PROD-3776,Wonka Bar -Scrumdiddlyumptious,124.3,11,65.00999999999999,59.29,4,52.3008849557522,5.909999999999999,5.39,11.299999999999999,Lot's O' Nuts,32.881893,-111.768036
80,US-2024-10080-CH,2024-02-22,2024-02-25,Standard Class,CUST-17830,United States,Naperville,Illinois,60540,Chocolate,Interior,PROD-3893,Wonka Bar - Fudge Mallows,352.44,44,171.07,181.37,3,48.53875837021904,3.887954545454545,4.122045454545455,8.01,Lot's O' Nuts,32.881893,-111.768036
81,US-2024-10081-CH,2025-06-03,2025-06-05,Standard Class,CUST-14188,United States,Naperville,Illinois,60540,Sugar,Interior,PROD-6629,SweeTARTS,28.9,5,12.41,16.49,2,42.94117647058824,2.482,3.2979999999999996,5.779999999999999,Sugar Shack,48.11914,-96.18115
82,US-2024-10082-CH,2024-02-20,2024-02-22,Standard Class,CUST-16981,United States,Atlanta,Georgia,30301,Chocolate,Gulf,PROD-3893,Wonka Bar - Fudge Mallows,34.68,6,16.89,17.79,2,48.702422145328725,2.815,2.965,5.78,Lot's O' Nuts,32.881893,-111.768036
83,US-2024-10083-CH,2024-08-20,2024-08-23,Second Class,CUST-17240,United States,Henderson,Kentucky,42420,Chocolate,Gulf,PROD-8572,Wonka Bar - Nutty Crunch Surprise,280.12,47,147.3,132.82,3,52.584606597172645,3.1340425531914895,2.8259574468085105,5.96,Lot's O' Nuts,32.881893,-111.768036
84,US-2024-10084-CH,2024-02-16,2024-02-20,Standard Class,CUST-14432,United States,Seattle,Washington,98101,Other,Pacific,PROD-9359,Fizzy Lifting Drinks,353.28,48,-4.910000000000025,358.19,4,-1.389832427536239,-0.10229166666666718,7.462291666666666,7.359999999999999,Sugar Shack,48.11914,-96.18115
85,US-2024-10085-CH,2024-09-13,2024-09-15,Standard Class,CUST-18717,United States,Athens,Georgia,30605,Other,Gulf,PROD-9359,Fizzy Lifting Drinks,153.0,36,-0.28000000000000114,153.28,2,-0.18300653594771316,-0.00777777777777781,4.257777777777778,4.25,Sugar Shack,48.11914,-96.18115
86,US-2024-10086-CH,2024-03-18,2024-03-21,Standard Class,CUST-15122,United States,Chicago,Illinois,60601,Other,Interior,PROD-9359,Fizzy Lifting Drinks,142.14,46,-2.280000000000001,144.42,3,-1.6040523427606594,-0.04956521739130437,3.1395652173913042,3.09,Sugar Shack,48.11914,-96.18115
87,US-2024-10087-CH,2026-01-19,2026-01-23,Standard Class,CUST-18152,United States,Chicago,Illinois,60601,Other,Interior,PROD-2646,Kazookles,494.04,46,93.14000000000004,400.9,4,18.85272447575096,2.024782608695653,8.715217391304348,10.74,The Other Factory,35.1175,-89.971107
88,US-2024-10088-CH,2024-01-28,2024-01-30,Standard Class,CUST-16288,United States,Henderson,Kentucky,42420,Sugar,Gulf,PROD-6629,SweeTARTS,81.18,18,25.610000000000007,55.57,2,31.547179108154722,1.4227777777777781,3.087222222222222,4.510000000000001,Sugar Shack,48.11914,-96.18115
89,US-2024-10089-CH,2024-01-25,2024-01-29,Standard Class,CUST-19685,United States,Athens,Georgia,30605,Other,Gulf,PROD-0345,Lickable Wallpaper,34.64,4,2.0900000000000034,32.55,4,6.033487297921488,0.5225000000000009,8.1375,8.66,Secret Factory,41.446333,-90.565487
90,US-2024-10090-CH,2025-01-03,2025-01-06,Second Class,CUST-11761,United States,Los Angeles,California,90049,Chocolate,Pacific,PROD-3893,Wonka Bar - Fudge Mallows,223.6,43,109.74,113.86,3,49.07871198568873,2.552093023255814,2.647906976744186,5.2,Lot's O' Nuts,32.881893,-111.768036
91,US-2024-10091-CH,2024-11-10,2024-11-17,Standard Class,CUST-11605,United States,Los Angeles,California,90049,Sugar,Pacific,PROD-2120,Everlasting Gobstopper,432.06,38,44.01999999999998,388.04,7,10.188399759292686,1.1584210526315786,10.211578947368421,11.37,Secret Factory,41.446333,-90.565487
92,US-2024-10092-CH,2024-12-15,2024-12-17,Standard Class,CUST-18434,United States,Athens,Georgia,30605,Sugar,Gulf,PROD-6629,SweeTARTS,128.65,31,55.24000000000001,73.41,2,42.93820443062573,1.781935483870968,2.3680645161290323,4.15,Sugar Shack,48.11914,-96.18115
93,US-2024-10093-CH,2024-08-16,2024-08-23,First Class,CUST-15966,United States,Los Angeles,California,90049,Other,Pacific,PROD-2646,Kazookles,352.64,32,86.03999999999996,266.6,7,24.39882032667876,2.688749999999999,8.33125,11.02,The Other Factory,35.1175,-89.971107
94,US-2024-10094-CH,2026-05-30,2026-06-02,Standard Class,CUST-16316,United States,Naperville,Illinois,60540,Sugar,Interior,PROD-2533,Laffy Taffy,345.15,39,150.43999999999997,194.71,3,43.586846298710704,3.8574358974358964,4.992564102564103,8.85,Sugar Shack,48.11914,-96.18115
95,US-2024-10095-CH,2024-11-21,2024-11-28,Standard Class,CUST-12048,United States,Henderson,Kentucky,42420,Sugar,Gulf,PROD-0725,Hair Toffee,32.7,5,7.420000000000002,25.28,7,22.691131498470952,1.4840000000000004,5.056,6.540000000000001,The Other Factory,35.1175,-89.971107
96,US-2024-10096-CH,2026-03-15,2026-03-18,Standard Class,CUST-10009,United States,Naperville,Illinois,60540,Other,Interior,PROD-9359,Fizzy Lifting Drinks,205.35,37,17.78,187.57,3,8.658388117847577,0.4805405405405406,5.069459459459459,5.55,Sugar Shack,48.11914,-96.18115
97,US-2024-10097-CH,2025-10-11,2025-10-18,Standard Class,CUST-12832,United States,Chicago,Illinois,60601,Chocolate,Interior,PROD-7514,Wonka Bar - Triple Dazzle Caramel,126.0,14,53.17,72.83,7,42.1984126984127,3.797857142857143,5.202142857142857,9.0,Wicked Choccy's,32.076176,-81.088371
98,US-2024-10098-CH,2025-07-03,2025-07-06,Second Class,CUST-11908,United States,Los Angeles,California,90049,Sugar,Pacific,PROD-9885,Fun Dip,108.81,31,45.72,63.09,3,42.01819685690653,1.4748387096774194,2.0351612903225806,3.5100000000000002,Sugar Shack,48.11914,-96.18115
99,US-2024-10099-CH,2025-08-10,2025-08-13,First Class,CUST-18007,United States,Seattle,Washington,98101,Sugar,Pacific,PROD-5646,Nerds,19.08,2,6.959999999999999,12.12,3,36.477987421383645,3.4799999999999995,6.06,9.54,Sugar Shack,48.11914,-96.18115
100,US-2024-10100-CH,2024-08-16,2024-08-19,Standard Class,CUST-10077,United States,Seattle,Washington,98101,Sugar,Pacific,PROD-2120,Everlasting Gobstopper,320.54,31,46.99000000000001,273.55,3,14.659636862794038,1.5158064516129035,8.824193548387097,10.34,Secret Factory,41.446333,-90.565487
101,US-2024-10101-CH,2025-08-23,2025-08-28,Second Class,CUST-16943,United States,Athens,Georgia,30605,Other,Gulf,PROD-9359,Fizzy Lifting Drinks,233.74,26,12.610000000000014,221.13,5,5.394883203559516,0.48500000000000054,8.504999999999999,8.99,Sugar Shack,48.11914,-96.18115
102,US-2024-10102-CH,2026-05-14,2026-05-18,Standard Class,CUST-14033,United States,Naperville,Illinois,60540,Chocolate,Interior,PROD-3776,Wonka Bar -Scrumdiddlyumptious,127.84,16,62.49000000000001,65.35,4,48.8814142678348,3.9056250000000006,4.084375,7.99,Lot's O' Nuts,32.881893,-111.768036
103,US-2024-10103-CH,2025-09-07,2025-09-10,Second Class,CUST-18135,United States,Henderson,Kentucky,42420,Other,Gulf,PROD-9415,Wonka Gum,144.4,40,48.370000000000005,96.03,3,33.49722991689751,1.2092500000000002,2.40075,3.6100000000000003,Secret Factory,41.446333,-90.565487
104,US-2024-10104-CH,2024-01-15,2024-01-20,Second Class,CUST-11120,United States,Athens,Georgia,30605,Other,Gulf,PROD-9359,Fizzy Lifting Drinks,257.38,34,40.04999999999998,217.33,5,15.560649623125332,1.1779411764705878,6.392058823529412,7.57,Sugar Shack,48.11914,-96.18115
105,US-2024-10105-CH,2025-02-14,2025-02-18,First Class,CUST-16028,United States,Henderson,Kentucky,42420,Other,Gulf,PROD-0345,Lickable Wallpaper,39.55,5,4.959999999999994,34.59,4,12.541087231352705,0.9919999999999988,6.918000000000001,7.909999999999999,Secret Factory,41.446333,-90.565487
106,US-2024-10106-CH,2026-05-26,2026-05-28,Standard Class,CUST-12891,United States,Athens,Georgia,30605,Other,Gulf,PROD-2646,Kazookles,161.12,16,22.150000000000006,138.97,2,13.747517378351542,1.3843750000000004,8.685625,10.07,The Other Factory,35.1175,-89.971107
107,US-2024-10107-CH,2025-02-14,2025-02-18,Standard Class,CUST-16166,United States,Philadelphia,Pennsylvania,19143,Other,Atlantic,PROD-0345,Lickable Wallpaper,283.42,37,2.240000000000009,281.18,4,0.7903464822524906,0.06054054054054079,7.599459459459459,7.66,Secret Factory,41.446333,-90.565487
108,US-2024-10108-CH,2024-10-28,2024-11-01,Second Class,CUST-17790,United States,Atlanta,Georgia,30301,Other,Gulf,PROD-2646,Kazookles,217.89,27,49.349999999999994,168.54,4,22.64904309513975,1.8277777777777775,6.242222222222222,8.07,The Other Factory,35.1175,-89.971107
109,US-2024-10109-CH,2024-11-19,2024-11-23,Standard Class,CUST-16024,United States,Athens,Georgia,30605,Sugar,Gulf,PROD-5646,Nerds,350.36,38,98.28,252.08,4,28.05114739125471,2.586315789473684,6.633684210526316,9.22,Sugar Shack,48.11914,-96.18115
110,US-2024-10110-CH,2024-01-29,2024-01-31,Standard Class,CUST-13476,United States,Houston,Texas,77095,Sugar,Gulf,PROD-2533,Laffy Taffy,474.18,42,161.3,312.88,2,34.01661816187946,3.8404761904761906,7.449523809523809,11.290000000000001,Sugar Shack,48.11914,-96.18115
111,US-2024-10111-CH,2024-06-30,2024-07-05,Standard Class,CUST-12708,United States,Athens,Georgia,30605,Other,Gulf,PROD-9359,Fizzy Lifting Drinks,21.52,2,1.4899999999999984,20.03,5,6.923791821561331,0.7449999999999992,10.015,10.76,Sugar Shack,48.11914,-96.18115
112,US-2024-10112-CH,2024-11-04,2024-11-07,Standard Class,CUST-17973,United States,Seattle,Washington,98101,Other,Pacific,PROD-2646,Kazookles,153.09,27,30.549999999999997,122.54,3,19.955581683976746,1.1314814814814813,4.538518518518519,5.67,The Other Factory,35.1175,-89.971107
113,US-2024-10113-CH,2024-07-28,2024-07-31,Standard Class,CUST-11205,United States,Chicago,Illinois,60601,Chocolate,Interior,PROD-3893,Wonka Bar - Fudge Mallows,190.4,28,86.85000000000001,103.55,3,45.61449579831933,3.1017857142857146,3.6982142857142857,6.8,Lot's O' Nuts,32.881893,-111.768036
114,US-2024-10114-CH,2024-06-28,2024-07-01,Standard Class,CUST-12713,United States,Seattle,Washington,98101,Sugar,Pacific,PROD-5646,Nerds,136.5,25,55.43000000000001,81.07,3,40.60805860805861,2.2172,3.2428,5.46,Sugar Shack,48.11914,-96.18115
115,US-2024-10115-CH,2025-04-13,2025-04-16,Standard Class,CUST-15182,United States,Philadelphia,Pennsylvania,19143,Sugar,Atlantic,PROD-0725,Hair Toffee,209.34,18,28.710000000000008,180.63,3,13.71453138435082,1.5950000000000004,10.035,11.63,The Other Factory,35.1175,-89.971107
116,US-2024-10116-CH,2025-07-14,2025-07-17,Standard Class,CUST-18914,United States,Los Angeles,California,90049,Other,Pacific,PROD-0345,Lickable Wallpaper,103.62,33,12.689999999999998,90.93,3,12.246670526925302,0.38454545454545447,2.755454545454546,3.14,Secret Factory,41.446333,-90.565487
117,US-2024-10117-CH,2025-03-04,2025-03-07,Second Class,CUST-16645,United States,New York,New York,10001,Other,Atlantic,PROD-9415,Wonka Gum,133.79,17,15.579999999999998,118.21,3,11.64511547948277,0.916470588235294,6.9535294117647055,7.869999999999999,Secret Factory,41.446333,-90.565487
118,US-2024-10118-CH,2024-04-23,2024-04-26,First Class,CUST-14873,United States,New York,New York,10001,Sugar,Atlantic,PROD-0725,Hair Toffee,21.15,5,6.669999999999998,14.48,3,31.536643026004725,1.3339999999999996,2.896,4.2299999999999995,The Other Factory,35.1175,-89.971107
119,US-2024-10119-CH,2026-05-27,2026-05-30,Second Class,CUST-10832,United States,Houston,Texas,77095,Other,Gulf,PROD-9359,Fizzy Lifting Drinks,93.16,34,-1.3100000000000023,94.47,3,-1.406182911120655,-0.03852941176470595,2.7785294117647057,2.7399999999999998,Sugar Shack,48.11914,-96.18115
120,US-2024-10120-CH,2026-04-14,2026-04-17,Standard Class,CUST-17776,United States,Chicago,Illinois,60601,Sugar,Interior,PROD-9885,Fun Dip,31.41,9,12.879999999999999,18.53,3,41.00604902897167,1.431111111111111,2.058888888888889,3.49,Sugar Shack,48.11914,-96.18115
121,US-2024-10121-CH,2025-02-21,2025-02-26,First Class,CUST-14547,United States,Los Angeles,California,90049,Sugar,Pacific,PROD-0725,Hair Toffee,234.0,25,73.46000000000001,160.54,5,31.3931623931624,2.9384,6.4216,9.36,The Other Factory,35.1175,-89.971107
122,US-2024-10122-CH,2024-06-30,2024-07-03,Second Class,CUST-12198,United States,Henderson,Kentucky,42420,Chocolate,Gulf,PROD-0874,Wonka Bar - Milk Chocolate,178.56,32,75.3,103.26,3,42.170698924731184,2.353125,3.226875,5.58,Wicked Choccy's,32.076176,-81.088371
123,US-2024-10123-CH,2025-09-15,2025-09-17,First Class,CUST-16852,United States,Houston,Texas,77095,Chocolate,Gulf,PROD-7514,Wonka Bar - Triple Dazzle Caramel,318.57,37,183.48999999999998,135.08,2,57.598016134601494,4.959189189189189,3.6508108108108113,8.61,Wicked Choccy's,32.076176,-81.088371
124,US-2024-10124-CH,2025-01-20,2025-01-23,Second Class,CUST-17083,United States,Atlanta,Georgia,30301,Chocolate,Gulf,PROD-0874,Wonka Bar - Milk Chocolate,135.07,13,65.67999999999999,69.39,3,48.62663803953505,5.052307692307692,5.337692307692308,10.389999999999999,Wicked Choccy's,32.076176,-81.088371
125,US-2024-10125-CH,2025-05-20,2025-05-24,Same Day,CUST-14223,United States,Athens,Georgia,30605,Chocolate,Gulf,PROD-3776,Wonka Bar -Scrumdiddlyumptious,89.75,25,48.59,41.16,4,54.139275766016716,1.9436000000000002,1.6463999999999999,3.59,Lot's O' Nuts,32.881893,-111.768036
126,US-2024-10126-CH,2024-04-24,2024-04-27,Standard Class,CUST-15877,United States,Philadelphia,Pennsylvania,19143,Chocolate,Atlantic,PROD-8572,Wonka Bar - Nutty Crunch Surprise,76.5,10,42.72,33.78,3,55.84313725490196,4.272,3.378,7.65,Lot's O' Nuts,32.881893,-111.768036
127,US-2024-10127-CH,2025-10-27,2025-10-30,First Class,CUST-15475,United States,Athens,Georgia,30605,Sugar,Gulf,PROD-2533,Laffy Taffy,417.22,46,161.31000000000003,255.91,3,38.66305546234601,3.5067391304347835,5.563260869565218,9.07,Sugar Shack,48.11914,-96.18115
128,US-2024-10128-CH,2024-02-03,2024-02-06,Standard Class,CUST-10341,United States,Naperville,Illinois,60540,Sugar,Interior,PROD-9885,Fun Dip,187.98,26,74.07,113.91,3,39.40312799233961,2.8488461538461536,4.381153846153846,7.2299999999999995,Sugar Shack,48.11914,-96.18115
129,US-2024-10129-CH,2024-10-13,2024-10-18,Standard Class,CUST-19900,United States,Seattle,Washington,98101,Chocolate,Pacific,PROD-7514,Wonka Bar - Triple Dazzle Caramel,200.08,41,111.70000000000002,88.38,5,55.82766893242703,2.7243902439024392,2.1556097560975607,4.88,Wicked Choccy's,32.076176,-81.088371
130,US-2024-10130-CH,2025-04-20,2025-04-24,Second Class,CUST-12866,United States,Atlanta,Georgia,30301,Chocolate,Gulf,PROD-8572,Wonka Bar - Nutty Crunch Surprise,138.65,47,61.22,77.43,4,44.15434547421565,1.3025531914893618,1.6474468085106384,2.95,Lot's O' Nuts,32.881893,-111.768036
131,US-2024-10131-CH,2025-01-05,2025-01-08,First Class,CUST-18378,United States,Athens,Georgia,30605,Chocolate,Gulf,PROD-7514,Wonka Bar - Triple Dazzle Caramel,229.9,22,117.09,112.81,3,50.9308394954328,5.322272727272727,5.127727272727273,10.450000000000001,Wicked Choccy's,32.076176,-81.088371
132,US-2024-10132-CH,2024-08-14,2024-08-21,Standard Class,CUST-19977,United States,Los Angeles,California,90049,Sugar,Pacific,PROD-6629,SweeTARTS,554.88,48,153.7,401.18,7,27.69968281430219,3.202083333333333,8.357916666666666,11.56,Sugar Shack,48.11914,-96.18115
133,US-2024-10133-CH,2025-04-11,2025-04-14,Standard Class,CUST-10153,United States,Athens,Georgia,30605,Chocolate,Gulf,PROD-0874,Wonka Bar - Milk Chocolate,463.76,44,296.25,167.51,3,63.880024150422635,6.732954545454546,3.807045454545454,10.54,Wicked Choccy's,32.076176,-81.088371
134,US-2024-10134-CH,2024-03-13,2024-03-15,Standard Class,CUST-17970,United States,Henderson,Kentucky,42420,Chocolate,Gulf,PROD-3893,Wonka Bar - Fudge Mallows,115.56,18,66.59,48.97,2,57.62374524056767,3.6994444444444445,2.7205555555555554,6.42,Lot's O' Nuts,32.881893,-111.768036
135,US-2024-10135-CH,2024-08-16,2024-08-18,Standard Class,CUST-14090,United States,Philadelphia,Pennsylvania,19143,Chocolate,Atlantic,PROD-3776,Wonka Bar -Scrumdiddlyumptious,79.05,31,33.66,45.39,2,42.58064516129032,1.0858064516129031,1.4641935483870967,2.55,Lot's O' Nuts,32.881893,-111.768036
136,US-2024-10136-CH,2024-11-25,2024-11-29,Second Class,CUST-12708,United States,New York,New York,10001,Chocolate,Atlantic,PROD-8572,Wonka Bar - Nutty Crunch Surprise,159.36,48,101.92000000000002,57.44,4,63.9558232931727,2.1233333333333335,1.1966666666666665,3.3200000000000003,Lot's O' Nuts,32.881893,-111.768036
137,US-2024-10137-CH,2025-04-29,2025-05-03,Second Class,CUST-13993,United States,Chicago,Illinois,60601,Chocolate,Interior,PROD-8572,Wonka Bar - Nutty Crunch Surprise,82.74,7,51.779999999999994,30.96,4,62.58158085569253,7.397142857142856,4.422857142857143,11.819999999999999,Lot's O' Nuts,32.881893,-111.768036
138,US-2024-10138-CH,2024-02-16,2024-02-18,Standard Class,CUST-10390,United States,Atlanta,Georgia,30301,Sugar,Gulf,PROD-9885,Fun Dip,191.93,17,54.91,137.02,2,28.60938883968113,3.23,8.06,11.290000000000001,Sugar Shack,48.11914,-96.18115
139,US-2024-10139-CH,2025-06-02,2025-06-05,Second Class,CUST-13294,United States,Henderson,Kentucky,42420,Other,Gulf,PROD-9415,Wonka Gum,176.4,49,36.24000000000001,140.16,3,20.544217687074834,0.7395918367346941,2.8604081632653062,3.6,Secret Factory,41.446333,-90.565487
140,US-2024-10140-CH,2025-02-05,2025-02-08,Standard Class,CUST-17980,United States,Athens,Georgia,30605,Other,Gulf,PROD-9415,Wonka Gum,114.0,40,28.39,85.61,3,24.903508771929825,0.70975,2.14025,2.85,Secret Factory,41.446333,-90.565487
141,US-2024-10141-CH,2026-03-15,2026-03-18,Standard Class,CUST-16640,United States,Houston,Texas,77095,Chocolate,Gulf,PROD-3893,Wonka Bar - Fudge Mallows,253.53,27,105.55000000000001,147.98,3,41.632153985721615,3.90925925925926,5.480740740740741,9.39,Lot's O' Nuts,32.881893,-111.768036
142,US-2024-10142-CH,2025-01-31,2025-02-04,Standard Class,CUST-18930,United States,Naperville,Illinois,60540,Chocolate,Interior,PROD-0874,Wonka Bar - Milk Chocolate,111.35,17,68.94,42.41,4,61.91288729232151,4.055294117647058,2.494705882352941,6.55,Wicked Choccy's,32.076176,-81.088371
143,US-2024-10143-CH,2025-02-17,2025-02-19,Second Class,CUST-17206,United States,Philadelphia,Pennsylvania,19143,Other,Atlantic,PROD-9359,Fizzy Lifting Drinks,105.28,14,17.47,87.81,2,16.59384498480243,1.2478571428571428,6.272142857142858,7.5200000000000005,Sugar Shack,48.11914,-96.18115
144,US-2024-10144-CH,2024-01-29,2024-02-02,Standard Class,CUST-11771,United States,Athens,Georgia,30605,Other,Gulf,PROD-9415,Wonka Gum,85.8,30,18.86999999999999,66.93,4,21.993006993006983,0.6289999999999997,2.2310000000000003,2.86,Secret Factory,41.446333,-90.565487
145,US-2024-10145-CH,2024-09-22,2024-09-24,Standard Class,CUST-11165,United States,Seattle,Washington,98101,Other,Pacific,PROD-2646,Kazookles,298.4,40,84.46999999999997,213.93,2,28.30764075067023,2.1117499999999993,5.34825,7.459999999999999,The Other Factory,35.1175,-89.971107
146,US-2024-10146-CH,2024-11-19,2024-11-23,Same Day,CUST-12632,United States,Philadelphia,Pennsylvania,19143,Sugar,Atlantic,PROD-5646,Nerds,110.2,38,27.939999999999998,82.26,4,25.353901996370233,0.7352631578947367,2.1647368421052633,2.9,Sugar Shack,48.11914,-96.18115
147,US-2024-10147-CH,2026-06-07,2026-06-11,Standard Class,CUST-14805,United States,New York,New York,10001,Other,Atlantic,PROD-2646,Kazookles,150.67,13,45.12999999999998,105.54,4,29.952877148735634,3.47153846153846,8.118461538461538,11.59,The Other Factory,35.1175,-89.971107
148,US-2024-10148-CH,2024-11-14,2024-11-21,Second Class,CUST-15690,United States,Los Angeles,California,90049,Sugar,Pacific,PROD-6629,SweeTARTS,133.08,12,59.60000000000001,73.48,7,44.78509167418095,4.966666666666668,6.123333333333334,11.090000000000002,Sugar Shack,48.11914,-96.18115
149,US-2024-10149-CH,2026-05-10,2026-05-14,Standard Class,CUST-10936,United States,Athens,Georgia,30605,Sugar,Gulf,PROD-5646,Nerds,167.44,46,43.42999999999999,124.01,4,25.93764930721452,0.9441304347826085,2.6958695652173916,3.64,Sugar Shack,48.11914,-96.18115
150,US-2024-10150-CH,2024-09-15,2024-09-20,First Class,CUST-11913,United States,Atlanta,Georgia,30301,Chocolate,Gulf,PROD-8572,Wonka Bar - Nutty Crunch Surprise,18.3,6,11.75,6.55,5,64.20765027322403,1.9583333333333333,1.0916666666666666,3.0500000000000003,Lot's O' Nuts,32.881893,-111.768036
151,US-2024-10151-CH,2025-02-22,2025-02-26,Standard Class,CUST-17287,United States,Atlanta,Georgia,30301,Chocolate,Gulf,PROD-8572,Wonka Bar - Nutty Crunch Surprise,71.28,18,43.05,28.23,4,60.39562289562289,2.3916666666666666,1.5683333333333334,3.96,Lot's O' Nuts,32.881893,-111.768036
152,US-2024-10152-CH,2024-11-24,2024-11-29,Standard Class,CUST-19179,United States,Seattle,Washington,98101,Other,Pacific,PROD-0345,Lickable Wallpaper,128.06,38,19.439999999999998,108.62,5,15.180384194908633,0.511578947368421,2.858421052631579,3.37,Secret Factory,41.446333,-90.565487
153,US-2024-10153-CH,2024-07-13,2024-07-20,First Class,CUST-19610,United States,Seattle,Washington,98101,Other,Pacific,PROD-0345,Lickable Wallpaper,36.92,13,0.9500000000000028,35.97,7,2.5731310942578625,0.07307692307692329,2.766923076923077,2.8400000000000003,Secret Factory,41.446333,-90.565487
154,US-2024-10154-CH,2024-05-03,2024-05-06,Standard Class,CUST-18228,United States,Philadelphia,Pennsylvania,19143,Sugar,Atlantic,PROD-2120,Everlasting Gobstopper,81.99,9,9.199999999999989,72.79,3,11.220880595194522,1.022222222222221,8.087777777777779,9.11,Secret Factory,41.446333,-90.565487
155,US-2024-10155-CH,2025-08-15,2025-08-17,First Class,CUST-11591,United States,Henderson,Kentucky,42420,Sugar,Gulf,PROD-0725,Hair Toffee,325.22,46,80.69000000000003,244.53,2,24.810897238792208,1.7541304347826092,5.315869565217391,7.07,The Other Factory,35.1175,-89.971107
156,US-2024-10156-CH,2024-02-09,2024-02-12,First Class,CUST-12139,United States,Philadelphia,Pennsylvania,19143,Sugar,Atlantic,PROD-5646,Nerds,435.62,46,154.32,281.3,3,35.42537073596254,3.354782608695652,6.115217391304348,9.47,Sugar Shack,48.11914,-96.18115
157,US-2024-10157-CH,2026-02-19,2026-02-24,Second Class,CUST-14795,United States,Seattle,Washington,98101,Chocolate,Pacific,PROD-8572,Wonka Bar - Nutty Crunch Surprise,294.84,26,125.73999999999998,169.1,5,42.64685931352597,4.836153846153845,6.503846153846154,11.34,Lot's O' Nuts,32.881893,-111.768036
158,US-2024-10158-CH,2026-01-16,2026-01-23,Standard Class,CUST-13741,United States,Henderson,Kentucky,42420,Sugar,Gulf,PROD-6629,SweeTARTS,331.2,32,91.33999999999997,239.86,7,27.57850241545893,2.854374999999999,7.495625,10.35,Sugar Shack,48.11914,-96.18115
159,US-2024-10159-CH,2024-12-21,2024-12-24,Standard Class,CUST-19882,United States,Philadelphia,Pennsylvania,19143,Sugar,Atlantic,PROD-6629,SweeTARTS,102.48,14,25.75,76.73,3,25.12685402029664,1.8392857142857142,5.480714285714286,7.32,Sugar Shack,48.11914,-96.18115
160,US-2024-10160-CH,2024-01-17,2024-01-19,Second Class,CUST-15445,United States,Seattle,Washington,98101,Chocolate,Pacific,PROD-8572,Wonka Bar - Nutty Crunch Surprise,298.2,35,159.54,138.66,2,53.501006036217305,4.558285714285714,3.9617142857142857,8.52,Lot's O' Nuts,32.881893,-111.768036
161,US-2024-10161-CH,2025-08-08,2025-08-11,First Class,CUST-15084,United States,Chicago,Illinois,60601,Chocolate,Interior,PROD-3776,Wonka Bar -Scrumdiddlyumptious,201.25,35,112.33,88.92,3,55.816149068322986,3.2094285714285715,2.5405714285714285,5.75,Lot's O' Nuts,32.881893,-111.768036
162,US-2024-10162-CH,2026-05-13,2026-05-17,Standard Class,CUST-18073,United States,Athens,Georgia,30605,Sugar,Gulf,PROD-2533,Laffy Taffy,26.8,5,10.5,16.3,4,39.179104477611936,2.1,3.2600000000000002,5.36,Sugar Shack,48.11914,-96.18115
163,US-2024-10163-CH,2024-01-22,2024-01-26,Same Day,CUST-18954,United States,New York,New York,10001,Sugar,Atlantic,PROD-2533,Laffy Taffy,204.82,19,91.08,113.74,4,44.46831364124597,4.793684210526315,5.986315789473684,10.78,Sugar Shack,48.11914,-96.18115
164,US-2024-10164-CH,2025-01-15,2025-01-18,Standard Class,CUST-19645,United States,Athens,Georgia,30605,Chocolate,Gulf,PROD-3776,Wonka Bar -Scrumdiddlyumptious,81.3,30,39.099999999999994,42.2,3,48.09348093480934,1.3033333333333332,1.4066666666666667,2.71,Lot's O' Nuts,32.881893,-111.768036
165,US-2024-10165-CH,2024-04-08,2024-04-11,Standard Class,CUST-11823,United States,Athens,Georgia,30605,Chocolate,Gulf,PROD-3893,Wonka Bar - Fudge Mallows,300.4,40,182.19,118.21,3,60.649134487350196,4.55475,2.95525,7.51,Lot's O' Nuts,32.881893,-111.768036
166,US-2024-10166-CH,2024-01-22,2024-01-24,Standard Class,CUST-14116,United States,Athens,Georgia,30605,Chocolate,Gulf,PROD-3893,Wonka Bar - Fudge Mallows,46.12,4,20.189999999999998,25.93,2,43.77710320901995,5.047499999999999,6.4825,11.53,Lot's O' Nuts,32.881893,-111.768036
167,US-2024-10167-CH,2024-03-24,2024-03-27,First Class,CUST-13598,United States,Henderson,Kentucky,42420,Other,Gulf,PROD-2646,Kazookles,71.1,6,14.389999999999993,56.71,3,20.239099859353015,2.398333333333332,9.451666666666666,11.85,The Other Factory,35.1175,-89.971107
168,US-2024-10168-CH,2026-04-11,2026-04-16,Standard Class,CUST-11607,United States,Houston,Texas,77095,Chocolate,Gulf,PROD-3893,Wonka Bar - Fudge Mallows,150.0,25,92.41,57.59,5,61.60666666666666,3.6963999999999997,2.3036000000000003,6.0,Lot's O' Nuts,32.881893,-111.768036
169,US-2024-10169-CH,2025-10-18,2025-10-20,Second Class,CUST-10959,United States,Seattle,Washington,98101,Sugar,Pacific,PROD-0725,Hair Toffee,88.38,9,27.499999999999993,60.88,2,31.11563702195066,3.055555555555555,6.764444444444445,9.82,The Other Factory,35.1175,-89.971107
170,US-2024-10170-CH,2025-06-19,2025-06-26,Standard Class,CUST-11875,United States,Henderson,Kentucky,42420,Sugar,Gulf,PROD-0725,Hair Toffee,17.04,4,3.67,13.37,7,21.537558685446008,0.9175,3.3425,4.26,The Other Factory,35.1175,-89.971107
171,US-2024-10171-CH,2025-11-08,2025-11-11,Second Class,CUST-18586,United States,Seattle,Washington,98101,Chocolate,Pacific,PROD-0874,Wonka Bar - Milk Chocolate,184.69,23,86.3,98.39,3,46.72694785857382,3.752173913043478,4.277826086956522,8.03,Wicked Choccy's,32.076176,-81.088371
172,US-2024-10172-CH,2024-03-12,2024-03-15,Second Class,CUST-19759,United States,New York,New York,10001,Other,Atlantic,PROD-0345,Lickable Wallpaper,193.13,31,11.659999999999997,181.47,3,6.0373841453942925,0.37612903225806443,5.853870967741935,6.2299999999999995,Secret Factory,41.446333,-90.565487
173,US-2024-10173-CH,2026-03-11,2026-03-18,Standard Class,CUST-16731,United States,Seattle,Washington,98101,Sugar,Pacific,PROD-2120,Everlasting Gobstopper,120.96,42,26.629999999999995,94.33,7,22.015542328042326,0.634047619047619,2.2459523809523807,2.88,Secret Factory,41.446333,-90.565487
174,US-2024-10174-CH,2024-03-26,2024-03-29,Standard Class,CUST-10001,United States,Naperville,Illinois,60540,Sugar,Interior,PROD-9885,Fun Dip,265.88,34,66.99000000000001,198.89,3,25.19557695200843,1.9702941176470592,5.849705882352941,7.82,Sugar Shack,48.11914,-96.18115
175,US-2024-10175-CH,2026-01-14,2026-01-17,Standard Class,CUST-17014,United States,New York,New York,10001,Chocolate,Atlantic,PROD-8572,Wonka Bar - Nutty Crunch Surprise,351.22,34,171.90000000000003,179.32,3,48.943682022663864,5.055882352941177,5.274117647058823,10.33,Lot's O' Nuts,32.881893,-111.768036
176,US-2024-10176-CH,2024-05-22,2024-05-25,Second Class,CUST-11925,United States,Atlanta,Georgia,30301,Other,Gulf,PROD-9359,Fizzy Lifting Drinks,157.05,45,15.140000000000015,141.91,3,9.640241961158875,0.33644444444444477,3.1535555555555557,3.49,Sugar Shack,48.11914,-96.18115
177,US-2024-10177-CH,2024-03-13,2024-03-15,First Class,CUST-13389,United States,Naperville,Illinois,60540,Sugar,Interior,PROD-9885,Fun Dip,176.22,33,77.02,99.2,2,43.70673022358416,2.333939393939394,3.0060606060606063,5.34,Sugar Shack,48.11914,-96.18115
178,US-2024-10178-CH,2025-04-03,2025-04-08,Standard Class,CUST-17294,United States,Chicago,Illinois,60601,Chocolate,Interior,PROD-0874,Wonka Bar - Milk Chocolate,40.9,5,24.369999999999997,16.53,5,59.5843520782396,4.874,3.306,8.18,Wicked Choccy's,32.076176,-81.088371
179,US-2024-10179-CH,2024-01-14,2024-01-16,First Class,CUST-13638,United States,Atlanta,Georgia,30301,Sugar,Gulf,PROD-9885,Fun Dip,63.05,13,17.769999999999996,45.28,2,28.183980967486118,1.3669230769230767,3.483076923076923,4.85,Sugar Shack,48.11914,-96.18115
180,US-2024-10180-CH,2025-11-15,2025-11-17,Second Class,CUST-10661,United States,Athens,Georgia,30605,Other,Gulf,PROD-9415,Wonka Gum,238.59,33,56.99000000000001,181.6,2,23.88616455006497,1.7269696969696973,5.503030303030303,7.23,Secret Factory,41.446333,-90.565487
181,US-2024-10181-CH,2026-05-22,2026-05-25,Standard Class,CUST-16078,United States,Los Angeles,California,90049,Chocolate,Pacific,PROD-7514,Wonka Bar - Triple Dazzle Caramel,127.6,29,72.74,54.86,3,57.006269592476485,2.5082758620689654,1.8917241379310346,4.3999999999999995,Wicked Choccy's,32.076176,-81.088371
182,US-2024-10182-CH,2024-11-27,2024-11-29,Standard Class,CUST-19579,United States,New York,New York,10001,Other,Atlantic,PROD-2646,Kazookles,207.02,22,59.140000000000015,147.88,2,28.56728818471646,2.688181818181819,6.721818181818182,9.41,The Other Factory,35.1175,-89.971107
183,US-2024-10183-CH,2024-05-31,2024-06-03,Standard Class,CUST-19633,United States,Athens,Georgia,30605,Other,Gulf,PROD-9415,Wonka Gum,266.97,33,28.660000000000025,238.31,3,10.735288609207034,0.8684848484848492,7.221515151515152,8.090000000000002,Secret Factory,41.446333,-90.565487
184,US-2024-10184-CH,2024-10-21,2024-10-24,First Class,CUST-17904,United States,Naperville,Illinois,60540,Chocolate,Interior,PROD-0874,Wonka Bar - Milk Chocolate,79.95,13,41.290000000000006,38.66,3,51.64477798624141,3.1761538461538468,2.9738461538461536,6.15,Wicked Choccy's,32.076176,-81.088371
185,US-2024-10185-CH,2025-06-03,2025-06-06,Same Day,CUST-10374,United States,Atlanta,Georgia,30301,Chocolate,Gulf,PROD-3776,Wonka Bar -Scrumdiddlyumptious,130.51,31,59.94999999999999,70.56,3,45.93517738104359,1.933870967741935,2.2761290322580647,4.21,Lot's O' Nuts,32.881893,-111.768036
186,US-2024-10186-CH,2025-07-06,2025-07-09,Second Class,CUST-13814,United States,Henderson,Kentucky,42420,Chocolate,Gulf,PROD-7514,Wonka Bar - Triple Dazzle Caramel,390.24,48,212.62,177.62,3,54.48441984419844,4.429583333333333,3.700416666666667,8.13,Wicked Choccy's,32.076176,-81.088371
187,US-2024-10187-CH,2026-06-09,2026-06-12,Standard Class,CUST-15543,United States,New York,New York,10001,Sugar,Atlantic,PROD-2533,Laffy Taffy,143.55,29,54.74000000000001,88.81,3,38.13305468477883,1.887586206896552,3.0624137931034485,4.95,Sugar Shack,48.11914,-96.18115
188,US-2024-10188-CH,2025-11-06,2025-11-13,Standard Class,CUST-15724,United States,Los Angeles,California,90049,Sugar,Pacific,PROD-0725,Hair Toffee,227.04,48,72.85999999999999,154.18,7,32.09126145172656,1.5179166666666664,3.2120833333333336,4.7299999999999995,The Other Factory,35.1175,-89.971107
189,US-2024-10189-CH,2024-09-13,2024-09-16,Standard Class,CUST-16099,United States,Seattle,Washington,98101,Other,Pacific,PROD-9359,Fizzy Lifting Drinks,75.24,9,8.469999999999999,66.77,3,11.257309941520468,0.941111111111111,7.418888888888889,8.36,Sugar Shack,48.11914,-96.18115
190,US-2024-10190-CH,2024-04-16,2024-04-20,Second Class,CUST-12203,United States,Seattle,Washington,98101,Sugar,Pacific,PROD-0725,Hair Toffee,287.66,38,84.99000000000004,202.67,4,29.545296530626448,2.236578947368422,5.333421052631579,7.57,The Other Factory,35.1175,-89.971107
191,US-2024-10191-CH,2025-09-11,2025-09-14,Standard Class,CUST-19235,United States,Naperville,Illinois,60540,Other,Interior,PROD-2646,Kazookles,106.26,21,12.14,94.12,3,11.42480707698099,0.5780952380952381,4.4819047619047625,5.0600000000000005,The Other Factory,35.1175,-89.971107
192,US-2024-10192-CH,2024-04-28,2024-05-01,Standard Class,CUST-11229,United States,New York,New York,10001,Other,Atlantic,PROD-9359,Fizzy Lifting Drinks,432.06,38,9.810000000000002,422.25,3,2.2705179836133875,0.25815789473684214,11.111842105263158,11.37,Sugar Shack,48.11914,-96.18115
193,US-2024-10193-CH,2024-10-02,2024-10-09,Standard Class,CUST-19400,United States,Atlanta,Georgia,30301,Sugar,Gulf,PROD-0725,Hair Toffee,225.5,25,23.53,201.97,7,10.43458980044346,0.9412,8.0788,9.02,The Other Factory,35.1175,-89.971107
194,US-2024-10194-CH,2025-05-09,2025-05-12,Standard Class,CUST-11969,United States,Los Angeles,California,90049,Sugar,Pacific,PROD-6629,SweeTARTS,212.16,24,58.97,153.19,3,27.795060331825038,2.4570833333333333,6.382916666666667,8.84,Sugar Shack,48.11914,-96.18115
195,US-2024-10195-CH,2024-01-08,2024-01-15,Standard Class,CUST-19710,United States,Chicago,Illinois,60601,Other,Interior,PROD-9359,Fizzy Lifting Drinks,18.88,2,-0.2699999999999996,19.15,7,-1.4300847457627097,-0.1349999999999998,9.575,9.44,Sugar Shack,48.11914,-96.18115
196,US-2024-10196-CH,2024-07-11,2024-07-16,Standard Class,CUST-17705,United States,Philadelphia,Pennsylvania,19143,Sugar,Atlantic,PROD-2533,Laffy Taffy,163.62,27,41.480000000000004,122.14,5,25.35142403129202,1.5362962962962965,4.523703703703704,6.0600000000000005,Sugar Shack,48.11914,-96.18115
197,US-2024-10197-CH,2026-05-30,2026-06-01,Second Class,CUST-13124,United States,Los Angeles,California,90049,Sugar,Pacific,PROD-5646,Nerds,90.54,9,39.27,51.27,2,43.37309476474486,4.363333333333333,5.696666666666667,10.06,Sugar Shack,48.11914,-96.18115
198,US-2024-10198-CH,2025-08-24,2025-08-27,Same Day,CUST-17848,United States,Seattle,Washington,98101,Chocolate,Pacific,PROD-7514,Wonka Bar - Triple Dazzle Caramel,35.97,3,14.82,21.15,3,41.20100083402836,4.94,7.05,11.99,Wicked Choccy's,32.076176,-81.088371
199,US-2024-10199-CH,2026-01-26,2026-01-29,Second Class,CUST-11667,United States,Seattle,Washington,98101,Sugar,Pacific,PROD-9885,Fun Dip,148.68,42,56.510000000000005,92.17,3,38.00780199085284,1.3454761904761905,2.1945238095238095,3.54,Sugar Shack,48.11914,-96.18115
200,US-2024-10200-CH,2025-03-29,2025-04-05,First Class,CUST-11367,United States,Houston,Texas,77095,Sugar,Gulf,PROD-2533,Laffy Taffy,141.12,14,47.57000000000001,93.55,7,33.70890022675737,3.3978571428571436,6.682142857142857,10.08,Sugar Shack,48.11914,-96.18115
201,US-2024-10201-CH,2025-03-30,2025-04-01,Standard Class,CUST-12875,United States,Naperville,Illinois,60540,Other,Interior,PROD-9415,Wonka Gum,135.84,16,34.290000000000006,101.55,2,25.242932862190813,2.1431250000000004,6.346875,8.49,Secret Factory,41.446333,-90.565487
202,US-2024-10202-CH,2025-02-20,2025-02-23,Second Class,CUST-17117,United States,Seattle,Washington,98101,Other,Pacific,PROD-0345,Lickable Wallpaper,167.76,36,-5.560000000000002,173.32,3,-3.3142584644730584,-0.1544444444444445,4.814444444444444,4.66,Secret Factory,41.446333,-90.565487
203,US-2024-10203-CH,2026-02-15,2026-02-18,First Class,CUST-11177,United States,Philadelphia,Pennsylvania,19143,Other,Atlantic,PROD-9359,Fizzy Lifting Drinks,311.58,27,45.129999999999995,266.45,3,14.484241607291867,1.6714814814814813,9.868518518518519,11.54,Sugar Shack,48.11914,-96.18115
204,US-2024-10204-CH,2024-10-30,2024-11-02,Standard Class,CUST-16570,United States,Henderson,Kentucky,42420,Sugar,Gulf,PROD-9885,Fun Dip,316.35,45,104.04000000000002,212.31,3,32.88762446657184,2.3120000000000003,4.718,7.03,Sugar Shack,48.11914,-96.18115
205,US-2024-10205-CH,2025-02-10,2025-02-13,Standard Class,CUST-18906,United States,Henderson,Kentucky,42420,Other,Gulf,PROD-0345,Lickable Wallpaper,147.05,17,23.02000000000001,124.03,3,15.654539272356347,1.354117647058824,7.2958823529411765,8.65,Secret Factory,41.446333,-90.565487
206,US-2024-10206-CH,2026-02-27,2026-03-02,Standard Class,CUST-13610,United States,Athens,Georgia,30605,Chocolate,Gulf,PROD-3776,Wonka Bar -Scrumdiddlyumptious,69.2,20,36.09,33.11,3,52.15317919075145,1.8045000000000002,1.6555,3.46,Lot's O' Nuts,32.881893,-111.768036
207,US-2024-10207-CH,2025-10-09,2025-10-12,Same Day,CUST-12137,United States,Houston,Texas,77095,Other,Gulf,PROD-0345,Lickable Wallpaper,344.84,37,14.479999999999961,330.36,3,4.199048834241957,0.3913513513513503,8.928648648648648,9.319999999999999,Secret Factory,41.446333,-90.565487
208,US-2024-10208-CH,2024-12-16,2024-12-21,Standard Class,CUST-18105,United States,Chicago,Illinois,60601,Sugar,Interior,PROD-9885,Fun Dip,299.6,40,117.39000000000001,182.21,5,39.18224299065421,2.93475,4.55525,7.49,Sugar Shack,48.11914,-96.18115
209,US-2024-10209-CH,2024-02-05,2024-02-08,Standard Class,CUST-16284,United States,Atlanta,Georgia,30301,Other,Gulf,PROD-0345,Lickable Wallpaper,82.0,8,2.9399999999999977,79.06,3,3.5853658536585336,0.3674999999999997,9.8825,10.25,Secret Factory,41.446333,-90.565487
210,US-2024-10210-CH,2024-04-27,2024-04-30,Second Class,CUST-15752,United States,Naperville,Illinois,60540,Sugar,Interior,PROD-6629,SweeTARTS,135.43,29,39.60000000000001,95.83,3,29.240197888207938,1.3655172413793106,3.3044827586206895,4.67,Sugar Shack,48.11914,-96.18115
211,US-2024-10211-CH,2025-08-06,2025-08-10,Second Class,CUST-13683,United States,Atlanta,Georgia,30301,Other,Gulf,PROD-0345,Lickable Wallpaper,133.11,27,2.5900000000000034,130.52,4,1.9457591465705077,0.09592592592592605,4.834074074074074,4.930000000000001,Secret Factory,41.446333,-90.565487
212,US-2024-10212-CH,2024-07-20,2024-07-25,Standard Class,CUST-19776,United States,Chicago,Illinois,60601,Sugar,Interior,PROD-0725,Hair Toffee,168.6,20,35.900000000000006,132.7,5,21.293001186239625,1.7950000000000004,6.635,8.43,The Other Factory,35.1175,-89.971107
213,US-2024-10213-CH,2025-11-03,2025-11-06,Standard Class,CUST-17622,United States,Philadelphia,Pennsylvania,19143,Chocolate,Atlantic,PROD-3776,Wonka Bar -Scrumdiddlyumptious,75.6,18,36.13999999999999,39.46,3,47.8042328042328,2.007777777777777,2.192222222222222,4.199999999999999,Lot's O' Nuts,32.881893,-111.768036
214,US-2024-10214-CH,2025-08-12,2025-08-16,Second Class,CUST-19769,United States,Atlanta,Georgia,30301,Sugar,Gulf,PROD-2120,Everlasting Gobstopper,308.88,26,41.420000000000016,267.46,4,13.409738409738415,1.5930769230769237,10.286923076923076,11.879999999999999,Secret Factory,41.446333,-90.565487
215,US-2024-10215-CH,2026-01-22,2026-01-24,Second Class,CUST-19382,United States,Chicago,Illinois,60601,Sugar,Interior,PROD-2533,Laffy Taffy,93.0,25,25.189999999999998,67.81,2,27.08602150537634,1.0075999999999998,2.7124,3.72,Sugar Shack,48.11914,-96.18115
216,US-2024-10216-CH,2026-01-13,2026-01-17,Standard Class,CUST-12472,United States,Athens,Georgia,30605,Other,Gulf,PROD-0345,Lickable Wallpaper,159.84,37,3.9000000000000057,155.94,4,2.4399399399399435,0.10540540540540556,4.214594594594595,4.32,Secret Factory,41.446333,-90.565487
217,US-2024-10217-CH,2026-02-19,2026-02-22,Second Class,CUST-17397,United States,Athens,Georgia,30605,Sugar,Gulf,PROD-6629,SweeTARTS,26.58,3,7.02,19.56,3,26.410835214446955,2.34,6.52,8.86,Sugar Shack,48.11914,-96.18115
218,US-2024-10218-CH,2024-03-07,2024-03-10,Standard Class,CUST-19424,United States,Philadelphia,Pennsylvania,19143,Sugar,Atlantic,PROD-5646,Nerds,17.24,4,4.489999999999998,12.75,3,26.044083526682126,1.1224999999999996,3.1875,4.31,Sugar Shack,48.11914,-96.18115
219,US-2024-10219-CH,2025-04-15,2025-04-18,Same Day,CUST-13374,United States,Philadelphia,Pennsylvania,19143,Chocolate,Atlantic,PROD-3776,Wonka Bar -Scrumdiddlyumptious,72.09,9,30.440000000000005,41.65,3,42.22499653211264,3.382222222222223,4.627777777777777,8.01,Lot's O' Nuts,32.881893,-111.768036
220,US-2024-10220-CH,2024-07-26,2024-07-29,Standard Class,CUST-13719,United States,Chicago,Illinois,60601,Sugar,Interior,PROD-9885,Fun Dip,210.18,31,84.33000000000001,125.85,3,40.12275192691979,2.7203225806451616,4.059677419354839,6.78,Sugar Shack,48.11914,-96.18115
221,US-2024-10221-CH,2025-10-17,2025-10-20,Same Day,CUST-18555,United States,Houston,Texas,77095,Chocolate,Gulf,PROD-0874,Wonka Bar - Milk Chocolate,150.96,24,66.14000000000001,84.82,3,43.812930577636465,2.755833333333334,3.5341666666666662,6.29,Wicked Choccy's,32.076176,-81.088371
222,US-2024-10222-CH,2024-10-12,2024-10-15,First Class,CUST-11012,United States,Seattle,Washington,98101,Chocolate,Pacific,PROD-8572,Wonka Bar - Nutty Crunch Surprise,34.58,7,20.64,13.94,3,59.687680740312324,2.948571428571429,1.9914285714285713,4.9399999999999995,Lot's O' Nuts,32.881893,-111.768036
223,US-2024-10223-CH,2025-05-14,2025-05-18,Standard Class,CUST-12408,United States,Naperville,Illinois,60540,Sugar,Interior,PROD-0725,Hair Toffee,54.3,15,8.519999999999996,45.78,4,15.690607734806623,0.5679999999999997,3.052,3.6199999999999997,The Other Factory,35.1175,-89.971107
224,US-2024-10224-CH,2026-01-30,2026-02-02,First Class,CUST-14406,United States,Philadelphia,Pennsylvania,19143,Chocolate,Atlantic,PROD-7514,Wonka Bar - Triple Dazzle Caramel,124.08,12,58.31,65.77,3,46.993874919406835,4.859166666666667,5.480833333333333,10.34,Wicked Choccy's,32.076176,-81.088371
225,US-2024-10225-CH,2025-02-09,2025-02-12,Standard Class,CUST-10560,United States,Houston,Texas,77095,Sugar,Gulf,PROD-2533,Laffy Taffy,181.24,23,59.480000000000004,121.76,3,32.818362392407856,2.5860869565217395,5.293913043478261,7.880000000000001,Sugar Shack,48.11914,-96.18115
226,US-2024-10226-CH,2025-08-16,2025-08-20,First Class,CUST-17693,United States,Naperville,Illinois,60540,Other,Interior,PROD-9359,Fizzy Lifting Drinks,336.04,31,50.29000000000002,285.75,4,14.965480299964295,1.6222580645161297,9.21774193548387,10.84,Sugar Shack,48.11914,-96.18115
227,US-2024-10227-CH,2025-11-05,2025-11-07,Standard Class,CUST-15656,United States,Henderson,Kentucky,42420,Sugar,Gulf,PROD-9885,Fun Dip,13.86,3,6.119999999999999,7.74,2,44.15584415584416,2.0399999999999996,2.58,4.62,Sugar Shack,48.11914,-96.18115
228,US-2024-10228-CH,2024-09-09,2024-09-14,First Class,CUST-18429,United States,Seattle,Washington,98101,Chocolate,Pacific,PROD-3893,Wonka Bar - Fudge Mallows,305.62,37,132.88,172.74,5,43.47882991950788,3.591351351351351,4.668648648648649,8.26,Lot's O' Nuts,32.881893,-111.768036
229,US-2024-10229-CH,2026-06-17,2026-06-24,Standard Class,CUST-17137,United States,Athens,Georgia,30605,Other,Gulf,PROD-0345,Lickable Wallpaper,27.23,7,0.9400000000000013,26.29,7,3.452074917370552,0.13428571428571448,3.755714285714286,3.89,Secret Factory,41.446333,-90.565487
230,US-2024-10230-CH,2024-03-19,2024-03-26,Standard Class,CUST-10845,United States,Seattle,Washington,98101,Chocolate,Pacific,PROD-0874,Wonka Bar - Milk Chocolate,151.84,13,77.15,74.69,7,50.810063224446786,5.934615384615385,5.745384615384615,11.68,Wicked Choccy's,32.076176,-81.088371
231,US-2024-10231-CH,2026-04-07,2026-04-12,Second Class,CUST-16610,United States,Philadelphia,Pennsylvania,19143,Chocolate,Atlantic,PROD-0874,Wonka Bar - Milk Chocolate,150.15,33,83.32000000000001,66.83,5,55.49117549117549,2.524848484848485,2.025151515151515,4.55,Wicked Choccy's,32.076176,-81.088371
232,US-2024-10232-CH,2025-05-31,2025-06-04,Second Class,CUST-15175,United States,Houston,Texas,77095,Other,Gulf,PROD-2646,Kazookles,49.61,11,10.969999999999999,38.64,4,22.112477323120334,0.9972727272727272,3.5127272727272727,4.51,The Other Factory,35.1175,-89.971107
233,US-2024-10233-CH,2024-03-23,2024-03-25,Standard Class,CUST-18591,United States,Seattle,Washington,98101,Other,Pacific,PROD-2646,Kazookles,80.3,22,14.11999999999999,66.18,2,17.584059775840586,0.6418181818181814,3.0081818181818183,3.65,The Other Factory,35.1175,-89.971107
234,US-2024-10234-CH,2024-09-16,2024-09-20,Standard Class,CUST-19011,United States,New York,New York,10001,Sugar,Atlantic,PROD-0725,Hair Toffee,419.43,41,106.44999999999999,312.98,4,25.37968194931216,2.596341463414634,7.633658536585366,10.23,The Other Factory,35.1175,-89.971107
235,US-2024-10235-CH,2024-08-18,2024-08-22,Standard Class,CUST-11549,United States,Naperville,Illinois,60540,Chocolate,Interior,PROD-0874,Wonka Bar - Milk Chocolate,414.96,38,212.64,202.32,4,51.24349334875651,5.59578947368421,5.324210526315789,10.92,Wicked Choccy's,32.076176,-81.088371
236,US-2024-10236-CH,2025-08-20,2025-08-27,Second Class,CUST-16793,United States,Henderson,Kentucky,42420,Sugar,Gulf,PROD-6629,SweeTARTS,11.31,3,3.7700000000000005,7.54,7,33.333333333333336,1.2566666666666668,2.513333333333333,3.77,Sugar Shack,48.11914,-96.18115
237,US-2024-10237-CH,2026-06-06,2026-06-09,Second Class,CUST-12385,United States,Atlanta,Georgia,30301,Sugar,Gulf,PROD-6629,SweeTARTS,11.14,2,4.640000000000001,6.5,3,41.65170556552963,2.3200000000000003,3.25,5.57,Sugar Shack,48.11914,-96.18115
238,US-2024-10238-CH,2025-04-09,2025-04-11,Standard Class,CUST-17961,United States,Athens,Georgia,30605,Chocolate,Gulf,PROD-7514,Wonka Bar - Triple Dazzle Caramel,81.84,12,50.010000000000005,31.83,2,61.10703812316716,4.1675,2.6525,6.82,Wicked Choccy's,32.076176,-81.088371
239,US-2024-10239-CH,2025-06-29,2025-07-02,Standard Class,CUST-13493,United States,Athens,Georgia,30605,Other,Gulf,PROD-9415,Wonka Gum,133.38,19,25.86999999999999,107.51,3,19.395711500974652,1.3615789473684206,5.658421052631579,7.02,Secret Factory,41.446333,-90.565487
240,US-2024-10240-CH,2025-07-07,2025-07-12,First Class,CUST-10571,United States,Henderson,Kentucky,42420,Other,Gulf,PROD-9359,Fizzy Lifting Drinks,145.74,42,14.79000000000002,130.95,5,10.14820913956362,0.35214285714285765,3.1178571428571424,3.47,Sugar Shack,48.11914,-96.18115
241,US-2024-10241-CH,2024-01-10,2024-01-17,Second Class,CUST-16869,United States,New York,New York,10001,Other,Atlantic,PROD-0345,Lickable Wallpaper,282.08,41,27.23999999999998,254.84,7,9.65683494044242,0.6643902439024385,6.215609756097561,6.88,Secret Factory,41.446333,-90.565487
242,US-2024-10242-CH,2024-03-19,2024-03-24,Second Class,CUST-16230,United States,New York,New York,10001,Sugar,Atlantic,PROD-5646,Nerds,178.08,24,49.870000000000005,128.21,5,28.004267744833783,2.077916666666667,5.342083333333334,7.420000000000001,Sugar Shack,48.11914,-96.18115
243,US-2024-10243-CH,2026-04-24,2026-04-26,Standard Class,CUST-12711,United States,Los Angeles,California,90049,Chocolate,Pacific,PROD-7514,Wonka Bar - Triple Dazzle Caramel,223.44,24,93.4,130.04,2,41.80093089867526,3.891666666666667,5.418333333333333,9.31,Wicked Choccy's,32.076176,-81.088371
244,US-2024-10244-CH,2024-05-27,2024-05-31,Second Class,CUST-15510,United States,Henderson,Kentucky,42420,Chocolate,Gulf,PROD-8572,Wonka Bar - Nutty Crunch Surprise,170.24,32,82.98,87.26,4,48.74295112781955,2.593125,2.726875,5.32,Lot's O' Nuts,32.881893,-111.768036
245,US-2024-10245-CH,2025-05-05,2025-05-08,Standard Class,CUST-19765,United States,Houston,Texas,77095,Chocolate,Gulf,PROD-3776,Wonka Bar -Scrumdiddlyumptious,52.62,6,31.099999999999998,21.52,3,59.103002660585325,5.183333333333333,3.5866666666666664,8.77,Lot's O' Nuts,32.881893,-111.768036
246,US-2024-10246-CH,2024-08-10,2024-08-14,Standard Class,CUST-11827,United States,New York,New York,10001,Other,Atlantic,PROD-2646,Kazookles,345.63,41,67.57,278.06,4,19.549807597720104,1.6480487804878048,6.781951219512195,8.43,The Other Factory,35.1175,-89.971107
247,US-2024-10247-CH,2025-08-12,2025-08-14,Same Day,CUST-12196,United States,Athens,Georgia,30605,Other,Gulf,PROD-9415,Wonka Gum,196.04,26,21.659999999999997,174.38,2,11.048765558049377,0.8330769230769229,6.7069230769230765,7.54,Secret Factory,41.446333,-90.565487
248,US-2024-10248-CH,2026-02-08,2026-02-12,Second Class,CUST-18714,United States,Los Angeles,California,90049,Chocolate,Pacific,PROD-0874,Wonka Bar - Milk Chocolate,317.13,33,191.20999999999998,125.92,4,60.293885788162584,5.794242424242424,3.815757575757576,9.61,Wicked Choccy's,32.076176,-81.088371
249,US-2024-10249-CH,2025-02-05,2025-02-08,Standard Class,CUST-12461,United States,New York,New York,10001,Other,Atlantic,PROD-9359,Fizzy Lifting Drinks,157.82,26,12.079999999999984,145.74,3,7.654289697123295,0.464615384615384,5.605384615384616,6.069999999999999,Sugar Shack,48.11914,-96.18115
250,US-2024-10250-CH,2024-06-20,2024-06-22,Second Class,CUST-15341,United States,Henderson,Kentucky,42420,Chocolate,Gulf,PROD-0874,Wonka Bar - Milk Chocolate,123.14,47,79.81,43.33,2,64.8124086405717,1.6980851063829787,0.9219148936170213,2.62,Wicked Choccy's,32.076176,-81.088371
251,US-2024-10251-CH,2025-05-11,2025-05-14,Standard Class,CUST-10301,United States,Chicago,Illinois,60601,Sugar,Interior,PROD-6629,SweeTARTS,235.2,48,94.32,140.88,3,40.10204081632653,1.9649999999999999,2.935,4.8999999999999995,Sugar Shack,48.11914,-96.18115
252,US-2024-10252-CH,2025-10-24,2025-10-28,Standard Class,CUST-17003,United States,Chicago,Illinois,60601,Sugar,Interior,PROD-5646,Nerds,66.48,12,26.630000000000003,39.85,4,40.057160048134776,2.2191666666666667,3.3208333333333333,5.54,Sugar Shack,48.11914,-96.18115
253,US-2024-10253-CH,2026-02-08,2026-02-10,Standard Class,CUST-14183,United States,Philadelphia,Pennsylvania,19143,Other,Atlantic,PROD-0345,Lickable Wallpaper,53.92,16,9.270000000000003,44.65,2,17.192136498516327,0.5793750000000002,2.790625,3.37,Secret Factory,41.446333,-90.565487
254,US-2024-10254-CH,2025-11-13,2025-11-17,Standard Class,CUST-12460,United States,Naperville,Illinois,60540,Sugar,Interior,PROD-0725,Hair Toffee,249.22,34,43.46000000000001,205.76,4,17.438407832437207,1.2782352941176474,6.051764705882353,7.33,The Other Factory,35.1175,-89.971107
255,US-2024-10255-CH,2024-04-17,2024-04-21,Standard Class,CUST-16272,United States,Chicago,Illinois,60601,Other,Interior,PROD-9415,Wonka Gum,152.76,38,32.89999999999999,119.86,4,21.53705158418434,0.8657894736842103,3.1542105263157896,4.02,Secret Factory,41.446333,-90.565487
256,US-2024-10256-CH,2025-05-29,2025-06-05,Second Class,CUST-12520,United States,Henderson,Kentucky,42420,Sugar,Gulf,PROD-0725,Hair Toffee,177.94,41,56.92999999999999,121.01,7,31.99393053838372,1.3885365853658536,2.9514634146341465,4.34,The Other Factory,35.1175,-89.971107
257,US-2024-10257-CH,2026-06-14,2026-06-19,Second Class,CUST-12547,United States,Henderson,Kentucky,42420,Other,Gulf,PROD-9359,Fizzy Lifting Drinks,120.12,28,3.8100000000000023,116.31,5,3.1718281718281736,0.13607142857142865,4.153928571428572,4.29,Sugar Shack,48.11914,-96.18115
258,US-2024-10258-CH,2024-08-21,2024-08-25,Same Day,CUST-17544,United States,Naperville,Illinois,60540,Chocolate,Interior,PROD-0874,Wonka Bar - Milk Chocolate,124.54,13,56.120000000000005,68.42,4,45.06182752529308,4.316923076923077,5.263076923076923,9.58,Wicked Choccy's,32.076176,-81.088371
259,US-2024-10259-CH,2026-01-04,2026-01-07,Standard Class,CUST-19235,United States,Houston,Texas,77095,Chocolate,Gulf,PROD-0874,Wonka Bar - Milk Chocolate,239.4,20,117.80000000000001,121.6,3,49.20634920634921,5.890000000000001,6.08,11.97,Wicked Choccy's,32.076176,-81.088371
260,US-2024-10260-CH,2024-08-14,2024-08-16,Standard Class,CUST-15891,United States,Los Angeles,California,90049,Other,Pacific,PROD-9359,Fizzy Lifting Drinks,250.38,39,27.539999999999992,222.84,2,10.999281092739034,0.7061538461538459,5.713846153846154,6.42,Sugar Shack,48.11914,-96.18115
261,US-2024-10261-CH,2024-01-20,2024-01-23,Standard Class,CUST-14431,United States,Seattle,Washington,98101,Sugar,Pacific,PROD-0725,Hair Toffee,56.56,8,14.740000000000002,41.82,3,26.060820367751063,1.8425000000000002,5.2275,7.07,The Other Factory,35.1175,-89.971107
262,US-2024-10262-CH,2025-05-14,2025-05-17,Standard Class,CUST-13390,United States,Chicago,Illinois,60601,Other,Interior,PROD-9359,Fizzy Lifting Drinks,223.25,25,30.169999999999987,193.08,3,13.513997760358338,1.2067999999999994,7.7232,8.93,Sugar Shack,48.11914,-96.18115
263,US-2024-10263-CH,2025-02-09,2025-02-13,Second Class,CUST-18623,United States,Houston,Texas,77095,Other,Gulf,PROD-9415,Wonka Gum,129.48,13,35.859999999999985,93.62,4,27.6953969725054,2.758461538461537,7.201538461538462,9.959999999999999,Secret Factory,41.446333,-90.565487
264,US-2024-10264-CH,2024-12-15,2024-12-18,Standard Class,CUST-19518,United States,Athens,Georgia,30605,Other,Gulf,PROD-0345,Lickable Wallpaper,113.56,34,0.0799999999999983,113.48,3,0.07044734061289036,0.002352941176470538,3.3376470588235296,3.34,Secret Factory,41.446333,-90.565487
265,US-2024-10265-CH,2024-04-27,2024-05-01,Standard Class,CUST-18590,United States,Seattle,Washington,98101,Sugar,Pacific,PROD-2120,Everlasting Gobstopper,154.08,18,34.52000000000001,119.56,4,22.40394600207685,1.9177777777777782,6.642222222222222,8.56,Secret Factory,41.446333,-90.565487
266,US-2024-10266-CH,2024-05-16,2024-05-23,Standard Class,CUST-15068,United States,Chicago,Illinois,60601,Sugar,Interior,PROD-2533,Laffy Taffy,25.5,6,8.219999999999999,17.28,7,32.23529411764706,1.3699999999999999,2.8800000000000003,4.25,Sugar Shack,48.11914,-96.18115
267,US-2024-10267-CH,2026-05-11,2026-05-16,Second Class,CUST-11449,United States,New York,New York,10001,Sugar,Atlantic,PROD-2120,Everlasting Gobstopper,419.98,46,139.60000000000002,280.38,5,33.23967807990857,3.034782608695653,6.095217391304348,9.13,Secret Factory,41.446333,-90.565487
268,US-2024-10268-CH,2025-08-03,2025-08-08,First Class,CUST-19817,United States,Atlanta,Georgia,30301,Chocolate,Gulf,PROD-3776,Wonka Bar -Scrumdiddlyumptious,268.66,38,136.69000000000003,131.97,5,50.87843370803247,3.5971052631578955,3.4728947368421053,7.07,Lot's O' Nuts,32.881893,-111.768036
269,US-2024-10269-CH,2024-10-21,2024-10-24,Standard Class,CUST-10685,United States,Chicago,Illinois,60601,Chocolate,Interior,PROD-0874,Wonka Bar - Milk Chocolate,19.82,2,7.960000000000001,11.86,3,40.1614530776993,3.9800000000000004,5.93,9.91,Wicked Choccy's,32.076176,-81.088371
270,US-2024-10270-CH,2025-06-26,2025-07-03,Standard Class,CUST-19557,United States,Seattle,Washington,98101,Sugar,Pacific,PROD-0725,Hair Toffee,301.34,26,35.329999999999984,266.01,7,11.724298134997008,1.3588461538461531,10.231153846153846,11.59,The Other Factory,35.1175,-89.971107
271,US-2024-10271-CH,2024-06-11,2024-06-14,Second Class,CUST-19833,United States,Chicago,Illinois,60601,Sugar,Interior,PROD-0725,Hair Toffee,73.05,15,12.269999999999996,60.78,3,16.796714579055436,0.8179999999999997,4.0520000000000005,4.87,The Other Factory,35.1175,-89.971107
272,US-2024-10272-CH,2025-07-09,2025-07-11,First Class,CUST-15560,United States,Naperville,Illinois,60540,Sugar,Interior,PROD-9885,Fun Dip,104.34,37,27.39,76.95,2,26.250718803910296,0.7402702702702703,2.07972972972973,2.8200000000000003,Sugar Shack,48.11914,-96.18115
273,US-2024-10273-CH,2025-11-20,2025-11-23,Second Class,CUST-11171,United States,Athens,Georgia,30605,Chocolate,Gulf,PROD-7514,Wonka Bar - Triple Dazzle Caramel,26.56,8,12.2,14.36,3,45.933734939759034,1.525,1.795,3.32,Wicked Choccy's,32.076176,-81.088371
274,US-2024-10274-CH,2025-03-01,2025-03-06,Standard Class,CUST-13670,United States,Chicago,Illinois,60601,Sugar,Interior,PROD-5646,Nerds,141.6,15,63.19,78.41,5,44.62570621468927,4.212666666666666,5.227333333333333,9.44,Sugar Shack,48.11914,-96.18115
275,US-2024-10275-CH,2024-10-31,2024-11-03,Standard Class,CUST-16304,United States,Henderson,Kentucky,42420,Other,Gulf,PROD-9359,Fizzy Lifting Drinks,299.0,26,51.58000000000001,247.42,3,17.250836120401342,1.9838461538461543,9.516153846153845,11.5,Sugar Shack,48.11914,-96.18115
276,US-2024-10276-CH,2025-12-08,2025-12-11,Same Day,CUST-10572,United States,Henderson,Kentucky,42420,Chocolate,Gulf,PROD-3893,Wonka Bar - Fudge Mallows,72.0,8,38.61,33.39,3,53.625,4.82625,4.17375,9.0,Lot's O' Nuts,32.881893,-111.768036
277,US-2024-10277-CH,2024-02-12,2024-02-14,Standard Class,CUST-13648,United States,Atlanta,Georgia,30301,Chocolate,Gulf,PROD-3893,Wonka Bar - Fudge Mallows,177.33,23,98.10000000000001,79.23,2,55.320588732870924,4.265217391304348,3.4447826086956526,7.710000000000001,Lot's O' Nuts,32.881893,-111.768036
278,US-2024-10278-CH,2025-05-31,2025-06-07,First Class,CUST-13750,United States,Henderson,Kentucky,42420,Other,Gulf,PROD-9359,Fizzy Lifting Drinks,222.95,49,-6.140000000000015,229.09,7,-2.7539807131643936,-0.1253061224489799,4.67530612244898,4.55,Sugar Shack,48.11914,-96.18115
279,US-2024-10279-CH,2024-10-20,2024-10-25,Standard Class,CUST-12324,United States,Los Angeles,California,90049,Sugar,Pacific,PROD-2533,Laffy Taffy,129.69,11,53.019999999999996,76.67,5,40.88210347752332,4.819999999999999,6.97,11.79,Sugar Shack,48.11914,-96.18115
280,US-2024-10280-CH,2025-01-17,2025-01-21,Second Class,CUST-10781,United States,Atlanta,Georgia,30301,Chocolate,Gulf,PROD-0874,Wonka Bar - Milk Chocolate,61.41,23,26.5,34.91,4,43.15258101286435,1.1521739130434783,1.5178260869565217,2.67,Wicked Choccy's,32.076176,-81.088371
281,US-2024-10281-CH,2025-11-10,2025-11-17,Standard Class,CUST-13970,United States,Seattle,Washington,98101,Sugar,Pacific,PROD-2120,Everlasting Gobstopper,210.6,27,50.150000000000006,160.45,7,23.81291547958215,1.8574074074074076,5.942592592592592,7.8,Secret Factory,41.446333,-90.565487
282,US-2024-10282-CH,2025-07-07,2025-07-10,Standard Class,CUST-15546,United States,New York,New York,10001,Sugar,Atlantic,PROD-5646,Nerds,42.21,7,14.370000000000001,27.84,3,34.04406538734897,2.052857142857143,3.9771428571428573,6.03,Sugar Shack,48.11914,-96.18115
283,US-2024-10283-CH,2024-11-02,2024-11-04,Second Class,CUST-18676,United States,Henderson,Kentucky,42420,Chocolate,Gulf,PROD-3776,Wonka Bar -Scrumdiddlyumptious,97.11,13,45.81,51.3,2,47.173308619091756,3.523846153846154,3.946153846153846,7.47,Lot's O' Nuts,32.881893,-111.768036
284,US-2024-10284-CH,2025-07-20,2025-07-24,Standard Class,CUST-13525,United States,Los Angeles,California,90049,Chocolate,Pacific,PROD-7514,Wonka Bar - Triple Dazzle Caramel,179.04,16,95.47,83.57,4,53.32327971403038,5.966875,5.223125,11.19,Wicked Choccy's,32.076176,-81.088371
285,US-2024-10285-CH,2026-02-13,2026-02-17,Same Day,CUST-13200,United States,Philadelphia,Pennsylvania,19143,Sugar,Atlantic,PROD-0725,Hair Toffee,511.06,46,86.48000000000002,424.58,4,16.921692169216925,1.8800000000000003,9.23,11.11,The Other Factory,35.1175,-89.971107
286,US-2024-10286-CH,2025-09-04,2025-09-08,Second Class,CUST-19973,United States,Los Angeles,California,90049,Sugar,Pacific,PROD-6629,SweeTARTS,193.06,49,65.27,127.79,4,33.808142546358646,1.3320408163265305,2.6079591836734695,3.94,Sugar Shack,48.11914,-96.18115
287,US-2024-10287-CH,2025-06-07,2025-06-11,Standard Class,CUST-10669,United States,Seattle,Washington,98101,Chocolate,Pacific,PROD-3776,Wonka Bar -Scrumdiddlyumptious,202.13,17,105.38,96.75,4,52.13476475535547,6.198823529411764,5.6911764705882355,11.89,Lot's O' Nuts,32.881893,-111.768036
288,US-2024-10288-CH,2024-09-16,2024-09-23,Second Class,CUST-16274,United States,Philadelphia,Pennsylvania,19143,Other,Atlantic,PROD-0345,Lickable Wallpaper,279.36,32,-5.6299999999999955,284.99,7,-2.015320733104237,-0.17593749999999986,8.9059375,8.73,Secret Factory,41.446333,-90.565487
289,US-2024-10289-CH,2026-03-03,2026-03-08,Standard Class,CUST-10264,United States,Athens,Georgia,30605,Chocolate,Gulf,PROD-8572,Wonka Bar - Nutty Crunch Surprise,87.75,27,51.15,36.6,5,58.2905982905983,1.8944444444444444,1.3555555555555556,3.25,Lot's O' Nuts,32.881893,-111.768036
290,US-2024-10290-CH,2025-03-09,2025-03-11,Second Class,CUST-12504,United States,Naperville,Illinois,60540,Chocolate,Interior,PROD-0874,Wonka Bar - Milk Chocolate,535.05,45,334.5799999999999,200.47,2,62.532473600598074,7.43511111111111,4.454888888888889,11.889999999999999,Wicked Choccy's,32.076176,-81.088371
291,US-2024-10291-CH,2024-08-13,2024-08-18,Second Class,CUST-13831,United States,Los Angeles,California,90049,Chocolate,Pacific,PROD-7514,Wonka Bar - Triple Dazzle Caramel,73.84,13,32.74,41.1,5,44.33911159263272,2.5184615384615388,3.161538461538462,5.680000000000001,Wicked Choccy's,32.076176,-81.088371
292,US-2024-10292-CH,2025-11-05,2025-11-07,Second Class,CUST-12326,United States,New York,New York,10001,Other,Atlantic,PROD-9359,Fizzy Lifting Drinks,400.26,42,-2.410000000000025,402.67,2,-0.6021086293909022,-0.057380952380952976,9.587380952380952,9.53,Sugar Shack,48.11914,-96.18115
293,US-2024-10293-CH,2026-04-16,2026-04-21,Standard Class,CUST-16049,United States,New York,New York,10001,Sugar,Atlantic,PROD-2533,Laffy Taffy,365.8,31,137.84,227.96,5,37.681793329688354,4.446451612903226,7.353548387096774,11.8,Sugar Shack,48.11914,-96.18115
294,US-2024-10294-CH,2024-09-04,2024-09-06,Same Day,CUST-13830,United States,Houston,Texas,77095,Chocolate,Gulf,PROD-3893,Wonka Bar - Fudge Mallows,163.6,40,92.24,71.36,2,56.38141809290953,2.306,1.784,4.09,Lot's O' Nuts,32.881893,-111.768036
295,US-2024-10295-CH,2025-05-30,2025-06-04,Standard Class,CUST-10948,United States,Houston,Texas,77095,Sugar,Gulf,PROD-6629,SweeTARTS,259.2,48,75.82,183.38,5,29.25154320987654,1.5795833333333331,3.8204166666666666,5.3999999999999995,Sugar Shack,48.11914,-96.18115
296,US-2024-10296-CH,2025-10-15,2025-10-22,Second Class,CUST-11138,United States,Athens,Georgia,30605,Other,Gulf,PROD-9415,Wonka Gum,176.04,18,52.3,123.74,7,29.709157009770504,2.9055555555555554,6.874444444444444,9.78,Secret Factory,41.446333,-90.565487
297,US-2024-10297-CH,2024-09-07,2024-09-09,Standard Class,CUST-14596,United States,Naperville,Illinois,60540,Chocolate,Interior,PROD-8572,Wonka Bar - Nutty Crunch Surprise,173.6,28,85.91,87.69,2,49.48732718894009,3.068214285714286,3.1317857142857144,6.2,Lot's O' Nuts,32.881893,-111.768036
298,US-2024-10298-CH,2025-10-20,2025-10-27,Standard Class,CUST-14249,United States,Houston,Texas,77095,Sugar,Gulf,PROD-5646,Nerds,105.75,15,26.819999999999993,78.93,7,25.36170212765957,1.7879999999999996,5.2620000000000005,7.05,Sugar Shack,48.11914,-96.18115
299,US-2024-10299-CH,2025-10-23,2025-10-28,Second Class,CUST-15075,United States,Chicago,Illinois,60601,Sugar,Interior,PROD-2533,Laffy Taffy,234.8,20,97.49000000000001,137.31,5,41.52044293015332,4.8745,6.8655,11.74,Sugar Shack,48.11914,-96.18115
300,US-2024-10300-CH,2025-12-18,2025-12-22,Second Class,CUST-12723,United States,Chicago,Illinois,60601,Other,Interior,PROD-0345,Lickable Wallpaper,215.8,20,-5.199999999999989,221.0,4,-2.409638554216862,-0.25999999999999945,11.05,10.790000000000001,Secret Factory,41.446333,-90.565487
301,US-2024-10301-CH,2024-10-12,2024-10-14,Standard Class,CUST-11762,United States,New York,New York,10001,Sugar,Atlantic,PROD-5646,Nerds,236.3,34,73.31,162.99,2,31.024121878967414,2.1561764705882354,4.793823529411765,6.95,Sugar Shack,48.11914,-96.18115
302,US-2024-10302-CH,2025-12-08,2025-12-10,Standard Class,CUST-13198,United States,Seattle,Washington,98101,Sugar,Pacific,PROD-9885,Fun Dip,307.4,29,117.90999999999997,189.49,2,38.35718932986336,4.065862068965516,6.534137931034483,10.6,Sugar Shack,48.11914,-96.18115
303,US-2024-10303-CH,2024-01-16,2024-01-19,Same Day,CUST-19777,United States,Chicago,Illinois,60601,Other,Interior,PROD-2646,Kazookles,138.67,49,34.06999999999999,104.6,3,24.569120934592917,0.6953061224489795,2.1346938775510202,2.8299999999999996,The Other Factory,35.1175,-89.971107
304,US-2024-10304-CH,2024-11-20,2024-11-23,Standard Class,CUST-13516,United States,Henderson,Kentucky,42420,Chocolate,Gulf,PROD-7514,Wonka Bar - Triple Dazzle Caramel,311.22,38,133.43000000000004,177.79,3,42.87320866268235,3.5113157894736853,4.678684210526316,8.190000000000001,Wicked Choccy's,32.076176,-81.088371
305,US-2024-10305-CH,2024-02-04,2024-02-09,Second Class,CUST-11447,United States,Athens,Georgia,30605,Sugar,Gulf,PROD-9885,Fun Dip,289.5,25,73.83000000000001,215.67,5,25.50259067357513,2.9532000000000007,8.6268,11.58,Sugar Shack,48.11914,-96.18115
306,US-2024-10306-CH,2025-08-10,2025-08-13,Standard Class,CUST-17986,United States,Naperville,Illinois,60540,Sugar,Interior,PROD-0725,Hair Toffee,131.52,16,42.500000000000014,89.02,3,32.31447688564478,2.656250000000001,5.56375,8.22,The Other Factory,35.1175,-89.971107
307,US-2024-10307-CH,2025-05-19,2025-05-23,Standard Class,CUST-18770,United States,Athens,Georgia,30605,Sugar,Gulf,PROD-2533,Laffy Taffy,44.65,5,12.339999999999996,32.31,4,27.63717805151175,2.467999999999999,6.462000000000001,8.93,Sugar Shack,48.11914,-96.18115
308,US-2024-10308-CH,2024-06-10,2024-06-13,Standard Class,CUST-13736,United States,Philadelphia,Pennsylvania,19143,Sugar,Atlantic,PROD-2533,Laffy Taffy,307.02,42,115.68999999999997,191.33,3,37.68158426161161,2.7545238095238087,4.555476190476191,7.31,Sugar Shack,48.11914,-96.18115
309,US-2024-10309-CH,2025-07-26,2025-07-29,Standard Class,CUST-19836,United States,New York,New York,10001,Chocolate,Atlantic,PROD-3893,Wonka Bar - Fudge Mallows,300.24,27,138.02,162.22,3,45.96989075406342,5.111851851851852,6.008148148148148,11.120000000000001,Lot's O' Nuts,32.881893,-111.768036
310,US-2024-10310-CH,2025-02-27,2025-03-02,Standard Class,CUST-15093,United States,Houston,Texas,77095,Chocolate,Gulf,PROD-8572,Wonka Bar - Nutty Crunch Surprise,253.33,49,114.44000000000003,138.89,3,45.17427860892907,2.335510204081633,2.8344897959183672,5.17,Lot's O' Nuts,32.881893,-111.768036
311,US-2024-10311-CH,2024-07-08,2024-07-13,First Class,CUST-11968,United States,New York,New York,10001,Chocolate,Atlantic,PROD-8572,Wonka Bar - Nutty Crunch Surprise,74.13,21,35.92999999999999,38.2,5,48.46890597598812,1.7109523809523806,1.8190476190476192,3.53,Lot's O' Nuts,32.881893,-111.768036
312,US-2024-10312-CH,2024-12-28,2024-12-30,Second Class,CUST-10855,United States,Atlanta,Georgia,30301,Other,Gulf,PROD-9415,Wonka Gum,263.34,42,32.069999999999965,231.27,2,12.178172704488482,0.7635714285714277,5.506428571428572,6.27,Secret Factory,41.446333,-90.565487
313,US-2024-10313-CH,2025-07-24,2025-07-27,Standard Class,CUST-15002,United States,Houston,Texas,77095,Chocolate,Gulf,PROD-7514,Wonka Bar - Triple Dazzle Caramel,116.76,42,66.42,50.34,3,56.88591983556012,1.5814285714285714,1.1985714285714286,2.7800000000000002,Wicked Choccy's,32.076176,-81.088371
314,US-2024-10314-CH,2024-06-16,2024-06-19,Standard Class,CUST-16588,United States,New York,New York,10001,Other,Atlantic,PROD-0345,Lickable Wallpaper,141.44,13,14.75,126.69,3,10.428450226244344,1.1346153846153846,9.745384615384616,10.879999999999999,Secret Factory,41.446333,-90.565487
315,US-2024-10315-CH,2024-04-12,2024-04-19,Standard Class,CUST-13052,United States,Atlanta,Georgia,30301,Chocolate,Gulf,PROD-8572,Wonka Bar - Nutty Crunch Surprise,15.06,6,8.420000000000002,6.64,7,55.909694555112885,1.4033333333333335,1.1066666666666667,2.5100000000000002,Lot's O' Nuts,32.881893,-111.768036
316,US-2024-10316-CH,2025-11-19,2025-11-23,First Class,CUST-18611,United States,Chicago,Illinois,60601,Other,Interior,PROD-2646,Kazookles,93.86,19,25.0,68.86,4,26.635414447048795,1.3157894736842106,3.6242105263157893,4.94,The Other Factory,35.1175,-89.971107
317,US-2024-10317-CH,2025-10-20,2025-10-23,Standard Class,CUST-12702,United States,Henderson,Kentucky,42420,Chocolate,Gulf,PROD-3893,Wonka Bar - Fudge Mallows,395.24,41,165.11,230.13,3,41.774617953648416,4.027073170731708,5.612926829268293,9.64,Lot's O' Nuts,32.881893,-111.768036
318,US-2024-10318-CH,2026-02-08,2026-02-12,Standard Class,CUST-19101,United States,Chicago,Illinois,60601,Sugar,Interior,PROD-9885,Fun Dip,362.88,42,155.17,207.71,4,42.760692239858905,3.694523809523809,4.945476190476191,8.64,Sugar Shack,48.11914,-96.18115
319,US-2024-10319-CH,2024-04-27,2024-04-29,Standard Class,CUST-11628,United States,Houston,Texas,77095,Chocolate,Gulf,PROD-3893,Wonka Bar - Fudge Mallows,432.0,40,250.99,181.01,2,58.09953703703704,6.27475,4.52525,10.8,Lot's O' Nuts,32.881893,-111.768036
320,US-2024-10320-CH,2024-12-15,2024-12-17,Standard Class,CUST-17980,United States,Houston,Texas,77095,Sugar,Gulf,PROD-2533,Laffy Taffy,163.8,18,58.390000000000015,105.41,2,35.64713064713065,3.2438888888888897,5.856111111111111,9.100000000000001,Sugar Shack,48.11914,-96.18115
321,US-2024-10321-CH,2024-12-22,2024-12-24,Standard Class,CUST-11130,United States,Atlanta,Georgia,30301,Other,Gulf,PROD-2646,Kazookles,221.76,32,67.45999999999998,154.3,2,30.420274170274165,2.1081249999999994,4.821875,6.93,The Other Factory,35.1175,-89.971107
322,US-2024-10322-CH,2025-09-02,2025-09-04,Standard Class,CUST-11823,United States,Athens,Georgia,30605,Chocolate,Gulf,PROD-3893,Wonka Bar - Fudge Mallows,54.1,10,32.31,21.79,2,59.72273567467653,3.2310000000000003,2.179,5.41,Lot's O' Nuts,32.881893,-111.768036
323,US-2024-10323-CH,2024-06-04,2024-06-07,Standard Class,CUST-11141,United States,Houston,Texas,77095,Chocolate,Gulf,PROD-3776,Wonka Bar -Scrumdiddlyumptious,276.78,42,132.77999999999997,144.0,3,47.9731194450466,3.1614285714285706,3.4285714285714284,6.589999999999999,Lot's O' Nuts,32.881893,-111.768036
324,US-2024-10324-CH,2025-11-09,2025-11-12,First Class,CUST-12606,United States,New York,New York,10001,Chocolate,Atlantic,PROD-0874,Wonka Bar - Milk Chocolate,191.11,29,83.26000000000002,107.85,3,43.56653236356026,2.8710344827586214,3.718965517241379,6.590000000000001,Wicked Choccy's,32.076176,-81.088371
325,US-2024-10325-CH,2025-10-30,2025-11-02,Standard Class,CUST-11829,United States,Houston,Texas,77095,Chocolate,Gulf,PROD-0874,Wonka Bar - Milk Chocolate,162.45,19,78.80999999999999,83.64,3,48.513388734995374,4.147894736842105,4.402105263157895,8.549999999999999,Wicked Choccy's,32.076176,-81.088371
326,US-2024-10326-CH,2025-11-18,2025-11-21,Standard Class,CUST-19649,United States,Los Angeles,California,90049,Chocolate,Pacific,PROD-7514,Wonka Bar - Triple Dazzle Caramel,101.66,13,43.339999999999996,58.32,3,42.63230375762345,3.3338461538461535,4.486153846153846,7.819999999999999,Wicked Choccy's,32.076176,-81.088371
327,US-2024-10327-CH,2024-12-09,2024-12-12,Standard Class,CUST-14458,United States,Los Angeles,California,90049,Chocolate,Pacific,PROD-7514,Wonka Bar - Triple Dazzle Caramel,45.48,12,19.319999999999997,26.16,3,42.48021108179419,1.6099999999999997,2.18,3.7899999999999996,Wicked Choccy's,32.076176,-81.088371
328,US-2024-10328-CH,2025-07-16,2025-07-18,First Class,CUST-15668,United States,Atlanta,Georgia,30301,Sugar,Gulf,PROD-2120,Everlasting Gobstopper,114.08,16,15.120000000000005,98.96,2,13.253856942496498,0.9450000000000003,6.185,7.13,Secret Factory,41.446333,-90.565487
329,US-2024-10329-CH,2024-02-04,2024-02-09,Standard Class,CUST-14154,United States,Henderson,Kentucky,42420,Other,Gulf,PROD-9359,Fizzy Lifting Drinks,59.75,5,4.509999999999998,55.24,5,7.548117154811712,0.9019999999999996,11.048,11.95,Sugar Shack,48.11914,-96.18115
330,US-2024-10330-CH,2024-04-18,2024-04-25,Standard Class,CUST-18556,United States,Athens,Georgia,30605,Other,Gulf,PROD-2646,Kazookles,175.72,23,24.340000000000003,151.38,7,13.851582062371959,1.0582608695652176,6.581739130434783,7.64,The Other Factory,35.1175,-89.971107
331,US-2024-10331-CH,2025-01-13,2025-01-18,Standard Class,CUST-10340,United States,Henderson,Kentucky,42420,Sugar,Gulf,PROD-2533,Laffy Taffy,21.48,4,6.48,15.0,5,30.16759776536313,1.62,3.75,5.37,Sugar Shack,48.11914,-96.18115
332,US-2024-10332-CH,2024-10-26,2024-10-31,Standard Class,CUST-16626,United States,Henderson,Kentucky,42420,Other,Gulf,PROD-9415,Wonka Gum,29.0,5,7.109999999999999,21.89,5,24.51724137931034,1.422,4.378,5.8,Secret Factory,41.446333,-90.565487
333,US-2024-10333-CH,2024-05-18,2024-05-21,Standard Class,CUST-16905,United States,Philadelphia,Pennsylvania,19143,Other,Atlantic,PROD-0345,Lickable Wallpaper,170.64,18,3.259999999999991,167.38,3,1.9104547585560194,0.1811111111111106,9.29888888888889,9.479999999999999,Secret Factory,41.446333,-90.565487
334,US-2024-10334-CH,2026-05-02,2026-05-04,Standard Class,CUST-16207,United States,Henderson,Kentucky,42420,Chocolate,Gulf,PROD-3776,Wonka Bar -Scrumdiddlyumptious,42.12,6,22.569999999999997,19.55,2,53.584995251661915,3.7616666666666663,3.2583333333333333,7.02,Lot's O' Nuts,32.881893,-111.768036
335,US-2024-10335-CH,2026-05-15,2026-05-19,Second Class,CUST-19702,United States,Henderson,Kentucky,42420,Sugar,Gulf,PROD-2120,Everlasting Gobstopper,315.56,46,34.55000000000001,281.01,4,10.94878945366967,0.7510869565217394,6.10891304347826,6.86,Secret Factory,41.446333,-90.565487
336,US-2024-10336-CH,2024-07-02,2024-07-05,First Class,CUST-14761,United States,Henderson,Kentucky,42420,Sugar,Gulf,PROD-0725,Hair Toffee,133.01,47,45.53999999999999,87.47,3,34.2380272159988,0.9689361702127658,1.861063829787234,2.8299999999999996,The Other Factory,35.1175,-89.971107
337,US-2024-10337-CH,2026-05-13,2026-05-16,Second Class,CUST-14494,United States,Athens,Georgia,30605,Sugar,Gulf,PROD-0725,Hair Toffee,192.77,37,29.07000000000002,163.7,3,15.080147325828719,0.7856756756756763,4.424324324324324,5.21,The Other Factory,35.1175,-89.971107
338,US-2024-10338-CH,2025-05-13,2025-05-16,Second Class,CUST-12819,United States,Seattle,Washington,98101,Sugar,Pacific,PROD-2120,Everlasting Gobstopper,102.45,15,21.60000000000001,80.85,3,21.083455344070288,1.4400000000000006,5.39,6.83,Secret Factory,41.446333,-90.565487
339,US-2024-10339-CH,2024-02-17,2024-02-24,First Class,CUST-13935,United States,Houston,Texas,77095,Sugar,Gulf,PROD-6629,SweeTARTS,95.49,9,32.26,63.23,7,33.78364226620589,3.5844444444444443,7.025555555555555,10.61,Sugar Shack,48.11914,-96.18115
340,US-2024-10340-CH,2025-07-28,2025-08-02,First Class,CUST-12767,United States,Houston,Texas,77095,Sugar,Gulf,PROD-5646,Nerds,44.1,6,16.55,27.55,5,37.528344671201815,2.7583333333333333,4.591666666666667,7.3500000000000005,Sugar Shack,48.11914,-96.18115
341,US-2024-10341-CH,2024-12-14,2024-12-16,Standard Class,CUST-11999,United States,Naperville,Illinois,60540,Chocolate,Interior,PROD-3893,Wonka Bar - Fudge Mallows,36.32,4,15.75,20.57,2,43.36453744493392,3.9375,5.1425,9.08,Lot's O' Nuts,32.881893,-111.768036
342,US-2024-10342-CH,2025-11-11,2025-11-14,Same Day,CUST-12841,United States,Philadelphia,Pennsylvania,19143,Sugar,Atlantic,PROD-0725,Hair Toffee,359.6,31,36.76000000000005,322.84,3,10.222469410456075,1.1858064516129048,10.414193548387097,11.600000000000001,The Other Factory,35.1175,-89.971107
343,US-2024-10343-CH,2024-11-22,2024-11-24,Second Class,CUST-15668,United States,Los Angeles,California,90049,Chocolate,Pacific,PROD-8572,Wonka Bar - Nutty Crunch Surprise,38.04,4,23.15,14.89,2,60.856992639327025,5.7875,3.7225,9.51,Lot's O' Nuts,32.881893,-111.768036
344,US-2024-10344-CH,2025-10-09,2025-10-13,Second Class,CUST-13175,United States,Los Angeles,California,90049,Other,Pacific,PROD-0345,Lickable Wallpaper,97.8,10,14.14,83.66,4,14.458077709611453,1.4140000000000001,8.366,9.78,Secret Factory,41.446333,-90.565487
345,US-2024-10345-CH,2026-03-12,2026-03-14,Standard Class,CUST-17938,United States,Seattle,Washington,98101,Sugar,Pacific,PROD-6629,SweeTARTS,31.85,5,8.380000000000003,23.47,2,26.310832025117747,1.6760000000000006,4.694,6.37,Sugar Shack,48.11914,-96.18115
346,US-2024-10346-CH,2024-02-14,2024-02-21,Standard Class,CUST-17913,United States,Philadelphia,Pennsylvania,19143,Other,Atlantic,PROD-9415,Wonka Gum,208.65,39,24.870000000000005,183.78,7,11.919482386772108,0.6376923076923078,4.712307692307692,5.3500000000000005,Secret Factory,41.446333,-90.565487
347,US-2024-10347-CH,2024-07-06,2024-07-08,Standard Class,CUST-12951,United States,Naperville,Illinois,60540,Sugar,Interior,PROD-0725,Hair Toffee,170.91,27,29.710000000000008,141.2,2,17.383418173307593,1.1003703703703707,5.229629629629629,6.33,The Other Factory,35.1175,-89.971107
348,US-2024-10348-CH,2026-06-12,2026-06-15,Standard Class,CUST-15789,United States,Los Angeles,California,90049,Sugar,Pacific,PROD-6629,SweeTARTS,241.2,30,100.92999999999998,140.27,3,41.844941956882245,3.3643333333333327,4.675666666666667,8.04,Sugar Shack,48.11914,-96.18115
349,US-2024-10349-CH,2025-02-06,2025-02-09,Standard Class,CUST-15565,United States,Henderson,Kentucky,42420,Chocolate,Gulf,PROD-7514,Wonka Bar - Triple Dazzle Caramel,95.42,26,59.370000000000005,36.05,3,62.21966044854329,2.2834615384615384,1.3865384615384615,3.67,Wicked Choccy's,32.076176,-81.088371
350,US-2024-10350-CH,2025-04-28,2025-05-02,Second Class,CUST-19203,United States,Atlanta,Georgia,30301,Other,Gulf,PROD-9359,Fizzy Lifting Drinks,188.58,21,1.0600000000000023,187.52,4,0.5620956623183806,0.050476190476190584,8.92952380952381,8.98,Sugar Shack,48.11914,-96.18115
351,US-2024-10351-CH,2026-04-26,2026-04-29,Standard Class,CUST-16046,United States,Los Angeles,California,90049,Chocolate,Pacific,PROD-7514,Wonka Bar - Triple Dazzle Caramel,19.3,5,11.46,7.84,3,59.37823834196892,2.2920000000000003,1.568,3.8600000000000003,Wicked Choccy's,32.076176,-81.088371
352,US-2024-10352-CH,2026-04-29,2026-05-04,Standard Class,CUST-19456,United States,Philadelphia,Pennsylvania,19143,Other,Atlantic,PROD-9415,Wonka Gum,60.96,12,12.230000000000004,48.73,5,20.062335958005256,1.019166666666667,4.060833333333333,5.08,Secret Factory,41.446333,-90.565487
353,US-2024-10353-CH,2026-02-24,2026-02-27,Standard Class,CUST-12437,United States,Atlanta,Georgia,30301,Other,Gulf,PROD-9359,Fizzy Lifting Drinks,429.39,39,36.129999999999995,393.26,3,8.414262092736207,0.9264102564102563,10.083589743589743,11.01,Sugar Shack,48.11914,-96.18115
354,US-2024-10354-CH,2026-04-11,2026-04-14,Standard Class,CUST-15793,United States,Seattle,Washington,98101,Chocolate,Pacific,PROD-7514,Wonka Bar - Triple Dazzle Caramel,124.2,12,53.71000000000001,70.49,3,43.24476650563608,4.475833333333334,5.8741666666666665,10.35,Wicked Choccy's,32.076176,-81.088371
355,US-2024-10355-CH,2025-09-03,2025-09-10,First Class,CUST-18662,United States,Athens,Georgia,30605,Sugar,Gulf,PROD-0725,Hair Toffee,91.14,14,17.709999999999994,73.43,7,19.431643625192006,1.2649999999999995,5.245,6.51,The Other Factory,35.1175,-89.971107
356,US-2024-10356-CH,2026-04-07,2026-04-11,First Class,CUST-19120,United States,New York,New York,10001,Other,Atlantic,PROD-9359,Fizzy Lifting Drinks,42.02,11,0.36000000000000654,41.66,4,0.8567348881485162,0.03272727272727332,3.787272727272727,3.8200000000000003,Sugar Shack,48.11914,-96.18115
357,US-2024-10357-CH,2025-03-27,2025-03-31,Second Class,CUST-11316,United States,New York,New York,10001,Sugar,Atlantic,PROD-5646,Nerds,156.86,31,54.13000000000001,102.73,4,34.50847889838072,1.746129032258065,3.3138709677419356,5.0600000000000005,Sugar Shack,48.11914,-96.18115
358,US-2024-10358-CH,2024-04-10,2024-04-13,Standard Class,CUST-15777,United States,New York,New York,10001,Other,Atlantic,PROD-9359,Fizzy Lifting Drinks,290.0,40,14.360000000000014,275.64,3,4.9517241379310395,0.3590000000000003,6.891,7.25,Sugar Shack,48.11914,-96.18115
359,US-2024-10359-CH,2024-08-23,2024-08-25,First Class,CUST-14424,United States,Houston,Texas,77095,Other,Gulf,PROD-9415,Wonka Gum,78.32,8,15.989999999999995,62.33,2,20.416241062308472,1.9987499999999994,7.79125,9.79,Secret Factory,41.446333,-90.565487
360,US-2024-10360-CH,2024-04-09,2024-04-13,First Class,CUST-17170,United States,Naperville,Illinois,60540,Sugar,Interior,PROD-2533,Laffy Taffy,130.64,46,42.969999999999985,87.67,4,32.891916717697484,0.9341304347826084,1.9058695652173914,2.84,Sugar Shack,48.11914,-96.18115
361,US-2024-10361-CH,2024-05-28,2024-06-01,Standard Class,CUST-17480,United States,Naperville,Illinois,60540,Sugar,Interior,PROD-0725,Hair Toffee,21.92,2,3.770000000000003,18.15,4,17.19890510948906,1.8850000000000016,9.075,10.96,The Other Factory,35.1175,-89.971107
362,US-2024-10362-CH,2024-02-23,2024-02-26,Standard Class,CUST-13173,United States,Naperville,Illinois,60540,Chocolate,Interior,PROD-8572,Wonka Bar - Nutty Crunch Surprise,155.25,45,88.8,66.45,3,57.19806763285023,1.9733333333333332,1.4766666666666668,3.45,Lot's O' Nuts,32.881893,-111.768036
363,US-2024-10363-CH,2026-04-28,2026-04-30,Standard Class,CUST-13253,United States,Philadelphia,Pennsylvania,19143,Sugar,Atlantic,PROD-5646,Nerds,30.8,11,12.23,18.57,2,39.70779220779221,1.1118181818181818,1.6881818181818182,2.8000000000000003,Sugar Shack,48.11914,-96.18115
364,US-2024-10364-CH,2025-06-24,2025-06-27,Second Class,CUST-14214,United States,Los Angeles,California,90049,Chocolate,Pacific,PROD-0874,Wonka Bar - Milk Chocolate,107.3,37,53.589999999999996,53.71,3,49.94408201304753,1.4483783783783784,1.4516216216216216,2.9,Wicked Choccy's,32.076176,-81.088371
365,US-2024-10365-CH,2024-04-13,2024-04-15,Second Class,CUST-12792,United States,New York,New York,10001,Sugar,Atlantic,PROD-0725,Hair Toffee,47.97,13,5.0,42.97,2,10.423181154888471,0.38461538461538464,3.3053846153846154,3.69,The Other Factory,35.1175,-89.971107
366,US-2024-10366-CH,2024-05-13,2024-05-16,Standard Class,CUST-12803,United States,Henderson,Kentucky,42420,Chocolate,Gulf,PROD-3893,Wonka Bar - Fudge Mallows,174.57,33,103.57,71.0,3,59.32863607721831,3.138484848484848,2.1515151515151514,5.29,Lot's O' Nuts,32.881893,-111.768036
367,US-2024-10367-CH,2025-04-28,2025-05-01,First Class,CUST-18835,United States,Henderson,Kentucky,42420,Sugar,Gulf,PROD-9885,Fun Dip,390.35,37,99.43,290.92,3,25.47201229665685,2.6872972972972975,7.862702702702703,10.55,Sugar Shack,48.11914,-96.18115
368,US-2024-10368-CH,2025-05-03,2025-05-10,Standard Class,CUST-19433,United States,Houston,Texas,77095,Sugar,Gulf,PROD-5646,Nerds,248.5,35,99.27000000000001,149.23,7,39.947686116700204,2.8362857142857147,4.263714285714285,7.1,Sugar Shack,48.11914,-96.18115
369,US-2024-10369-CH,2024-04-13,2024-04-20,Second Class,CUST-16683,United States,Atlanta,Georgia,30301,Chocolate,Gulf,PROD-0874,Wonka Bar - Milk Chocolate,45.24,6,25.46,19.78,7,56.277630415561454,4.243333333333333,3.296666666666667,7.54,Wicked Choccy's,32.076176,-81.088371
370,US-2024-10370-CH,2025-06-12,2025-06-15,First Class,CUST-17468,United States,Seattle,Washington,98101,Sugar,Pacific,PROD-2533,Laffy Taffy,377.55,45,162.05,215.5,3,42.921467355317176,3.6011111111111114,4.788888888888889,8.39,Sugar Shack,48.11914,-96.18115
371,US-2024-10371-CH,2025-03-31,2025-04-04,First Class,CUST-16707,United States,Henderson,Kentucky,42420,Chocolate,Gulf,PROD-3776,Wonka Bar -Scrumdiddlyumptious,194.88,48,109.27,85.61,4,56.070402298850574,2.2764583333333333,1.7835416666666666,4.06,Lot's O' Nuts,32.881893,-111.768036
372,US-2024-10372-CH,2025-03-13,2025-03-16,Second Class,CUST-17763,United States,Los Angeles,California,90049,Sugar,Pacific,PROD-2533,Laffy Taffy,147.84,48,57.36,90.48,3,38.798701298701296,1.195,1.885,3.08,Sugar Shack,48.11914,-96.18115
373,US-2024-10373-CH,2025-04-03,2025-04-05,Standard Class,CUST-13644,United States,Seattle,Washington,98101,Chocolate,Pacific,PROD-0874,Wonka Bar - Milk Chocolate,394.4,34,209.98,184.42,2,53.24036511156187,6.175882352941176,5.424117647058823,11.6,Wicked Choccy's,32.076176,-81.088371
374,US-2024-10374-CH,2025-07-11,2025-07-13,Standard Class,CUST-11932,United States,Henderson,Kentucky,42420,Other,Gulf,PROD-9359,Fizzy Lifting Drinks,441.48,39,55.18000000000001,386.3,2,12.498867445863914,1.414871794871795,9.905128205128205,11.32,Sugar Shack,48.11914,-96.18115
375,US-2024-10375-CH,2025-06-01,2025-06-04,Standard Class,CUST-16474,United States,Houston,Texas,77095,Other,Gulf,PROD-2646,Kazookles,496.35,45,133.31,363.04,3,26.858063866223432,2.9624444444444444,8.067555555555556,11.030000000000001,The Other Factory,35.1175,-89.971107
376,US-2024-10376-CH,2025-06-06,2025-06-09,Same Day,CUST-12743,United States,Philadelphia,Pennsylvania,19143,Other,Atlantic,PROD-0345,Lickable Wallpaper,523.35,45,-2.4599999999999227,525.81,3,-0.47004872456289715,-0.05466666666666495,11.684666666666665,11.63,Secret Factory,41.446333,-90.565487
377,US-2024-10377-CH,2025-03-21,2025-03-24,Standard Class,CUST-19061,United States,Atlanta,Georgia,30301,Sugar,Gulf,PROD-2120,Everlasting Gobstopper,82.32,12,27.14999999999999,55.17,3,32.98104956268221,2.2624999999999993,4.5975,6.859999999999999,Secret Factory,41.446333,-90.565487
378,US-2024-10378-CH,2024-06-02,2024-06-04,First Class,CUST-18436,United States,Philadelphia,Pennsylvania,19143,Sugar,Atlantic,PROD-2533,Laffy Taffy,451.35,45,194.79000000000002,256.56,2,43.1571950814224,4.328666666666667,5.701333333333333,10.030000000000001,Sugar Shack,48.11914,-96.18115
379,US-2024-10379-CH,2024-09-03,2024-09-06,Standard Class,CUST-16976,United States,Philadelphia,Pennsylvania,19143,Chocolate,Atlantic,PROD-3893,Wonka Bar - Fudge Mallows,302.29,43,175.20000000000002,127.09,3,57.957590393330904,4.0744186046511635,2.9555813953488372,7.03,Lot's O' Nuts,32.881893,-111.768036
380,US-2024-10380-CH,2025-08-15,2025-08-17,Second Class,CUST-12468,United States,Chicago,Illinois,60601,Sugar,Interior,PROD-2120,Everlasting Gobstopper,243.75,25,76.49000000000001,167.26,2,31.380512820512823,3.0596000000000005,6.6903999999999995,9.75,Secret Factory,41.446333,-90.565487
381,US-2024-10381-CH,2025-09-04,2025-09-07,Standard Class,CUST-14967,United States,Athens,Georgia,30605,Other,Gulf,PROD-9359,Fizzy Lifting Drinks,135.43,29,12.990000000000009,122.44,3,9.59167097393488,0.44793103448275895,4.222068965517241,4.67,Sugar Shack,48.11914,-96.18115
382,US-2024-10382-CH,2025-03-31,2025-04-05,Standard Class,CUST-11676,United States,Chicago,Illinois,60601,Chocolate,Interior,PROD-3893,Wonka Bar - Fudge Mallows,151.11,23,61.55000000000001,89.56,5,40.73191714644961,2.67608695652174,3.893913043478261,6.57,Lot's O' Nuts,32.881893,-111.768036
383,US-2024-10383-CH,2026-01-09,2026-01-12,Standard Class,CUST-14422,United States,Atlanta,Georgia,30301,Other,Gulf,PROD-0345,Lickable Wallpaper,323.96,28,20.659999999999968,303.3,3,6.377330534633896,0.7378571428571418,10.832142857142857,11.569999999999999,Secret Factory,41.446333,-90.565487
384,US-2024-10384-CH,2025-02-07,2025-02-11,Standard Class,CUST-14369,United States,Houston,Texas,77095,Chocolate,Gulf,PROD-8572,Wonka Bar - Nutty Crunch Surprise,109.8,36,56.12,53.68,4,51.11111111111111,1.5588888888888888,1.491111111111111,3.05,Lot's O' Nuts,32.881893,-111.768036
385,US-2024-10385-CH,2026-05-10,2026-05-13,First Class,CUST-18345,United States,Athens,Georgia,30605,Other,Gulf,PROD-0345,Lickable Wallpaper,180.6,28,26.159999999999997,154.44,3,14.485049833887043,0.9342857142857142,5.515714285714286,6.45,Secret Factory,41.446333,-90.565487
386,US-2024-10386-CH,2025-09-19,2025-09-21,Same Day,CUST-11772,United States,Athens,Georgia,30605,Other,Gulf,PROD-0345,Lickable Wallpaper,115.68,12,0.30000000000001137,115.38,2,0.2593360995850721,0.02500000000000095,9.615,9.64,Secret Factory,41.446333,-90.565487
387,US-2024-10387-CH,2025-12-09,2025-12-13,Standard Class,CUST-10699,United States,Athens,Georgia,30605,Sugar,Gulf,PROD-9885,Fun Dip,163.02,22,65.49000000000001,97.53,4,40.17298490982702,2.976818181818182,4.433181818181819,7.41,Sugar Shack,48.11914,-96.18115
388,US-2024-10388-CH,2024-11-22,2024-11-27,Standard Class,CUST-11422,United States,Chicago,Illinois,60601,Sugar,Interior,PROD-6629,SweeTARTS,38.88,6,15.790000000000003,23.09,5,40.61213991769548,2.6316666666666673,3.848333333333333,6.48,Sugar Shack,48.11914,-96.18115
389,US-2024-10389-CH,2024-04-18,2024-04-21,Standard Class,CUST-14570,United States,Athens,Georgia,30605,Chocolate,Gulf,PROD-3893,Wonka Bar - Fudge Mallows,223.02,42,122.32000000000001,100.7,3,54.84709891489553,2.9123809523809525,2.3976190476190475,5.3100000000000005,Lot's O' Nuts,32.881893,-111.768036
390,US-2024-10390-CH,2024-09-27,2024-10-02,First Class,CUST-13607,United States,Atlanta,Georgia,30301,Chocolate,Gulf,PROD-0874,Wonka Bar - Milk Chocolate,12.78,2,7.699999999999999,5.08,5,60.25039123630672,3.8499999999999996,2.54,6.39,Wicked Choccy's,32.076176,-81.088371
391,US-2024-10391-CH,2024-01-04,2024-01-06,First Class,CUST-14958,United States,Atlanta,Georgia,30301,Sugar,Gulf,PROD-5646,Nerds,70.32,24,21.659999999999997,48.66,2,30.802047781569964,0.9024999999999999,2.0275,2.9299999999999997,Sugar Shack,48.11914,-96.18115
392,US-2024-10392-CH,2026-04-09,2026-04-12,Standard Class,CUST-13156,United States,Henderson,Kentucky,42420,Other,Gulf,PROD-9415,Wonka Gum,21.14,7,7.26,13.88,3,34.34247871333964,1.0371428571428571,1.9828571428571429,3.02,Secret Factory,41.446333,-90.565487
393,US-2024-10393-CH,2025-05-29,2025-06-03,Standard Class,CUST-13240,United States,Athens,Georgia,30605,Other,Gulf,PROD-0345,Lickable Wallpaper,216.89,23,37.389999999999986,179.5,5,17.23915348794319,1.625652173913043,7.804347826086956,9.43,Secret Factory,41.446333,-90.565487
394,US-2024-10394-CH,2026-04-05,2026-04-08,Standard Class,CUST-14591,United States,Chicago,Illinois,60601,Chocolate,Interior,PROD-7514,Wonka Bar - Triple Dazzle Caramel,352.26,38,212.82999999999998,139.43,3,60.41844092431726,5.60078947368421,3.6692105263157897,9.27,Wicked Choccy's,32.076176,-81.088371
395,US-2024-10395-CH,2026-01-09,2026-01-16,Second Class,CUST-13273,United States,Naperville,Illinois,60540,Sugar,Interior,PROD-2120,Everlasting Gobstopper,143.52,23,35.540000000000006,107.98,7,24.763099219620962,1.545217391304348,4.694782608695652,6.24,Secret Factory,41.446333,-90.565487
396,US-2024-10396-CH,2026-02-05,2026-02-08,Standard Class,CUST-15679,United States,Philadelphia,Pennsylvania,19143,Sugar,Atlantic,PROD-2120,Everlasting Gobstopper,207.9,18,22.99000000000001,184.91,3,11.058201058201062,1.2772222222222227,10.272777777777778,11.55,Secret Factory,41.446333,-90.565487
397,US-2024-10397-CH,2025-09-26,2025-09-30,Standard Class,CUST-11104,United States,Seattle,Washington,98101,Chocolate,Pacific,PROD-0874,Wonka Bar - Milk Chocolate,386.88,39,223.28,163.6,4,57.71298593879239,5.725128205128205,4.194871794871795,9.92,Wicked Choccy's,32.076176,-81.088371
398,US-2024-10398-CH,2024-07-12,2024-07-16,Standard Class,CUST-10166,United States,Los Angeles,California,90049,Sugar,Pacific,PROD-9885,Fun Dip,113.19,33,46.489999999999995,66.7,4,41.0725329092676,1.4087878787878787,2.0212121212121215,3.4299999999999997,Sugar Shack,48.11914,-96.18115
399,US-2024-10399-CH,2025-08-15,2025-08-17,Standard Class,CUST-19523,United States,Seattle,Washington,98101,Other,Pacific,PROD-0345,Lickable Wallpaper,182.7,42,5.3799999999999955,177.32,2,2.944718117131908,0.12809523809523798,4.221904761904762,4.35,Secret Factory,41.446333,-90.565487
400,US-2024-10400-CH,2024-12-02,2024-12-06,Standard Class,CUST-17106,United States,Houston,Texas,77095,Chocolate,Gulf,PROD-7514,Wonka Bar - Triple Dazzle Caramel,115.44,13,58.739999999999995,56.7,4,50.88357588357588,4.518461538461538,4.361538461538462,8.879999999999999,Wicked Choccy's,32.076176,-81.088371
401,US-2024-10401-CH,2025-06-27,2025-06-30,First Class,CUST-12535,United States,Athens,Georgia,30605,Other,Gulf,PROD-9359,Fizzy Lifting Drinks,30.75,5,-1.3599999999999994,32.11,3,-4.422764227642275,-0.2719999999999999,6.422,6.15,Sugar Shack,48.11914,-96.18115
402,US-2024-10402-CH,2026-03-11,2026-03-18,Second Class,CUST-10992,United States,Atlanta,Georgia,30301,Other,Gulf,PROD-9415,Wonka Gum,39.05,5,8.799999999999997,30.25,7,22.53521126760563,1.7599999999999993,6.05,7.81,Secret Factory,41.446333,-90.565487
403,US-2024-10403-CH,2024-12-04,2024-12-07,Standard Class,CUST-11855,United States,Los Angeles,California,90049,Chocolate,Pacific,PROD-8572,Wonka Bar - Nutty Crunch Surprise,55.98,6,34.459999999999994,21.52,3,61.55769917827795,5.743333333333332,3.5866666666666664,9.33,Lot's O' Nuts,32.881893,-111.768036
404,US-2024-10404-CH,2025-10-20,2025-10-23,Standard Class,CUST-19729,United States,Houston,Texas,77095,Other,Gulf,PROD-9415,Wonka Gum,471.68,44,65.70999999999998,405.97,3,13.931054952510172,1.4934090909090905,9.226590909090909,10.72,Secret Factory,41.446333,-90.565487
405,US-2024-10405-CH,2026-06-01,2026-06-04,Standard Class,CUST-17951,United States,Naperville,Illinois,60540,Sugar,Interior,PROD-5646,Nerds,43.92,9,16.470000000000002,27.45,3,37.50000000000001,1.8300000000000003,3.05,4.88,Sugar Shack,48.11914,-96.18115
406,US-2024-10406-CH,2024-06-27,2024-06-29,Standard Class,CUST-10139,United States,Houston,Texas,77095,Sugar,Gulf,PROD-6629,SweeTARTS,68.85,17,19.789999999999992,49.06,2,28.743645606390693,1.164117647058823,2.885882352941177,4.05,Sugar Shack,48.11914,-96.18115
407,US-2024-10407-CH,2024-04-06,2024-04-09,Second Class,CUST-10049,United States,Naperville,Illinois,60540,Chocolate,Interior,PROD-8572,Wonka Bar - Nutty Crunch Surprise,183.86,29,76.69000000000001,107.17,3,41.71108452083107,2.6444827586206903,3.6955172413793105,6.340000000000001,Lot's O' Nuts,32.881893,-111.768036
408,US-2024-10408-CH,2025-12-26,2025-12-29,Same Day,CUST-13765,United States,Houston,Texas,77095,Sugar,Gulf,PROD-9885,Fun Dip,13.35,3,4.359999999999999,8.99,3,32.659176029962545,1.4533333333333331,2.9966666666666666,4.45,Sugar Shack,48.11914,-96.18115
409,US-2024-10409-CH,2025-06-09,2025-06-13,Standard Class,CUST-12761,United States,Chicago,Illinois,60601,Sugar,Interior,PROD-6629,SweeTARTS,103.8,30,31.72,72.08,4,30.558766859344892,1.0573333333333332,2.4026666666666667,3.46,Sugar Shack,48.11914,-96.18115
410,US-2024-10410-CH,2025-01-26,2025-01-28,Standard Class,CUST-19533,United States,Seattle,Washington,98101,Sugar,Pacific,PROD-9885,Fun Dip,353.4,30,95.63999999999999,257.76,2,27.062818336162987,3.1879999999999997,8.592,11.78,Sugar Shack,48.11914,-96.18115
411,US-2024-10411-CH,2024-03-22,2024-03-26,Standard Class,CUST-16241,United States,Henderson,Kentucky,42420,Sugar,Gulf,PROD-9885,Fun Dip,186.48,42,65.99999999999999,120.48,4,35.392535392535386,1.5714285714285712,2.8685714285714288,4.4399999999999995,Sugar Shack,48.11914,-96.18115
412,US-2024-10412-CH,2024-07-26,2024-07-30,Second Class,CUST-11518,United States,Houston,Texas,77095,Sugar,Gulf,PROD-9885,Fun Dip,218.5,25,96.95,121.55,4,44.37070938215103,3.878,4.862,8.74,Sugar Shack,48.11914,-96.18115
413,US-2024-10413-CH,2025-07-06,2025-07-08,Standard Class,CUST-12849,United States,Athens,Georgia,30605,Sugar,Gulf,PROD-2533,Laffy Taffy,308.25,45,82.74000000000001,225.51,2,26.841849148418497,1.838666666666667,5.011333333333333,6.85,Sugar Shack,48.11914,-96.18115
414,US-2024-10414-CH,2024-05-13,2024-05-16,Standard Class,CUST-14195,United States,Houston,Texas,77095,Sugar,Gulf,PROD-2533,Laffy Taffy,74.58,11,28.67,45.91,3,38.441941539286674,2.6063636363636364,4.173636363636363,6.78,Sugar Shack,48.11914,-96.18115
415,US-2024-10415-CH,2025-02-16,2025-02-18,First Class,CUST-14757,United States,Philadelphia,Pennsylvania,19143,Sugar,Atlantic,PROD-2120,Everlasting Gobstopper,70.2,20,9.740000000000002,60.46,2,13.874643874643876,0.4870000000000001,3.023,3.5100000000000002,Secret Factory,41.446333,-90.565487
416,US-2024-10416-CH,2026-06-09,2026-06-13,Standard Class,CUST-14396,United States,Henderson,Kentucky,42420,Chocolate,Gulf,PROD-3776,Wonka Bar -Scrumdiddlyumptious,338.92,37,193.19000000000003,145.73,4,57.00165230732917,5.221351351351352,3.9386486486486483,9.16,Lot's O' Nuts,32.881893,-111.768036
417,US-2024-10417-CH,2026-03-27,2026-03-30,First Class,CUST-17071,United States,Chicago,Illinois,60601,Chocolate,Interior,PROD-0874,Wonka Bar - Milk Chocolate,232.0,20,115.94,116.06,3,49.97413793103448,5.797,5.803,11.6,Wicked Choccy's,32.076176,-81.088371
418,US-2024-10418-CH,2025-10-18,2025-10-21,Second Class,CUST-17294,United States,Naperville,Illinois,60540,Sugar,Interior,PROD-2533,Laffy Taffy,185.36,28,49.77000000000001,135.59,3,26.85045317220544,1.7775000000000003,4.8425,6.62,Sugar Shack,48.11914,-96.18115
419,US-2024-10419-CH,2025-08-27,2025-08-30,Second Class,CUST-12424,United States,Athens,Georgia,30605,Sugar,Gulf,PROD-9885,Fun Dip,72.52,28,26.679999999999993,45.84,3,36.78985107556535,0.9528571428571426,1.6371428571428572,2.59,Sugar Shack,48.11914,-96.18115
420,US-2024-10420-CH,2024-07-30,2024-08-02,Second Class,CUST-15166,United States,Atlanta,Georgia,30301,Sugar,Gulf,PROD-9885,Fun Dip,175.6,40,74.72,100.88,3,42.55125284738041,1.8679999999999999,2.522,4.39,Sugar Shack,48.11914,-96.18115
421,US-2024-10421-CH,2024-12-31,2025-01-03,Standard Class,CUST-13901,United States,New York,New York,10001,Other,Atlantic,PROD-2646,Kazookles,546.84,49,103.20000000000005,443.64,3,18.87206495501427,2.1061224489795927,9.053877551020408,11.16,The Other Factory,35.1175,-89.971107
422,US-2024-10422-CH,2024-11-26,2024-11-29,First Class,CUST-14370,United States,New York,New York,10001,Other,Atlantic,PROD-9359,Fizzy Lifting Drinks,357.74,31,51.10000000000002,306.64,3,14.284116956448823,1.6483870967741943,9.891612903225806,11.540000000000001,Sugar Shack,48.11914,-96.18115
423,US-2024-10423-CH,2025-11-16,2025-11-19,Standard Class,CUST-10690,United States,Los Angeles,California,90049,Chocolate,Pacific,PROD-0874,Wonka Bar - Milk Chocolate,372.84,39,217.92,154.92,3,58.44866430640489,5.587692307692308,3.972307692307692,9.559999999999999,Wicked Choccy's,32.076176,-81.088371
424,US-2024-10424-CH,2025-12-21,2025-12-28,First Class,CUST-12912,United States,Atlanta,Georgia,30301,Other,Gulf,PROD-9415,Wonka Gum,70.7,7,12.970000000000006,57.73,7,18.345120226308353,1.8528571428571436,8.247142857142856,10.1,Secret Factory,41.446333,-90.565487
425,US-2024-10425-CH,2025-10-10,2025-10-12,Second Class,CUST-18933,United States,Henderson,Kentucky,42420,Sugar,Gulf,PROD-2533,Laffy Taffy,141.02,22,59.900000000000006,81.12,2,42.47624450432563,2.722727272727273,3.6872727272727275,6.41,Sugar Shack,48.11914,-96.18115
426,US-2024-10426-CH,2025-02-23,2025-02-26,First Class,CUST-17829,United States,Los Angeles,California,90049,Other,Pacific,PROD-9359,Fizzy Lifting Drinks,501.16,44,-17.680000000000007,518.84,3,-3.527815468113977,-0.40181818181818196,11.791818181818183,11.39,Sugar Shack,48.11914,-96.18115
427,US-2024-10427-CH,2024-07-03,2024-07-06,Standard Class,CUST-18003,United States,Atlanta,Georgia,30301,Sugar,Gulf,PROD-2120,Everlasting Gobstopper,167.21,23,19.07000000000002,148.14,3,11.404820285868082,0.8291304347826096,6.44086956521739,7.2700000000000005,Secret Factory,41.446333,-90.565487
428,US-2024-10428-CH,2026-04-02,2026-04-06,Standard Class,CUST-15103,United States,New York,New York,10001,Sugar,Atlantic,PROD-0725,Hair Toffee,340.08,39,56.129999999999995,283.95,4,16.504940014114325,1.439230769230769,7.280769230769231,8.719999999999999,The Other Factory,35.1175,-89.971107
429,US-2024-10429-CH,2025-12-14,2025-12-21,Standard Class,CUST-15059,United States,Henderson,Kentucky,42420,Other,Gulf,PROD-0345,Lickable Wallpaper,74.8,8,10.480000000000004,64.32,7,14.010695187165782,1.3100000000000005,8.04,9.35,Secret Factory,41.446333,-90.565487
430,US-2024-10430-CH,2024-07-14,2024-07-21,Standard Class,CUST-13927,United States,New York,New York,10001,Chocolate,Atlantic,PROD-7514,Wonka Bar - Triple Dazzle Caramel,206.92,28,110.46999999999998,96.45,7,53.38778271795863,3.945357142857142,3.444642857142857,7.39,Wicked Choccy's,32.076176,-81.088371
431,US-2024-10431-CH,2026-03-24,2026-03-31,Standard Class,CUST-12854,United States,Chicago,Illinois,60601,Sugar,Interior,PROD-9885,Fun Dip,329.01,33,123.85,205.16,7,37.6432327284885,3.753030303030303,6.216969696969697,9.969999999999999,Sugar Shack,48.11914,-96.18115
432,US-2024-10432-CH,2024-07-31,2024-08-07,Standard Class,CUST-10086,United States,New York,New York,10001,Chocolate,Atlantic,PROD-8572,Wonka Bar - Nutty Crunch Surprise,54.32,7,28.56,25.76,7,52.57731958762887,4.08,3.68,7.76,Lot's O' Nuts,32.881893,-111.768036
433,US-2024-10433-CH,2025-02-17,2025-02-20,Standard Class,CUST-16815,United States,Chicago,Illinois,60601,Chocolate,Interior,PROD-8572,Wonka Bar - Nutty Crunch Surprise,122.13,23,62.87,59.26,3,51.477933349709325,2.733478260869565,2.5765217391304347,5.31,Lot's O' Nuts,32.881893,-111.768036
434,US-2024-10434-CH,2025-05-09,2025-05-12,Second Class,CUST-18837,United States,Athens,Georgia,30605,Other,Gulf,PROD-9415,Wonka Gum,187.22,46,18.819999999999993,168.4,3,10.052344834953528,0.4091304347826085,3.6608695652173915,4.07,Secret Factory,41.446333,-90.565487
435,US-2024-10435-CH,2025-08-28,2025-08-30,Second Class,CUST-18690,United States,Philadelphia,Pennsylvania,19143,Sugar,Atlantic,PROD-0725,Hair Toffee,196.52,34,40.0,156.52,2,20.35416242621616,1.1764705882352942,4.603529411764706,5.78,The Other Factory,35.1175,-89.971107
436,US-2024-10436-CH,2025-10-11,2025-10-15,Standard Class,CUST-12294,United States,Atlanta,Georgia,30301,Other,Gulf,PROD-9415,Wonka Gum,133.94,37,20.489999999999995,113.45,4,15.297894579662533,0.5537837837837837,3.0662162162162163,3.62,Secret Factory,41.446333,-90.565487
437,US-2024-10437-CH,2024-05-06,2024-05-09,Same Day,CUST-18328,United States,Naperville,Illinois,60540,Other,Interior,PROD-2646,Kazookles,153.92,16,37.39999999999999,116.52,3,24.298336798336795,2.3374999999999995,7.2825,9.62,The Other Factory,35.1175,-89.971107
438,US-2024-10438-CH,2025-04-25,2025-04-28,Standard Class,CUST-15618,United States,New York,New York,10001,Other,Atlantic,PROD-2646,Kazookles,70.51,11,20.330000000000005,50.18,3,28.83278967522338,1.8481818181818186,4.5618181818181816,6.41,The Other Factory,35.1175,-89.971107
439,US-2024-10439-CH,2026-06-15,2026-06-19,Standard Class,CUST-14390,United States,Naperville,Illinois,60540,Other,Interior,PROD-0345,Lickable Wallpaper,562.52,49,62.0,500.52,4,11.021830334921425,1.2653061224489797,10.21469387755102,11.48,Secret Factory,41.446333,-90.565487
440,US-2024-10440-CH,2024-01-17,2024-01-20,Second Class,CUST-19012,United States,Atlanta,Georgia,30301,Sugar,Gulf,PROD-5646,Nerds,58.62,6,22.61,36.01,3,38.57045377004435,3.768333333333333,6.001666666666666,9.77,Sugar Shack,48.11914,-96.18115
441,US-2024-10441-CH,2025-07-27,2025-07-31,First Class,CUST-19359,United States,New York,New York,10001,Chocolate,Atlantic,PROD-8572,Wonka Bar - Nutty Crunch Surprise,231.4,26,116.17,115.23,4,50.20311149524632,4.468076923076923,4.431923076923077,8.9,Lot's O' Nuts,32.881893,-111.768036
442,US-2024-10442-CH,2025-10-29,2025-11-02,Standard Class,CUST-19579,United States,Naperville,Illinois,60540,Sugar,Interior,PROD-9885,Fun Dip,13.84,2,5.88,7.96,4,42.48554913294797,2.94,3.98,6.92,Sugar Shack,48.11914,-96.18115
443,US-2024-10443-CH,2026-01-14,2026-01-17,First Class,CUST-14994,United States,Naperville,Illinois,60540,Chocolate,Interior,PROD-3776,Wonka Bar -Scrumdiddlyumptious,127.2,30,78.07,49.13,3,61.37578616352201,2.602333333333333,1.6376666666666668,4.24,Lot's O' Nuts,32.881893,-111.768036
444,US-2024-10444-CH,2025-06-25,2025-06-29,Standard Class,CUST-12581,United States,Henderson,Kentucky,42420,Sugar,Gulf,PROD-2120,Everlasting Gobstopper,210.33,19,31.730000000000018,178.6,4,15.085817524841923,1.670000000000001,9.4,11.07,Secret Factory,41.446333,-90.565487
445,US-2024-10445-CH,2026-05-21,2026-05-28,Standard Class,CUST-16476,United States,Seattle,Washington,98101,Sugar,Pacific,PROD-2533,Laffy Taffy,222.72,29,99.41,123.31,7,44.634518678160916,3.4279310344827585,4.252068965517242,7.68,Sugar Shack,48.11914,-96.18115
446,US-2024-10446-CH,2024-11-30,2024-12-03,Standard Class,CUST-18397,United States,Naperville,Illinois,60540,Other,Interior,PROD-0345,Lickable Wallpaper,234.3,30,5.590000000000003,228.71,3,2.385830132309007,0.18633333333333343,7.623666666666667,7.8100000000000005,Secret Factory,41.446333,-90.565487
447,US-2024-10447-CH,2025-07-27,2025-07-30,Standard Class,CUST-13306,United States,Chicago,Illinois,60601,Sugar,Interior,PROD-5646,Nerds,104.88,12,41.089999999999996,63.79,3,39.17810831426392,3.4241666666666664,5.315833333333333,8.74,Sugar Shack,48.11914,-96.18115
448,US-2024-10448-CH,2024-12-13,2024-12-17,Standard Class,CUST-15255,United States,New York,New York,10001,Chocolate,Atlantic,PROD-3893,Wonka Bar - Fudge Mallows,344.4,35,184.98,159.42,4,53.710801393728225,5.285142857142857,4.554857142857142,9.84,Lot's O' Nuts,32.881893,-111.768036
449,US-2024-10449-CH,2024-11-09,2024-11-13,Second Class,CUST-15330,United States,Atlanta,Georgia,30301,Sugar,Gulf,PROD-9885,Fun Dip,268.18,46,103.38,164.8,4,38.54873592363337,2.247391304347826,3.582608695652174,5.83,Sugar Shack,48.11914,-96.18115
450,US-2024-10450-CH,2024-04-01,2024-04-03,Standard Class,CUST-10990,United States,Chicago,Illinois,60601,Sugar,Interior,PROD-0725,Hair Toffee,180.09,29,25.150000000000006,154.94,2,13.965239602421015,0.8672413793103451,5.342758620689655,6.21,The Other Factory,35.1175,-89.971107
451,US-2024-10451-CH,2025-07-29,2025-08-02,Standard Class,CUST-19897,United States,Henderson,Kentucky,42420,Chocolate,Gulf,PROD-3776,Wonka Bar -Scrumdiddlyumptious,344.0,43,191.99,152.01,4,55.81104651162791,4.464883720930232,3.535116279069767,8.0,Lot's O' Nuts,32.881893,-111.768036
452,US-2024-10452-CH,2025-06-11,2025-06-14,First Class,CUST-18841,United States,Naperville,Illinois,60540,Other,Interior,PROD-0345,Lickable Wallpaper,336.2,41,49.81,286.39,3,14.815585960737657,1.2148780487804878,6.9851219512195115,8.2,Secret Factory,41.446333,-90.565487
453,US-2024-10453-CH,2025-12-30,2026-01-03,Same Day,CUST-10383,United States,New York,New York,10001,Sugar,Atlantic,PROD-0725,Hair Toffee,87.36,13,18.58,68.78,4,21.26831501831502,1.429230769230769,5.2907692307692304,6.72,The Other Factory,35.1175,-89.971107
454,US-2024-10454-CH,2025-05-19,2025-05-22,Standard Class,CUST-16111,United States,Naperville,Illinois,60540,Other,Interior,PROD-9415,Wonka Gum,374.79,39,58.56,316.23,3,15.624749859921556,1.5015384615384615,8.108461538461539,9.610000000000001,Secret Factory,41.446333,-90.565487
455,US-2024-10455-CH,2025-01-12,2025-01-15,Second Class,CUST-19166,United States,Henderson,Kentucky,42420,Sugar,Gulf,PROD-0725,Hair Toffee,228.48,28,37.95999999999998,190.52,3,16.614145658263297,1.355714285714285,6.804285714285714,8.16,The Other Factory,35.1175,-89.971107
456,US-2024-10456-CH,2025-04-24,2025-04-28,Second Class,CUST-10160,United States,Athens,Georgia,30605,Other,Gulf,PROD-2646,Kazookles,69.79,7,20.480000000000004,49.31,4,29.34517839231982,2.925714285714286,7.0442857142857145,9.97,The Other Factory,35.1175,-89.971107
457,US-2024-10457-CH,2026-02-07,2026-02-10,Standard Class,CUST-19732,United States,Los Angeles,California,90049,Sugar,Pacific,PROD-0725,Hair Toffee,64.86,23,20.740000000000002,44.12,3,31.97656490903485,0.9017391304347827,1.9182608695652172,2.82,The Other Factory,35.1175,-89.971107
458,US-2024-10458-CH,2026-03-24,2026-03-28,Standard Class,CUST-18092,United States,Los Angeles,California,90049,Sugar,Pacific,PROD-0725,Hair Toffee,46.06,7,6.920000000000002,39.14,4,15.023881893182809,0.9885714285714288,5.591428571428572,6.58,The Other Factory,35.1175,-89.971107
459,US-2024-10459-CH,2024-03-17,2024-03-22,Second Class,CUST-15669,United States,Los Angeles,California,90049,Sugar,Pacific,PROD-6629,SweeTARTS,28.83,3,11.889999999999997,16.94,5,41.24176205341657,3.9633333333333325,5.646666666666667,9.61,Sugar Shack,48.11914,-96.18115
460,US-2024-10460-CH,2025-10-13,2025-10-16,Standard Class,CUST-17002,United States,Athens,Georgia,30605,Sugar,Gulf,PROD-2120,Everlasting Gobstopper,323.52,32,86.88999999999999,236.63,3,26.85769040553907,2.7153124999999996,7.3946875,10.11,Secret Factory,41.446333,-90.565487
461,US-2024-10461-CH,2026-03-13,2026-03-15,Standard Class,CUST-16644,United States,New York,New York,10001,Chocolate,Atlantic,PROD-3776,Wonka Bar -Scrumdiddlyumptious,218.9,22,118.54,100.36,2,54.15258108725446,5.388181818181819,4.5618181818181816,9.950000000000001,Lot's O' Nuts,32.881893,-111.768036
462,US-2024-10462-CH,2024-06-14,2024-06-16,Standard Class,CUST-13839,United States,Naperville,Illinois,60540,Chocolate,Interior,PROD-3776,Wonka Bar -Scrumdiddlyumptious,210.75,25,124.46,86.29,2,59.05575326215895,4.9784,3.4516000000000004,8.43,Lot's O' Nuts,32.881893,-111.768036
463,US-2024-10463-CH,2024-12-20,2024-12-27,Standard Class,CUST-19788,United States,Atlanta,Georgia,30301,Sugar,Gulf,PROD-2120,Everlasting Gobstopper,64.26,6,15.860000000000007,48.4,7,24.680983504512923,2.6433333333333344,8.066666666666666,10.71,Secret Factory,41.446333,-90.565487
464,US-2024-10464-CH,2025-11-13,2025-11-17,First Class,CUST-10650,United States,Houston,Texas,77095,Other,Gulf,PROD-0345,Lickable Wallpaper,352.0,44,28.50999999999999,323.49,4,8.099431818181815,0.6479545454545452,7.352045454545455,8.0,Secret Factory,41.446333,-90.565487
465,US-2024-10465-CH,2025-11-25,2025-11-29,Second Class,CUST-15232,United States,Philadelphia,Pennsylvania,19143,Other,Atlantic,PROD-9415,Wonka Gum,71.76,6,24.78000000000001,46.98,4,34.53177257525085,4.130000000000002,7.829999999999999,11.96,Secret Factory,41.446333,-90.565487
466,US-2024-10466-CH,2025-11-08,2025-11-11,Standard Class,CUST-16837,United States,Athens,Georgia,30605,Other,Gulf,PROD-9359,Fizzy Lifting Drinks,138.24,12,19.570000000000007,118.67,3,14.156539351851857,1.630833333333334,9.889166666666666,11.520000000000001,Sugar Shack,48.11914,-96.18115
467,US-2024-10467-CH,2025-04-15,2025-04-22,Second Class,CUST-12505,United States,Los Angeles,California,90049,Chocolate,Pacific,PROD-3893,Wonka Bar - Fudge Mallows,326.25,45,186.85,139.4,7,57.272030651341,4.152222222222222,3.097777777777778,7.25,Lot's O' Nuts,32.881893,-111.768036
468,US-2024-10468-CH,2026-04-12,2026-04-16,Standard Class,CUST-17086,United States,Houston,Texas,77095,Sugar,Gulf,PROD-2533,Laffy Taffy,32.15,5,9.349999999999998,22.8,4,29.08242612752721,1.8699999999999997,4.5600000000000005,6.43,Sugar Shack,48.11914,-96.18115
469,US-2024-10469-CH,2025-02-07,2025-02-11,First Class,CUST-11141,United States,Philadelphia,Pennsylvania,19143,Chocolate,Atlantic,PROD-8572,Wonka Bar - Nutty Crunch Surprise,281.86,34,162.04000000000002,119.82,4,57.489533811111905,4.765882352941177,3.5241176470588234,8.290000000000001,Lot's O' Nuts,32.881893,-111.768036
470,US-2024-10470-CH,2025-10-04,2025-10-08,Standard Class,CUST-12789,United States,Naperville,Illinois,60540,Chocolate,Interior,PROD-0874,Wonka Bar - Milk Chocolate,170.64,27,74.80999999999999,95.83,4,43.84083450539146,2.7707407407407403,3.549259259259259,6.319999999999999,Wicked Choccy's,32.076176,-81.088371
471,US-2024-10471-CH,2025-03-13,2025-03-16,Second Class,CUST-17129,United States,Athens,Georgia,30605,Chocolate,Gulf,PROD-3893,Wonka Bar - Fudge Mallows,30.6,9,16.78,13.82,3,54.83660130718955,1.8644444444444446,1.5355555555555556,3.4000000000000004,Lot's O' Nuts,32.881893,-111.768036
472,US-2024-10472-CH,2025-10-01,2025-10-05,Standard Class,CUST-19146,United States,New York,New York,10001,Other,Atlantic,PROD-9415,Wonka Gum,154.02,17,38.38000000000001,115.64,4,24.91884170886898,2.25764705882353,6.802352941176471,9.06,Secret Factory,41.446333,-90.565487
473,US-2024-10473-CH,2024-06-03,2024-06-07,Standard Class,CUST-11257,United States,Los Angeles,California,90049,Other,Pacific,PROD-2646,Kazookles,272.5,25,35.78,236.72,4,13.1302752293578,1.4312,9.4688,10.9,The Other Factory,35.1175,-89.971107
474,US-2024-10474-CH,2026-04-04,2026-04-07,Standard Class,CUST-15750,United States,Chicago,Illinois,60601,Chocolate,Interior,PROD-8572,Wonka Bar - Nutty Crunch Surprise,315.84,32,136.43999999999997,179.4,3,43.19908814589665,4.263749999999999,5.60625,9.87,Lot's O' Nuts,32.881893,-111.768036
475,US-2024-10475-CH,2026-02-23,2026-02-28,Second Class,CUST-11094,United States,New York,New York,10001,Sugar,Atlantic,PROD-0725,Hair Toffee,167.71,31,39.91000000000001,127.8,5,23.797030588515895,1.28741935483871,4.12258064516129,5.41,The Other Factory,35.1175,-89.971107
476,US-2024-10476-CH,2026-03-12,2026-03-15,Standard Class,CUST-13155,United States,Atlanta,Georgia,30301,Sugar,Gulf,PROD-0725,Hair Toffee,446.55,39,53.00999999999999,393.54,3,11.871011084984882,1.359230769230769,10.090769230769231,11.450000000000001,The Other Factory,35.1175,-89.971107
477,US-2024-10477-CH,2025-09-29,2025-10-01,Second Class,CUST-18301,United States,Henderson,Kentucky,42420,Chocolate,Gulf,PROD-3776,Wonka Bar -Scrumdiddlyumptious,60.12,9,28.229999999999997,31.89,2,46.95608782435129,3.1366666666666663,3.5433333333333334,6.68,Lot's O' Nuts,32.881893,-111.768036
478,US-2024-10478-CH,2024-02-29,2024-03-05,Standard Class,CUST-12148,United States,Los Angeles,California,90049,Sugar,Pacific,PROD-5646,Nerds,170.52,29,65.62,104.9,5,38.482289467511144,2.2627586206896555,3.617241379310345,5.880000000000001,Sugar Shack,48.11914,-96.18115
479,US-2024-10479-CH,2025-05-30,2025-06-01,Standard Class,CUST-17542,United States,Naperville,Illinois,60540,Other,Interior,PROD-9359,Fizzy Lifting Drinks,417.69,39,-6.0,423.69,2,-1.4364720247073188,-0.15384615384615385,10.863846153846154,10.709999999999999,Sugar Shack,48.11914,-96.18115
480,US-2024-10480-CH,2024-07-10,2024-07-13,Standard Class,CUST-15462,United States,Henderson,Kentucky,42420,Sugar,Gulf,PROD-2120,Everlasting Gobstopper,220.58,41,39.25,181.33,3,17.793997642578656,0.9573170731707317,4.4226829268292684,5.38,Secret Factory,41.446333,-90.565487
481,US-2024-10481-CH,2024-09-03,2024-09-10,Standard Class,CUST-10776,United States,New York,New York,10001,Chocolate,Atlantic,PROD-8572,Wonka Bar - Nutty Crunch Surprise,443.33,43,183.64999999999998,259.68,7,41.425123497169146,4.270930232558139,6.039069767441861,10.31,Lot's O' Nuts,32.881893,-111.768036
482,US-2024-10482-CH,2025-11-18,2025-11-21,Standard Class,CUST-16974,United States,Seattle,Washington,98101,Sugar,Pacific,PROD-2533,Laffy Taffy,128.44,13,54.25999999999999,74.18,3,42.245406415446894,4.173846153846153,5.706153846153847,9.879999999999999,Sugar Shack,48.11914,-96.18115
483,US-2024-10483-CH,2025-06-08,2025-06-15,Standard Class,CUST-10844,United States,Chicago,Illinois,60601,Sugar,Interior,PROD-6629,SweeTARTS,114.3,10,28.939999999999998,85.36,7,25.31933508311461,2.8939999999999997,8.536,11.43,Sugar Shack,48.11914,-96.18115
484,US-2024-10484-CH,2024-07-29,2024-08-02,Second Class,CUST-10186,United States,Naperville,Illinois,60540,Sugar,Interior,PROD-9885,Fun Dip,363.6,36,99.86000000000001,263.74,4,27.464246424642468,2.773888888888889,7.3261111111111115,10.100000000000001,Sugar Shack,48.11914,-96.18115
485,US-2024-10485-CH,2026-05-26,2026-06-02,Standard Class,CUST-10269,United States,Los Angeles,California,90049,Sugar,Pacific,PROD-9885,Fun Dip,279.3,38,110.95000000000002,168.35,7,39.72431077694236,2.9197368421052636,4.4302631578947365,7.3500000000000005,Sugar Shack,48.11914,-96.18115
486,US-2024-10486-CH,2024-05-11,2024-05-18,Standard Class,CUST-11445,United States,Naperville,Illinois,60540,Other,Interior,PROD-2646,Kazookles,54.36,9,14.43,39.93,7,26.54525386313466,1.6033333333333333,4.4366666666666665,6.04,The Other Factory,35.1175,-89.971107
487,US-2024-10487-CH,2026-01-03,2026-01-08,Standard Class,CUST-16855,United States,Henderson,Kentucky,42420,Sugar,Gulf,PROD-5646,Nerds,16.96,4,7.040000000000001,9.92,5,41.509433962264154,1.7600000000000002,2.48,4.24,Sugar Shack,48.11914,-96.18115
488,US-2024-10488-CH,2026-04-09,2026-04-11,First Class,CUST-17243,United States,Los Angeles,California,90049,Sugar,Pacific,PROD-6629,SweeTARTS,73.5,15,32.18,41.32,2,43.78231292517007,2.1453333333333333,2.7546666666666666,4.9,Sugar Shack,48.11914,-96.18115
489,US-2024-10489-CH,2025-12-02,2025-12-09,Standard Class,CUST-14478,United States,Henderson,Kentucky,42420,Chocolate,Gulf,PROD-8572,Wonka Bar - Nutty Crunch Surprise,205.8,42,109.08000000000001,96.72,7,53.00291545189505,2.5971428571428574,2.302857142857143,4.9,Lot's O' Nuts,32.881893,-111.768036
490,US-2024-10490-CH,2025-06-08,2025-06-12,Second Class,CUST-12979,United States,Athens,Georgia,30605,Sugar,Gulf,PROD-2533,Laffy Taffy,431.29,43,161.93,269.36,4,37.545503025806305,3.7658139534883723,6.264186046511628,10.030000000000001,Sugar Shack,48.11914,-96.18115
491,US-2024-10491-CH,2024-09-29,2024-10-02,Standard Class,CUST-19991,United States,New York,New York,10001,Chocolate,Atlantic,PROD-8572,Wonka Bar - Nutty Crunch Surprise,101.25,9,41.51,59.74,3,40.99753086419753,4.612222222222222,6.637777777777778,11.25,Lot's O' Nuts,32.881893,-111.768036
492,US-2024-10492-CH,2024-04-20,2024-04-27,Second Class,CUST-10886,United States,Atlanta,Georgia,30301,Sugar,Gulf,PROD-2120,Everlasting Gobstopper,102.4,40,30.02000000000001,72.38,7,29.31640625000001,0.7505000000000003,1.8094999999999999,2.56,Secret Factory,41.446333,-90.565487
493,US-2024-10493-CH,2025-12-22,2025-12-25,Standard Class,CUST-11117,United States,Naperville,Illinois,60540,Chocolate,Interior,PROD-3893,Wonka Bar - Fudge Mallows,372.0,31,220.36,151.64,3,59.23655913978495,7.108387096774194,4.891612903225806,12.0,Lot's O' Nuts,32.881893,-111.768036
494,US-2024-10494-CH,2025-08-28,2025-08-31,First Class,CUST-12761,United States,Henderson,Kentucky,42420,Chocolate,Gulf,PROD-3893,Wonka Bar - Fudge Mallows,132.3,18,73.27000000000001,59.03,3,55.381708238851104,4.070555555555556,3.2794444444444446,7.3500000000000005,Lot's O' Nuts,32.881893,-111.768036
495,US-2024-10495-CH,2025-04-15,2025-04-19,First Class,CUST-13072,United States,Henderson,Kentucky,42420,Sugar,Gulf,PROD-0725,Hair Toffee,239.94,31,50.28,189.66,4,20.955238809702426,1.6219354838709679,6.118064516129032,7.74,The Other Factory,35.1175,-89.971107
496,US-2024-10496-CH,2026-04-22,2026-04-25,Second Class,CUST-15048,United States,Houston,Texas,77095,Sugar,Gulf,PROD-0725,Hair Toffee,56.9,10,12.309999999999995,44.59,3,21.634446397188043,1.2309999999999994,4.4590000000000005,5.6899999999999995,The Other Factory,35.1175,-89.971107
497,US-2024-10497-CH,2025-10-28,2025-10-30,Standard Class,CUST-17850,United States,Los Angeles,California,90049,Sugar,Pacific,PROD-5646,Nerds,16.6,2,4.810000000000002,11.79,2,28.97590361445784,2.405000000000001,5.895,8.3,Sugar Shack,48.11914,-96.18115
498,US-2024-10498-CH,2025-04-25,2025-04-28,First Class,CUST-18100,United States,New York,New York,10001,Other,Atlantic,PROD-2646,Kazookles,319.2,30,98.56,220.64,3,30.87719298245614,3.2853333333333334,7.354666666666666,10.639999999999999,The Other Factory,35.1175,-89.971107
499,US-2024-10499-CH,2026-04-01,2026-04-03,Standard Class,CUST-19665,United States,Houston,Texas,77095,Other,Gulf,PROD-0345,Lickable Wallpaper,233.28,36,4.030000000000001,229.25,2,1.7275377229080937,0.11194444444444447,6.368055555555555,6.48,Secret Factory,41.446333,-90.565487
500,US-2024-10500-CH,2026-04-30,2026-05-04,Standard Class,CUST-19765,United States,Los Angeles,California,90049,Other,Pacific,PROD-2646,Kazookles,156.78,18,23.22,133.56,4,14.8105625717566,1.29,7.42,8.71,The Other Factory,35.1175,-89.971107
501,US-2024-10501-CH,2025-01-05,2025-01-08,Same Day,CUST-10307,United States,Henderson,Kentucky,42420,Sugar,Gulf,PROD-6629,SweeTARTS,118.22,23,36.209999999999994,82.01,3,30.629335137878527,1.5743478260869563,3.5656521739130436,5.14,Sugar Shack,48.11914,-96.18115
502,US-2024-10502-CH,2024-04-14,2024-04-17,Standard Class,CUST-14891,United States,New York,New York,10001,Other,Atlantic,PROD-9359,Fizzy Lifting Drinks,472.35,47,6.600000000000023,465.75,3,1.3972689742775533,0.1404255319148941,9.909574468085106,10.05,Sugar Shack,48.11914,-96.18115
503,US-2024-10503-CH,2024-07-28,2024-08-04,Standard Class,CUST-14005,United States,Atlanta,Georgia,30301,Chocolate,Gulf,PROD-8572,Wonka Bar - Nutty Crunch Surprise,387.26,34,172.89,214.37,7,44.64442493415277,5.085,6.305,11.39,Lot's O' Nuts,32.881893,-111.768036
504,US-2024-10504-CH,2025-01-01,2025-01-03,Standard Class,CUST-17678,United States,Seattle,Washington,98101,Sugar,Pacific,PROD-0725,Hair Toffee,66.17,13,12.270000000000003,53.9,2,18.543146440985346,0.9438461538461541,4.146153846153846,5.09,The Other Factory,35.1175,-89.971107
505,US-2024-10505-CH,2024-09-06,2024-09-08,Standard Class,CUST-18002,United States,Houston,Texas,77095,Chocolate,Gulf,PROD-3893,Wonka Bar - Fudge Mallows,477.3,43,268.18,209.12,2,56.18688455897758,6.236744186046511,4.863255813953488,11.1,Lot's O' Nuts,32.881893,-111.768036
506,US-2024-10506-CH,2024-07-13,2024-07-17,First Class,CUST-16305,United States,Henderson,Kentucky,42420,Sugar,Gulf,PROD-5646,Nerds,169.15,17,57.93000000000001,111.22,4,34.24770913390482,3.40764705882353,6.54235294117647,9.950000000000001,Sugar Shack,48.11914,-96.18115
507,US-2024-10507-CH,2026-05-01,2026-05-05,Standard Class,CUST-13672,United States,Philadelphia,Pennsylvania,19143,Sugar,Atlantic,PROD-6629,SweeTARTS,27.4,5,10.639999999999997,16.76,4,38.83211678832116,2.1279999999999992,3.3520000000000003,5.4799999999999995,Sugar Shack,48.11914,-96.18115
508,US-2024-10508-CH,2025-01-12,2025-01-16,Second Class,CUST-12341,United States,Houston,Texas,77095,Chocolate,Gulf,PROD-3893,Wonka Bar - Fudge Mallows,218.19,21,93.82,124.37,4,42.999220862550985,4.467619047619047,5.922380952380952,10.39,Lot's O' Nuts,32.881893,-111.768036
509,US-2024-10509-CH,2024-09-06,2024-09-08,Standard Class,CUST-12672,United States,Atlanta,Georgia,30301,Other,Gulf,PROD-0345,Lickable Wallpaper,105.92,16,-1.289999999999992,107.21,2,-1.217900302114796,-0.0806249999999995,6.700625,6.62,Secret Factory,41.446333,-90.565487
510,US-2024-10510-CH,2024-03-31,2024-04-07,Second Class,CUST-17409,United States,Chicago,Illinois,60601,Sugar,Interior,PROD-2120,Everlasting Gobstopper,312.91,29,72.22000000000003,240.69,7,23.080118884024166,2.490344827586208,8.299655172413793,10.790000000000001,Secret Factory,41.446333,-90.565487
511,US-2024-10511-CH,2024-06-28,2024-06-30,Standard Class,CUST-10310,United States,Seattle,Washington,98101,Other,Pacific,PROD-9359,Fizzy Lifting Drinks,121.32,12,-3.1500000000000057,124.47,2,-2.596439169139471,-0.26250000000000046,10.3725,10.11,Sugar Shack,48.11914,-96.18115
512,US-2024-10512-CH,2025-03-18,2025-03-25,Second Class,CUST-18551,United States,Los Angeles,California,90049,Chocolate,Pacific,PROD-7514,Wonka Bar - Triple Dazzle Caramel,139.5,30,87.03999999999999,52.46,7,62.3942652329749,2.901333333333333,1.7486666666666666,4.65,Wicked Choccy's,32.076176,-81.088371
513,US-2024-10513-CH,2024-01-30,2024-02-04,Standard Class,CUST-16078,United States,Houston,Texas,77095,Sugar,Gulf,PROD-0725,Hair Toffee,156.6,45,22.409999999999997,134.19,5,14.310344827586205,0.49799999999999994,2.9819999999999998,3.48,The Other Factory,35.1175,-89.971107
514,US-2024-10514-CH,2026-01-01,2026-01-08,Standard Class,CUST-16686,United States,Naperville,Illinois,60540,Other,Interior,PROD-0345,Lickable Wallpaper,28.0,10,3.6400000000000006,24.36,7,13.000000000000004,0.36400000000000005,2.436,2.8,Secret Factory,41.446333,-90.565487
515,US-2024-10515-CH,2025-08-10,2025-08-13,Standard Class,CUST-16837,United States,Seattle,Washington,98101,Chocolate,Pacific,PROD-0874,Wonka Bar - Milk Chocolate,106.95,23,59.2,47.75,3,55.35296867695185,2.573913043478261,2.0760869565217392,4.65,Wicked Choccy's,32.076176,-81.088371
516,US-2024-10516-CH,2024-11-30,2024-12-05,Standard Class,CUST-15904,United States,Henderson,Kentucky,42420,Other,Gulf,PROD-9359,Fizzy Lifting Drinks,429.39,39,56.94,372.45,5,13.260672116257947,1.46,9.549999999999999,11.01,Sugar Shack,48.11914,-96.18115
517,US-2024-10517-CH,2025-08-24,2025-08-26,First Class,CUST-16509,United States,Naperville,Illinois,60540,Chocolate,Interior,PROD-8572,Wonka Bar - Nutty Crunch Surprise,270.27,39,140.67999999999998,129.59,2,52.05165205165204,3.6071794871794864,3.322820512820513,6.93,Lot's O' Nuts,32.881893,-111.768036
518,US-2024-10518-CH,2025-03-20,2025-03-23,Standard Class,CUST-19275,United States,Los Angeles,California,90049,Other,Pacific,PROD-9415,Wonka Gum,277.76,28,46.91999999999999,230.84,3,16.89228110599078,1.6757142857142853,8.244285714285715,9.92,Secret Factory,41.446333,-90.565487
519,US-2024-10519-CH,2025-07-23,2025-07-27,Standard Class,CUST-14485,United States,Henderson,Kentucky,42420,Sugar,Gulf,PROD-2533,Laffy Taffy,213.72,26,93.49,120.23,4,43.74415122590305,3.5957692307692306,4.62423076923077,8.22,Sugar Shack,48.11914,-96.18115
520,US-2024-10520-CH,2024-05-25,2024-05-28,Standard Class,CUST-17566,United States,Philadelphia,Pennsylvania,19143,Sugar,Atlantic,PROD-2533,Laffy Taffy,157.95,15,46.55999999999999,111.39,3,29.477682811016138,3.103999999999999,7.426,10.53,Sugar Shack,48.11914,-96.18115
521,US-2024-10521-CH,2024-12-02,2024-12-06,First Class,CUST-11895,United States,Houston,Texas,77095,Chocolate,Gulf,PROD-3776,Wonka Bar -Scrumdiddlyumptious,162.33,21,81.30000000000001,81.03,4,50.08316392533728,3.871428571428572,3.8585714285714285,7.73,Lot's O' Nuts,32.881893,-111.768036
522,US-2024-10522-CH,2024-11-22,2024-11-25,Standard Class,CUST-19343,United States,New York,New York,10001,Sugar,Atlantic,PROD-5646,Nerds,13.44,2,5.379999999999999,8.06,3,40.0297619047619,2.6899999999999995,4.03,6.72,Sugar Shack,48.11914,-96.18115
523,US-2024-10523-CH,2026-05-29,2026-06-01,First Class,CUST-14524,United States,Henderson,Kentucky,42420,Other,Gulf,PROD-9415,Wonka Gum,38.95,5,4.18,34.77,3,10.73170731707317,0.836,6.954000000000001,7.790000000000001,Secret Factory,41.446333,-90.565487
524,US-2024-10524-CH,2024-10-13,2024-10-15,Same Day,CUST-19772,United States,Philadelphia,Pennsylvania,19143,Other,Atlantic,PROD-9359,Fizzy Lifting Drinks,65.43,9,7.740000000000009,57.69,2,11.829436038514455,0.860000000000001,6.41,7.2700000000000005,Sugar Shack,48.11914,-96.18115
525,US-2024-10525-CH,2025-08-05,2025-08-12,Standard Class,CUST-19673,United States,Los Angeles,California,90049,Chocolate,Pacific,PROD-3893,Wonka Bar - Fudge Mallows,341.6,40,190.43000000000004,151.17,7,55.74648711943795,4.760750000000001,3.7792499999999998,8.540000000000001,Lot's O' Nuts,32.881893,-111.768036
526,US-2024-10526-CH,2026-05-31,2026-06-04,First Class,CUST-12710,United States,Philadelphia,Pennsylvania,19143,Sugar,Atlantic,PROD-2533,Laffy Taffy,188.4,30,63.83000000000001,124.57,4,33.88004246284502,2.1276666666666673,4.152333333333333,6.28,Sugar Shack,48.11914,-96.18115
527,US-2024-10527-CH,2025-09-25,2025-09-28,Standard Class,CUST-13217,United States,Naperville,Illinois,60540,Chocolate,Interior,PROD-7514,Wonka Bar - Triple Dazzle Caramel,274.5,45,172.6,101.9,3,62.877959927140246,3.8355555555555556,2.2644444444444445,6.1,Wicked Choccy's,32.076176,-81.088371
528,US-2024-10528-CH,2026-06-08,2026-06-11,First Class,CUST-13177,United States,Los Angeles,California,90049,Other,Pacific,PROD-2646,Kazookles,420.66,38,64.70000000000005,355.96,3,15.380592402415264,1.7026315789473696,9.367368421052632,11.07,The Other Factory,35.1175,-89.971107
529,US-2024-10529-CH,2024-04-05,2024-04-12,First Class,CUST-17701,United States,New York,New York,10001,Sugar,Atlantic,PROD-2120,Everlasting Gobstopper,23.6,5,3.6000000000000014,20.0,7,15.254237288135597,0.7200000000000003,4.0,4.720000000000001,Secret Factory,41.446333,-90.565487
530,US-2024-10530-CH,2024-05-29,2024-06-02,Same Day,CUST-12123,United States,Athens,Georgia,30605,Chocolate,Gulf,PROD-8572,Wonka Bar - Nutty Crunch Surprise,81.84,12,48.7,33.14,4,59.50635386119257,4.058333333333334,2.7616666666666667,6.82,Lot's O' Nuts,32.881893,-111.768036
531,US-2024-10531-CH,2025-06-13,2025-06-15,First Class,CUST-12931,United States,New York,New York,10001,Sugar,Atlantic,PROD-6629,SweeTARTS,183.96,42,48.41,135.55,2,26.31550337029789,1.1526190476190474,3.2273809523809525,4.38,Sugar Shack,48.11914,-96.18115
532,US-2024-10532-CH,2024-08-24,2024-08-27,Standard Class,CUST-16782,United States,Seattle,Washington,98101,Sugar,Pacific,PROD-6629,SweeTARTS,465.12,48,199.81,265.31,3,42.95880632954937,4.162708333333334,5.527291666666667,9.69,Sugar Shack,48.11914,-96.18115
533,US-2024-10533-CH,2024-11-29,2024-12-01,Standard Class,CUST-16548,United States,Seattle,Washington,98101,Sugar,Pacific,PROD-9885,Fun Dip,198.45,49,58.889999999999986,139.56,2,29.67498110355253,1.2018367346938772,2.8481632653061224,4.05,Sugar Shack,48.11914,-96.18115
534,US-2024-10534-CH,2025-05-17,2025-05-20,Standard Class,CUST-15450,United States,Chicago,Illinois,60601,Sugar,Interior,PROD-2533,Laffy Taffy,33.9,3,11.32,22.58,3,33.392330383480825,3.7733333333333334,7.526666666666666,11.299999999999999,Sugar Shack,48.11914,-96.18115
535,US-2024-10535-CH,2025-06-13,2025-06-18,Standard Class,CUST-18430,United States,Houston,Texas,77095,Chocolate,Gulf,PROD-8572,Wonka Bar - Nutty Crunch Surprise,310.23,27,184.71000000000004,125.52,5,59.53969635431777,6.841111111111112,4.648888888888889,11.49,Lot's O' Nuts,32.881893,-111.768036
536,US-2024-10536-CH,2026-01-27,2026-01-30,First Class,CUST-11902,United States,Athens,Georgia,30605,Other,Gulf,PROD-9359,Fizzy Lifting Drinks,258.72,28,3.2200000000000273,255.5,3,1.244588744588755,0.11500000000000098,9.125,9.24,Sugar Shack,48.11914,-96.18115
537,US-2024-10537-CH,2026-06-10,2026-06-13,Standard Class,CUST-18711,United States,Los Angeles,California,90049,Sugar,Pacific,PROD-6629,SweeTARTS,446.6,44,131.69,314.91,3,29.487236901030002,2.992954545454545,7.157045454545455,10.15,Sugar Shack,48.11914,-96.18115
538,US-2024-10538-CH,2025-12-20,2025-12-22,Standard Class,CUST-15901,United States,Atlanta,Georgia,30301,Chocolate,Gulf,PROD-7514,Wonka Bar - Triple Dazzle Caramel,253.5,30,119.61000000000001,133.89,2,47.18343195266273,3.9870000000000005,4.462999999999999,8.45,Wicked Choccy's,32.076176,-81.088371
539,US-2024-10539-CH,2024-06-28,2024-07-01,Second Class,CUST-15555,United States,Chicago,Illinois,60601,Other,Interior,PROD-9359,Fizzy Lifting Drinks,357.58,38,21.95999999999998,335.62,3,6.141283069522899,0.5778947368421047,8.832105263157894,9.41,Sugar Shack,48.11914,-96.18115
540,US-2024-10540-CH,2024-01-21,2024-01-26,Second Class,CUST-14926,United States,Atlanta,Georgia,30301,Chocolate,Gulf,PROD-3776,Wonka Bar -Scrumdiddlyumptious,312.2,28,167.60999999999999,144.59,5,53.68673926969891,5.986071428571428,5.163928571428571,11.15,Lot's O' Nuts,32.881893,-111.768036
541,US-2024-10541-CH,2024-08-11,2024-08-15,Standard Class,CUST-19021,United States,Philadelphia,Pennsylvania,19143,Chocolate,Atlantic,PROD-0874,Wonka Bar - Milk Chocolate,62.16,6,33.949999999999996,28.21,4,54.61711711711711,5.658333333333332,4.701666666666667,10.36,Wicked Choccy's,32.076176,-81.088371
542,US-2024-10542-CH,2025-06-17,2025-06-20,Standard Class,CUST-16382,United States,Athens,Georgia,30605,Sugar,Gulf,PROD-2533,Laffy Taffy,255.36,48,75.59,179.77,3,29.601347117794486,1.5747916666666668,3.7452083333333337,5.32,Sugar Shack,48.11914,-96.18115
543,US-2024-10543-CH,2024-05-27,2024-05-31,Second Class,CUST-13748,United States,Seattle,Washington,98101,Other,Pacific,PROD-2646,Kazookles,17.5,5,1.9499999999999993,15.55,4,11.142857142857139,0.38999999999999985,3.1100000000000003,3.5,The Other Factory,35.1175,-89.971107
544,US-2024-10544-CH,2026-04-15,2026-04-18,Standard Class,CUST-14675,United States,Atlanta,Georgia,30301,Sugar,Gulf,PROD-2533,Laffy Taffy,97.65,35,33.09,64.56,3,33.8863287250384,0.9454285714285715,1.8445714285714285,2.79,Sugar Shack,48.11914,-96.18115
545,US-2024-10545-CH,2025-04-22,2025-04-25,Standard Class,CUST-10287,United States,Atlanta,Georgia,30301,Chocolate,Gulf,PROD-3776,Wonka Bar -Scrumdiddlyumptious,287.64,36,177.33999999999997,110.3,3,61.65345570852454,4.92611111111111,3.0638888888888887,7.989999999999999,Lot's O' Nuts,32.881893,-111.768036
546,US-2024-10546-CH,2024-05-17,2024-05-20,Standard Class,CUST-10244,United States,Athens,Georgia,30605,Chocolate,Gulf,PROD-3893,Wonka Bar - Fudge Mallows,196.5,25,120.38,76.12,3,61.26208651399491,4.8152,3.0448000000000004,7.86,Lot's O' Nuts,32.881893,-111.768036
547,US-2024-10547-CH,2024-05-08,2024-05-10,First Class,CUST-12654,United States,Los Angeles,California,90049,Other,Pacific,PROD-2646,Kazookles,218.02,22,22.689999999999998,195.33,2,10.407302082377761,1.0313636363636363,8.878636363636364,9.91,The Other Factory,35.1175,-89.971107
548,US-2024-10548-CH,2024-12-13,2024-12-15,Standard Class,CUST-19323,United States,New York,New York,10001,Chocolate,Atlantic,PROD-8572,Wonka Bar - Nutty Crunch Surprise,216.0,48,127.73,88.27,2,59.13425925925926,2.6610416666666667,1.8389583333333333,4.5,Lot's O' Nuts,32.881893,-111.768036
549,US-2024-10549-CH,2024-10-22,2024-10-24,Second Class,CUST-12229,United States,Atlanta,Georgia,30301,Chocolate,Gulf,PROD-3776,Wonka Bar -Scrumdiddlyumptious,126.6,12,60.91,65.69,2,48.11216429699842,5.075833333333333,5.474166666666666,10.549999999999999,Lot's O' Nuts,32.881893,-111.768036
550,US-2024-10550-CH,2025-10-17,2025-10-19,Standard Class,CUST-14873,United States,New York,New York,10001,Chocolate,Atlantic,PROD-3893,Wonka Bar - Fudge Mallows,188.79,31,82.27999999999999,106.51,2,43.58281688648763,2.6541935483870964,3.4358064516129034,6.09,Lot's O' Nuts,32.881893,-111.768036
551,US-2024-10551-CH,2026-03-18,2026-03-21,Second Class,CUST-11260,United States,Atlanta,Georgia,30301,Sugar,Gulf,PROD-0725,Hair Toffee,365.4,42,59.47999999999996,305.92,3,16.278051450465234,1.4161904761904753,7.283809523809524,8.7,The Other Factory,35.1175,-89.971107
552,US-2024-10552-CH,2025-04-12,2025-04-16,Standard Class,CUST-16155,United States,Seattle,Washington,98101,Sugar,Pacific,PROD-2533,Laffy Taffy,265.16,28,84.39000000000001,180.77,4,31.826067280132754,3.013928571428572,6.456071428571429,9.47,Sugar Shack,48.11914,-96.18115
553,US-2024-10553-CH,2025-08-10,2025-08-12,Standard Class,CUST-14155,United States,Seattle,Washington,98101,Sugar,Pacific,PROD-5646,Nerds,36.08,11,10.889999999999997,25.19,2,30.182926829268286,0.9899999999999998,2.29,3.28,Sugar Shack,48.11914,-96.18115
554,US-2024-10554-CH,2025-03-10,2025-03-13,First Class,CUST-17452,United States,New York,New York,10001,Chocolate,Atlantic,PROD-3893,Wonka Bar - Fudge Mallows,179.5,25,100.22,79.28,3,55.83286908077994,4.0088,3.1712000000000002,7.18,Lot's O' Nuts,32.881893,-111.768036
555,US-2024-10555-CH,2024-06-04,2024-06-06,Standard Class,CUST-17825,United States,Henderson,Kentucky,42420,Other,Gulf,PROD-2646,Kazookles,290.0,40,34.03,255.97,2,11.73448275862069,0.85075,6.39925,7.25,The Other Factory,35.1175,-89.971107
556,US-2024-10556-CH,2024-05-07,2024-05-12,Standard Class,CUST-14535,United States,Philadelphia,Pennsylvania,19143,Sugar,Atlantic,PROD-5646,Nerds,88.78,23,34.89,53.89,5,39.29939175489975,1.5169565217391305,2.34304347826087,3.86,Sugar Shack,48.11914,-96.18115
557,US-2024-10557-CH,2024-06-12,2024-06-16,Standard Class,CUST-15060,United States,New York,New York,10001,Sugar,Atlantic,PROD-9885,Fun Dip,207.09,39,51.81999999999999,155.27,4,25.02293688734366,1.3287179487179486,3.9812820512820517,5.3100000000000005,Sugar Shack,48.11914,-96.18115
558,US-2024-10558-CH,2024-04-13,2024-04-15,Standard Class,CUST-17148,United States,Henderson,Kentucky,42420,Chocolate,Gulf,PROD-0874,Wonka Bar - Milk Chocolate,106.0,40,61.71,44.29,2,58.216981132075475,1.54275,1.10725,2.65,Wicked Choccy's,32.076176,-81.088371
559,US-2024-10559-CH,2025-07-11,2025-07-13,Standard Class,CUST-17940,United States,Chicago,Illinois,60601,Sugar,Interior,PROD-6629,SweeTARTS,507.6,45,173.67000000000002,333.93,2,34.21394799054374,3.8593333333333337,7.4206666666666665,11.280000000000001,Sugar Shack,48.11914,-96.18115
560,US-2024-10560-CH,2026-05-04,2026-05-08,Second Class,CUST-18976,United States,Athens,Georgia,30605,Other,Gulf,PROD-0345,Lickable Wallpaper,54.3,15,-2.710000000000001,57.01,4,-4.990791896869247,-0.18066666666666673,3.8006666666666664,3.6199999999999997,Secret Factory,41.446333,-90.565487
561,US-2024-10561-CH,2024-04-19,2024-04-21,First Class,CUST-10325,United States,Houston,Texas,77095,Sugar,Gulf,PROD-0725,Hair Toffee,246.0,24,79.61000000000001,166.39,2,32.361788617886184,3.317083333333334,6.932916666666666,10.25,The Other Factory,35.1175,-89.971107
562,US-2024-10562-CH,2025-08-29,2025-09-01,Standard Class,CUST-18832,United States,Seattle,Washington,98101,Other,Pacific,PROD-2646,Kazookles,546.94,46,85.56000000000006,461.38,3,15.643397813288487,1.8600000000000012,10.03,11.89,The Other Factory,35.1175,-89.971107
563,US-2024-10563-CH,2025-08-30,2025-09-01,Standard Class,CUST-12575,United States,Chicago,Illinois,60601,Chocolate,Interior,PROD-0874,Wonka Bar - Milk Chocolate,565.44,48,283.39000000000004,282.05,2,50.11849179400113,5.9039583333333345,5.876041666666667,11.780000000000001,Wicked Choccy's,32.076176,-81.088371
564,US-2024-10564-CH,2025-07-11,2025-07-14,First Class,CUST-14103,United States,Athens,Georgia,30605,Chocolate,Gulf,PROD-3776,Wonka Bar -Scrumdiddlyumptious,264.96,48,138.38,126.58,3,52.22675120772947,2.8829166666666666,2.6370833333333334,5.52,Lot's O' Nuts,32.881893,-111.768036
565,US-2024-10565-CH,2025-11-03,2025-11-07,Standard Class,CUST-13144,United States,Houston,Texas,77095,Other,Gulf,PROD-0345,Lickable Wallpaper,317.88,36,-7.149999999999977,325.03,4,-2.2492764565244676,-0.1986111111111105,9.028611111111111,8.83,Secret Factory,41.446333,-90.565487
566,US-2024-10566-CH,2024-08-30,2024-09-02,Second Class,CUST-13512,United States,Athens,Georgia,30605,Sugar,Gulf,PROD-6629,SweeTARTS,131.82,39,53.52999999999999,78.29,3,40.6084054013048,1.3725641025641022,2.0074358974358977,3.38,Sugar Shack,48.11914,-96.18115
567,US-2024-10567-CH,2024-04-20,2024-04-24,Standard Class,CUST-10857,United States,Athens,Georgia,30605,Sugar,Gulf,PROD-2533,Laffy Taffy,108.33,23,31.980000000000004,76.35,4,29.5209083356411,1.3904347826086958,3.319565217391304,4.71,Sugar Shack,48.11914,-96.18115
568,US-2024-10568-CH,2024-10-25,2024-10-28,Standard Class,CUST-14875,United States,Atlanta,Georgia,30301,Chocolate,Gulf,PROD-3776,Wonka Bar -Scrumdiddlyumptious,33.2,10,13.750000000000004,19.45,3,41.41566265060242,1.3750000000000004,1.9449999999999998,3.3200000000000003,Lot's O' Nuts,32.881893,-111.768036
569,US-2024-10569-CH,2026-02-17,2026-02-21,Standard Class,CUST-12949,United States,Chicago,Illinois,60601,Other,Interior,PROD-2646,Kazookles,318.08,28,73.41,244.67,4,23.079099597585515,2.621785714285714,8.738214285714285,11.36,The Other Factory,35.1175,-89.971107
570,US-2024-10570-CH,2026-01-11,2026-01-15,Standard Class,CUST-13957,United States,Athens,Georgia,30605,Other,Gulf,PROD-9415,Wonka Gum,319.87,29,96.75,223.12,4,30.24666270672461,3.336206896551724,7.693793103448276,11.03,Secret Factory,41.446333,-90.565487
571,US-2024-10571-CH,2024-09-19,2024-09-23,Standard Class,CUST-18106,United States,Los Angeles,California,90049,Other,Pacific,PROD-2646,Kazookles,21.5,5,5.92,15.58,4,27.53488372093023,1.184,3.116,4.3,The Other Factory,35.1175,-89.971107
572,US-2024-10572-CH,2025-02-24,2025-02-26,First Class,CUST-13637,United States,Henderson,Kentucky,42420,Chocolate,Gulf,PROD-3776,Wonka Bar -Scrumdiddlyumptious,282.0,25,181.55,100.45,2,64.37943262411348,7.2620000000000005,4.018,11.28,Lot's O' Nuts,32.881893,-111.768036
573,US-2024-10573-CH,2025-09-21,2025-09-25,Standard Class,CUST-17382,United States,Athens,Georgia,30605,Sugar,Gulf,PROD-9885,Fun Dip,319.44,33,108.88,210.56,4,34.08464813423491,3.2993939393939393,6.380606060606061,9.68,Sugar Shack,48.11914,-96.18115
574,US-2024-10574-CH,2025-05-12,2025-05-15,Standard Class,CUST-17008,United States,Chicago,Illinois,60601,Other,Interior,PROD-0345,Lickable Wallpaper,277.44,48,38.18000000000001,239.26,3,13.761534025374859,0.7954166666666668,4.984583333333333,5.78,Secret Factory,41.446333,-90.565487
575,US-2024-10575-CH,2026-03-08,2026-03-11,Standard Class,CUST-10946,United States,Houston,Texas,77095,Chocolate,Gulf,PROD-0874,Wonka Bar - Milk Chocolate,27.16,4,13.27,13.89,3,48.85861561119293,3.3175,3.4725,6.79,Wicked Choccy's,32.076176,-81.088371
576,US-2024-10576-CH,2025-05-21,2025-05-25,Second Class,CUST-11192,United States,Atlanta,Georgia,30301,Sugar,Gulf,PROD-2533,Laffy Taffy,266.37,39,88.70000000000002,177.67,4,33.299545744640916,2.2743589743589747,4.555641025641025,6.83,Sugar Shack,48.11914,-96.18115
577,US-2024-10577-CH,2025-03-16,2025-03-20,Standard Class,CUST-11211,United States,Atlanta,Georgia,30301,Other,Gulf,PROD-9359,Fizzy Lifting Drinks,419.25,39,7.7099999999999795,411.54,4,1.8389982110912295,0.19769230769230717,10.552307692307693,10.75,Sugar Shack,48.11914,-96.18115
578,US-2024-10578-CH,2025-10-05,2025-10-08,Standard Class,CUST-14386,United States,Athens,Georgia,30605,Chocolate,Gulf,PROD-3893,Wonka Bar - Fudge Mallows,122.58,27,50.31999999999999,72.26,3,41.05074237232827,1.8637037037037034,2.6762962962962966,4.54,Lot's O' Nuts,32.881893,-111.768036
579,US-2024-10579-CH,2024-10-18,2024-10-21,Standard Class,CUST-10507,United States,Los Angeles,California,90049,Sugar,Pacific,PROD-5646,Nerds,346.72,44,149.65000000000003,197.07,3,43.161628980156905,3.4011363636363643,4.478863636363636,7.880000000000001,Sugar Shack,48.11914,-96.18115
580,US-2024-10580-CH,2025-07-12,2025-07-17,First Class,CUST-18111,United States,Houston,Texas,77095,Other,Gulf,PROD-0345,Lickable Wallpaper,261.12,32,-8.20999999999998,269.33,5,-3.144148284313718,-0.25656249999999936,8.4165625,8.16,Secret Factory,41.446333,-90.565487
581,US-2024-10581-CH,2025-10-05,2025-10-08,First Class,CUST-10692,United States,Seattle,Washington,98101,Sugar,Pacific,PROD-6629,SweeTARTS,161.69,23,60.8,100.89,3,37.60282021151586,2.643478260869565,4.386521739130435,7.03,Sugar Shack,48.11914,-96.18115
582,US-2024-10582-CH,2024-09-09,2024-09-11,Second Class,CUST-19927,United States,Chicago,Illinois,60601,Other,Interior,PROD-2646,Kazookles,316.44,27,45.660000000000025,270.78,2,14.429275692074334,1.6911111111111121,10.028888888888888,11.72,The Other Factory,35.1175,-89.971107
583,US-2024-10583-CH,2024-01-19,2024-01-22,First Class,CUST-16089,United States,Naperville,Illinois,60540,Sugar,Interior,PROD-5646,Nerds,382.72,32,96.48000000000002,286.24,3,25.209030100334452,3.0150000000000006,8.945,11.96,Sugar Shack,48.11914,-96.18115
584,US-2024-10584-CH,2026-05-11,2026-05-13,Standard Class,CUST-18938,United States,Naperville,Illinois,60540,Chocolate,Interior,PROD-7514,Wonka Bar - Triple Dazzle Caramel,108.0,10,43.55,64.45,2,40.324074074074076,4.3549999999999995,6.445,10.8,Wicked Choccy's,32.076176,-81.088371
585,US-2024-10585-CH,2024-09-27,2024-10-01,Standard Class,CUST-19898,United States,Henderson,Kentucky,42420,Other,Gulf,PROD-9415,Wonka Gum,244.8,40,27.82000000000002,216.98,4,11.364379084967329,0.6955000000000006,5.4245,6.12,Secret Factory,41.446333,-90.565487
586,US-2024-10586-CH,2025-02-24,2025-03-03,First Class,CUST-16748,United States,Naperville,Illinois,60540,Chocolate,Interior,PROD-3893,Wonka Bar - Fudge Mallows,133.2,45,80.6,52.6,7,60.51051051051051,1.7911111111111109,1.1688888888888889,2.96,Lot's O' Nuts,32.881893,-111.768036
587,US-2024-10587-CH,2025-03-25,2025-03-30,Standard Class,CUST-15882,United States,Naperville,Illinois,60540,Sugar,Interior,PROD-5646,Nerds,48.51,7,16.449999999999996,32.06,5,33.9105339105339,2.349999999999999,4.58,6.93,Sugar Shack,48.11914,-96.18115
588,US-2024-10588-CH,2025-02-15,2025-02-18,First Class,CUST-15673,United States,Chicago,Illinois,60601,Other,Interior,PROD-2646,Kazookles,27.0,10,8.23,18.77,3,30.48148148148148,0.8230000000000001,1.877,2.7,The Other Factory,35.1175,-89.971107
589,US-2024-10589-CH,2024-09-07,2024-09-11,Standard Class,CUST-12395,United States,Atlanta,Georgia,30301,Chocolate,Gulf,PROD-7514,Wonka Bar - Triple Dazzle Caramel,135.04,16,54.42999999999999,80.61,4,40.30657582938388,3.4018749999999995,5.038125,8.44,Wicked Choccy's,32.076176,-81.088371
590,US-2024-10590-CH,2025-06-01,2025-06-04,Standard Class,CUST-14086,United States,Houston,Texas,77095,Other,Gulf,PROD-0345,Lickable Wallpaper,287.04,39,17.55000000000001,269.49,3,6.114130434782612,0.4500000000000003,6.91,7.36,Secret Factory,41.446333,-90.565487
591,US-2024-10591-CH,2024-06-23,2024-06-26,Standard Class,CUST-13567,United States,Athens,Georgia,30605,Other,Gulf,PROD-9359,Fizzy Lifting Drinks,60.5,22,4.670000000000002,55.83,3,7.719008264462812,0.21227272727272736,2.5377272727272726,2.75,Sugar Shack,48.11914,-96.18115
592,US-2024-10592-CH,2024-11-22,2024-11-24,Standard Class,CUST-19643,United States,Henderson,Kentucky,42420,Sugar,Gulf,PROD-9885,Fun Dip,402.09,39,173.11999999999998,228.97,2,43.05503742943122,4.438974358974359,5.871025641025641,10.309999999999999,Sugar Shack,48.11914,-96.18115
593,US-2024-10593-CH,2025-05-05,2025-05-08,Standard Class,CUST-19915,United States,Atlanta,Georgia,30301,Chocolate,Gulf,PROD-8572,Wonka Bar - Nutty Crunch Surprise,47.88,9,20.080000000000002,27.8,3,41.93817878028405,2.2311111111111113,3.088888888888889,5.32,Lot's O' Nuts,32.881893,-111.768036
594,US-2024-10594-CH,2025-02-23,2025-02-26,Standard Class,CUST-13261,United States,Seattle,Washington,98101,Other,Pacific,PROD-9359,Fizzy Lifting Drinks,398.64,44,46.889999999999986,351.75,3,11.762492474413001,1.065681818181818,7.994318181818182,9.06,Sugar Shack,48.11914,-96.18115
595,US-2024-10595-CH,2024-11-10,2024-11-12,Standard Class,CUST-17235,United States,Philadelphia,Pennsylvania,19143,Other,Atlantic,PROD-0345,Lickable Wallpaper,249.4,29,11.090000000000003,238.31,2,4.446672012830795,0.3824137931034484,8.217586206896552,8.6,Secret Factory,41.446333,-90.565487
596,US-2024-10596-CH,2024-11-18,2024-11-25,Standard Class,CUST-13340,United States,Seattle,Washington,98101,Other,Pacific,PROD-9415,Wonka Gum,65.94,7,11.79,54.15,7,17.879890809827113,1.6842857142857142,7.735714285714286,9.42,Secret Factory,41.446333,-90.565487
597,US-2024-10597-CH,2024-05-27,2024-05-29,Standard Class,CUST-14270,United States,Seattle,Washington,98101,Chocolate,Pacific,PROD-7514,Wonka Bar - Triple Dazzle Caramel,214.56,48,117.35000000000001,97.21,2,54.69332587621179,2.4447916666666667,2.025208333333333,4.47,Wicked Choccy's,32.076176,-81.088371
598,US-2024-10598-CH,2024-04-20,2024-04-23,Second Class,CUST-19643,United States,Philadelphia,Pennsylvania,19143,Other,Atlantic,PROD-2646,Kazookles,126.24,12,22.879999999999995,103.36,3,18.12420785804816,1.9066666666666663,8.613333333333333,10.52,The Other Factory,35.1175,-89.971107
599,US-2024-10599-CH,2025-12-05,2025-12-08,Standard Class,CUST-14534,United States,Seattle,Washington,98101,Sugar,Pacific,PROD-5646,Nerds,97.06,23,39.78,57.28,3,40.98495775808778,1.7295652173913043,2.4904347826086957,4.22,Sugar Shack,48.11914,-96.18115
600,US-2024-10600-CH,2025-06-23,2025-06-28,Standard Class,CUST-12639,United States,New York,New York,10001,Sugar,Atlantic,PROD-0725,Hair Toffee,344.66,38,46.53000000000003,298.13,5,13.500261126907684,1.224473684210527,7.845526315789473,9.07,The Other Factory,35.1175,-89.971107
601,US-2024-10601-CH,2024-11-05,2024-11-07,Standard Class,CUST-19654,United States,Chicago,Illinois,60601,Sugar,Interior,PROD-2533,Laffy Taffy,258.68,29,85.16,173.52,2,32.92098345446111,2.936551724137931,5.983448275862069,8.92,Sugar Shack,48.11914,-96.18115
602,US-2024-10602-CH,2024-03-25,2024-03-28,Standard Class,CUST-15014,United States,Naperville,Illinois,60540,Sugar,Interior,PROD-6629,SweeTARTS,262.24,22,76.49000000000001,185.75,3,29.167937766931058,3.476818181818182,8.443181818181818,11.92,Sugar Shack,48.11914,-96.18115
603,US-2024-10603-CH,2026-05-04,2026-05-07,Standard Class,CUST-15585,United States,Philadelphia,Pennsylvania,19143,Other,Atlantic,PROD-9415,Wonka Gum,153.56,22,36.60000000000001,116.96,3,23.834331857254497,1.663636363636364,5.316363636363636,6.98,Secret Factory,41.446333,-90.565487
604,US-2024-10604-CH,2024-10-29,2024-10-31,Second Class,CUST-19562,United States,Houston,Texas,77095,Sugar,Gulf,PROD-5646,Nerds,300.57,43,77.75,222.82,2,25.867518381741363,1.808139534883721,5.181860465116279,6.99,Sugar Shack,48.11914,-96.18115
605,US-2024-10605-CH,2024-04-18,2024-04-21,Standard Class,CUST-16772,United States,Henderson,Kentucky,42420,Sugar,Gulf,PROD-9885,Fun Dip,208.56,22,77.59,130.97,3,37.202723436900655,3.526818181818182,5.953181818181818,9.48,Sugar Shack,48.11914,-96.18115
606,US-2024-10606-CH,2024-01-28,2024-01-31,First Class,CUST-17164,United States,New York,New York,10001,Sugar,Atlantic,PROD-0725,Hair Toffee,143.78,26,29.310000000000002,114.47,3,20.385310891640007,1.1273076923076923,4.402692307692307,5.53,The Other Factory,35.1175,-89.971107
607,US-2024-10607-CH,2024-03-15,2024-03-18,Standard Class,CUST-15650,United States,Naperville,Illinois,60540,Sugar,Interior,PROD-2533,Laffy Taffy,152.52,41,55.63000000000001,96.89,3,36.47390506163127,1.3568292682926832,2.363170731707317,3.72,Sugar Shack,48.11914,-96.18115
608,US-2024-10608-CH,2026-06-02,2026-06-05,Standard Class,CUST-14603,United States,New York,New York,10001,Chocolate,Atlantic,PROD-3893,Wonka Bar - Fudge Mallows,225.86,46,126.60000000000001,99.26,3,56.05242185424599,2.7521739130434786,2.157826086956522,4.91,Lot's O' Nuts,32.881893,-111.768036
609,US-2024-10609-CH,2024-12-10,2024-12-13,Second Class,CUST-15618,United States,Philadelphia,Pennsylvania,19143,Other,Atlantic,PROD-9415,Wonka Gum,306.0,30,63.47,242.53,3,20.741830065359476,2.115666666666667,8.084333333333333,10.2,Secret Factory,41.446333,-90.565487
610,US-2024-10610-CH,2024-02-11,2024-02-13,Standard Class,CUST-18536,United States,New York,New York,10001,Sugar,Atlantic,PROD-9885,Fun Dip,147.7,35,60.27999999999999,87.42,2,40.8124576844956,1.722285714285714,2.4977142857142858,4.22,Sugar Shack,48.11914,-96.18115
611,US-2024-10611-CH,2024-01-21,2024-01-24,Second Class,CUST-11033,United States,Naperville,Illinois,60540,Other,Interior,PROD-0345,Lickable Wallpaper,343.2,33,-3.160000000000025,346.36,3,-0.920745920745928,-0.09575757575757651,10.495757575757576,10.4,Secret Factory,41.446333,-90.565487
612,US-2024-10612-CH,2026-01-25,2026-01-28,Standard Class,CUST-11191,United States,Seattle,Washington,98101,Other,Pacific,PROD-9415,Wonka Gum,157.5,25,47.72,109.78,3,30.298412698412697,1.9088,4.3912,6.3,Secret Factory,41.446333,-90.565487
613,US-2024-10613-CH,2024-06-02,2024-06-09,Second Class,CUST-13332,United States,Seattle,Washington,98101,Sugar,Pacific,PROD-9885,Fun Dip,96.22,17,34.78,61.44,7,36.14633132404906,2.0458823529411765,3.614117647058823,5.66,Sugar Shack,48.11914,-96.18115
614,US-2024-10614-CH,2025-09-14,2025-09-18,Standard Class,CUST-14712,United States,Philadelphia,Pennsylvania,19143,Chocolate,Atlantic,PROD-0874,Wonka Bar - Milk Chocolate,37.52,14,21.910000000000004,15.61,4,58.3955223880597,1.5650000000000002,1.115,2.68,Wicked Choccy's,32.076176,-81.088371
615,US-2024-10615-CH,2025-05-10,2025-05-13,First Class,CUST-17465,United States,Houston,Texas,77095,Sugar,Gulf,PROD-5646,Nerds,38.1,10,9.530000000000001,28.57,3,25.013123359580053,0.9530000000000001,2.857,3.81,Sugar Shack,48.11914,-96.18115
616,US-2024-10616-CH,2025-01-10,2025-01-13,Second Class,CUST-19973,United States,Athens,Georgia,30605,Other,Gulf,PROD-0345,Lickable Wallpaper,181.26,38,22.539999999999992,158.72,3,12.435175990290187,0.5931578947368419,4.176842105263158,4.77,Secret Factory,41.446333,-90.565487
617,US-2024-10617-CH,2025-09-06,2025-09-13,Standard Class,CUST-12244,United States,Chicago,Illinois,60601,Sugar,Interior,PROD-5646,Nerds,132.0,40,43.19,88.81,7,32.71969696969697,1.07975,2.22025,3.3,Sugar Shack,48.11914,-96.18115
618,US-2024-10618-CH,2026-03-09,2026-03-16,Same Day,CUST-10731,United States,Seattle,Washington,98101,Sugar,Pacific,PROD-6629,SweeTARTS,135.9,45,38.93000000000001,96.97,7,28.646063281824873,0.8651111111111113,2.154888888888889,3.02,Sugar Shack,48.11914,-96.18115
619,US-2024-10619-CH,2025-08-04,2025-08-07,Second Class,CUST-15074,United States,Chicago,Illinois,60601,Other,Interior,PROD-9359,Fizzy Lifting Drinks,236.16,36,23.24000000000001,212.92,3,9.840785907859082,0.6455555555555558,5.914444444444444,6.56,Sugar Shack,48.11914,-96.18115
620,US-2024-10620-CH,2026-06-12,2026-06-14,Second Class,CUST-11515,United States,Houston,Texas,77095,Sugar,Gulf,PROD-2533,Laffy Taffy,173.57,17,72.03999999999999,101.53,2,41.504868352825945,4.237647058823529,5.972352941176471,10.209999999999999,Sugar Shack,48.11914,-96.18115
621,US-2024-10621-CH,2024-07-01,2024-07-03,Standard Class,CUST-11167,United States,Houston,Texas,77095,Sugar,Gulf,PROD-6629,SweeTARTS,231.6,20,75.35,156.25,2,32.534542314335056,3.7674999999999996,7.8125,11.58,Sugar Shack,48.11914,-96.18115
622,US-2024-10622-CH,2024-08-19,2024-08-24,First Class,CUST-12220,United States,Naperville,Illinois,60540,Other,Interior,PROD-2646,Kazookles,104.69,19,31.64,73.05,5,30.222561849269276,1.6652631578947368,3.844736842105263,5.51,The Other Factory,35.1175,-89.971107
623,US-2024-10623-CH,2024-06-03,2024-06-07,First Class,CUST-13197,United States,Chicago,Illinois,60601,Other,Interior,PROD-0345,Lickable Wallpaper,143.93,37,15.659999999999997,128.27,4,10.880289029389283,0.42324324324324314,3.466756756756757,3.89,Secret Factory,41.446333,-90.565487
624,US-2024-10624-CH,2026-04-28,2026-05-02,Standard Class,CUST-14994,United States,Chicago,Illinois,60601,Sugar,Interior,PROD-9885,Fun Dip,88.2,12,24.17,64.03,4,27.40362811791383,2.0141666666666667,5.335833333333333,7.3500000000000005,Sugar Shack,48.11914,-96.18115
625,US-2024-10625-CH,2024-07-07,2024-07-09,Standard Class,CUST-14922,United States,Naperville,Illinois,60540,Sugar,Interior,PROD-2120,Everlasting Gobstopper,89.1,27,24.11999999999999,64.98,2,27.070707070707062,0.893333333333333,2.4066666666666667,3.3,Secret Factory,41.446333,-90.565487
626,US-2024-10626-CH,2026-02-26,2026-03-01,Second Class,CUST-10190,United States,Houston,Texas,77095,Sugar,Gulf,PROD-5646,Nerds,245.18,23,67.75,177.43,3,27.632759605188024,2.9456521739130435,7.714347826086957,10.66,Sugar Shack,48.11914,-96.18115
627,US-2024-10627-CH,2025-12-08,2025-12-12,Second Class,CUST-11754,United States,Los Angeles,California,90049,Sugar,Pacific,PROD-5646,Nerds,16.4,4,4.279999999999999,12.12,4,26.097560975609756,1.0699999999999998,3.03,4.1,Sugar Shack,48.11914,-96.18115
628,US-2024-10628-CH,2024-06-20,2024-06-22,Standard Class,CUST-12212,United States,Chicago,Illinois,60601,Sugar,Interior,PROD-2533,Laffy Taffy,107.16,12,40.42,66.74,2,37.719298245614034,3.3683333333333336,5.5616666666666665,8.93,Sugar Shack,48.11914,-96.18115
629,US-2024-10629-CH,2026-01-08,2026-01-12,Standard Class,CUST-18307,United States,New York,New York,10001,Sugar,Atlantic,PROD-9885,Fun Dip,508.62,49,199.32,309.3,4,39.188392119853724,4.067755102040816,6.312244897959184,10.38,Sugar Shack,48.11914,-96.18115
630,US-2024-10630-CH,2026-06-10,2026-06-14,Standard Class,CUST-13150,United States,New York,New York,10001,Other,Atlantic,PROD-9415,Wonka Gum,199.44,24,35.22,164.22,4,17.659446450060166,1.4675,6.8425,8.31,Secret Factory,41.446333,-90.565487
631,US-2024-10631-CH,2026-03-14,2026-03-17,Standard Class,CUST-10983,United States,Philadelphia,Pennsylvania,19143,Sugar,Atlantic,PROD-2533,Laffy Taffy,77.76,16,34.09,43.67,3,43.840020576131685,2.130625,2.729375,4.86,Sugar Shack,48.11914,-96.18115
632,US-2024-10632-CH,2026-01-22,2026-01-25,Standard Class,CUST-17265,United States,Athens,Georgia,30605,Sugar,Gulf,PROD-5646,Nerds,210.35,35,67.60999999999999,142.74,3,32.14166864749227,1.9317142857142853,4.078285714285714,6.01,Sugar Shack,48.11914,-96.18115
633,US-2024-10633-CH,2025-04-21,2025-04-23,Standard Class,CUST-14435,United States,Naperville,Illinois,60540,Chocolate,Interior,PROD-3893,Wonka Bar - Fudge Mallows,99.06,26,63.96,35.1,2,64.56692913385827,2.46,1.35,3.81,Lot's O' Nuts,32.881893,-111.768036
634,US-2024-10634-CH,2024-01-22,2024-01-24,Standard Class,CUST-18633,United States,Henderson,Kentucky,42420,Chocolate,Gulf,PROD-7514,Wonka Bar - Triple Dazzle Caramel,180.37,17,102.52000000000001,77.85,2,56.83872040805012,6.030588235294118,4.579411764705882,10.61,Wicked Choccy's,32.076176,-81.088371
635,US-2024-10635-CH,2024-05-11,2024-05-14,First Class,CUST-17236,United States,Philadelphia,Pennsylvania,19143,Sugar,Atlantic,PROD-6629,SweeTARTS,335.65,35,104.82999999999998,230.82,3,31.231938030686724,2.9951428571428567,6.594857142857142,9.59,Sugar Shack,48.11914,-96.18115
636,US-2024-10636-CH,2025-09-08,2025-09-11,Standard Class,CUST-12659,United States,Houston,Texas,77095,Chocolate,Gulf,PROD-0874,Wonka Bar - Milk Chocolate,64.8,10,29.479999999999997,35.32,3,45.49382716049382,2.9479999999999995,3.532,6.4799999999999995,Wicked Choccy's,32.076176,-81.088371
637,US-2024-10637-CH,2024-10-04,2024-10-09,Second Class,CUST-17104,United States,Naperville,Illinois,60540,Sugar,Interior,PROD-2533,Laffy Taffy,109.2,30,28.78,80.42,5,26.355311355311358,0.9593333333333334,2.6806666666666668,3.64,Sugar Shack,48.11914,-96.18115
638,US-2024-10638-CH,2025-05-27,2025-05-29,Second Class,CUST-11128,United States,New York,New York,10001,Other,Atlantic,PROD-2646,Kazookles,24.0,5,2.84,21.16,2,11.833333333333334,0.568,4.232,4.8,The Other Factory,35.1175,-89.971107
639,US-2024-10639-CH,2025-11-30,2025-12-07,Standard Class,CUST-12741,United States,Athens,Georgia,30605,Sugar,Gulf,PROD-6629,SweeTARTS,80.07,17,32.029999999999994,48.04,7,40.002497814412386,1.8841176470588232,2.8258823529411763,4.71,Sugar Shack,48.11914,-96.18115
640,US-2024-10640-CH,2024-08-16,2024-08-20,Second Class,CUST-12809,United States,New York,New York,10001,Other,Atlantic,PROD-0345,Lickable Wallpaper,466.12,43,59.59000000000003,406.53,4,12.784261563545874,1.3858139534883729,9.454186046511627,10.84,Secret Factory,41.446333,-90.565487
641,US-2024-10641-CH,2025-12-08,2025-12-15,Standard Class,CUST-10192,United States,Atlanta,Georgia,30301,Chocolate,Gulf,PROD-3893,Wonka Bar - Fudge Mallows,225.72,19,132.87,92.85,7,58.86496544391282,6.993157894736842,4.886842105263158,11.88,Lot's O' Nuts,32.881893,-111.768036
642,US-2024-10642-CH,2024-02-21,2024-02-26,Standard Class,CUST-11867,United States,New York,New York,10001,Chocolate,Atlantic,PROD-0874,Wonka Bar - Milk Chocolate,276.3,30,134.39000000000001,141.91,5,48.63916033297141,4.479666666666668,4.730333333333333,9.21,Wicked Choccy's,32.076176,-81.088371
643,US-2024-10643-CH,2025-11-26,2025-12-01,Standard Class,CUST-10240,United States,Houston,Texas,77095,Other,Gulf,PROD-9359,Fizzy Lifting Drinks,217.56,21,-10.849999999999994,228.41,5,-4.987129987129984,-0.5166666666666664,10.876666666666667,10.36,Sugar Shack,48.11914,-96.18115
644,US-2024-10644-CH,2025-01-18,2025-01-20,Standard Class,CUST-16429,United States,Los Angeles,California,90049,Chocolate,Pacific,PROD-8572,Wonka Bar - Nutty Crunch Surprise,131.4,20,54.58000000000001,76.82,2,41.53729071537292,2.7290000000000005,3.8409999999999997,6.57,Lot's O' Nuts,32.881893,-111.768036
645,US-2024-10645-CH,2025-04-03,2025-04-10,First Class,CUST-17325,United States,Naperville,Illinois,60540,Other,Interior,PROD-0345,Lickable Wallpaper,285.3,30,20.980000000000018,264.32,7,7.353662811076066,0.6993333333333339,8.810666666666666,9.51,Secret Factory,41.446333,-90.565487
646,US-2024-10646-CH,2024-05-01,2024-05-04,First Class,CUST-11910,United States,Chicago,Illinois,60601,Chocolate,Interior,PROD-3893,Wonka Bar - Fudge Mallows,133.5,15,81.58,51.92,3,61.10861423220973,5.438666666666666,3.4613333333333336,8.9,Lot's O' Nuts,32.881893,-111.768036
647,US-2024-10647-CH,2025-04-26,2025-05-03,Standard Class,CUST-10178,United States,Seattle,Washington,98101,Chocolate,Pacific,PROD-3776,Wonka Bar -Scrumdiddlyumptious,20.6,2,11.040000000000001,9.56,7,53.592233009708735,5.5200000000000005,4.78,10.3,Lot's O' Nuts,32.881893,-111.768036
648,US-2024-10648-CH,2025-06-11,2025-06-13,First Class,CUST-15823,United States,Henderson,Kentucky,42420,Chocolate,Gulf,PROD-8572,Wonka Bar - Nutty Crunch Surprise,185.32,41,79.47999999999999,105.84,2,42.887977552341894,1.9385365853658534,2.5814634146341464,4.52,Lot's O' Nuts,32.881893,-111.768036
649,US-2024-10649-CH,2026-06-07,2026-06-12,Standard Class,CUST-16957,United States,New York,New York,10001,Sugar,Atlantic,PROD-2120,Everlasting Gobstopper,35.12,8,6.009999999999998,29.11,5,17.112756264236896,0.7512499999999998,3.63875,4.39,Secret Factory,41.446333,-90.565487
650,US-2024-10650-CH,2024-07-24,2024-07-27,Standard Class,CUST-11104,United States,Athens,Georgia,30605,Other,Gulf,PROD-0345,Lickable Wallpaper,65.04,8,7.230000000000004,57.81,3,11.116236162361629,0.9037500000000005,7.22625,8.13,Secret Factory,41.446333,-90.565487
651,US-2024-10651-CH,2024-05-29,2024-06-02,Standard Class,CUST-18081,United States,Naperville,Illinois,60540,Chocolate,Interior,PROD-7514,Wonka Bar - Triple Dazzle Caramel,184.8,21,79.38000000000001,105.42,4,42.95454545454545,3.7800000000000002,5.0200000000000005,8.8,Wicked Choccy's,32.076176,-81.088371
652,US-2024-10652-CH,2024-10-05,2024-10-12,Standard Class,CUST-17118,United States,New York,New York,10001,Sugar,Atlantic,PROD-2533,Laffy Taffy,162.12,14,71.45,90.67,7,44.07229212928695,5.103571428571429,6.476428571428571,11.58,Sugar Shack,48.11914,-96.18115
653,US-2024-10653-CH,2025-12-04,2025-12-06,Standard Class,CUST-18997,United States,Chicago,Illinois,60601,Chocolate,Interior,PROD-0874,Wonka Bar - Milk Chocolate,23.04,6,13.61,9.43,2,59.07118055555556,2.268333333333333,1.5716666666666665,3.84,Wicked Choccy's,32.076176,-81.088371
654,US-2024-10654-CH,2025-06-30,2025-07-04,Standard Class,CUST-16726,United States,Atlanta,Georgia,30301,Sugar,Gulf,PROD-6629,SweeTARTS,204.48,24,69.53,134.95,4,34.003325508607205,2.8970833333333332,5.622916666666666,8.52,Sugar Shack,48.11914,-96.18115
655,US-2024-10655-CH,2024-02-01,2024-02-05,Standard Class,CUST-19951,United States,Atlanta,Georgia,30301,Chocolate,Gulf,PROD-3776,Wonka Bar -Scrumdiddlyumptious,139.04,44,67.24999999999999,71.79,4,48.36737629459147,1.5284090909090906,1.6315909090909093,3.1599999999999997,Lot's O' Nuts,32.881893,-111.768036
656,US-2024-10656-CH,2024-01-10,2024-01-12,Standard Class,CUST-14078,United States,Chicago,Illinois,60601,Sugar,Interior,PROD-2533,Laffy Taffy,316.4,35,114.02999999999997,202.37,2,36.03982300884955,3.257999999999999,5.782,9.04,Sugar Shack,48.11914,-96.18115
657,US-2024-10657-CH,2025-12-16,2025-12-20,Second Class,CUST-13565,United States,Houston,Texas,77095,Other,Gulf,PROD-9359,Fizzy Lifting Drinks,315.0,42,39.25999999999999,275.74,4,12.463492063492062,0.9347619047619046,6.5652380952380955,7.5,Sugar Shack,48.11914,-96.18115
658,US-2024-10658-CH,2025-03-17,2025-03-19,Standard Class,CUST-16587,United States,Philadelphia,Pennsylvania,19143,Sugar,Atlantic,PROD-2120,Everlasting Gobstopper,274.17,37,55.73000000000002,218.44,2,20.326804537330858,1.5062162162162167,5.903783783783783,7.41,Secret Factory,41.446333,-90.565487
659,US-2024-10659-CH,2025-12-15,2025-12-17,Standard Class,CUST-10343,United States,Atlanta,Georgia,30301,Sugar,Gulf,PROD-2533,Laffy Taffy,224.96,38,60.16,164.8,2,26.742532005689895,1.583157894736842,4.336842105263158,5.92,Sugar Shack,48.11914,-96.18115
660,US-2024-10660-CH,2025-08-31,2025-09-02,Standard Class,CUST-17127,United States,Los Angeles,California,90049,Sugar,Pacific,PROD-5646,Nerds,401.28,38,132.2,269.08,2,32.94457735247209,3.478947368421052,7.081052631578947,10.559999999999999,Sugar Shack,48.11914,-96.18115
661,US-2024-10661-CH,2024-12-02,2024-12-04,Standard Class,CUST-10924,United States,Athens,Georgia,30605,Sugar,Gulf,PROD-9885,Fun Dip,392.98,49,154.42000000000002,238.56,2,39.294620591378695,3.1514285714285717,4.868571428571428,8.02,Sugar Shack,48.11914,-96.18115
662,US-2024-10662-CH,2026-05-26,2026-05-31,Standard Class,CUST-12120,United States,Atlanta,Georgia,30301,Sugar,Gulf,PROD-5646,Nerds,175.44,43,76.02,99.42,5,43.33105335157318,1.767906976744186,2.312093023255814,4.08,Sugar Shack,48.11914,-96.18115
663,US-2024-10663-CH,2024-06-05,2024-06-08,Standard Class,CUST-17246,United States,New York,New York,10001,Other,Atlantic,PROD-9415,Wonka Gum,138.13,19,33.94999999999999,104.18,3,24.578295808296524,1.7868421052631573,5.483157894736842,7.27,Secret Factory,41.446333,-90.565487
664,US-2024-10664-CH,2024-09-03,2024-09-07,Same Day,CUST-16481,United States,Henderson,Kentucky,42420,Sugar,Gulf,PROD-2120,Everlasting Gobstopper,176.31,27,32.71000000000001,143.6,4,18.55254948669957,1.2114814814814818,5.318518518518518,6.53,Secret Factory,41.446333,-90.565487
665,US-2024-10665-CH,2025-03-25,2025-04-01,First Class,CUST-18834,United States,Houston,Texas,77095,Chocolate,Gulf,PROD-7514,Wonka Bar - Triple Dazzle Caramel,158.2,20,93.41999999999999,64.78,7,59.05183312262958,4.670999999999999,3.239,7.909999999999999,Wicked Choccy's,32.076176,-81.088371
666,US-2024-10666-CH,2025-07-20,2025-07-25,Second Class,CUST-12349,United States,New York,New York,10001,Sugar,Atlantic,PROD-2120,Everlasting Gobstopper,90.36,9,30.29,60.07,5,33.52146967684816,3.3655555555555554,6.674444444444444,10.04,Secret Factory,41.446333,-90.565487
667,US-2024-10667-CH,2024-07-07,2024-07-11,Second Class,CUST-17367,United States,Los Angeles,California,90049,Chocolate,Pacific,PROD-0874,Wonka Bar - Milk Chocolate,5.98,2,2.99,2.99,4,50.0,1.495,1.495,2.99,Wicked Choccy's,32.076176,-81.088371
668,US-2024-10668-CH,2026-05-09,2026-05-13,Standard Class,CUST-14185,United States,Chicago,Illinois,60601,Other,Interior,PROD-0345,Lickable Wallpaper,89.67,21,10.969999999999999,78.7,4,12.233745957399352,0.5223809523809523,3.7476190476190476,4.2700000000000005,Secret Factory,41.446333,-90.565487
669,US-2024-10669-CH,2024-06-09,2024-06-13,Standard Class,CUST-12506,United States,Chicago,Illinois,60601,Other,Interior,PROD-9415,Wonka Gum,281.06,46,35.56,245.5,4,12.652102753860387,0.7730434782608696,5.336956521739131,6.11,Secret Factory,41.446333,-90.565487
670,US-2024-10670-CH,2024-05-19,2024-05-26,Standard Class,CUST-17067,United States,New York,New York,10001,Chocolate,Atlantic,PROD-3893,Wonka Bar - Fudge Mallows,313.48,34,145.15,168.33,7,46.30279443664668,4.269117647058824,4.950882352941177,9.22,Lot's O' Nuts,32.881893,-111.768036
671,US-2024-10671-CH,2025-07-31,2025-08-02,First Class,CUST-15499,United States,Los Angeles,California,90049,Chocolate,Pacific,PROD-0874,Wonka Bar - Milk Chocolate,115.2,24,65.18,50.02,2,56.57986111111112,2.7158333333333338,2.084166666666667,4.8,Wicked Choccy's,32.076176,-81.088371
672,US-2024-10672-CH,2024-10-02,2024-10-06,First Class,CUST-18269,United States,Athens,Georgia,30605,Chocolate,Gulf,PROD-3893,Wonka Bar - Fudge Mallows,28.72,4,16.52,12.2,4,57.5208913649025,4.13,3.05,7.18,Lot's O' Nuts,32.881893,-111.768036
673,US-2024-10673-CH,2025-07-09,2025-07-13,Standard Class,CUST-14275,United States,Philadelphia,Pennsylvania,19143,Chocolate,Atlantic,PROD-3776,Wonka Bar -Scrumdiddlyumptious,50.54,7,22.47,28.07,4,44.45983379501385,3.21,4.01,7.22,Lot's O' Nuts,32.881893,-111.768036
674,US-2024-10674-CH,2026-01-03,2026-01-06,Standard Class,CUST-17322,United States,Naperville,Illinois,60540,Sugar,Interior,PROD-2120,Everlasting Gobstopper,287.0,41,90.00999999999999,196.99,3,31.36236933797909,2.1953658536585365,4.8046341463414635,7.0,Secret Factory,41.446333,-90.565487
675,US-2024-10675-CH,2026-03-26,2026-03-29,Standard Class,CUST-10534,United States,Henderson,Kentucky,42420,Chocolate,Gulf,PROD-7514,Wonka Bar - Triple Dazzle Caramel,25.38,6,12.879999999999999,12.5,3,50.74862096138691,2.1466666666666665,2.0833333333333335,4.2299999999999995,Wicked Choccy's,32.076176,-81.088371
676,US-2024-10676-CH,2024-01-09,2024-01-13,Second Class,CUST-19080,United States,Henderson,Kentucky,42420,Chocolate,Gulf,PROD-7514,Wonka Bar - Triple Dazzle Caramel,156.6,30,82.91999999999999,73.68,4,52.95019157088122,2.764,2.4560000000000004,5.22,Wicked Choccy's,32.076176,-81.088371
677,US-2024-10677-CH,2026-04-19,2026-04-26,Second Class,CUST-10363,United States,Naperville,Illinois,60540,Sugar,Interior,PROD-2120,Everlasting Gobstopper,194.76,36,32.379999999999995,162.38,7,16.625590470322447,0.8994444444444443,4.510555555555555,5.41,Secret Factory,41.446333,-90.565487
678,US-2024-10678-CH,2024-06-17,2024-06-22,Standard Class,CUST-16923,United States,Philadelphia,Pennsylvania,19143,Sugar,Atlantic,PROD-6629,SweeTARTS,65.7,18,20.400000000000006,45.3,5,31.05022831050229,1.1333333333333337,2.5166666666666666,3.6500000000000004,Sugar Shack,48.11914,-96.18115
679,US-2024-10679-CH,2025-01-31,2025-02-04,Second Class,CUST-10641,United States,Athens,Georgia,30605,Sugar,Gulf,PROD-6629,SweeTARTS,183.92,22,81.64999999999999,102.27,4,44.39430187037842,3.711363636363636,4.6486363636363635,8.36,Sugar Shack,48.11914,-96.18115
680,US-2024-10680-CH,2024-11-25,2024-11-28,Standard Class,CUST-16795,United States,New York,New York,10001,Sugar,Atlantic,PROD-0725,Hair Toffee,50.58,9,11.219999999999999,39.36,3,22.18268090154211,1.2466666666666666,4.373333333333333,5.62,The Other Factory,35.1175,-89.971107
681,US-2024-10681-CH,2025-06-03,2025-06-06,Standard Class,CUST-16620,United States,Philadelphia,Pennsylvania,19143,Sugar,Atlantic,PROD-9885,Fun Dip,162.06,37,66.61,95.45,3,41.102060965074664,1.8002702702702702,2.57972972972973,4.38,Sugar Shack,48.11914,-96.18115
682,US-2024-10682-CH,2026-01-23,2026-01-26,First Class,CUST-16998,United States,Naperville,Illinois,60540,Other,Interior,PROD-9359,Fizzy Lifting Drinks,83.6,22,-2.8400000000000034,86.44,3,-3.397129186602875,-0.12909090909090926,3.929090909090909,3.8,Sugar Shack,48.11914,-96.18115
683,US-2024-10683-CH,2024-05-08,2024-05-12,Standard Class,CUST-19661,United States,Seattle,Washington,98101,Sugar,Pacific,PROD-6629,SweeTARTS,111.15,39,38.34,72.81,4,34.493927125506076,0.9830769230769232,1.866923076923077,2.85,Sugar Shack,48.11914,-96.18115
684,US-2024-10684-CH,2025-10-18,2025-10-22,Same Day,CUST-15367,United States,Naperville,Illinois,60540,Other,Interior,PROD-9359,Fizzy Lifting Drinks,277.29,39,-8.419999999999959,285.71,4,-3.036532150456186,-0.21589743589743485,7.325897435897436,7.11,Sugar Shack,48.11914,-96.18115
685,US-2024-10685-CH,2024-02-26,2024-02-29,Second Class,CUST-10755,United States,Henderson,Kentucky,42420,Sugar,Gulf,PROD-2533,Laffy Taffy,175.5,25,71.36,104.14,3,40.66096866096866,2.8544,4.1656,7.02,Sugar Shack,48.11914,-96.18115
686,US-2024-10686-CH,2024-10-09,2024-10-12,Standard Class,CUST-10737,United States,Atlanta,Georgia,30301,Sugar,Gulf,PROD-0725,Hair Toffee,132.87,43,32.45,100.42,3,24.422367727854294,0.7546511627906978,2.3353488372093025,3.0900000000000003,The Other Factory,35.1175,-89.971107
687,US-2024-10687-CH,2024-08-19,2024-08-24,First Class,CUST-16401,United States,Athens,Georgia,30605,Sugar,Gulf,PROD-9885,Fun Dip,279.9,30,100.62999999999997,179.27,5,35.9521257591997,3.354333333333332,5.975666666666667,9.33,Sugar Shack,48.11914,-96.18115
688,US-2024-10688-CH,2024-08-16,2024-08-18,Second Class,CUST-17933,United States,New York,New York,10001,Chocolate,Atlantic,PROD-3893,Wonka Bar - Fudge Mallows,384.48,36,187.07000000000002,197.41,2,48.6553266749896,5.196388888888889,5.483611111111111,10.68,Lot's O' Nuts,32.881893,-111.768036
689,US-2024-10689-CH,2026-06-11,2026-06-16,First Class,CUST-13235,United States,Los Angeles,California,90049,Sugar,Pacific,PROD-5646,Nerds,69.74,11,31.289999999999992,38.45,5,44.86664754803555,2.844545454545454,3.4954545454545456,6.34,Sugar Shack,48.11914,-96.18115
690,US-2024-10690-CH,2025-08-23,2025-08-26,Standard Class,CUST-13381,United States,Los Angeles,California,90049,Chocolate,Pacific,PROD-8572,Wonka Bar - Nutty Crunch Surprise,180.2,20,85.14999999999999,95.05,3,47.25305216426193,4.257499999999999,4.7524999999999995,9.01,Lot's O' Nuts,32.881893,-111.768036
691,US-2024-10691-CH,2025-06-29,2025-07-01,Standard Class,CUST-19554,United States,Los Angeles,California,90049,Chocolate,Pacific,PROD-8572,Wonka Bar - Nutty Crunch Surprise,37.17,9,19.950000000000003,17.22,2,53.672316384180796,2.216666666666667,1.913333333333333,4.13,Lot's O' Nuts,32.881893,-111.768036
692,US-2024-10692-CH,2024-03-30,2024-04-02,Standard Class,CUST-15092,United States,Houston,Texas,77095,Other,Gulf,PROD-0345,Lickable Wallpaper,144.43,13,17.470000000000013,126.96,3,12.095824967112105,1.3438461538461548,9.766153846153845,11.110000000000001,Secret Factory,41.446333,-90.565487
693,US-2024-10693-CH,2024-03-28,2024-03-31,Standard Class,CUST-13044,United States,Atlanta,Georgia,30301,Sugar,Gulf,PROD-6629,SweeTARTS,192.72,24,77.72,115.0,3,40.32793690327937,3.2383333333333333,4.791666666666667,8.03,Sugar Shack,48.11914,-96.18115
694,US-2024-10694-CH,2025-04-03,2025-04-08,First Class,CUST-10759,United States,Henderson,Kentucky,42420,Other,Gulf,PROD-0345,Lickable Wallpaper,71.12,14,1.6200000000000045,69.5,5,2.2778402699662603,0.11571428571428603,4.964285714285714,5.08,Secret Factory,41.446333,-90.565487
695,US-2024-10695-CH,2024-02-09,2024-02-12,Second Class,CUST-16154,United States,Chicago,Illinois,60601,Other,Interior,PROD-2646,Kazookles,192.96,36,28.170000000000016,164.79,3,14.598880597014933,0.7825000000000004,4.5775,5.36,The Other Factory,35.1175,-89.971107
696,US-2024-10696-CH,2025-02-24,2025-03-03,Same Day,CUST-12508,United States,Atlanta,Georgia,30301,Sugar,Gulf,PROD-0725,Hair Toffee,152.9,22,20.950000000000017,131.95,7,13.701765860039252,0.952272727272728,5.997727272727272,6.95,The Other Factory,35.1175,-89.971107
697,US-2024-10697-CH,2025-09-07,2025-09-10,First Class,CUST-11007,United States,Athens,Georgia,30605,Sugar,Gulf,PROD-6629,SweeTARTS,121.69,43,41.269999999999996,80.42,3,33.914043881995234,0.959767441860465,1.870232558139535,2.83,Sugar Shack,48.11914,-96.18115
698,US-2024-10698-CH,2025-06-07,2025-06-10,First Class,CUST-11868,United States,Seattle,Washington,98101,Chocolate,Pacific,PROD-8572,Wonka Bar - Nutty Crunch Surprise,301.02,29,130.46999999999997,170.55,3,43.34263504086107,4.498965517241379,5.881034482758621,10.379999999999999,Lot's O' Nuts,32.881893,-111.768036
699,US-2024-10699-CH,2024-12-30,2025-01-03,Second Class,CUST-11223,United States,Atlanta,Georgia,30301,Sugar,Gulf,PROD-6629,SweeTARTS,51.6,15,17.32,34.28,4,33.565891472868216,1.1546666666666667,2.2853333333333334,3.44,Sugar Shack,48.11914,-96.18115
700,US-2024-10700-CH,2025-08-08,2025-08-10,Standard Class,CUST-14402,United States,Houston,Texas,77095,Chocolate,Gulf,PROD-7514,Wonka Bar - Triple Dazzle Caramel,152.32,16,63.36,88.96,2,41.596638655462186,3.96,5.56,9.52,Wicked Choccy's,32.076176,-81.088371
701,US-2024-10701-CH,2024-01-04,2024-01-11,Standard Class,CUST-19635,United States,Naperville,Illinois,60540,Other,Interior,PROD-9359,Fizzy Lifting Drinks,158.44,17,27.669999999999987,130.77,7,17.464024236303956,1.6276470588235288,7.6923529411764715,9.32,Sugar Shack,48.11914,-96.18115
702,US-2024-10702-CH,2025-06-04,2025-06-09,Second Class,CUST-18417,United States,Houston,Texas,77095,Chocolate,Gulf,PROD-7514,Wonka Bar - Triple Dazzle Caramel,181.26,19,97.08999999999999,84.17,5,53.56394129979035,5.109999999999999,4.43,9.54,Wicked Choccy's,32.076176,-81.088371
703,US-2024-10703-CH,2026-05-10,2026-05-14,First Class,CUST-17795,United States,Athens,Georgia,30605,Sugar,Gulf,PROD-9885,Fun Dip,220.8,46,68.08000000000001,152.72,4,30.833333333333336,1.4800000000000002,3.32,4.8,Sugar Shack,48.11914,-96.18115
704,US-2024-10704-CH,2026-01-15,2026-01-18,Standard Class,CUST-18098,United States,Philadelphia,Pennsylvania,19143,Chocolate,Atlantic,PROD-7514,Wonka Bar - Triple Dazzle Caramel,193.71,33,96.85000000000001,96.86,3,49.99741882195034,2.934848484848485,2.935151515151515,5.87,Wicked Choccy's,32.076176,-81.088371
705,US-2024-10705-CH,2026-01-27,2026-01-29,Standard Class,CUST-10835,United States,Atlanta,Georgia,30301,Other,Gulf,PROD-9415,Wonka Gum,392.34,39,46.829999999999984,345.51,2,11.936075852576844,1.2007692307692304,8.859230769230768,10.059999999999999,Secret Factory,41.446333,-90.565487
706,US-2024-10706-CH,2026-06-16,2026-06-23,Standard Class,CUST-15287,United States,Chicago,Illinois,60601,Sugar,Interior,PROD-6629,SweeTARTS,359.98,41,92.75999999999999,267.22,7,25.76809822767931,2.2624390243902437,6.517560975609757,8.780000000000001,Sugar Shack,48.11914,-96.18115
707,US-2024-10707-CH,2025-12-28,2025-12-31,First Class,CUST-17619,United States,Philadelphia,Pennsylvania,19143,Chocolate,Atlantic,PROD-3776,Wonka Bar -Scrumdiddlyumptious,216.81,27,129.97,86.84,3,59.9464969327983,4.813703703703704,3.216296296296296,8.03,Lot's O' Nuts,32.881893,-111.768036
708,US-2024-10708-CH,2025-12-07,2025-12-11,Standard Class,CUST-18779,United States,Athens,Georgia,30605,Other,Gulf,PROD-9415,Wonka Gum,246.1,23,85.94,160.16,4,34.92076391710687,3.736521739130435,6.963478260869565,10.7,Secret Factory,41.446333,-90.565487
709,US-2024-10709-CH,2026-04-03,2026-04-07,Standard Class,CUST-16811,United States,Henderson,Kentucky,42420,Sugar,Gulf,PROD-6629,SweeTARTS,199.8,45,82.98000000000002,116.82,4,41.53153153153154,1.8440000000000003,2.5959999999999996,4.44,Sugar Shack,48.11914,-96.18115
710,US-2024-10710-CH,2024-05-24,2024-05-27,Standard Class,CUST-10867,United States,Henderson,Kentucky,42420,Chocolate,Gulf,PROD-7514,Wonka Bar - Triple Dazzle Caramel,121.52,14,67.28999999999999,54.23,3,55.37360105332455,4.806428571428571,3.873571428571428,8.68,Wicked Choccy's,32.076176,-81.088371
711,US-2024-10711-CH,2024-01-19,2024-01-22,Standard Class,CUST-16468,United States,Athens,Georgia,30605,Chocolate,Gulf,PROD-0874,Wonka Bar - Milk Chocolate,20.72,8,8.68,12.04,3,41.891891891891895,1.085,1.505,2.59,Wicked Choccy's,32.076176,-81.088371
712,US-2024-10712-CH,2024-02-11,2024-02-14,Second Class,CUST-11467,United States,Atlanta,Georgia,30301,Sugar,Gulf,PROD-6629,SweeTARTS,438.8,40,150.10000000000002,288.7,3,34.20692798541477,3.7525000000000004,7.217499999999999,10.97,Sugar Shack,48.11914,-96.18115
713,US-2024-10713-CH,2025-01-26,2025-01-28,Standard Class,CUST-11168,United States,Henderson,Kentucky,42420,Chocolate,Gulf,PROD-3776,Wonka Bar -Scrumdiddlyumptious,341.6,40,202.05,139.55,2,59.14812646370024,5.0512500000000005,3.4887500000000005,8.540000000000001,Lot's O' Nuts,32.881893,-111.768036
714,US-2024-10714-CH,2025-11-27,2025-11-29,Second Class,CUST-15111,United States,Atlanta,Georgia,30301,Chocolate,Gulf,PROD-7514,Wonka Bar - Triple Dazzle Caramel,269.37,41,109.57,159.8,2,40.676393065300516,2.672439024390244,3.8975609756097565,6.57,Wicked Choccy's,32.076176,-81.088371
715,US-2024-10715-CH,2026-03-14,2026-03-17,Second Class,CUST-18283,United States,New York,New York,10001,Chocolate,Atlantic,PROD-8572,Wonka Bar - Nutty Crunch Surprise,80.74,11,50.63999999999999,30.1,3,62.71984146643547,4.603636363636363,2.7363636363636363,7.34,Lot's O' Nuts,32.881893,-111.768036
716,US-2024-10716-CH,2024-08-25,2024-08-28,Standard Class,CUST-11812,United States,Los Angeles,California,90049,Other,Pacific,PROD-2646,Kazookles,161.7,21,52.16999999999999,109.53,3,32.26345083487941,2.4842857142857135,5.215714285714286,7.699999999999999,The Other Factory,35.1175,-89.971107
717,US-2024-10717-CH,2024-02-26,2024-02-29,Standard Class,CUST-10551,United States,Naperville,Illinois,60540,Chocolate,Interior,PROD-3893,Wonka Bar - Fudge Mallows,407.66,34,168.67000000000002,238.99,3,41.37516557915911,4.9608823529411765,7.029117647058824,11.99,Lot's O' Nuts,32.881893,-111.768036
718,US-2024-10718-CH,2025-09-30,2025-10-03,Standard Class,CUST-14052,United States,Seattle,Washington,98101,Chocolate,Pacific,PROD-3776,Wonka Bar -Scrumdiddlyumptious,228.16,46,109.31,118.85,3,47.9093618513324,2.376304347826087,2.5836956521739127,4.96,Lot's O' Nuts,32.881893,-111.768036
719,US-2024-10719-CH,2025-01-02,2025-01-09,Second Class,CUST-16354,United States,Chicago,Illinois,60601,Sugar,Interior,PROD-5646,Nerds,81.2,14,33.2,48.0,7,40.88669950738916,2.3714285714285714,3.4285714285714284,5.8,Sugar Shack,48.11914,-96.18115
720,US-2024-10720-CH,2024-04-27,2024-04-29,Standard Class,CUST-18449,United States,Chicago,Illinois,60601,Sugar,Interior,PROD-5646,Nerds,492.35,43,200.70000000000005,291.65,2,40.76368437087439,4.667441860465117,6.782558139534883,11.450000000000001,Sugar Shack,48.11914,-96.18115
721,US-2024-10721-CH,2024-01-19,2024-01-23,Standard Class,CUST-15670,United States,Athens,Georgia,30605,Other,Gulf,PROD-2646,Kazookles,429.6,40,145.62,283.98,4,33.89664804469273,3.6405000000000003,7.099500000000001,10.74,The Other Factory,35.1175,-89.971107
722,US-2024-10722-CH,2025-03-04,2025-03-06,Second Class,CUST-11992,United States,Los Angeles,California,90049,Chocolate,Pacific,PROD-0874,Wonka Bar - Milk Chocolate,275.86,26,144.71,131.15,2,52.457768433263254,5.565769230769231,5.0442307692307695,10.610000000000001,Wicked Choccy's,32.076176,-81.088371
723,US-2024-10723-CH,2025-10-25,2025-10-29,Standard Class,CUST-14893,United States,Houston,Texas,77095,Chocolate,Gulf,PROD-0874,Wonka Bar - Milk Chocolate,63.84,19,36.2,27.64,4,56.70426065162908,1.905263157894737,1.454736842105263,3.3600000000000003,Wicked Choccy's,32.076176,-81.088371
724,US-2024-10724-CH,2024-10-05,2024-10-08,Standard Class,CUST-15819,United States,Houston,Texas,77095,Sugar,Gulf,PROD-5646,Nerds,44.32,16,13.2,31.12,3,29.78339350180505,0.825,1.945,2.77,Sugar Shack,48.11914,-96.18115
725,US-2024-10725-CH,2025-12-26,2025-12-30,Standard Class,CUST-16784,United States,Houston,Texas,77095,Other,Gulf,PROD-0345,Lickable Wallpaper,468.74,46,2.25,466.49,4,0.48001024021845795,0.04891304347826087,10.14108695652174,10.19,Secret Factory,41.446333,-90.565487
726,US-2024-10726-CH,2026-06-10,2026-06-13,First Class,CUST-10678,United States,Chicago,Illinois,60601,Other,Interior,PROD-9359,Fizzy Lifting Drinks,572.81,49,46.6099999999999,526.2,3,8.137078612454376,0.9512244897959163,10.738775510204082,11.69,Sugar Shack,48.11914,-96.18115
727,US-2024-10727-CH,2025-03-03,2025-03-06,Standard Class,CUST-16654,United States,Philadelphia,Pennsylvania,19143,Chocolate,Atlantic,PROD-8572,Wonka Bar - Nutty Crunch Surprise,298.24,32,147.04000000000002,151.2,3,49.30257510729614,4.595000000000001,4.725,9.32,Lot's O' Nuts,32.881893,-111.768036
728,US-2024-10728-CH,2025-05-08,2025-05-10,Second Class,CUST-16310,United States,Seattle,Washington,98101,Sugar,Pacific,PROD-9885,Fun Dip,278.28,36,98.16999999999996,180.11,2,35.2774184274831,2.7269444444444435,5.003055555555556,7.7299999999999995,Sugar Shack,48.11914,-96.18115
729,US-2024-10729-CH,2025-02-15,2025-02-18,Standard Class,CUST-13382,United States,Seattle,Washington,98101,Chocolate,Pacific,PROD-0874,Wonka Bar - Milk Chocolate,182.16,44,85.00999999999999,97.15,3,46.66776460254721,1.9320454545454544,2.2079545454545455,4.14,Wicked Choccy's,32.076176,-81.088371
730,US-2024-10730-CH,2024-08-04,2024-08-07,Standard Class,CUST-19573,United States,Los Angeles,California,90049,Chocolate,Pacific,PROD-0874,Wonka Bar - Milk Chocolate,229.12,32,110.02000000000001,119.1,3,48.018505586592184,3.4381250000000003,3.721875,7.16,Wicked Choccy's,32.076176,-81.088371
731,US-2024-10731-CH,2025-10-19,2025-10-23,Standard Class,CUST-10317,United States,Chicago,Illinois,60601,Sugar,Interior,PROD-0725,Hair Toffee,127.68,16,44.16000000000001,83.52,4,34.58646616541354,2.7600000000000007,5.22,7.98,The Other Factory,35.1175,-89.971107
732,US-2024-10732-CH,2024-09-08,2024-09-11,Standard Class,CUST-13250,United States,Houston,Texas,77095,Sugar,Gulf,PROD-9885,Fun Dip,357.2,40,93.88,263.32,3,26.282194848824187,2.347,6.583,8.93,Sugar Shack,48.11914,-96.18115
733,US-2024-10733-CH,2025-07-09,2025-07-13,Standard Class,CUST-12261,United States,Philadelphia,Pennsylvania,19143,Other,Atlantic,PROD-9415,Wonka Gum,73.64,7,15.840000000000003,57.8,4,21.51004888647475,2.2628571428571433,8.257142857142856,10.52,Secret Factory,41.446333,-90.565487
734,US-2024-10734-CH,2025-07-16,2025-07-18,Standard Class,CUST-13209,United States,Atlanta,Georgia,30301,Sugar,Gulf,PROD-2533,Laffy Taffy,92.17,13,27.10000000000001,65.07,2,29.4021916024737,2.084615384615385,5.005384615384615,7.09,Sugar Shack,48.11914,-96.18115
735,US-2024-10735-CH,2025-06-12,2025-06-15,Standard Class,CUST-13557,United States,Los Angeles,California,90049,Sugar,Pacific,PROD-6629,SweeTARTS,128.2,20,50.099999999999994,78.1,3,39.0795631825273,2.505,3.905,6.409999999999999,Sugar Shack,48.11914,-96.18115
736,US-2024-10736-CH,2025-04-27,2025-05-02,Standard Class,CUST-16763,United States,Los Angeles,California,90049,Chocolate,Pacific,PROD-0874,Wonka Bar - Milk Chocolate,119.7,38,57.36,62.34,5,47.91979949874687,1.5094736842105263,1.6405263157894738,3.15,Wicked Choccy's,32.076176,-81.088371
737,US-2024-10737-CH,2025-04-05,2025-04-10,Standard Class,CUST-15360,United States,Los Angeles,California,90049,Sugar,Pacific,PROD-9885,Fun Dip,39.3,15,14.889999999999997,24.41,5,37.88804071246819,0.9926666666666665,1.6273333333333333,2.6199999999999997,Sugar Shack,48.11914,-96.18115
738,US-2024-10738-CH,2026-02-08,2026-02-10,Second Class,CUST-19582,United States,New York,New York,10001,Chocolate,Atlantic,PROD-3776,Wonka Bar -Scrumdiddlyumptious,16.89,3,9.68,7.21,2,57.31201894612197,3.2266666666666666,2.4033333333333333,5.63,Lot's O' Nuts,32.881893,-111.768036
739,US-2024-10739-CH,2026-04-14,2026-04-17,Same Day,CUST-18684,United States,Chicago,Illinois,60601,Sugar,Interior,PROD-2120,Everlasting Gobstopper,122.33,13,33.42,88.91,3,27.319545491702772,2.5707692307692307,6.839230769230769,9.41,Secret Factory,41.446333,-90.565487
740,US-2024-10740-CH,2024-12-18,2024-12-21,Standard Class,CUST-18714,United States,Los Angeles,California,90049,Sugar,Pacific,PROD-0725,Hair Toffee,134.47,17,13.519999999999996,120.95,3,10.054287201606304,0.7952941176470586,7.114705882352942,7.91,The Other Factory,35.1175,-89.971107
741,US-2024-10741-CH,2024-04-26,2024-04-29,Standard Class,CUST-14934,United States,Chicago,Illinois,60601,Other,Interior,PROD-9415,Wonka Gum,399.47,43,84.35000000000002,315.12,3,21.115478008361084,1.9616279069767446,7.328372093023256,9.290000000000001,Secret Factory,41.446333,-90.565487
742,US-2024-10742-CH,2024-03-10,2024-03-12,Standard Class,CUST-16539,United States,Philadelphia,Pennsylvania,19143,Other,Atlantic,PROD-0345,Lickable Wallpaper,287.1,33,-10.870000000000005,297.97,2,-3.786137234413098,-0.3293939393939395,9.029393939393941,8.700000000000001,Secret Factory,41.446333,-90.565487
743,US-2024-10743-CH,2025-10-18,2025-10-21,Second Class,CUST-12689,United States,Chicago,Illinois,60601,Sugar,Interior,PROD-6629,SweeTARTS,64.54,7,17.510000000000005,47.03,3,27.130461729160217,2.5014285714285722,6.718571428571429,9.22,Sugar Shack,48.11914,-96.18115
744,US-2024-10744-CH,2025-08-23,2025-08-26,Standard Class,CUST-17406,United States,Athens,Georgia,30605,Sugar,Gulf,PROD-2533,Laffy Taffy,217.5,30,87.63999999999999,129.86,3,40.29425287356322,2.9213333333333327,4.328666666666667,7.25,Sugar Shack,48.11914,-96.18115
745,US-2024-10745-CH,2026-02-24,2026-02-28,Standard Class,CUST-14777,United States,Chicago,Illinois,60601,Chocolate,Interior,PROD-7514,Wonka Bar - Triple Dazzle Caramel,251.94,38,119.21000000000001,132.73,4,47.31682146542828,3.137105263157895,3.492894736842105,6.63,Wicked Choccy's,32.076176,-81.088371
746,US-2024-10746-CH,2024-03-27,2024-03-29,Standard Class,CUST-13535,United States,Philadelphia,Pennsylvania,19143,Sugar,Atlantic,PROD-2120,Everlasting Gobstopper,151.32,39,48.30999999999999,103.01,2,31.925720327782177,1.2387179487179485,2.6412820512820514,3.88,Secret Factory,41.446333,-90.565487
747,US-2024-10747-CH,2025-01-09,2025-01-12,Standard Class,CUST-13385,United States,Henderson,Kentucky,42420,Sugar,Gulf,PROD-2120,Everlasting Gobstopper,414.8,40,106.40000000000003,308.4,3,25.65091610414658,2.660000000000001,7.709999999999999,10.370000000000001,Secret Factory,41.446333,-90.565487
748,US-2024-10748-CH,2024-05-07,2024-05-10,First Class,CUST-16881,United States,Atlanta,Georgia,30301,Other,Gulf,PROD-0345,Lickable Wallpaper,238.56,48,9.199999999999989,229.36,3,3.8564721663313164,0.19166666666666643,4.778333333333333,4.97,Secret Factory,41.446333,-90.565487
749,US-2024-10749-CH,2025-07-13,2025-07-15,Standard Class,CUST-17206,United States,Atlanta,Georgia,30301,Chocolate,Gulf,PROD-7514,Wonka Bar - Triple Dazzle Caramel,113.6,10,69.81,43.79,2,61.4524647887324,6.981,4.379,11.36,Wicked Choccy's,32.076176,-81.088371
750,US-2024-10750-CH,2024-03-04,2024-03-08,Second Class,CUST-17718,United States,Houston,Texas,77095,Chocolate,Gulf,PROD-0874,Wonka Bar - Milk Chocolate,32.76,12,18.81,13.95,4,57.417582417582416,1.5675,1.1624999999999999,2.73,Wicked Choccy's,32.076176,-81.088371
751,US-2024-10751-CH,2024-02-15,2024-02-17,Second Class,CUST-12658,United States,Naperville,Illinois,60540,Other,Interior,PROD-2646,Kazookles,381.47,37,99.78000000000003,281.69,2,26.156709570870586,2.6967567567567574,7.613243243243243,10.31,The Other Factory,35.1175,-89.971107
752,US-2024-10752-CH,2026-06-15,2026-06-22,Standard Class,CUST-13007,United States,Chicago,Illinois,60601,Chocolate,Interior,PROD-3776,Wonka Bar -Scrumdiddlyumptious,315.51,39,142.98,172.53,7,45.31710563849006,3.666153846153846,4.423846153846154,8.09,Lot's O' Nuts,32.881893,-111.768036
753,US-2024-10753-CH,2026-02-15,2026-02-18,Standard Class,CUST-10501,United States,Henderson,Kentucky,42420,Other,Gulf,PROD-9359,Fizzy Lifting Drinks,441.48,39,43.02000000000004,398.46,3,9.744495786898622,1.1030769230769242,10.216923076923077,11.32,Sugar Shack,48.11914,-96.18115
754,US-2024-10754-CH,2025-05-09,2025-05-16,Second Class,CUST-13052,United States,New York,New York,10001,Chocolate,Atlantic,PROD-7514,Wonka Bar - Triple Dazzle Caramel,28.16,4,13.77,14.39,7,48.89914772727273,3.4425,3.5975,7.04,Wicked Choccy's,32.076176,-81.088371
755,US-2024-10755-CH,2024-09-11,2024-09-14,Standard Class,CUST-13727,United States,Naperville,Illinois,60540,Other,Interior,PROD-9359,Fizzy Lifting Drinks,51.84,9,5.3600000000000065,46.48,3,10.339506172839519,0.5955555555555563,5.164444444444444,5.760000000000001,Sugar Shack,48.11914,-96.18115
756,US-2024-10756-CH,2024-02-16,2024-02-21,Second Class,CUST-13749,United States,Houston,Texas,77095,Chocolate,Gulf,PROD-7514,Wonka Bar - Triple Dazzle Caramel,116.62,17,48.89,67.73,5,41.9224832790259,2.8758823529411766,3.9841176470588238,6.86,Wicked Choccy's,32.076176,-81.088371
757,US-2024-10757-CH,2026-04-09,2026-04-12,Standard Class,CUST-18677,United States,Atlanta,Georgia,30301,Other,Gulf,PROD-9359,Fizzy Lifting Drinks,536.27,47,16.590000000000032,519.68,3,3.093590915024154,0.352978723404256,11.057021276595744,11.41,Sugar Shack,48.11914,-96.18115
758,US-2024-10758-CH,2025-01-05,2025-01-09,First Class,CUST-19713,United States,Los Angeles,California,90049,Chocolate,Pacific,PROD-7514,Wonka Bar - Triple Dazzle Caramel,213.84,22,88.14,125.7,4,41.21773288439955,4.006363636363637,5.713636363636364,9.72,Wicked Choccy's,32.076176,-81.088371
759,US-2024-10759-CH,2024-09-27,2024-10-01,Standard Class,CUST-18740,United States,Seattle,Washington,98101,Sugar,Pacific,PROD-9885,Fun Dip,88.33,11,25.379999999999995,62.95,4,28.733159741877046,2.3072727272727267,5.722727272727273,8.03,Sugar Shack,48.11914,-96.18115
760,US-2024-10760-CH,2025-02-10,2025-02-13,Standard Class,CUST-14468,United States,Chicago,Illinois,60601,Sugar,Interior,PROD-2533,Laffy Taffy,80.1,30,20.809999999999995,59.29,3,25.98002496878901,0.6936666666666665,1.9763333333333333,2.67,Sugar Shack,48.11914,-96.18115
761,US-2024-10761-CH,2024-03-13,2024-03-16,Second Class,CUST-16058,United States,Seattle,Washington,98101,Chocolate,Pacific,PROD-8572,Wonka Bar - Nutty Crunch Surprise,143.08,28,58.18000000000001,84.9,3,40.66256639642158,2.0778571428571433,3.0321428571428575,5.11,Lot's O' Nuts,32.881893,-111.768036
762,US-2024-10762-CH,2025-12-27,2025-12-31,Standard Class,CUST-13885,United States,Los Angeles,California,90049,Sugar,Pacific,PROD-0725,Hair Toffee,191.78,43,36.08000000000001,155.7,4,18.813223485243515,0.8390697674418608,3.6209302325581394,4.46,The Other Factory,35.1175,-89.971107
763,US-2024-10763-CH,2024-03-13,2024-03-18,Standard Class,CUST-10066,United States,Seattle,Washington,98101,Chocolate,Pacific,PROD-3893,Wonka Bar - Fudge Mallows,6.48,2,3.4200000000000004,3.06,5,52.77777777777778,1.7100000000000002,1.53,3.24,Lot's O' Nuts,32.881893,-111.768036
764,US-2024-10764-CH,2024-11-21,2024-11-25,Second Class,CUST-14631,United States,Atlanta,Georgia,30301,Sugar,Gulf,PROD-2533,Laffy Taffy,198.17,19,51.76999999999998,146.4,4,26.12403491951354,2.724736842105262,7.705263157894737,10.43,Sugar Shack,48.11914,-96.18115
765,US-2024-10765-CH,2024-07-27,2024-07-30,Second Class,CUST-19546,United States,New York,New York,10001,Chocolate,Atlantic,PROD-0874,Wonka Bar - Milk Chocolate,368.46,46,162.71999999999997,205.74,3,44.16218856863702,3.5373913043478256,4.472608695652174,8.01,Wicked Choccy's,32.076176,-81.088371
766,US-2024-10766-CH,2025-05-06,2025-05-08,Second Class,CUST-16683,United States,Naperville,Illinois,60540,Sugar,Interior,PROD-5646,Nerds,63.14,14,17.61,45.53,2,27.89040228064618,1.2578571428571428,3.2521428571428572,4.51,Sugar Shack,48.11914,-96.18115
767,US-2024-10767-CH,2024-01-16,2024-01-20,Standard Class,CUST-18014,United States,Los Angeles,California,90049,Chocolate,Pacific,PROD-0874,Wonka Bar - Milk Chocolate,63.84,16,36.440000000000005,27.4,4,57.080200501253145,2.2775000000000003,1.7125,3.99,Wicked Choccy's,32.076176,-81.088371
768,US-2024-10768-CH,2025-08-02,2025-08-05,Same Day,CUST-18488,United States,Houston,Texas,77095,Other,Gulf,PROD-9359,Fizzy Lifting Drinks,146.52,36,-7.25,153.77,3,-4.948129948129948,-0.2013888888888889,4.27138888888889,4.07,Sugar Shack,48.11914,-96.18115
769,US-2024-10769-CH,2024-08-02,2024-08-07,First Class,CUST-15988,United States,Philadelphia,Pennsylvania,19143,Other,Atlantic,PROD-9359,Fizzy Lifting Drinks,448.0,40,4.980000000000018,443.02,5,1.111607142857147,0.12450000000000046,11.0755,11.2,Sugar Shack,48.11914,-96.18115
770,US-2024-10770-CH,2026-06-13,2026-06-15,Standard Class,CUST-11356,United States,Philadelphia,Pennsylvania,19143,Other,Atlantic,PROD-2646,Kazookles,38.4,5,10.41,27.99,2,27.109375000000004,2.082,5.598,7.68,The Other Factory,35.1175,-89.971107
771,US-2024-10771-CH,2025-06-30,2025-07-03,Standard Class,CUST-11600,United States,Los Angeles,California,90049,Chocolate,Pacific,PROD-8572,Wonka Bar - Nutty Crunch Surprise,143.19,37,61.019999999999996,82.17,3,42.6147077309868,1.649189189189189,2.2208108108108107,3.87,Lot's O' Nuts,32.881893,-111.768036
772,US-2024-10772-CH,2025-06-17,2025-06-20,Standard Class,CUST-17633,United States,Houston,Texas,77095,Chocolate,Gulf,PROD-7514,Wonka Bar - Triple Dazzle Caramel,201.02,46,85.31000000000002,115.71,3,42.43856332703214,1.8545652173913048,2.5154347826086956,4.37,Wicked Choccy's,32.076176,-81.088371
773,US-2024-10773-CH,2025-06-17,2025-06-20,Standard Class,CUST-14917,United States,Seattle,Washington,98101,Chocolate,Pacific,PROD-3893,Wonka Bar - Fudge Mallows,332.63,37,185.34,147.29,3,55.719568289089985,5.009189189189189,3.9808108108108105,8.99,Lot's O' Nuts,32.881893,-111.768036
774,US-2024-10774-CH,2026-02-23,2026-02-28,Standard Class,CUST-16657,United States,Henderson,Kentucky,42420,Other,Gulf,PROD-9359,Fizzy Lifting Drinks,122.88,32,5.859999999999999,117.02,5,4.768880208333333,0.18312499999999998,3.656875,3.84,Sugar Shack,48.11914,-96.18115
775,US-2024-10775-CH,2024-04-08,2024-04-11,Standard Class,CUST-17396,United States,New York,New York,10001,Chocolate,Atlantic,PROD-0874,Wonka Bar - Milk Chocolate,524.64,48,245.93,278.71,3,46.87595303446172,5.123541666666667,5.806458333333333,10.93,Wicked Choccy's,32.076176,-81.088371
776,US-2024-10776-CH,2024-05-19,2024-05-22,Second Class,CUST-11129,United States,Athens,Georgia,30605,Chocolate,Gulf,PROD-3893,Wonka Bar - Fudge Mallows,99.9,15,47.71000000000001,52.19,3,47.757757757757766,3.180666666666667,3.4793333333333334,6.66,Lot's O' Nuts,32.881893,-111.768036
777,US-2024-10777-CH,2024-03-09,2024-03-14,First Class,CUST-19244,United States,New York,New York,10001,Other,Atlantic,PROD-9359,Fizzy Lifting Drinks,84.3,10,4.980000000000004,79.32,5,5.907473309608545,0.4980000000000004,7.9319999999999995,8.43,Sugar Shack,48.11914,-96.18115
778,US-2024-10778-CH,2025-04-06,2025-04-09,Standard Class,CUST-15560,United States,Philadelphia,Pennsylvania,19143,Other,Atlantic,PROD-0345,Lickable Wallpaper,65.31,7,-2.8400000000000034,68.15,3,-4.348491808298887,-0.4057142857142862,9.735714285714286,9.33,Secret Factory,41.446333,-90.565487
779,US-2024-10779-CH,2025-12-20,2025-12-27,Standard Class,CUST-19644,United States,Chicago,Illinois,60601,Chocolate,Interior,PROD-8572,Wonka Bar - Nutty Crunch Surprise,25.4,4,13.939999999999998,11.46,7,54.881889763779526,3.4849999999999994,2.865,6.35,Lot's O' Nuts,32.881893,-111.768036
780,US-2024-10780-CH,2024-09-11,2024-09-13,Standard Class,CUST-13936,United States,Philadelphia,Pennsylvania,19143,Other,Atlantic,PROD-9359,Fizzy Lifting Drinks,587.51,49,-0.8100000000000591,588.32,2,-0.13786999370224493,-0.016530612244899167,12.0065306122449,11.99,Sugar Shack,48.11914,-96.18115
781,US-2024-10781-CH,2026-03-15,2026-03-17,Same Day,CUST-16792,United States,Athens,Georgia,30605,Sugar,Gulf,PROD-0725,Hair Toffee,351.75,35,47.110000000000014,304.64,2,13.39303482587065,1.3460000000000003,8.703999999999999,10.05,The Other Factory,35.1175,-89.971107
782,US-2024-10782-CH,2025-09-29,2025-10-02,Standard Class,CUST-16041,United States,New York,New York,10001,Other,Atlantic,PROD-9359,Fizzy Lifting Drinks,129.09,13,-0.4000000000000057,129.49,3,-0.30986133705167374,-0.030769230769231208,9.960769230769232,9.93,Sugar Shack,48.11914,-96.18115
783,US-2024-10783-CH,2025-03-05,2025-03-08,Standard Class,CUST-11468,United States,Houston,Texas,77095,Chocolate,Gulf,PROD-3893,Wonka Bar - Fudge Mallows,155.54,14,67.57,87.97,3,43.44220136299344,4.826428571428571,6.283571428571428,11.11,Lot's O' Nuts,32.881893,-111.768036
784,US-2024-10784-CH,2024-06-20,2024-06-22,Standard Class,CUST-18249,United States,Seattle,Washington,98101,Sugar,Pacific,PROD-2533,Laffy Taffy,448.65,45,134.02999999999997,314.62,2,29.87406664437757,2.978444444444444,6.991555555555555,9.969999999999999,Sugar Shack,48.11914,-96.18115
785,US-2024-10785-CH,2026-02-06,2026-02-13,Standard Class,CUST-10885,United States,Atlanta,Georgia,30301,Other,Gulf,PROD-9359,Fizzy Lifting Drinks,250.9,26,16.310000000000002,234.59,7,6.500597847748107,0.6273076923076923,9.022692307692308,9.65,Sugar Shack,48.11914,-96.18115
786,US-2024-10786-CH,2025-01-31,2025-02-02,Standard Class,CUST-12032,United States,Houston,Texas,77095,Sugar,Gulf,PROD-6629,SweeTARTS,165.0,25,67.53,97.47,2,40.92727272727273,2.7012,3.8988,6.6,Sugar Shack,48.11914,-96.18115
787,US-2024-10787-CH,2025-06-06,2025-06-10,Standard Class,CUST-14651,United States,Philadelphia,Pennsylvania,19143,Chocolate,Atlantic,PROD-0874,Wonka Bar - Milk Chocolate,107.19,27,59.669999999999995,47.52,4,55.66750629722922,2.21,1.76,3.9699999999999998,Wicked Choccy's,32.076176,-81.088371
788,US-2024-10788-CH,2025-11-29,2025-12-02,Standard Class,CUST-14920,United States,Henderson,Kentucky,42420,Sugar,Gulf,PROD-2533,Laffy Taffy,417.56,44,131.12,286.44,3,31.401475237091674,2.98,6.51,9.49,Sugar Shack,48.11914,-96.18115
789,US-2024-10789-CH,2024-04-24,2024-04-29,Standard Class,CUST-16870,United States,Seattle,Washington,98101,Other,Pacific,PROD-2646,Kazookles,229.06,26,42.56999999999999,186.49,5,18.584650309962452,1.6373076923076921,7.172692307692308,8.81,The Other Factory,35.1175,-89.971107
790,US-2024-10790-CH,2024-01-26,2024-01-29,Standard Class,CUST-14264,United States,Los Angeles,California,90049,Sugar,Pacific,PROD-2120,Everlasting Gobstopper,148.4,20,15.120000000000005,133.28,3,10.188679245283023,0.7560000000000002,6.664,7.42,Secret Factory,41.446333,-90.565487
791,US-2024-10791-CH,2024-08-16,2024-08-20,Standard Class,CUST-15191,United States,Houston,Texas,77095,Chocolate,Gulf,PROD-8572,Wonka Bar - Nutty Crunch Surprise,567.84,48,281.49,286.35,4,49.57206255283178,5.864375,5.965625,11.83,Lot's O' Nuts,32.881893,-111.768036
792,US-2024-10792-CH,2026-01-01,2026-01-03,Standard Class,CUST-15738,United States,Atlanta,Georgia,30301,Chocolate,Gulf,PROD-7514,Wonka Bar - Triple Dazzle Caramel,220.86,27,129.14000000000001,91.72,2,58.4714298650729,4.782962962962963,3.397037037037037,8.18,Wicked Choccy's,32.076176,-81.088371
793,US-2024-10793-CH,2026-01-16,2026-01-20,Standard Class,CUST-19903,United States,New York,New York,10001,Sugar,Atlantic,PROD-6629,SweeTARTS,345.96,31,135.07,210.89,4,39.04208579026477,4.357096774193548,6.8029032258064515,11.16,Sugar Shack,48.11914,-96.18115
794,US-2024-10794-CH,2025-02-25,2025-02-28,Second Class,CUST-11946,United States,New York,New York,10001,Chocolate,Atlantic,PROD-8572,Wonka Bar - Nutty Crunch Surprise,70.77,7,36.29,34.48,3,51.278790447929914,5.184285714285714,4.925714285714285,10.11,Lot's O' Nuts,32.881893,-111.768036
795,US-2024-10795-CH,2026-04-21,2026-04-23,Standard Class,CUST-11561,United States,Los Angeles,California,90049,Sugar,Pacific,PROD-9885,Fun Dip,146.4,30,60.95,85.45,2,41.63251366120219,2.0316666666666667,2.8483333333333336,4.88,Sugar Shack,48.11914,-96.18115
796,US-2024-10796-CH,2024-10-04,2024-10-09,Second Class,CUST-16376,United States,Houston,Texas,77095,Sugar,Gulf,PROD-6629,SweeTARTS,297.43,49,80.26000000000002,217.17,5,26.984500554752383,1.6379591836734697,4.432040816326531,6.07,Sugar Shack,48.11914,-96.18115
797,US-2024-10797-CH,2025-11-25,2025-11-28,First Class,CUST-11209,United States,Henderson,Kentucky,42420,Other,Gulf,PROD-9359,Fizzy Lifting Drinks,111.2,16,16.260000000000005,94.94,3,14.622302158273385,1.0162500000000003,5.93375,6.95,Sugar Shack,48.11914,-96.18115
798,US-2024-10798-CH,2026-01-11,2026-01-14,Standard Class,CUST-12544,United States,Houston,Texas,77095,Chocolate,Gulf,PROD-3893,Wonka Bar - Fudge Mallows,509.55,43,288.71000000000004,220.84,3,56.65979786085763,6.714186046511629,5.135813953488372,11.85,Lot's O' Nuts,32.881893,-111.768036
799,US-2024-10799-CH,2024-07-28,2024-08-04,Second Class,CUST-10964,United States,Houston,Texas,77095,Chocolate,Gulf,PROD-3776,Wonka Bar -Scrumdiddlyumptious,112.58,13,51.94,60.64,7,46.13608100906022,3.9953846153846153,4.664615384615384,8.66,Lot's O' Nuts,32.881893,-111.768036
800,US-2024-10800-CH,2025-06-07,2025-06-09,Standard Class,CUST-19621,United States,Philadelphia,Pennsylvania,19143,Chocolate,Atlantic,PROD-8572,Wonka Bar - Nutty Crunch Surprise,8.19,3,4.109999999999999,4.08,2,50.18315018315018,1.3699999999999999,1.36,2.73,Lot's O' Nuts,32.881893,-111.768036
801,US-2024-10801-CH,2026-04-05,2026-04-08,Standard Class,CUST-12024,United States,Chicago,Illinois,60601,Chocolate,Interior,PROD-0874,Wonka Bar - Milk Chocolate,307.44,36,126.16999999999999,181.27,3,41.03890189955764,3.504722222222222,5.035277777777778,8.54,Wicked Choccy's,32.076176,-81.088371
802,US-2024-10802-CH,2024-07-10,2024-07-14,First Class,CUST-17399,United States,Atlanta,Georgia,30301,Sugar,Gulf,PROD-2120,Everlasting Gobstopper,15.15,3,5.290000000000001,9.86,4,34.91749174917492,1.7633333333333336,3.2866666666666666,5.05,Secret Factory,41.446333,-90.565487
803,US-2024-10803-CH,2025-05-20,2025-05-24,Second Class,CUST-11416,United States,Houston,Texas,77095,Other,Gulf,PROD-9359,Fizzy Lifting Drinks,72.8,26,-1.6000000000000085,74.4,4,-2.19780219780221,-0.06153846153846187,2.8615384615384616,2.8,Sugar Shack,48.11914,-96.18115
804,US-2024-10804-CH,2024-05-28,2024-06-02,Standard Class,CUST-10555,United States,Chicago,Illinois,60601,Sugar,Interior,PROD-2533,Laffy Taffy,231.44,22,64.31,167.13,5,27.786899412374698,2.9231818181818183,7.596818181818182,10.52,Sugar Shack,48.11914,-96.18115
805,US-2024-10805-CH,2025-09-30,2025-10-04,Standard Class,CUST-12773,United States,New York,New York,10001,Chocolate,Atlantic,PROD-0874,Wonka Bar - Milk Chocolate,41.36,4,24.73,16.63,4,59.79206963249517,6.1825,4.1575,10.34,Wicked Choccy's,32.076176,-81.088371
806,US-2024-10806-CH,2025-01-27,2025-02-03,Standard Class,CUST-18864,United States,Henderson,Kentucky,42420,Sugar,Gulf,PROD-6629,SweeTARTS,17.82,6,4.99,12.83,7,28.002244668911334,0.8316666666666667,2.138333333333333,2.97,Sugar Shack,48.11914,-96.18115
807,US-2024-10807-CH,2024-04-24,2024-05-01,Second Class,CUST-12786,United States,Henderson,Kentucky,42420,Sugar,Gulf,PROD-6629,SweeTARTS,232.64,32,70.14999999999998,162.49,7,30.15388583218706,2.1921874999999993,5.0778125,7.27,Sugar Shack,48.11914,-96.18115
808,US-2024-10808-CH,2024-04-10,2024-04-15,Second Class,CUST-14133,United States,Chicago,Illinois,60601,Chocolate,Interior,PROD-3893,Wonka Bar - Fudge Mallows,69.36,6,43.41,25.95,5,62.586505190311414,7.234999999999999,4.325,11.56,Lot's O' Nuts,32.881893,-111.768036
809,US-2024-10809-CH,2025-06-20,2025-06-23,First Class,CUST-10818,United States,Philadelphia,Pennsylvania,19143,Chocolate,Atlantic,PROD-0874,Wonka Bar - Milk Chocolate,148.5,33,71.41,77.09,3,48.08754208754208,2.163939393939394,2.336060606060606,4.5,Wicked Choccy's,32.076176,-81.088371
810,US-2024-10810-CH,2025-07-13,2025-07-15,Second Class,CUST-19420,United States,Houston,Texas,77095,Chocolate,Gulf,PROD-7514,Wonka Bar - Triple Dazzle Caramel,267.12,36,111.72,155.4,2,41.82389937106918,3.1033333333333335,4.316666666666666,7.42,Wicked Choccy's,32.076176,-81.088371
811,US-2024-10811-CH,2025-01-21,2025-01-25,Second Class,CUST-16343,United States,Naperville,Illinois,60540,Sugar,Interior,PROD-9885,Fun Dip,152.67,21,52.05999999999999,100.61,4,34.09969214645968,2.4790476190476185,4.790952380952381,7.27,Sugar Shack,48.11914,-96.18115
812,US-2024-10812-CH,2024-07-30,2024-08-02,Same Day,CUST-10727,United States,Philadelphia,Pennsylvania,19143,Sugar,Atlantic,PROD-5646,Nerds,69.16,13,17.299999999999997,51.86,3,25.014459224985536,1.3307692307692305,3.9892307692307694,5.319999999999999,Sugar Shack,48.11914,-96.18115
813,US-2024-10813-CH,2025-05-12,2025-05-14,Second Class,CUST-17492,United States,Seattle,Washington,98101,Other,Pacific,PROD-2646,Kazookles,162.82,14,53.02999999999999,109.79,2,32.56970888097285,3.787857142857142,7.842142857142858,11.629999999999999,The Other Factory,35.1175,-89.971107
814,US-2024-10814-CH,2024-11-25,2024-11-30,Standard Class,CUST-18719,United States,Seattle,Washington,98101,Sugar,Pacific,PROD-2533,Laffy Taffy,203.87,19,75.17000000000002,128.7,5,36.87153578260657,3.956315789473685,6.773684210526315,10.73,Sugar Shack,48.11914,-96.18115
815,US-2024-10815-CH,2025-06-24,2025-06-28,Standard Class,CUST-12233,United States,Atlanta,Georgia,30301,Chocolate,Gulf,PROD-3776,Wonka Bar -Scrumdiddlyumptious,120.3,15,50.489999999999995,69.81,4,41.97007481296758,3.3659999999999997,4.654,8.02,Lot's O' Nuts,32.881893,-111.768036
816,US-2024-10816-CH,2024-06-06,2024-06-11,Standard Class,CUST-16944,United States,Athens,Georgia,30605,Other,Gulf,PROD-9415,Wonka Gum,229.6,40,69.19,160.41,5,30.13501742160279,1.72975,4.01025,5.74,Secret Factory,41.446333,-90.565487
817,US-2024-10817-CH,2025-06-13,2025-06-16,Standard Class,CUST-19186,United States,Los Angeles,California,90049,Sugar,Pacific,PROD-6629,SweeTARTS,236.61,33,86.26000000000002,150.35,3,36.45661637293437,2.6139393939393947,4.556060606060606,7.170000000000001,Sugar Shack,48.11914,-96.18115
818,US-2024-10818-CH,2025-06-29,2025-07-02,Standard Class,CUST-15519,United States,Henderson,Kentucky,42420,Sugar,Gulf,PROD-5646,Nerds,58.95,5,23.85,35.1,3,40.458015267175576,4.7700000000000005,7.0200000000000005,11.790000000000001,Sugar Shack,48.11914,-96.18115
819,US-2024-10819-CH,2025-08-14,2025-08-18,Standard Class,CUST-18106,United States,New York,New York,10001,Other,Atlantic,PROD-9359,Fizzy Lifting Drinks,276.12,36,21.230000000000018,254.89,4,7.688686078516593,0.5897222222222227,7.080277777777777,7.67,Sugar Shack,48.11914,-96.18115
820,US-2024-10820-CH,2024-10-14,2024-10-17,Standard Class,CUST-14532,United States,New York,New York,10001,Chocolate,Atlantic,PROD-0874,Wonka Bar - Milk Chocolate,128.0,25,74.59,53.41,3,58.2734375,2.9836,2.1364,5.12,Wicked Choccy's,32.076176,-81.088371
821,US-2024-10821-CH,2024-09-15,2024-09-18,Standard Class,CUST-18428,United States,Naperville,Illinois,60540,Other,Interior,PROD-0345,Lickable Wallpaper,228.8,40,18.230000000000018,210.57,3,7.96765734265735,0.45575000000000043,5.26425,5.720000000000001,Secret Factory,41.446333,-90.565487
822,US-2024-10822-CH,2025-05-20,2025-05-25,Standard Class,CUST-17964,United States,Seattle,Washington,98101,Other,Pacific,PROD-9359,Fizzy Lifting Drinks,484.1,47,23.55000000000001,460.55,5,4.86469737657509,0.5010638297872343,9.798936170212766,10.3,Sugar Shack,48.11914,-96.18115
823,US-2024-10823-CH,2024-08-19,2024-08-22,Second Class,CUST-17795,United States,New York,New York,10001,Other,Atlantic,PROD-9359,Fizzy Lifting Drinks,180.32,49,15.169999999999987,165.15,3,8.412821650399284,0.30959183673469365,3.3704081632653065,3.6799999999999997,Sugar Shack,48.11914,-96.18115
824,US-2024-10824-CH,2024-02-06,2024-02-10,Second Class,CUST-15021,United States,Philadelphia,Pennsylvania,19143,Chocolate,Atlantic,PROD-3893,Wonka Bar - Fudge Mallows,428.4,36,199.74999999999997,228.65,4,46.62698412698412,5.548611111111111,6.351388888888889,11.899999999999999,Lot's O' Nuts,32.881893,-111.768036
825,US-2024-10825-CH,2024-08-22,2024-08-29,Second Class,CUST-16546,United States,Houston,Texas,77095,Chocolate,Gulf,PROD-7514,Wonka Bar - Triple Dazzle Caramel,343.04,32,188.92000000000002,154.12,7,55.0722947761194,5.9037500000000005,4.81625,10.72,Wicked Choccy's,32.076176,-81.088371
826,US-2024-10826-CH,2025-11-07,2025-11-11,Standard Class,CUST-18405,United States,Henderson,Kentucky,42420,Sugar,Gulf,PROD-0725,Hair Toffee,142.56,44,14.900000000000006,127.66,4,10.45173961840629,0.3386363636363638,2.9013636363636364,3.24,The Other Factory,35.1175,-89.971107
827,US-2024-10827-CH,2026-03-01,2026-03-06,Second Class,CUST-19354,United States,Naperville,Illinois,60540,Chocolate,Interior,PROD-3893,Wonka Bar - Fudge Mallows,83.76,12,54.050000000000004,29.71,5,64.52960840496658,4.504166666666667,2.4758333333333336,6.98,Lot's O' Nuts,32.881893,-111.768036
828,US-2024-10828-CH,2025-03-14,2025-03-16,First Class,CUST-19918,United States,Philadelphia,Pennsylvania,19143,Chocolate,Atlantic,PROD-7514,Wonka Bar - Triple Dazzle Caramel,106.95,15,59.49,47.46,2,55.62412342215989,3.966,3.164,7.13,Wicked Choccy's,32.076176,-81.088371
829,US-2024-10829-CH,2025-11-23,2025-11-27,Second Class,CUST-19230,United States,Houston,Texas,77095,Sugar,Gulf,PROD-0725,Hair Toffee,259.84,29,39.15999999999997,220.68,4,15.070812807881762,1.3503448275862058,7.6096551724137935,8.959999999999999,The Other Factory,35.1175,-89.971107
830,US-2024-10830-CH,2024-05-28,2024-05-30,First Class,CUST-19037,United States,Naperville,Illinois,60540,Chocolate,Interior,PROD-3776,Wonka Bar -Scrumdiddlyumptious,119.25,45,69.46000000000001,49.79,2,58.24737945492663,1.5435555555555558,1.1064444444444443,2.65,Lot's O' Nuts,32.881893,-111.768036
831,US-2024-10831-CH,2025-09-24,2025-10-01,Standard Class,CUST-12800,United States,Seattle,Washington,98101,Sugar,Pacific,PROD-5646,Nerds,329.46,38,102.30999999999997,227.15,7,31.05384568688156,2.692368421052631,5.977631578947369,8.67,Sugar Shack,48.11914,-96.18115
832,US-2024-10832-CH,2025-06-01,2025-06-04,Standard Class,CUST-11422,United States,Philadelphia,Pennsylvania,19143,Chocolate,Atlantic,PROD-8572,Wonka Bar - Nutty Crunch Surprise,43.52,4,23.630000000000003,19.89,3,54.296875,5.907500000000001,4.9725,10.88,Lot's O' Nuts,32.881893,-111.768036
833,US-2024-10833-CH,2025-04-24,2025-04-26,Standard Class,CUST-15463,United States,New York,New York,10001,Sugar,Atlantic,PROD-6629,SweeTARTS,179.8,29,53.620000000000005,126.18,2,29.82202447163515,1.8489655172413795,4.351034482758621,6.2,Sugar Shack,48.11914,-96.18115
834,US-2024-10834-CH,2026-05-05,2026-05-09,Standard Class,CUST-13285,United States,Philadelphia,Pennsylvania,19143,Sugar,Atlantic,PROD-2533,Laffy Taffy,109.75,25,49.38,60.37,4,44.993166287015946,1.9752,2.4148,4.39,Sugar Shack,48.11914,-96.18115
835,US-2024-10835-CH,2024-11-16,2024-11-23,Second Class,CUST-17637,United States,Los Angeles,California,90049,Sugar,Pacific,PROD-2533,Laffy Taffy,58.37,13,15.439999999999998,42.93,7,26.451944492033576,1.1876923076923076,3.3023076923076924,4.49,Sugar Shack,48.11914,-96.18115
836,US-2024-10836-CH,2024-04-25,2024-05-02,Second Class,CUST-18809,United States,Houston,Texas,77095,Other,Gulf,PROD-9359,Fizzy Lifting Drinks,205.9,29,4.650000000000006,201.25,7,2.2583778533268606,0.1603448275862071,6.939655172413793,7.1000000000000005,Sugar Shack,48.11914,-96.18115
837,US-2024-10837-CH,2025-03-31,2025-04-03,Standard Class,CUST-13174,United States,Henderson,Kentucky,42420,Sugar,Gulf,PROD-2533,Laffy Taffy,364.08,37,149.49999999999997,214.58,3,41.06240386728191,4.0405405405405395,5.7994594594594595,9.84,Sugar Shack,48.11914,-96.18115
838,US-2024-10838-CH,2025-03-16,2025-03-20,Standard Class,CUST-12523,United States,Atlanta,Georgia,30301,Other,Gulf,PROD-2646,Kazookles,73.76,8,10.890000000000008,62.87,4,14.76409978308027,1.361250000000001,7.85875,9.22,The Other Factory,35.1175,-89.971107
839,US-2024-10839-CH,2026-01-23,2026-01-30,Standard Class,CUST-11220,United States,Henderson,Kentucky,42420,Other,Gulf,PROD-2646,Kazookles,426.56,43,84.26999999999998,342.29,7,19.755720180045007,1.9597674418604647,7.960232558139535,9.92,The Other Factory,35.1175,-89.971107
840,US-2024-10840-CH,2024-09-06,2024-09-11,Standard Class,CUST-19110,United States,Atlanta,Georgia,30301,Chocolate,Gulf,PROD-3776,Wonka Bar -Scrumdiddlyumptious,287.14,49,144.97,142.17,5,50.487567040468065,2.9585714285714286,2.9014285714285712,5.859999999999999,Lot's O' Nuts,32.881893,-111.768036
841,US-2024-10841-CH,2024-12-31,2025-01-03,Second Class,CUST-14911,United States,Chicago,Illinois,60601,Other,Interior,PROD-0345,Lickable Wallpaper,190.6,20,23.650000000000006,166.95,3,12.40818467995803,1.1825000000000003,8.3475,9.53,Secret Factory,41.446333,-90.565487
842,US-2024-10842-CH,2026-03-03,2026-03-07,Standard Class,CUST-15193,United States,Atlanta,Georgia,30301,Other,Gulf,PROD-0345,Lickable Wallpaper,350.55,45,54.379999999999995,296.17,4,15.512765653972327,1.2084444444444444,6.581555555555556,7.79,Secret Factory,41.446333,-90.565487
843,US-2024-10843-CH,2024-05-26,2024-05-30,First Class,CUST-15917,United States,Athens,Georgia,30605,Other,Gulf,PROD-2646,Kazookles,195.58,22,68.00000000000001,127.58,4,34.768381225074144,3.0909090909090917,5.799090909090909,8.89,The Other Factory,35.1175,-89.971107
844,US-2024-10844-CH,2026-05-18,2026-05-25,First Class,CUST-16906,United States,Houston,Texas,77095,Sugar,Gulf,PROD-2533,Laffy Taffy,132.96,12,34.59,98.37,7,26.015342960288812,2.8825000000000003,8.1975,11.08,Sugar Shack,48.11914,-96.18115
845,US-2024-10845-CH,2025-12-13,2025-12-17,Second Class,CUST-15988,United States,Philadelphia,Pennsylvania,19143,Sugar,Atlantic,PROD-5646,Nerds,231.6,30,85.26999999999998,146.33,4,36.81778929188255,2.842333333333333,4.877666666666667,7.72,Sugar Shack,48.11914,-96.18115
846,US-2024-10846-CH,2025-09-14,2025-09-19,Standard Class,CUST-16643,United States,New York,New York,10001,Sugar,Atlantic,PROD-2533,Laffy Taffy,415.74,41,146.25,269.49,5,35.17823639774859,3.567073170731707,6.572926829268293,10.14,Sugar Shack,48.11914,-96.18115
847,US-2024-10847-CH,2026-03-10,2026-03-15,Standard Class,CUST-11777,United States,Los Angeles,California,90049,Chocolate,Pacific,PROD-8572,Wonka Bar - Nutty Crunch Surprise,105.12,9,53.93000000000001,51.19,5,51.30327245053273,5.992222222222223,5.687777777777778,11.68,Lot's O' Nuts,32.881893,-111.768036
848,US-2024-10848-CH,2024-11-05,2024-11-10,Second Class,CUST-11325,United States,Henderson,Kentucky,42420,Sugar,Gulf,PROD-6629,SweeTARTS,137.54,26,52.86999999999999,84.67,5,38.439726624981816,2.033461538461538,3.2565384615384616,5.29,Sugar Shack,48.11914,-96.18115
849,US-2024-10849-CH,2026-03-17,2026-03-20,Standard Class,CUST-11831,United States,Los Angeles,California,90049,Sugar,Pacific,PROD-2533,Laffy Taffy,288.11,47,97.56,190.55,3,33.862066571795495,2.075744680851064,4.054255319148936,6.13,Sugar Shack,48.11914,-96.18115
850,US-2024-10850-CH,2024-06-09,2024-06-12,Standard Class,CUST-15324,United States,New York,New York,10001,Chocolate,Atlantic,PROD-3893,Wonka Bar - Fudge Mallows,93.67,17,45.480000000000004,48.19,3,48.55343226219708,2.6752941176470593,2.834705882352941,5.51,Lot's O' Nuts,32.881893,-111.768036
851,US-2024-10851-CH,2026-05-02,2026-05-04,Standard Class,CUST-16382,United States,Atlanta,Georgia,30301,Chocolate,Gulf,PROD-7514,Wonka Bar - Triple Dazzle Caramel,58.59,7,30.900000000000002,27.69,2,52.739375320020486,4.414285714285715,3.955714285714286,8.370000000000001,Wicked Choccy's,32.076176,-81.088371
852,US-2024-10852-CH,2025-06-05,2025-06-09,Standard Class,CUST-11469,United States,Los Angeles,California,90049,Other,Pacific,PROD-9415,Wonka Gum,267.96,42,58.059999999999974,209.9,4,21.667413046723382,1.3823809523809518,4.997619047619048,6.38,Secret Factory,41.446333,-90.565487
853,US-2024-10853-CH,2025-07-04,2025-07-07,Standard Class,CUST-17420,United States,Athens,Georgia,30605,Sugar,Gulf,PROD-2533,Laffy Taffy,143.7,15,40.75999999999999,102.94,3,28.364648573416833,2.717333333333333,6.862666666666667,9.58,Sugar Shack,48.11914,-96.18115
854,US-2024-10854-CH,2026-03-13,2026-03-17,First Class,CUST-13718,United States,Los Angeles,California,90049,Other,Pacific,PROD-9415,Wonka Gum,273.28,32,82.37999999999997,190.9,4,30.144906323185,2.574374999999999,5.965625,8.54,Secret Factory,41.446333,-90.565487
855,US-2024-10855-CH,2026-01-06,2026-01-09,Standard Class,CUST-19065,United States,Los Angeles,California,90049,Sugar,Pacific,PROD-2533,Laffy Taffy,296.8,40,76.43,220.37,3,25.75134770889488,1.9107500000000002,5.50925,7.42,Sugar Shack,48.11914,-96.18115
856,US-2024-10856-CH,2024-08-19,2024-08-26,Standard Class,CUST-12711,United States,Atlanta,Georgia,30301,Other,Gulf,PROD-9415,Wonka Gum,401.8,35,107.84000000000003,293.96,7,26.839223494275764,3.081142857142858,8.398857142857143,11.48,Secret Factory,41.446333,-90.565487
857,US-2024-10857-CH,2024-05-09,2024-05-12,Second Class,CUST-10743,United States,New York,New York,10001,Sugar,Atlantic,PROD-0725,Hair Toffee,148.2,30,44.489999999999995,103.71,3,30.020242914979754,1.4829999999999999,3.457,4.9399999999999995,The Other Factory,35.1175,-89.971107
858,US-2024-10858-CH,2024-10-02,2024-10-09,First Class,CUST-17002,United States,New York,New York,10001,Other,Atlantic,PROD-2646,Kazookles,216.98,38,72.44999999999999,144.53,7,33.39017420960457,1.9065789473684207,3.803421052631579,5.71,The Other Factory,35.1175,-89.971107
859,US-2024-10859-CH,2024-03-25,2024-03-28,Second Class,CUST-10667,United States,Chicago,Illinois,60601,Sugar,Interior,PROD-9885,Fun Dip,444.22,38,190.11,254.11,3,42.79636216289226,5.002894736842106,6.687105263157895,11.690000000000001,Sugar Shack,48.11914,-96.18115
860,US-2024-10860-CH,2025-01-05,2025-01-08,Same Day,CUST-19894,United States,Seattle,Washington,98101,Sugar,Pacific,PROD-2120,Everlasting Gobstopper,378.4,40,85.92999999999995,292.47,3,22.70877378435517,2.1482499999999987,7.311750000000001,9.459999999999999,Secret Factory,41.446333,-90.565487
861,US-2024-10861-CH,2025-08-20,2025-08-22,Standard Class,CUST-18047,United States,Chicago,Illinois,60601,Chocolate,Interior,PROD-7514,Wonka Bar - Triple Dazzle Caramel,169.38,18,94.58999999999999,74.79,2,55.84484590860785,5.254999999999999,4.155,9.41,Wicked Choccy's,32.076176,-81.088371
862,US-2024-10862-CH,2025-02-10,2025-02-17,Second Class,CUST-12423,United States,Los Angeles,California,90049,Other,Pacific,PROD-9415,Wonka Gum,241.2,30,82.01999999999998,159.18,7,34.004975124378106,2.7339999999999995,5.306,8.04,Secret Factory,41.446333,-90.565487
863,US-2024-10863-CH,2024-06-14,2024-06-17,Standard Class,CUST-13403,United States,Los Angeles,California,90049,Sugar,Pacific,PROD-5646,Nerds,343.2,30,89.07999999999998,254.12,3,25.955710955710952,2.9693333333333327,8.470666666666666,11.44,Sugar Shack,48.11914,-96.18115
864,US-2024-10864-CH,2024-03-19,2024-03-21,Second Class,CUST-10974,United States,New York,New York,10001,Sugar,Atlantic,PROD-6629,SweeTARTS,469.56,43,190.17000000000002,279.39,2,40.49961666240736,4.4225581395348845,6.497441860465116,10.92,Sugar Shack,48.11914,-96.18115
865,US-2024-10865-CH,2024-08-23,2024-08-26,Standard Class,CUST-14036,United States,Atlanta,Georgia,30301,Sugar,Gulf,PROD-2533,Laffy Taffy,205.2,36,75.38,129.82,3,36.734892787524366,2.093888888888889,3.606111111111111,5.699999999999999,Sugar Shack,48.11914,-96.18115
866,US-2024-10866-CH,2026-05-06,2026-05-09,Standard Class,CUST-19035,United States,Los Angeles,California,90049,Chocolate,Pacific,PROD-3893,Wonka Bar - Fudge Mallows,113.94,27,66.50999999999999,47.43,3,58.372827804107416,2.463333333333333,1.7566666666666666,4.22,Lot's O' Nuts,32.881893,-111.768036
867,US-2024-10867-CH,2024-05-12,2024-05-15,Standard Class,CUST-12835,United States,Naperville,Illinois,60540,Chocolate,Interior,PROD-7514,Wonka Bar - Triple Dazzle Caramel,225.9,30,105.54,120.36,3,46.71978751660027,3.5180000000000002,4.012,7.53,Wicked Choccy's,32.076176,-81.088371
868,US-2024-10868-CH,2024-10-19,2024-10-22,Standard Class,CUST-11963,United States,Chicago,Illinois,60601,Chocolate,Interior,PROD-3776,Wonka Bar -Scrumdiddlyumptious,100.92,12,51.24,49.68,3,50.77288941736029,4.2700000000000005,4.14,8.41,Lot's O' Nuts,32.881893,-111.768036
869,US-2024-10869-CH,2026-06-08,2026-06-11,Second Class,CUST-19858,United States,Philadelphia,Pennsylvania,19143,Chocolate,Atlantic,PROD-3893,Wonka Bar - Fudge Mallows,266.64,24,119.39999999999998,147.24,3,44.779477947794774,4.974999999999999,6.135000000000001,11.11,Lot's O' Nuts,32.881893,-111.768036
870,US-2024-10870-CH,2024-07-30,2024-08-02,First Class,CUST-14607,United States,Naperville,Illinois,60540,Sugar,Interior,PROD-2120,Everlasting Gobstopper,408.15,45,130.92999999999995,277.22,3,32.07889256400832,2.9095555555555546,6.160444444444445,9.07,Secret Factory,41.446333,-90.565487
871,US-2024-10871-CH,2024-08-15,2024-08-19,Same Day,CUST-10686,United States,New York,New York,10001,Chocolate,Atlantic,PROD-3893,Wonka Bar - Fudge Mallows,340.89,33,191.54,149.35,4,56.18821320660624,5.804242424242424,4.525757575757575,10.33,Lot's O' Nuts,32.881893,-111.768036
872,US-2024-10872-CH,2024-12-22,2024-12-26,Standard Class,CUST-16642,United States,Athens,Georgia,30605,Chocolate,Gulf,PROD-3893,Wonka Bar - Fudge Mallows,308.32,41,133.10999999999999,175.21,4,43.17267773741567,3.246585365853658,4.2734146341463415,7.52,Lot's O' Nuts,32.881893,-111.768036
873,US-2024-10873-CH,2026-02-22,2026-02-25,Standard Class,CUST-19964,United States,Naperville,Illinois,60540,Chocolate,Interior,PROD-3776,Wonka Bar -Scrumdiddlyumptious,136.42,19,83.1,53.32,3,60.91482187362557,4.373684210526315,2.8063157894736843,7.18,Lot's O' Nuts,32.881893,-111.768036
874,US-2024-10874-CH,2026-05-27,2026-05-30,Standard Class,CUST-12686,United States,Chicago,Illinois,60601,Other,Interior,PROD-9359,Fizzy Lifting Drinks,248.64,37,38.53999999999999,210.1,3,15.500321750321747,1.0416216216216214,5.678378378378378,6.72,Sugar Shack,48.11914,-96.18115
875,US-2024-10875-CH,2025-08-27,2025-08-30,Standard Class,CUST-18226,United States,New York,New York,10001,Other,Atlantic,PROD-9359,Fizzy Lifting Drinks,402.56,34,57.75,344.81,3,14.345687599364071,1.6985294117647058,10.141470588235293,11.84,Sugar Shack,48.11914,-96.18115
876,US-2024-10876-CH,2026-01-09,2026-01-12,Standard Class,CUST-11103,United States,Athens,Georgia,30605,Other,Gulf,PROD-2646,Kazookles,148.68,14,40.260000000000005,108.42,3,27.07828894269572,2.875714285714286,7.744285714285715,10.620000000000001,The Other Factory,35.1175,-89.971107
877,US-2024-10877-CH,2025-03-30,2025-04-01,Second Class,CUST-13384,United States,Philadelphia,Pennsylvania,19143,Chocolate,Atlantic,PROD-8572,Wonka Bar - Nutty Crunch Surprise,141.3,30,86.38000000000001,54.92,2,61.13234253361642,2.8793333333333337,1.8306666666666667,4.71,Lot's O' Nuts,32.881893,-111.768036
878,US-2024-10878-CH,2026-05-20,2026-05-24,Standard Class,CUST-15755,United States,Philadelphia,Pennsylvania,19143,Sugar,Atlantic,PROD-2120,Everlasting Gobstopper,300.9,30,44.14999999999998,256.75,4,14.672648720505144,1.471666666666666,8.558333333333334,10.03,Secret Factory,41.446333,-90.565487
879,US-2024-10879-CH,2025-09-05,2025-09-08,First Class,CUST-10572,United States,Chicago,Illinois,60601,Chocolate,Interior,PROD-3776,Wonka Bar -Scrumdiddlyumptious,295.26,38,184.66,110.6,3,62.541488857278324,4.859473684210526,2.9105263157894736,7.77,Lot's O' Nuts,32.881893,-111.768036
880,US-2024-10880-CH,2025-09-06,2025-09-11,Second Class,CUST-11721,United States,Chicago,Illinois,60601,Other,Interior,PROD-9359,Fizzy Lifting Drinks,481.36,44,26.850000000000023,454.51,5,5.577945820176172,0.6102272727272733,10.329772727272728,10.94,Sugar Shack,48.11914,-96.18115
881,US-2024-10881-CH,2026-04-04,2026-04-11,Second Class,CUST-18384,United States,New York,New York,10001,Sugar,Atlantic,PROD-2533,Laffy Taffy,215.47,29,96.07,119.4,7,44.586253306724835,3.312758620689655,4.117241379310345,7.43,Sugar Shack,48.11914,-96.18115
882,US-2024-10882-CH,2025-06-13,2025-06-17,Standard Class,CUST-11075,United States,Naperville,Illinois,60540,Chocolate,Interior,PROD-3776,Wonka Bar -Scrumdiddlyumptious,68.04,12,36.09,31.95,4,53.042328042328045,3.0075000000000003,2.6625,5.670000000000001,Lot's O' Nuts,32.881893,-111.768036
883,US-2024-10883-CH,2025-12-18,2025-12-21,Same Day,CUST-14916,United States,Philadelphia,Pennsylvania,19143,Chocolate,Atlantic,PROD-3776,Wonka Bar -Scrumdiddlyumptious,54.0,18,31.79,22.21,3,58.870370370370374,1.766111111111111,1.233888888888889,3.0,Lot's O' Nuts,32.881893,-111.768036
884,US-2024-10884-CH,2025-05-23,2025-05-25,Second Class,CUST-10716,United States,Naperville,Illinois,60540,Chocolate,Interior,PROD-8572,Wonka Bar - Nutty Crunch Surprise,91.31,23,44.660000000000004,46.65,2,48.910305552513414,1.9417391304347829,2.028260869565217,3.97,Lot's O' Nuts,32.881893,-111.768036
885,US-2024-10885-CH,2025-08-23,2025-08-27,First Class,CUST-18340,United States,Henderson,Kentucky,42420,Sugar,Gulf,PROD-2533,Laffy Taffy,102.4,40,27.210000000000008,75.19,4,26.572265625000007,0.6802500000000002,1.87975,2.56,Sugar Shack,48.11914,-96.18115
886,US-2024-10886-CH,2024-12-05,2024-12-08,First Class,CUST-11102,United States,Los Angeles,California,90049,Other,Pacific,PROD-9415,Wonka Gum,71.1,9,22.779999999999994,48.32,3,32.03938115330519,2.5311111111111106,5.368888888888889,7.8999999999999995,Secret Factory,41.446333,-90.565487
887,US-2024-10887-CH,2025-10-23,2025-10-26,Standard Class,CUST-19599,United States,Atlanta,Georgia,30301,Sugar,Gulf,PROD-2533,Laffy Taffy,261.24,28,80.30000000000001,180.94,3,30.738018680140872,2.8678571428571433,6.462142857142857,9.33,Sugar Shack,48.11914,-96.18115
888,US-2024-10888-CH,2026-04-14,2026-04-17,Standard Class,CUST-12986,United States,Los Angeles,California,90049,Other,Pacific,PROD-9415,Wonka Gum,192.51,31,63.0,129.51,3,32.72557269752221,2.032258064516129,4.177741935483871,6.21,Secret Factory,41.446333,-90.565487
889,US-2024-10889-CH,2024-06-25,2024-06-28,Standard Class,CUST-11353,United States,Los Angeles,California,90049,Chocolate,Pacific,PROD-8572,Wonka Bar - Nutty Crunch Surprise,143.52,24,86.37,57.15,3,60.179765886287626,3.5987500000000003,2.38125,5.98,Lot's O' Nuts,32.881893,-111.768036
890,US-2024-10890-CH,2024-12-21,2024-12-28,Second Class,CUST-10804,United States,Naperville,Illinois,60540,Sugar,Interior,PROD-2120,Everlasting Gobstopper,191.84,44,23.340000000000003,168.5,7,12.166388657214346,0.5304545454545455,3.8295454545454546,4.36,Secret Factory,41.446333,-90.565487
891,US-2024-10891-CH,2025-01-24,2025-01-27,Standard Class,CUST-12098,United States,New York,New York,10001,Sugar,Atlantic,PROD-2533,Laffy Taffy,184.8,42,59.920000000000016,124.88,3,32.424242424242436,1.426666666666667,2.973333333333333,4.4,Sugar Shack,48.11914,-96.18115
892,US-2024-10892-CH,2024-09-09,2024-09-13,Standard Class,CUST-12763,United States,Naperville,Illinois,60540,Sugar,Interior,PROD-5646,Nerds,275.04,36,113.78000000000003,161.26,4,41.36852821407796,3.1605555555555562,4.479444444444444,7.640000000000001,Sugar Shack,48.11914,-96.18115
893,US-2024-10893-CH,2025-07-04,2025-07-07,Standard Class,CUST-14409,United States,Atlanta,Georgia,30301,Sugar,Gulf,PROD-2533,Laffy Taffy,140.97,37,54.010000000000005,86.96,3,38.313116265872175,1.4597297297297298,2.3502702702702702,3.81,Sugar Shack,48.11914,-96.18115
894,US-2024-10894-CH,2025-12-13,2025-12-20,Standard Class,CUST-11079,United States,Los Angeles,California,90049,Sugar,Pacific,PROD-5646,Nerds,267.54,42,103.15000000000003,164.39,7,38.554982432533464,2.4559523809523816,3.9140476190476186,6.37,Sugar Shack,48.11914,-96.18115
895,US-2024-10895-CH,2025-08-26,2025-08-31,Standard Class,CUST-19587,United States,Athens,Georgia,30605,Other,Gulf,PROD-2646,Kazookles,527.04,48,109.47999999999996,417.56,5,20.77261687917425,2.2808333333333324,8.699166666666667,10.979999999999999,The Other Factory,35.1175,-89.971107
896,US-2024-10896-CH,2025-05-28,2025-05-31,Standard Class,CUST-19280,United States,Los Angeles,California,90049,Sugar,Pacific,PROD-9885,Fun Dip,260.75,35,73.0,187.75,3,27.996164908916587,2.085714285714286,5.364285714285714,7.45,Sugar Shack,48.11914,-96.18115
897,US-2024-10897-CH,2026-02-07,2026-02-12,Second Class,CUST-10789,United States,Los Angeles,California,90049,Chocolate,Pacific,PROD-3893,Wonka Bar - Fudge Mallows,210.98,22,131.51999999999998,79.46,5,62.33766233766234,5.978181818181818,3.6118181818181814,9.59,Lot's O' Nuts,32.881893,-111.768036
898,US-2024-10898-CH,2025-10-02,2025-10-04,Standard Class,CUST-13003,United States,Philadelphia,Pennsylvania,19143,Chocolate,Atlantic,PROD-0874,Wonka Bar - Milk Chocolate,293.76,34,181.64,112.12,2,61.83278867102396,5.34235294117647,3.2976470588235296,8.64,Wicked Choccy's,32.076176,-81.088371
899,US-2024-10899-CH,2025-04-05,2025-04-09,Standard Class,CUST-19965,United States,Chicago,Illinois,60601,Other,Interior,PROD-2646,Kazookles,68.74,14,16.419999999999995,52.32,4,23.887110852487627,1.1728571428571424,3.737142857142857,4.909999999999999,The Other Factory,35.1175,-89.971107
900,US-2024-10900-CH,2025-08-09,2025-08-14,Standard Class,CUST-11308,United States,New York,New York,10001,Chocolate,Atlantic,PROD-8572,Wonka Bar - Nutty Crunch Surprise,326.04,44,173.58,152.46,5,53.23886639676113,3.9450000000000003,3.4650000000000003,7.41,Lot's O' Nuts,32.881893,-111.768036
901,US-2024-10901-CH,2024-05-17,2024-05-21,Standard Class,CUST-11439,United States,Houston,Texas,77095,Sugar,Gulf,PROD-2120,Everlasting Gobstopper,96.6,15,16.50999999999999,80.09,4,17.091097308488603,1.100666666666666,5.339333333333333,6.4399999999999995,Secret Factory,41.446333,-90.565487
902,US-2024-10902-CH,2025-01-19,2025-01-22,Second Class,CUST-10307,United States,Houston,Texas,77095,Other,Gulf,PROD-9359,Fizzy Lifting Drinks,227.9,43,18.55000000000001,209.35,3,8.139534883720936,0.4313953488372096,4.868604651162791,5.3,Sugar Shack,48.11914,-96.18115
903,US-2024-10903-CH,2025-06-17,2025-06-20,Second Class,CUST-10556,United States,Seattle,Washington,98101,Sugar,Pacific,PROD-2120,Everlasting Gobstopper,22.66,2,5.350000000000001,17.31,3,23.609885260370703,2.6750000000000007,8.655,11.33,Secret Factory,41.446333,-90.565487
904,US-2024-10904-CH,2024-04-14,2024-04-17,Standard Class,CUST-16382,United States,Seattle,Washington,98101,Chocolate,Pacific,PROD-0874,Wonka Bar - Milk Chocolate,196.27,19,120.56000000000002,75.71,3,61.42558720130433,6.345263157894737,3.9847368421052627,10.33,Wicked Choccy's,32.076176,-81.088371
905,US-2024-10905-CH,2026-02-22,2026-02-26,Standard Class,CUST-14287,United States,Henderson,Kentucky,42420,Sugar,Gulf,PROD-6629,SweeTARTS,415.72,38,165.93000000000004,249.79,4,39.913884345232375,4.366578947368422,6.573421052631579,10.940000000000001,Sugar Shack,48.11914,-96.18115
906,US-2024-10906-CH,2025-07-27,2025-07-29,Standard Class,CUST-11386,United States,Naperville,Illinois,60540,Other,Interior,PROD-9359,Fizzy Lifting Drinks,362.1,34,21.379999999999995,340.72,2,5.9044462855564745,0.6288235294117646,10.021176470588236,10.65,Sugar Shack,48.11914,-96.18115
907,US-2024-10907-CH,2025-05-18,2025-05-20,First Class,CUST-18023,United States,Atlanta,Georgia,30301,Sugar,Gulf,PROD-9885,Fun Dip,46.15,5,13.18,32.97,2,28.559046587215605,2.636,6.593999999999999,9.23,Sugar Shack,48.11914,-96.18115
908,US-2024-10908-CH,2025-07-23,2025-07-25,Second Class,CUST-12440,United States,New York,New York,10001,Chocolate,Atlantic,PROD-3893,Wonka Bar - Fudge Mallows,248.53,29,152.44,96.09,2,61.336659558202236,5.256551724137931,3.313448275862069,8.57,Lot's O' Nuts,32.881893,-111.768036
909,US-2024-10909-CH,2025-03-16,2025-03-20,Standard Class,CUST-14331,United States,Houston,Texas,77095,Sugar,Gulf,PROD-0725,Hair Toffee,170.66,23,42.129999999999995,128.53,4,24.68651119184343,1.8317391304347823,5.588260869565217,7.42,The Other Factory,35.1175,-89.971107
910,US-2024-10910-CH,2026-06-05,2026-06-12,Standard Class,CUST-14677,United States,Seattle,Washington,98101,Sugar,Pacific,PROD-9885,Fun Dip,52.3,10,16.009999999999998,36.29,7,30.611854684512423,1.6009999999999998,3.629,5.2299999999999995,Sugar Shack,48.11914,-96.18115
911,US-2024-10911-CH,2024-06-17,2024-06-20,Standard Class,CUST-19763,United States,Philadelphia,Pennsylvania,19143,Chocolate,Atlantic,PROD-7514,Wonka Bar - Triple Dazzle Caramel,111.6,15,61.67999999999999,49.92,3,55.268817204301065,4.111999999999999,3.3280000000000003,7.4399999999999995,Wicked Choccy's,32.076176,-81.088371
912,US-2024-10912-CH,2025-03-21,2025-03-23,Second Class,CUST-15660,United States,Athens,Georgia,30605,Chocolate,Gulf,PROD-7514,Wonka Bar - Triple Dazzle Caramel,85.54,13,40.36000000000001,45.18,2,47.18260462941314,3.104615384615385,3.4753846153846153,6.58,Wicked Choccy's,32.076176,-81.088371
913,US-2024-10913-CH,2025-06-05,2025-06-07,Standard Class,CUST-16331,United States,Philadelphia,Pennsylvania,19143,Other,Atlantic,PROD-2646,Kazookles,124.45,19,29.63000000000001,94.82,2,23.808758537565293,1.5594736842105268,4.990526315789474,6.55,The Other Factory,35.1175,-89.971107
914,US-2024-10914-CH,2024-05-17,2024-05-21,Standard Class,CUST-19481,United States,Athens,Georgia,30605,Other,Gulf,PROD-0345,Lickable Wallpaper,355.25,35,51.74000000000001,303.51,4,14.564391273750882,1.4782857142857146,8.671714285714286,10.15,Secret Factory,41.446333,-90.565487
915,US-2024-10915-CH,2024-03-05,2024-03-07,Same Day,CUST-15615,United States,Athens,Georgia,30605,Sugar,Gulf,PROD-2533,Laffy Taffy,41.64,6,12.79,28.85,2,30.715658021133525,2.1316666666666664,4.808333333333334,6.94,Sugar Shack,48.11914,-96.18115
916,US-2024-10916-CH,2025-01-03,2025-01-05,Standard Class,CUST-12170,United States,New York,New York,10001,Other,Atlantic,PROD-0345,Lickable Wallpaper,53.25,15,0.020000000000003126,53.23,2,0.03755868544601526,0.0013333333333335417,3.5486666666666666,3.55,Secret Factory,41.446333,-90.565487
917,US-2024-10917-CH,2025-05-09,2025-05-16,Second Class,CUST-17709,United States,New York,New York,10001,Other,Atlantic,PROD-2646,Kazookles,51.03,9,9.14,41.89,7,17.91103272584754,1.0155555555555555,4.654444444444445,5.67,The Other Factory,35.1175,-89.971107
918,US-2024-10918-CH,2024-01-20,2024-01-25,First Class,CUST-18984,United States,New York,New York,10001,Other,Atlantic,PROD-2646,Kazookles,11.22,3,1.7800000000000011,9.44,5,15.864527629233521,0.5933333333333337,3.1466666666666665,3.74,The Other Factory,35.1175,-89.971107
919,US-2024-10919-CH,2024-08-02,2024-08-07,Standard Class,CUST-13201,United States,Seattle,Washington,98101,Chocolate,Pacific,PROD-3776,Wonka Bar -Scrumdiddlyumptious,411.6,35,264.02,147.58,5,64.14480077745382,7.543428571428571,4.216571428571429,11.76,Lot's O' Nuts,32.881893,-111.768036
920,US-2024-10920-CH,2025-06-27,2025-06-30,First Class,CUST-17694,United States,Philadelphia,Pennsylvania,19143,Other,Atlantic,PROD-9415,Wonka Gum,151.32,13,26.099999999999994,125.22,3,17.248215701823945,2.007692307692307,9.632307692307693,11.639999999999999,Secret Factory,41.446333,-90.565487
921,US-2024-10921-CH,2024-11-25,2024-12-02,Standard Class,CUST-13347,United States,Los Angeles,California,90049,Chocolate,Pacific,PROD-7514,Wonka Bar - Triple Dazzle Caramel,119.6,20,66.35,53.25,7,55.476588628762535,3.3175,2.6625,5.9799999999999995,Wicked Choccy's,32.076176,-81.088371
922,US-2024-10922-CH,2026-04-29,2026-05-01,Standard Class,CUST-19769,United States,Henderson,Kentucky,42420,Chocolate,Gulf,PROD-0874,Wonka Bar - Milk Chocolate,105.38,11,55.709999999999994,49.67,2,52.865818940975515,5.064545454545454,4.515454545454546,9.58,Wicked Choccy's,32.076176,-81.088371
923,US-2024-10923-CH,2025-03-20,2025-03-23,Standard Class,CUST-12322,United States,Athens,Georgia,30605,Sugar,Gulf,PROD-6629,SweeTARTS,159.3,15,53.59000000000002,105.71,3,33.64092906465789,3.572666666666668,7.047333333333333,10.620000000000001,Sugar Shack,48.11914,-96.18115
924,US-2024-10924-CH,2026-01-22,2026-01-24,First Class,CUST-15247,United States,Houston,Texas,77095,Other,Gulf,PROD-0345,Lickable Wallpaper,254.1,30,3.3799999999999955,250.72,2,1.3301849665486012,0.11266666666666651,8.357333333333333,8.47,Secret Factory,41.446333,-90.565487
925,US-2024-10925-CH,2025-07-21,2025-07-28,Standard Class,CUST-16668,United States,Atlanta,Georgia,30301,Sugar,Gulf,PROD-6629,SweeTARTS,204.8,20,60.78,144.02,7,29.677734374999996,3.039,7.2010000000000005,10.24,Sugar Shack,48.11914,-96.18115
926,US-2024-10926-CH,2025-12-06,2025-12-09,Second Class,CUST-12463,United States,Philadelphia,Pennsylvania,19143,Sugar,Atlantic,PROD-9885,Fun Dip,145.29,29,48.749999999999986,96.54,3,33.55358249019203,1.68103448275862,3.3289655172413797,5.01,Sugar Shack,48.11914,-96.18115
927,US-2024-10927-CH,2025-03-31,2025-04-03,Second Class,CUST-13227,United States,Philadelphia,Pennsylvania,19143,Sugar,Atlantic,PROD-2533,Laffy Taffy,212.17,49,61.14999999999998,151.02,3,28.821228260357252,1.247959183673469,3.082040816326531,4.33,Sugar Shack,48.11914,-96.18115
928,US-2024-10928-CH,2025-12-05,2025-12-08,First Class,CUST-13621,United States,Seattle,Washington,98101,Chocolate,Pacific,PROD-7514,Wonka Bar - Triple Dazzle Caramel,34.6,5,22.0,12.6,3,63.58381502890174,4.4,2.52,6.92,Wicked Choccy's,32.076176,-81.088371
929,US-2024-10929-CH,2025-04-08,2025-04-11,First Class,CUST-11293,United States,New York,New York,10001,Sugar,Atlantic,PROD-0725,Hair Toffee,82.56,12,26.85,55.71,3,32.5218023255814,2.2375000000000003,4.6425,6.88,The Other Factory,35.1175,-89.971107
930,US-2024-10930-CH,2024-11-05,2024-11-07,Standard Class,CUST-18444,United States,New York,New York,10001,Chocolate,Atlantic,PROD-3893,Wonka Bar - Fudge Mallows,103.73,41,49.790000000000006,53.94,2,47.99961438349562,1.2143902439024392,1.3156097560975608,2.5300000000000002,Lot's O' Nuts,32.881893,-111.768036
931,US-2024-10931-CH,2026-01-01,2026-01-05,Standard Class,CUST-15773,United States,Los Angeles,California,90049,Chocolate,Pacific,PROD-3776,Wonka Bar -Scrumdiddlyumptious,19.96,4,8.25,11.71,4,41.33266533066132,2.0625,2.9275,4.99,Lot's O' Nuts,32.881893,-111.768036
932,US-2024-10932-CH,2025-12-02,2025-12-09,Standard Class,CUST-13758,United States,Seattle,Washington,98101,Chocolate,Pacific,PROD-3776,Wonka Bar -Scrumdiddlyumptious,153.27,13,68.99000000000001,84.28,7,45.0120702029099,5.306923076923078,6.483076923076923,11.790000000000001,Lot's O' Nuts,32.881893,-111.768036
933,US-2024-10933-CH,2025-10-09,2025-10-13,First Class,CUST-19967,United States,Athens,Georgia,30605,Other,Gulf,PROD-9415,Wonka Gum,375.75,45,76.26999999999998,299.48,4,20.29807052561543,1.6948888888888884,6.655111111111111,8.35,Secret Factory,41.446333,-90.565487
934,US-2024-10934-CH,2025-03-11,2025-03-14,Standard Class,CUST-10076,United States,Henderson,Kentucky,42420,Sugar,Gulf,PROD-2120,Everlasting Gobstopper,38.6,5,10.190000000000001,28.41,3,26.398963730569953,2.0380000000000003,5.682,7.720000000000001,Secret Factory,41.446333,-90.565487
935,US-2024-10935-CH,2024-04-15,2024-04-17,Standard Class,CUST-19657,United States,Naperville,Illinois,60540,Other,Interior,PROD-9359,Fizzy Lifting Drinks,116.29,29,-4.3799999999999955,120.67,2,-3.766445954080312,-0.15103448275862053,4.1610344827586205,4.01,Sugar Shack,48.11914,-96.18115
936,US-2024-10936-CH,2025-07-31,2025-08-03,Standard Class,CUST-15487,United States,Henderson,Kentucky,42420,Sugar,Gulf,PROD-0725,Hair Toffee,124.2,23,30.83,93.37,3,24.822866344605472,1.3404347826086955,4.059565217391304,5.4,The Other Factory,35.1175,-89.971107
937,US-2024-10937-CH,2024-05-31,2024-06-02,Second Class,CUST-18234,United States,New York,New York,10001,Chocolate,Atlantic,PROD-0874,Wonka Bar - Milk Chocolate,129.5,14,83.31,46.19,2,64.33204633204633,5.950714285714286,3.299285714285714,9.25,Wicked Choccy's,32.076176,-81.088371
938,US-2024-10938-CH,2024-01-03,2024-01-06,Second Class,CUST-12110,United States,Athens,Georgia,30605,Sugar,Gulf,PROD-5646,Nerds,124.32,21,44.52999999999999,79.79,3,35.818854568854555,2.12047619047619,3.79952380952381,5.92,Sugar Shack,48.11914,-96.18115
939,US-2024-10939-CH,2024-11-02,2024-11-05,Standard Class,CUST-19933,United States,New York,New York,10001,Other,Atlantic,PROD-9415,Wonka Gum,358.36,31,93.36000000000001,265.0,3,26.052014733787253,3.011612903225807,8.548387096774194,11.56,Secret Factory,41.446333,-90.565487
940,US-2024-10940-CH,2026-03-23,2026-03-27,Standard Class,CUST-10941,United States,New York,New York,10001,Other,Atlantic,PROD-9415,Wonka Gum,28.56,8,3.3999999999999986,25.16,4,11.9047619047619,0.4249999999999998,3.145,3.57,Secret Factory,41.446333,-90.565487
941,US-2024-10941-CH,2024-09-02,2024-09-05,Second Class,CUST-19528,United States,Seattle,Washington,98101,Sugar,Pacific,PROD-5646,Nerds,288.3,30,119.81,168.49,3,41.55740548040236,3.993666666666667,5.616333333333333,9.610000000000001,Sugar Shack,48.11914,-96.18115
942,US-2024-10942-CH,2025-10-23,2025-10-26,Standard Class,CUST-11156,United States,Philadelphia,Pennsylvania,19143,Chocolate,Atlantic,PROD-3776,Wonka Bar -Scrumdiddlyumptious,52.65,9,25.349999999999998,27.3,3,48.148148148148145,2.8166666666666664,3.033333333333333,5.85,Lot's O' Nuts,32.881893,-111.768036
943,US-2024-10943-CH,2025-06-03,2025-06-05,Standard Class,CUST-19346,United States,Seattle,Washington,98101,Sugar,Pacific,PROD-6629,SweeTARTS,520.38,49,213.58999999999997,306.79,2,41.045005572850606,4.358979591836734,6.261020408163266,10.62,Sugar Shack,48.11914,-96.18115
944,US-2024-10944-CH,2026-02-20,2026-02-25,Standard Class,CUST-16766,United States,Naperville,Illinois,60540,Sugar,Interior,PROD-2533,Laffy Taffy,424.32,48,183.44,240.88,5,43.2315233785822,3.8216666666666668,5.0183333333333335,8.84,Sugar Shack,48.11914,-96.18115
945,US-2024-10945-CH,2026-03-05,2026-03-08,Standard Class,CUST-11506,United States,Seattle,Washington,98101,Chocolate,Pacific,PROD-8572,Wonka Bar - Nutty Crunch Surprise,58.68,6,28.62,30.06,3,48.77300613496933,4.7700000000000005,5.01,9.78,Lot's O' Nuts,32.881893,-111.768036
946,US-2024-10946-CH,2026-06-05,2026-06-08,Standard Class,CUST-12689,United States,Henderson,Kentucky,42420,Other,Gulf,PROD-2646,Kazookles,102.06,21,10.600000000000009,91.46,3,10.386047423084468,0.5047619047619052,4.355238095238095,4.86,The Other Factory,35.1175,-89.971107
947,US-2024-10947-CH,2026-02-01,2026-02-06,First Class,CUST-15328,United States,Chicago,Illinois,60601,Sugar,Interior,PROD-6629,SweeTARTS,110.7,10,29.299999999999997,81.4,5,26.467931345980123,2.9299999999999997,8.14,11.07,Sugar Shack,48.11914,-96.18115
948,US-2024-10948-CH,2025-12-05,2025-12-08,Standard Class,CUST-11645,United States,Athens,Georgia,30605,Sugar,Gulf,PROD-2533,Laffy Taffy,91.5,10,30.229999999999997,61.27,3,33.038251366120214,3.0229999999999997,6.127000000000001,9.15,Sugar Shack,48.11914,-96.18115
949,US-2024-10949-CH,2025-10-25,2025-10-27,Standard Class,CUST-16507,United States,New York,New York,10001,Chocolate,Atlantic,PROD-0874,Wonka Bar - Milk Chocolate,218.4,42,119.34,99.06,2,54.64285714285714,2.8414285714285716,2.3585714285714285,5.2,Wicked Choccy's,32.076176,-81.088371
950,US-2024-10950-CH,2025-08-28,2025-08-31,Standard Class,CUST-15130,United States,Philadelphia,Pennsylvania,19143,Sugar,Atlantic,PROD-2120,Everlasting Gobstopper,406.6,38,67.70000000000005,338.9,3,16.650270536153478,1.7815789473684223,8.918421052631578,10.700000000000001,Secret Factory,41.446333,-90.565487
951,US-2024-10951-CH,2025-12-02,2025-12-04,Standard Class,CUST-18808,United States,Philadelphia,Pennsylvania,19143,Sugar,Atlantic,PROD-9885,Fun Dip,339.48,36,86.25000000000003,253.23,2,25.406504065040657,2.395833333333334,7.034166666666667,9.43,Sugar Shack,48.11914,-96.18115
952,US-2024-10952-CH,2024-10-05,2024-10-08,Standard Class,CUST-10256,United States,Houston,Texas,77095,Chocolate,Gulf,PROD-3776,Wonka Bar -Scrumdiddlyumptious,112.84,31,67.78,45.06,3,60.067352002835875,2.186451612903226,1.4535483870967743,3.64,Lot's O' Nuts,32.881893,-111.768036
953,US-2024-10953-CH,2024-12-10,2024-12-17,Second Class,CUST-16766,United States,Atlanta,Georgia,30301,Other,Gulf,PROD-9359,Fizzy Lifting Drinks,140.4,27,7.0800000000000125,133.32,7,5.0427350427350515,0.2622222222222227,4.937777777777778,5.2,Sugar Shack,48.11914,-96.18115
954,US-2024-10954-CH,2024-03-12,2024-03-15,Standard Class,CUST-10909,United States,Houston,Texas,77095,Sugar,Gulf,PROD-6629,SweeTARTS,315.84,28,111.91999999999999,203.92,3,35.435663627152984,3.997142857142857,7.282857142857142,11.28,Sugar Shack,48.11914,-96.18115
955,US-2024-10955-CH,2024-12-27,2025-01-01,Standard Class,CUST-19407,United States,Henderson,Kentucky,42420,Other,Gulf,PROD-2646,Kazookles,39.75,5,10.309999999999999,29.44,5,25.93710691823899,2.062,5.888,7.95,The Other Factory,35.1175,-89.971107
956,US-2024-10956-CH,2025-01-14,2025-01-16,Standard Class,CUST-17464,United States,Philadelphia,Pennsylvania,19143,Chocolate,Atlantic,PROD-0874,Wonka Bar - Milk Chocolate,400.66,46,222.22000000000003,178.44,2,55.463485249338596,4.830869565217392,3.8791304347826085,8.71,Wicked Choccy's,32.076176,-81.088371
957,US-2024-10957-CH,2024-02-21,2024-02-25,Standard Class,CUST-11789,United States,Seattle,Washington,98101,Sugar,Pacific,PROD-2120,Everlasting Gobstopper,7.42,2,1.4000000000000004,6.02,4,18.86792452830189,0.7000000000000002,3.01,3.71,Secret Factory,41.446333,-90.565487
958,US-2024-10958-CH,2025-03-06,2025-03-09,Same Day,CUST-19491,United States,Philadelphia,Pennsylvania,19143,Other,Atlantic,PROD-0345,Lickable Wallpaper,18.13,7,-0.07000000000000028,18.2,3,-0.38610038610038766,-0.01000000000000004,2.6,2.59,Secret Factory,41.446333,-90.565487
959,US-2024-10959-CH,2024-02-27,2024-03-02,Second Class,CUST-15873,United States,Chicago,Illinois,60601,Other,Interior,PROD-2646,Kazookles,119.57,11,24.389999999999986,95.18,4,20.39809316718239,2.217272727272726,8.652727272727274,10.87,The Other Factory,35.1175,-89.971107
960,US-2024-10960-CH,2026-03-30,2026-04-03,Second Class,CUST-18283,United States,Henderson,Kentucky,42420,Sugar,Gulf,PROD-2120,Everlasting Gobstopper,131.82,13,15.349999999999994,116.47,4,11.644666970110753,1.1807692307692303,8.95923076923077,10.139999999999999,Secret Factory,41.446333,-90.565487
961,US-2024-10961-CH,2026-03-22,2026-03-26,Standard Class,CUST-17741,United States,Los Angeles,California,90049,Sugar,Pacific,PROD-6629,SweeTARTS,191.16,27,50.47999999999999,140.68,4,26.407198158610584,1.8696296296296293,5.210370370370371,7.08,Sugar Shack,48.11914,-96.18115
962,US-2024-10962-CH,2026-04-18,2026-04-25,Standard Class,CUST-19449,United States,Philadelphia,Pennsylvania,19143,Chocolate,Atlantic,PROD-3893,Wonka Bar - Fudge Mallows,79.92,9,35.21,44.71,7,44.05655655655656,3.9122222222222223,4.967777777777778,8.88,Lot's O' Nuts,32.881893,-111.768036
963,US-2024-10963-CH,2024-12-30,2025-01-03,Second Class,CUST-10179,United States,Seattle,Washington,98101,Sugar,Pacific,PROD-2120,Everlasting Gobstopper,75.92,8,22.29,53.63,4,29.359852476290833,2.78625,6.70375,9.49,Secret Factory,41.446333,-90.565487
964,US-2024-10964-CH,2024-06-11,2024-06-15,Second Class,CUST-15202,United States,Seattle,Washington,98101,Chocolate,Pacific,PROD-3893,Wonka Bar - Fudge Mallows,151.14,33,77.19999999999999,73.94,4,51.07847029244409,2.339393939393939,2.2406060606060607,4.579999999999999,Lot's O' Nuts,32.881893,-111.768036
965,US-2024-10965-CH,2024-04-27,2024-05-02,Standard Class,CUST-10243,United States,Henderson,Kentucky,42420,Chocolate,Gulf,PROD-8572,Wonka Bar - Nutty Crunch Surprise,165.12,16,87.44,77.68,5,52.95542635658914,5.465,4.855,10.32,Lot's O' Nuts,32.881893,-111.768036
966,US-2024-10966-CH,2025-04-12,2025-04-16,Standard Class,CUST-12015,United States,Henderson,Kentucky,42420,Sugar,Gulf,PROD-9885,Fun Dip,289.17,27,101.18,187.99,4,34.9897983884912,3.7474074074074077,6.962592592592593,10.71,Sugar Shack,48.11914,-96.18115
967,US-2024-10967-CH,2025-11-26,2025-11-28,Standard Class,CUST-19291,United States,Henderson,Kentucky,42420,Sugar,Gulf,PROD-2120,Everlasting Gobstopper,74.85,15,12.009999999999991,62.84,2,16.045424181696717,0.8006666666666661,4.189333333333334,4.989999999999999,Secret Factory,41.446333,-90.565487
968,US-2024-10968-CH,2024-05-28,2024-06-01,Second Class,CUST-19116,United States,Houston,Texas,77095,Chocolate,Gulf,PROD-3776,Wonka Bar -Scrumdiddlyumptious,69.2,20,44.32000000000001,24.88,4,64.04624277456648,2.216,1.244,3.46,Lot's O' Nuts,32.881893,-111.768036
969,US-2024-10969-CH,2024-02-13,2024-02-15,Standard Class,CUST-13160,United States,Athens,Georgia,30605,Chocolate,Gulf,PROD-8572,Wonka Bar - Nutty Crunch Surprise,213.3,30,110.81000000000002,102.49,2,51.95030473511487,3.693666666666667,3.416333333333333,7.11,Lot's O' Nuts,32.881893,-111.768036
970,US-2024-10970-CH,2026-03-04,2026-03-11,Standard Class,CUST-10870,United States,Naperville,Illinois,60540,Chocolate,Interior,PROD-8572,Wonka Bar - Nutty Crunch Surprise,199.36,28,104.91000000000001,94.45,7,52.6233948635634,3.7467857142857146,3.373214285714286,7.12,Lot's O' Nuts,32.881893,-111.768036
971,US-2024-10971-CH,2025-12-08,2025-12-10,Standard Class,CUST-15769,United States,Chicago,Illinois,60601,Chocolate,Interior,PROD-3776,Wonka Bar -Scrumdiddlyumptious,181.76,16,115.74999999999999,66.01,2,63.68287852112675,7.234374999999999,4.125625,11.36,Lot's O' Nuts,32.881893,-111.768036
972,US-2024-10972-CH,2024-06-17,2024-06-20,Standard Class,CUST-11785,United States,New York,New York,10001,Sugar,Atlantic,PROD-2533,Laffy Taffy,29.4,6,9.739999999999998,19.66,3,33.12925170068027,1.623333333333333,3.276666666666667,4.8999999999999995,Sugar Shack,48.11914,-96.18115
973,US-2024-10973-CH,2025-04-26,2025-04-28,Second Class,CUST-14890,United States,Los Angeles,California,90049,Sugar,Pacific,PROD-6629,SweeTARTS,155.82,49,65.58,90.24,2,42.08702348864074,1.3383673469387756,1.8416326530612244,3.1799999999999997,Sugar Shack,48.11914,-96.18115
974,US-2024-10974-CH,2026-04-04,2026-04-06,Standard Class,CUST-10906,United States,Henderson,Kentucky,42420,Sugar,Gulf,PROD-2120,Everlasting Gobstopper,89.36,8,30.07,59.29,2,33.65040286481648,3.75875,7.41125,11.17,Secret Factory,41.446333,-90.565487
975,US-2024-10975-CH,2024-12-07,2024-12-10,First Class,CUST-13081,United States,Atlanta,Georgia,30301,Sugar,Gulf,PROD-0725,Hair Toffee,319.8,30,40.78000000000003,279.02,3,12.751719824890564,1.3593333333333344,9.300666666666666,10.66,The Other Factory,35.1175,-89.971107
976,US-2024-10976-CH,2026-06-17,2026-06-21,First Class,CUST-15830,United States,Seattle,Washington,98101,Sugar,Pacific,PROD-9885,Fun Dip,131.85,15,44.41,87.44,4,33.68221463784604,2.9606666666666666,5.8293333333333335,8.79,Sugar Shack,48.11914,-96.18115
977,US-2024-10977-CH,2026-03-02,2026-03-05,Standard Class,CUST-11088,United States,Philadelphia,Pennsylvania,19143,Chocolate,Atlantic,PROD-0874,Wonka Bar - Milk Chocolate,118.17,39,61.45,56.72,3,52.001353981552,1.5756410256410258,1.4543589743589744,3.0300000000000002,Wicked Choccy's,32.076176,-81.088371
978,US-2024-10978-CH,2024-06-05,2024-06-08,Standard Class,CUST-11597,United States,Athens,Georgia,30605,Sugar,Gulf,PROD-5646,Nerds,220.88,44,95.14999999999999,125.73,3,43.07768924302788,2.1624999999999996,2.8575,5.02,Sugar Shack,48.11914,-96.18115
979,US-2024-10979-CH,2025-07-21,2025-07-23,Standard Class,CUST-14725,United States,Athens,Georgia,30605,Chocolate,Gulf,PROD-8572,Wonka Bar - Nutty Crunch Surprise,553.21,49,329.94000000000005,223.27,2,59.64100432024006,6.733469387755103,4.556530612244898,11.290000000000001,Lot's O' Nuts,32.881893,-111.768036
980,US-2024-10980-CH,2025-07-21,2025-07-25,Standard Class,CUST-14537,United States,Naperville,Illinois,60540,Sugar,Interior,PROD-2533,Laffy Taffy,164.16,38,53.72,110.44,4,32.72417153996101,1.4136842105263157,2.906315789473684,4.32,Sugar Shack,48.11914,-96.18115
981,US-2024-10981-CH,2024-03-04,2024-03-06,Standard Class,CUST-10256,United States,Philadelphia,Pennsylvania,19143,Chocolate,Atlantic,PROD-0874,Wonka Bar - Milk Chocolate,155.82,49,88.02999999999999,67.79,2,56.49467334103452,1.7965306122448976,1.383469387755102,3.1799999999999997,Wicked Choccy's,32.076176,-81.088371
982,US-2024-10982-CH,2024-02-07,2024-02-09,Standard Class,CUST-17600,United States,New York,New York,10001,Chocolate,Atlantic,PROD-8572,Wonka Bar - Nutty Crunch Surprise,53.62,14,29.79,23.83,2,55.557627750839245,2.1278571428571427,1.702142857142857,3.8299999999999996,Lot's O' Nuts,32.881893,-111.768036
983,US-2024-10983-CH,2025-03-06,2025-03-09,Standard Class,CUST-10256,United States,New York,New York,10001,Sugar,Atlantic,PROD-5646,Nerds,121.68,13,32.32000000000001,89.36,3,26.561472715318875,2.486153846153847,6.873846153846154,9.360000000000001,Sugar Shack,48.11914,-96.18115
984,US-2024-10984-CH,2025-10-04,2025-10-06,Standard Class,CUST-19581,United States,Atlanta,Georgia,30301,Other,Gulf,PROD-9359,Fizzy Lifting Drinks,262.24,44,25.450000000000017,236.79,2,9.704850518608914,0.5784090909090913,5.381590909090909,5.96,Sugar Shack,48.11914,-96.18115
985,US-2024-10985-CH,2025-07-14,2025-07-16,Standard Class,CUST-10976,United States,New York,New York,10001,Chocolate,Atlantic,PROD-0874,Wonka Bar - Milk Chocolate,103.74,21,60.01,43.73,2,57.846539425486796,2.8576190476190475,2.0823809523809524,4.9399999999999995,Wicked Choccy's,32.076176,-81.088371
986,US-2024-10986-CH,2024-02-15,2024-02-18,Standard Class,CUST-10636,United States,Henderson,Kentucky,42420,Chocolate,Gulf,PROD-3893,Wonka Bar - Fudge Mallows,182.92,34,89.74999999999999,93.17,3,49.065165099497044,2.6397058823529407,2.7402941176470588,5.38,Lot's O' Nuts,32.881893,-111.768036
987,US-2024-10987-CH,2024-03-05,2024-03-08,Standard Class,CUST-13644,United States,Philadelphia,Pennsylvania,19143,Sugar,Atlantic,PROD-2533,Laffy Taffy,48.4,10,17.25,31.15,3,35.64049586776859,1.725,3.1149999999999998,4.84,Sugar Shack,48.11914,-96.18115
988,US-2024-10988-CH,2025-06-22,2025-06-26,Standard Class,CUST-14332,United States,Houston,Texas,77095,Other,Gulf,PROD-2646,Kazookles,137.6,32,33.489999999999995,104.11,4,24.338662790697672,1.0465624999999998,3.2534375,4.3,The Other Factory,35.1175,-89.971107
989,US-2024-10989-CH,2026-04-08,2026-04-11,Standard Class,CUST-14568,United States,Henderson,Kentucky,42420,Chocolate,Gulf,PROD-3776,Wonka Bar -Scrumdiddlyumptious,109.34,11,68.94,40.4,3,63.05103347356869,6.267272727272727,3.6727272727272724,9.94,Lot's O' Nuts,32.881893,-111.768036
990,US-2024-10990-CH,2024-10-18,2024-10-23,Standard Class,CUST-17573,United States,Athens,Georgia,30605,Other,Gulf,PROD-2646,Kazookles,132.66,18,22.14999999999999,110.51,5,16.6968189356249,1.2305555555555552,6.139444444444445,7.37,The Other Factory,35.1175,-89.971107
991,US-2024-10991-CH,2026-03-05,2026-03-08,Standard Class,CUST-13811,United States,Houston,Texas,77095,Chocolate,Gulf,PROD-7514,Wonka Bar - Triple Dazzle Caramel,259.56,36,139.15,120.41,3,53.60995530898444,3.865277777777778,3.344722222222222,7.21,Wicked Choccy's,32.076176,-81.088371
992,US-2024-10992-CH,2024-03-21,2024-03-28,Standard Class,CUST-13499,United States,Atlanta,Georgia,30301,Chocolate,Gulf,PROD-3776,Wonka Bar -Scrumdiddlyumptious,211.83,23,97.13000000000001,114.7,7,45.852806495774914,4.22304347826087,4.98695652173913,9.21,Lot's O' Nuts,32.881893,-111.768036
993,US-2024-10993-CH,2024-11-17,2024-11-20,Standard Class,CUST-19103,United States,Henderson,Kentucky,42420,Chocolate,Gulf,PROD-0874,Wonka Bar - Milk Chocolate,154.44,39,94.81,59.63,3,61.38953638953639,2.431025641025641,1.528974358974359,3.96,Wicked Choccy's,32.076176,-81.088371
994,US-2024-10994-CH,2025-09-09,2025-09-13,Standard Class,CUST-16338,United States,Philadelphia,Pennsylvania,19143,Sugar,Atlantic,PROD-2120,Everlasting Gobstopper,286.44,44,50.00999999999999,236.43,4,17.45915374947633,1.136590909090909,5.3734090909090915,6.51,Secret Factory,41.446333,-90.565487
995,US-2024-10995-CH,2025-10-14,2025-10-17,Second Class,CUST-12620,United States,Athens,Georgia,30605,Other,Gulf,PROD-9415,Wonka Gum,90.0,10,20.290000000000006,69.71,3,22.54444444444445,2.029000000000001,6.970999999999999,9.0,Secret Factory,41.446333,-90.565487
996,US-2024-10996-CH,2024-06-26,2024-06-30,Standard Class,CUST-14092,United States,Philadelphia,Pennsylvania,19143,Sugar,Atlantic,PROD-6629,SweeTARTS,108.8,32,48.43,60.37,4,44.512867647058826,1.5134375,1.8865625,3.4,Sugar Shack,48.11914,-96.18115
997,US-2024-10997-CH,2025-09-10,2025-09-15,Standard Class,CUST-15899,United States,Henderson,Kentucky,42420,Other,Gulf,PROD-9415,Wonka Gum,198.0,18,53.75999999999999,144.24,5,27.15151515151515,2.9866666666666664,8.013333333333334,11.0,Secret Factory,41.446333,-90.565487
998,US-2024-10998-CH,2026-06-04,2026-06-07,Same Day,CUST-17736,United States,Naperville,Illinois,60540,Sugar,Interior,PROD-6629,SweeTARTS,200.64,44,77.02999999999999,123.61,3,38.39214513556619,1.7506818181818178,2.8093181818181816,4.56,Sugar Shack,48.11914,-96.18115
999,US-2024-10999-CH,2024-03-30,2024-04-02,Standard Class,CUST-19553,United States,Chicago,Illinois,60601,Chocolate,Interior,PROD-8572,Wonka Bar - Nutty Crunch Surprise,225.86,46,136.94,88.92,3,60.63047905782343,2.9769565217391305,1.9330434782608696,4.91,Lot's O' Nuts,32.881893,-111.768036
1000,US-2024-11000-CH,2024-03-07,2024-03-09,Standard Class,CUST-13139,United States,Athens,Georgia,30605,Sugar,Gulf,PROD-2120,Everlasting Gobstopper,162.0,45,41.16,120.84,2,25.407407407407405,0.9146666666666666,2.6853333333333333,3.6,Secret Factory,41.446333,-90.565487
1001,US-2024-11001-CH,2025-09-19,2025-09-22,Standard Class,CUST-19193,United States,Henderson,Kentucky,42420,Other,Gulf,PROD-9359,Fizzy Lifting Drinks,37.55,5,4.459999999999994,33.09,3,11.877496671105177,0.8919999999999988,6.618,7.51,Sugar Shack,48.11914,-96.18115
1002,US-2024-11002-CH,2026-02-24,2026-02-27,Standard Class,CUST-16610,United States,Chicago,Illinois,60601,Sugar,Interior,PROD-5646,Nerds,328.64,32,137.57,191.07,3,41.86039435248296,4.2990625,5.9709375,10.27,Sugar Shack,48.11914,-96.18115
1003,US-2024-11003-CH,2025-02-20,2025-02-22,Standard Class,CUST-11754,United States,Seattle,Washington,98101,Other,Pacific,PROD-0345,Lickable Wallpaper,257.1,30,-8.409999999999968,265.51,2,-3.271100739012045,-0.28033333333333227,8.850333333333333,8.57,Secret Factory,41.446333,-90.565487
1004,US-2024-11004-CH,2024-06-24,2024-06-28,First Class,CUST-19950,United States,Naperville,Illinois,60540,Chocolate,Interior,PROD-8572,Wonka Bar - Nutty Crunch Surprise,214.06,22,94.63,119.43,4,44.207231617303556,4.301363636363636,5.428636363636364,9.73,Lot's O' Nuts,32.881893,-111.768036
1005,US-2024-11005-CH,2024-02-10,2024-02-13,Same Day,CUST-15947,United States,Atlanta,Georgia,30301,Chocolate,Gulf,PROD-7514,Wonka Bar - Triple Dazzle Caramel,321.36,39,198.55,122.81,3,61.78429176001992,5.091025641025642,3.148974358974359,8.24,Wicked Choccy's,32.076176,-81.088371
1006,US-2024-11006-CH,2026-01-25,2026-01-28,Second Class,CUST-17034,United States,New York,New York,10001,Chocolate,Atlantic,PROD-3776,Wonka Bar -Scrumdiddlyumptious,239.2,20,146.24,92.96,3,61.1371237458194,7.312,4.648,11.959999999999999,Lot's O' Nuts,32.881893,-111.768036
1007,US-2024-11007-CH,2024-11-28,2024-12-03,Standard Class,CUST-16468,United States,New York,New York,10001,Other,Atlantic,PROD-9415,Wonka Gum,112.84,13,28.61,84.23,5,25.35448422545197,2.2007692307692306,6.479230769230769,8.68,Secret Factory,41.446333,-90.565487
1008,US-2024-11008-CH,2024-04-21,2024-04-24,Standard Class,CUST-14684,United States,Seattle,Washington,98101,Sugar,Pacific,PROD-2533,Laffy Taffy,148.54,14,41.3,107.24,3,27.80395852968897,2.9499999999999997,7.659999999999999,10.61,Sugar Shack,48.11914,-96.18115
1009,US-2024-11009-CH,2025-07-17,2025-07-19,Standard Class,CUST-13041,United States,Philadelphia,Pennsylvania,19143,Chocolate,Atlantic,PROD-3776,Wonka Bar -Scrumdiddlyumptious,94.83,29,54.92,39.91,2,57.91416218496257,1.893793103448276,1.376206896551724,3.27,Lot's O' Nuts,32.881893,-111.768036
1010,US-2024-11010-CH,2025-08-03,2025-08-10,Standard Class,CUST-16429,United States,Los Angeles,California,90049,Chocolate,Pacific,PROD-8572,Wonka Bar - Nutty Crunch Surprise,28.32,8,14.14,14.18,7,49.929378531073446,1.7675,1.7725,3.54,Lot's O' Nuts,32.881893,-111.768036
1011,US-2024-11011-CH,2025-08-30,2025-09-01,Same Day,CUST-19678,United States,Philadelphia,Pennsylvania,19143,Sugar,Atlantic,PROD-0725,Hair Toffee,58.24,8,18.450000000000003,39.79,2,31.679258241758244,2.3062500000000004,4.97375,7.28,The Other Factory,35.1175,-89.971107
1012,US-2024-11012-CH,2024-04-30,2024-05-02,Standard Class,CUST-16655,United States,Athens,Georgia,30605,Chocolate,Gulf,PROD-0874,Wonka Bar - Milk Chocolate,162.4,35,92.63000000000001,69.77,2,57.03817733990149,2.646571428571429,1.9934285714285713,4.640000000000001,Wicked Choccy's,32.076176,-81.088371
1013,US-2024-11013-CH,2024-10-15,2024-10-17,Standard Class,CUST-15206,United States,New York,New York,10001,Other,Atlantic,PROD-9359,Fizzy Lifting Drinks,203.32,17,-9.110000000000014,212.43,2,-4.480621680110178,-0.5358823529411773,12.495882352941177,11.959999999999999,Sugar Shack,48.11914,-96.18115
1014,US-2024-11014-CH,2024-02-11,2024-02-14,Second Class,CUST-16249,United States,Athens,Georgia,30605,Chocolate,Gulf,PROD-3893,Wonka Bar - Fudge Mallows,427.85,43,205.86,221.99,3,48.11499357251373,4.787441860465116,5.162558139534884,9.950000000000001,Lot's O' Nuts,32.881893,-111.768036
1015,US-2024-11015-CH,2026-01-23,2026-01-26,First Class,CUST-10897,United States,Los Angeles,California,90049,Chocolate,Pacific,PROD-3776,Wonka Bar -Scrumdiddlyumptious,37.48,4,17.559999999999995,19.92,3,46.85165421558163,4.389999999999999,4.98,9.37,Lot's O' Nuts,32.881893,-111.768036
1016,US-2024-11016-CH,2025-10-20,2025-10-25,Second Class,CUST-14262,United States,Henderson,Kentucky,42420,Sugar,Gulf,PROD-6629,SweeTARTS,166.75,23,69.72,97.03,5,41.81109445277361,3.031304347826087,4.218695652173913,7.25,Sugar Shack,48.11914,-96.18115
1017,US-2024-11017-CH,2026-03-20,2026-03-25,Standard Class,CUST-13561,United States,Los Angeles,California,90049,Chocolate,Pacific,PROD-0874,Wonka Bar - Milk Chocolate,112.32,26,46.64999999999999,65.67,5,41.53311965811965,1.7942307692307689,2.5257692307692308,4.319999999999999,Wicked Choccy's,32.076176,-81.088371
1018,US-2024-11018-CH,2026-01-02,2026-01-04,Second Class,CUST-15969,United States,Atlanta,Georgia,30301,Sugar,Gulf,PROD-9885,Fun Dip,127.4,26,52.99000000000001,74.41,2,41.5934065934066,2.0380769230769236,2.861923076923077,4.9,Sugar Shack,48.11914,-96.18115
1019,US-2024-11019-CH,2026-01-09,2026-01-14,Standard Class,CUST-14268,United States,Los Angeles,California,90049,Other,Pacific,PROD-9359,Fizzy Lifting Drinks,152.82,18,8.159999999999997,144.66,5,5.339615233608164,0.45333333333333314,8.036666666666667,8.49,Sugar Shack,48.11914,-96.18115
1020,US-2024-11020-CH,2025-10-01,2025-10-06,Standard Class,CUST-11054,United States,Naperville,Illinois,60540,Chocolate,Interior,PROD-0874,Wonka Bar - Milk Chocolate,69.25,25,38.620000000000005,30.63,5,55.76895306859206,1.5448000000000002,1.2252,2.77,Wicked Choccy's,32.076176,-81.088371
1021,US-2024-11021-CH,2026-04-19,2026-04-21,Same Day,CUST-19399,United States,Los Angeles,California,90049,Sugar,Pacific,PROD-6629,SweeTARTS,368.94,39,99.18,269.76,2,26.882419905675718,2.5430769230769235,6.9169230769230765,9.459999999999999,Sugar Shack,48.11914,-96.18115
1022,US-2024-11022-CH,2024-01-10,2024-01-13,First Class,CUST-10096,United States,New York,New York,10001,Other,Atlantic,PROD-9415,Wonka Gum,40.1,5,11.170000000000002,28.93,3,27.85536159600998,2.2340000000000004,5.786,8.02,Secret Factory,41.446333,-90.565487
1023,US-2024-11023-CH,2024-10-04,2024-10-06,Standard Class,CUST-18399,United States,Henderson,Kentucky,42420,Chocolate,Gulf,PROD-3776,Wonka Bar -Scrumdiddlyumptious,92.0,10,48.05,43.95,2,52.22826086956521,4.805,4.3950000000000005,9.2,Lot's O' Nuts,32.881893,-111.768036
1024,US-2024-11024-CH,2025-05-27,2025-05-30,First Class,CUST-19024,United States,New York,New York,10001,Chocolate,Atlantic,PROD-3893,Wonka Bar - Fudge Mallows,440.16,42,255.83,184.33,3,58.12204652853508,6.0911904761904765,4.388809523809524,10.48,Lot's O' Nuts,32.881893,-111.768036
1025,US-2024-11025-CH,2025-03-20,2025-03-23,Standard Class,CUST-10689,United States,Naperville,Illinois,60540,Chocolate,Interior,PROD-3776,Wonka Bar -Scrumdiddlyumptious,246.48,26,117.35999999999999,129.12,3,47.614410905550145,4.513846153846154,4.966153846153846,9.48,Lot's O' Nuts,32.881893,-111.768036
1026,US-2024-11026-CH,2025-09-14,2025-09-17,Standard Class,CUST-12484,United States,New York,New York,10001,Chocolate,Atlantic,PROD-7514,Wonka Bar - Triple Dazzle Caramel,171.6,40,95.44,76.16,3,55.61771561771561,2.386,1.904,4.29,Wicked Choccy's,32.076176,-81.088371
1027,US-2024-11027-CH,2024-06-08,2024-06-11,Second Class,CUST-17743,United States,Seattle,Washington,98101,Other,Pacific,PROD-2646,Kazookles,114.92,17,20.700000000000003,94.22,3,18.012530455969372,1.2176470588235295,5.54235294117647,6.76,The Other Factory,35.1175,-89.971107
1028,US-2024-11028-CH,2024-09-25,2024-09-30,Standard Class,CUST-13285,United States,Seattle,Washington,98101,Sugar,Pacific,PROD-2120,Everlasting Gobstopper,20.28,6,5.73,14.55,5,28.254437869822485,0.9550000000000001,2.4250000000000003,3.3800000000000003,Secret Factory,41.446333,-90.565487
1029,US-2024-11029-CH,2025-05-06,2025-05-08,Standard Class,CUST-11040,United States,Los Angeles,California,90049,Chocolate,Pacific,PROD-3893,Wonka Bar - Fudge Mallows,210.14,19,123.48999999999998,86.65,2,58.76558484819644,6.499473684210526,4.560526315789474,11.059999999999999,Lot's O' Nuts,32.881893,-111.768036
1030,US-2024-11030-CH,2025-07-11,2025-07-18,Standard Class,CUST-15052,United States,Philadelphia,Pennsylvania,19143,Sugar,Atlantic,PROD-5646,Nerds,163.35,15,70.96,92.39,7,43.44046525864707,4.730666666666666,6.1593333333333335,10.889999999999999,Sugar Shack,48.11914,-96.18115
1031,US-2024-11031-CH,2024-05-17,2024-05-20,Standard Class,CUST-13683,United States,Naperville,Illinois,60540,Sugar,Interior,PROD-6629,SweeTARTS,49.98,17,16.049999999999997,33.93,3,32.11284513805522,0.9441176470588234,1.9958823529411764,2.94,Sugar Shack,48.11914,-96.18115
1032,US-2024-11032-CH,2024-09-14,2024-09-18,First Class,CUST-16403,United States,Seattle,Washington,98101,Chocolate,Pacific,PROD-8572,Wonka Bar - Nutty Crunch Surprise,181.93,23,109.7,72.23,4,60.29791678117957,4.769565217391304,3.140434782608696,7.91,Lot's O' Nuts,32.881893,-111.768036
1033,US-2024-11033-CH,2026-06-09,2026-06-14,Standard Class,CUST-16034,United States,Seattle,Washington,98101,Chocolate,Pacific,PROD-7514,Wonka Bar - Triple Dazzle Caramel,201.6,24,119.85,81.75,5,59.44940476190476,4.9937499999999995,3.40625,8.4,Wicked Choccy's,32.076176,-81.088371
1034,US-2024-11034-CH,2024-09-22,2024-09-27,Standard Class,CUST-13271,United States,Philadelphia,Pennsylvania,19143,Chocolate,Atlantic,PROD-7514,Wonka Bar - Triple Dazzle Caramel,156.32,16,69.35,86.97,5,44.36412487205732,4.334375,5.435625,9.77,Wicked Choccy's,32.076176,-81.088371
1035,US-2024-11035-CH,2026-06-06,2026-06-09,Standard Class,CUST-19174,United States,Philadelphia,Pennsylvania,19143,Sugar,Atlantic,PROD-2120,Everlasting Gobstopper,105.82,11,36.099999999999994,69.72,3,34.11453411453411,3.2818181818181813,6.338181818181818,9.62,Secret Factory,41.446333,-90.565487
1036,US-2024-11036-CH,2025-08-01,2025-08-04,Standard Class,CUST-10849,United States,Houston,Texas,77095,Sugar,Gulf,PROD-5646,Nerds,280.08,36,111.44999999999999,168.63,3,39.79220222793487,3.095833333333333,4.684166666666666,7.779999999999999,Sugar Shack,48.11914,-96.18115
1037,US-2024-11037-CH,2026-04-07,2026-04-10,Standard Class,CUST-14354,United States,New York,New York,10001,Sugar,Atlantic,PROD-2120,Everlasting Gobstopper,15.82,2,4.5,11.32,3,28.445006321112515,2.25,5.66,7.91,Secret Factory,41.446333,-90.565487
1038,US-2024-11038-CH,2026-01-16,2026-01-19,Second Class,CUST-18708,United States,New York,New York,10001,Chocolate,Atlantic,PROD-0874,Wonka Bar - Milk Chocolate,297.81,27,138.83,158.98,3,46.61697055169404,5.141851851851852,5.888148148148148,11.03,Wicked Choccy's,32.076176,-81.088371
1039,US-2024-11039-CH,2026-02-20,2026-02-24,Second Class,CUST-13080,United States,Chicago,Illinois,60601,Chocolate,Interior,PROD-7514,Wonka Bar - Triple Dazzle Caramel,112.0,40,60.32,51.68,4,53.85714285714286,1.508,1.292,2.8,Wicked Choccy's,32.076176,-81.088371
1040,US-2024-11040-CH,2024-11-11,2024-11-14,Standard Class,CUST-17385,United States,Chicago,Illinois,60601,Chocolate,Interior,PROD-7514,Wonka Bar - Triple Dazzle Caramel,35.09,11,22.410000000000004,12.68,3,63.86434881732688,2.0372727272727276,1.1527272727272726,3.1900000000000004,Wicked Choccy's,32.076176,-81.088371
1041,US-2024-11041-CH,2024-11-01,2024-11-04,First Class,CUST-11573,United States,Houston,Texas,77095,Chocolate,Gulf,PROD-3893,Wonka Bar - Fudge Mallows,5.1,2,2.9899999999999998,2.11,3,58.62745098039216,1.4949999999999999,1.055,2.55,Lot's O' Nuts,32.881893,-111.768036
1042,US-2024-11042-CH,2024-07-01,2024-07-04,Standard Class,CUST-17041,United States,New York,New York,10001,Sugar,Atlantic,PROD-6629,SweeTARTS,37.89,9,16.740000000000002,21.15,3,44.180522565320665,1.8600000000000003,2.3499999999999996,4.21,Sugar Shack,48.11914,-96.18115
1043,US-2024-11043-CH,2026-01-26,2026-02-02,Second Class,CUST-11079,United States,Naperville,Illinois,60540,Other,Interior,PROD-2646,Kazookles,176.4,20,21.110000000000014,155.29,7,11.967120181405903,1.0555000000000008,7.7645,8.82,The Other Factory,35.1175,-89.971107
1044,US-2024-11044-CH,2024-06-27,2024-06-30,Standard Class,CUST-19001,United States,Los Angeles,California,90049,Other,Pacific,PROD-9359,Fizzy Lifting Drinks,282.66,42,-11.109999999999957,293.77,3,-3.930517229179918,-0.2645238095238085,6.994523809523809,6.73,Sugar Shack,48.11914,-96.18115
1045,US-2024-11045-CH,2024-09-05,2024-09-08,Standard Class,CUST-11340,United States,Athens,Georgia,30605,Chocolate,Gulf,PROD-8572,Wonka Bar - Nutty Crunch Surprise,137.64,37,69.68999999999998,67.95,3,50.632083696599814,1.883513513513513,1.8364864864864865,3.7199999999999998,Lot's O' Nuts,32.881893,-111.768036
1046,US-2024-11046-CH,2024-12-10,2024-12-15,Standard Class,CUST-11292,United States,Naperville,Illinois,60540,Other,Interior,PROD-9415,Wonka Gum,54.74,7,5.670000000000002,49.07,5,10.358056265984658,0.8100000000000003,7.01,7.82,Secret Factory,41.446333,-90.565487
1047,US-2024-11047-CH,2025-12-11,2025-12-15,Second Class,CUST-14182,United States,Seattle,Washington,98101,Sugar,Pacific,PROD-6629,SweeTARTS,329.67,33,137.83,191.84,4,41.80847514180848,4.176666666666667,5.8133333333333335,9.99,Sugar Shack,48.11914,-96.18115
1048,US-2024-11048-CH,2025-06-24,2025-06-29,Standard Class,CUST-15220,United States,Naperville,Illinois,60540,Other,Interior,PROD-9415,Wonka Gum,167.4,30,30.730000000000018,136.67,5,18.357228195937882,1.024333333333334,4.555666666666666,5.58,Secret Factory,41.446333,-90.565487
1049,US-2024-11049-CH,2025-11-15,2025-11-18,Second Class,CUST-10430,United States,Houston,Texas,77095,Sugar,Gulf,PROD-6629,SweeTARTS,25.53,3,7.850000000000001,17.68,3,30.748139443791622,2.616666666666667,5.8933333333333335,8.51,Sugar Shack,48.11914,-96.18115
1050,US-2024-11050-CH,2025-11-16,2025-11-19,Standard Class,CUST-16034,United States,Chicago,Illinois,60601,Sugar,Interior,PROD-5646,Nerds,530.16,47,135.13,395.03,3,25.488531763995777,2.875106382978723,8.404893617021276,11.28,Sugar Shack,48.11914,-96.18115
1051,US-2024-11051-CH,2024-09-16,2024-09-20,First Class,CUST-15558,United States,New York,New York,10001,Other,Atlantic,PROD-0345,Lickable Wallpaper,263.48,28,-13.129999999999995,276.61,4,-4.983300440261118,-0.46892857142857125,9.878928571428572,9.41,Secret Factory,41.446333,-90.565487
1052,US-2024-11052-CH,2026-02-04,2026-02-07,Standard Class,CUST-12372,United States,Chicago,Illinois,60601,Sugar,Interior,PROD-9885,Fun Dip,170.25,25,65.39,104.86,3,38.40822320117475,2.6156,4.1944,6.81,Sugar Shack,48.11914,-96.18115
1053,US-2024-11053-CH,2024-02-13,2024-02-18,Standard Class,CUST-14320,United States,Philadelphia,Pennsylvania,19143,Chocolate,Atlantic,PROD-7514,Wonka Bar - Triple Dazzle Caramel,124.74,27,51.66,73.08,5,41.41414141414141,1.913333333333333,2.7066666666666666,4.62,Wicked Choccy's,32.076176,-81.088371
1054,US-2024-11054-CH,2024-01-31,2024-02-03,Standard Class,CUST-12015,United States,Los Angeles,California,90049,Sugar,Pacific,PROD-9885,Fun Dip,34.32,3,14.8,19.52,3,43.12354312354312,4.933333333333334,6.506666666666667,11.44,Sugar Shack,48.11914,-96.18115
1055,US-2024-11055-CH,2026-01-07,2026-01-10,First Class,CUST-12314,United States,New York,New York,10001,Chocolate,Atlantic,PROD-3893,Wonka Bar - Fudge Mallows,334.97,43,205.57000000000002,129.4,3,61.36967489625936,4.780697674418605,3.0093023255813955,7.790000000000001,Lot's O' Nuts,32.881893,-111.768036
1056,US-2024-11056-CH,2026-04-15,2026-04-17,Standard Class,CUST-17156,United States,Seattle,Washington,98101,Other,Pacific,PROD-0345,Lickable Wallpaper,121.77,33,16.700000000000003,105.07,2,13.714379568038106,0.5060606060606061,3.1839393939393936,3.69,Secret Factory,41.446333,-90.565487
1057,US-2024-11057-CH,2026-06-17,2026-06-21,Standard Class,CUST-15644,United States,New York,New York,10001,Other,Atlantic,PROD-2646,Kazookles,125.64,18,25.480000000000004,100.16,4,20.28016555237186,1.4155555555555557,5.564444444444444,6.98,The Other Factory,35.1175,-89.971107
1058,US-2024-11058-CH,2025-09-14,2025-09-19,Standard Class,CUST-10232,United States,Philadelphia,Pennsylvania,19143,Chocolate,Atlantic,PROD-3776,Wonka Bar -Scrumdiddlyumptious,47.94,17,30.119999999999997,17.82,5,62.828535669586984,1.7717647058823527,1.0482352941176472,2.82,Lot's O' Nuts,32.881893,-111.768036
1059,US-2024-11059-CH,2025-04-11,2025-04-14,Second Class,CUST-10889,United States,Los Angeles,California,90049,Sugar,Pacific,PROD-6629,SweeTARTS,23.76,3,7.880000000000001,15.88,3,33.16498316498316,2.626666666666667,5.293333333333334,7.920000000000001,Sugar Shack,48.11914,-96.18115
1060,US-2024-11060-CH,2025-01-15,2025-01-18,Standard Class,CUST-19027,United States,Atlanta,Georgia,30301,Other,Gulf,PROD-2646,Kazookles,42.42,7,6.18,36.24,3,14.568599717114566,0.8828571428571428,5.177142857142857,6.0600000000000005,The Other Factory,35.1175,-89.971107
1061,US-2024-11061-CH,2024-05-14,2024-05-17,Second Class,CUST-15229,United States,Seattle,Washington,98101,Other,Pacific,PROD-2646,Kazookles,423.28,44,77.11999999999995,346.16,3,18.21961821961821,1.7527272727272716,7.867272727272728,9.62,The Other Factory,35.1175,-89.971107
1062,US-2024-11062-CH,2025-01-02,2025-01-05,Second Class,CUST-13088,United States,Philadelphia,Pennsylvania,19143,Other,Atlantic,PROD-0345,Lickable Wallpaper,30.95,5,1.4100000000000001,29.54,3,4.555735056542812,0.28200000000000003,5.9079999999999995,6.1899999999999995,Secret Factory,41.446333,-90.565487
1063,US-2024-11063-CH,2025-06-26,2025-06-29,Standard Class,CUST-14975,United States,Houston,Texas,77095,Sugar,Gulf,PROD-5646,Nerds,162.0,36,53.269999999999996,108.73,3,32.882716049382715,1.4797222222222222,3.020277777777778,4.5,Sugar Shack,48.11914,-96.18115
1064,US-2024-11064-CH,2026-01-28,2026-01-30,Second Class,CUST-11995,United States,New York,New York,10001,Other,Atlantic,PROD-9415,Wonka Gum,329.36,46,102.82000000000002,226.54,2,31.218119990284194,2.2352173913043485,4.924782608695652,7.16,Secret Factory,41.446333,-90.565487
1065,US-2024-11065-CH,2026-03-30,2026-04-02,First Class,CUST-18107,United States,Henderson,Kentucky,42420,Other,Gulf,PROD-2646,Kazookles,156.4,34,26.159999999999997,130.24,3,16.72634271099744,0.7694117647058822,3.830588235294118,4.6000000000000005,The Other Factory,35.1175,-89.971107
1066,US-2024-11066-CH,2026-05-10,2026-05-12,First Class,CUST-17863,United States,Houston,Texas,77095,Chocolate,Gulf,PROD-8572,Wonka Bar - Nutty Crunch Surprise,265.46,26,111.99999999999997,153.46,2,42.19091388533111,4.307692307692307,5.9023076923076925,10.209999999999999,Lot's O' Nuts,32.881893,-111.768036
1067,US-2024-11067-CH,2025-06-10,2025-06-12,Standard Class,CUST-16572,United States,Houston,Texas,77095,Sugar,Gulf,PROD-2533,Laffy Taffy,16.58,2,6.689999999999998,9.89,2,40.34981905910735,3.344999999999999,4.945,8.29,Sugar Shack,48.11914,-96.18115
1068,US-2024-11068-CH,2026-05-19,2026-05-23,Standard Class,CUST-10080,United States,Athens,Georgia,30605,Sugar,Gulf,PROD-2120,Everlasting Gobstopper,152.49,13,16.680000000000007,135.81,4,10.938422191619127,1.2830769230769237,10.446923076923078,11.73,Secret Factory,41.446333,-90.565487
1069,US-2024-11069-CH,2025-10-02,2025-10-04,Second Class,CUST-11494,United States,Houston,Texas,77095,Chocolate,Gulf,PROD-0874,Wonka Bar - Milk Chocolate,163.2,48,69.14999999999999,94.05,2,42.37132352941176,1.4406249999999998,1.9593749999999999,3.4,Wicked Choccy's,32.076176,-81.088371
1070,US-2024-11070-CH,2025-08-13,2025-08-16,Standard Class,CUST-18655,United States,Los Angeles,California,90049,Other,Pacific,PROD-0345,Lickable Wallpaper,146.8,20,12.420000000000016,134.38,3,8.460490463215269,0.6210000000000008,6.718999999999999,7.340000000000001,Secret Factory,41.446333,-90.565487
1071,US-2024-11071-CH,2024-08-27,2024-08-31,First Class,CUST-16828,United States,Chicago,Illinois,60601,Sugar,Interior,PROD-5646,Nerds,188.58,42,52.620000000000005,135.96,4,27.9032771237671,1.252857142857143,3.2371428571428575,4.49,Sugar Shack,48.11914,-96.18115
1072,US-2024-11072-CH,2024-11-06,2024-11-10,Second Class,CUST-18741,United States,Atlanta,Georgia,30301,Other,Gulf,PROD-9415,Wonka Gum,34.59,3,4.010000000000005,30.58,4,11.592945938132422,1.3366666666666684,10.193333333333333,11.530000000000001,Secret Factory,41.446333,-90.565487
1073,US-2024-11073-CH,2024-09-11,2024-09-18,Standard Class,CUST-16854,United States,Naperville,Illinois,60540,Chocolate,Interior,PROD-3776,Wonka Bar -Scrumdiddlyumptious,332.8,32,145.63000000000002,187.17,7,43.759014423076934,4.550937500000001,5.8490625,10.4,Lot's O' Nuts,32.881893,-111.768036
1074,US-2024-11074-CH,2026-01-25,2026-02-01,Second Class,CUST-13612,United States,Los Angeles,California,90049,Chocolate,Pacific,PROD-0874,Wonka Bar - Milk Chocolate,111.6,30,45.36999999999999,66.23,7,40.654121863799276,1.512333333333333,2.207666666666667,3.7199999999999998,Wicked Choccy's,32.076176,-81.088371
1075,US-2024-11075-CH,2025-10-27,2025-10-30,First Class,CUST-14394,United States,Houston,Texas,77095,Other,Gulf,PROD-9359,Fizzy Lifting Drinks,265.05,31,-3.3999999999999773,268.45,3,-1.2827768345595083,-0.10967741935483798,8.65967741935484,8.55,Sugar Shack,48.11914,-96.18115
1076,US-2024-11076-CH,2026-06-07,2026-06-10,Standard Class,CUST-12268,United States,New York,New York,10001,Sugar,Atlantic,PROD-6629,SweeTARTS,396.9,42,155.51999999999998,241.38,3,39.183673469387756,3.7028571428571424,5.747142857142857,9.45,Sugar Shack,48.11914,-96.18115
1077,US-2024-11077-CH,2025-06-27,2025-06-30,Standard Class,CUST-11287,United States,Los Angeles,California,90049,Chocolate,Pacific,PROD-3776,Wonka Bar -Scrumdiddlyumptious,61.27,11,37.36,23.91,3,60.97600783417659,3.3963636363636365,2.173636363636364,5.57,Lot's O' Nuts,32.881893,-111.768036
1078,US-2024-11078-CH,2025-04-14,2025-04-21,Standard Class,CUST-13407,United States,Seattle,Washington,98101,Other,Pacific,PROD-0345,Lickable Wallpaper,65.88,12,-1.5200000000000102,67.4,7,-2.3072252580449457,-0.1266666666666675,5.616666666666667,5.489999999999999,Secret Factory,41.446333,-90.565487
1079,US-2024-11079-CH,2026-05-04,2026-05-11,Standard Class,CUST-18464,United States,Athens,Georgia,30605,Chocolate,Gulf,PROD-3776,Wonka Bar -Scrumdiddlyumptious,199.29,21,94.83999999999999,104.45,7,47.58894073962567,4.516190476190475,4.973809523809524,9.49,Lot's O' Nuts,32.881893,-111.768036
1080,US-2024-11080-CH,2024-09-05,2024-09-08,Second Class,CUST-14867,United States,Los Angeles,California,90049,Other,Pacific,PROD-9359,Fizzy Lifting Drinks,504.7,49,-14.520000000000039,519.22,3,-2.8769566078858806,-0.2963265306122457,10.596326530612245,10.299999999999999,Sugar Shack,48.11914,-96.18115
1081,US-2024-11081-CH,2025-11-05,2025-11-08,Standard Class,CUST-15353,United States,Athens,Georgia,30605,Chocolate,Gulf,PROD-8572,Wonka Bar - Nutty Crunch Surprise,63.0,9,34.93,28.07,3,55.44444444444444,3.881111111111111,3.118888888888889,7.0,Lot's O' Nuts,32.881893,-111.768036
1082,US-2024-11082-CH,2025-10-04,2025-10-07,Standard Class,CUST-18252,United States,Chicago,Illinois,60601,Other,Interior,PROD-9359,Fizzy Lifting Drinks,70.4,11,0.21000000000000796,70.19,3,0.29829545454546585,0.019090909090909814,6.380909090909091,6.4,Sugar Shack,48.11914,-96.18115
1083,US-2024-11083-CH,2024-03-11,2024-03-16,Standard Class,CUST-10958,United States,Los Angeles,California,90049,Other,Pacific,PROD-0345,Lickable Wallpaper,387.0,45,2.509999999999991,384.49,5,0.6485788113695067,0.05577777777777758,8.544222222222222,8.6,Secret Factory,41.446333,-90.565487
1084,US-2024-11084-CH,2024-03-22,2024-03-25,Same Day,CUST-10761,United States,Houston,Texas,77095,Chocolate,Gulf,PROD-7514,Wonka Bar - Triple Dazzle Caramel,225.81,39,145.25,80.56,3,64.3239891944555,3.7243589743589745,2.0656410256410256,5.79,Wicked Choccy's,32.076176,-81.088371
1085,US-2024-11085-CH,2026-02-21,2026-02-23,Standard Class,CUST-13659,United States,Atlanta,Georgia,30301,Chocolate,Gulf,PROD-3893,Wonka Bar - Fudge Mallows,117.64,34,67.86,49.78,2,57.68446106766406,1.9958823529411764,1.4641176470588235,3.46,Lot's O' Nuts,32.881893,-111.768036
1086,US-2024-11086-CH,2026-01-30,2026-02-01,Second Class,CUST-19650,United States,Naperville,Illinois,60540,Sugar,Interior,PROD-2120,Everlasting Gobstopper,368.28,33,96.89999999999998,271.38,2,26.31150211795373,2.9363636363636356,8.223636363636363,11.159999999999998,Secret Factory,41.446333,-90.565487
1087,US-2024-11087-CH,2024-07-14,2024-07-18,Standard Class,CUST-12810,United States,Los Angeles,California,90049,Sugar,Pacific,PROD-2533,Laffy Taffy,178.02,23,67.00000000000001,111.02,4,37.63622064936524,2.91304347826087,4.82695652173913,7.74,Sugar Shack,48.11914,-96.18115
1088,US-2024-11088-CH,2024-04-14,2024-04-16,Standard Class,CUST-11377,United States,Henderson,Kentucky,42420,Chocolate,Gulf,PROD-7514,Wonka Bar - Triple Dazzle Caramel,45.36,8,23.24,22.12,2,51.23456790123456,2.905,2.765,5.67,Wicked Choccy's,32.076176,-81.088371
1089,US-2024-11089-CH,2026-03-04,2026-03-06,Second Class,CUST-15897,United States,Philadelphia,Pennsylvania,19143,Sugar,Atlantic,PROD-2120,Everlasting Gobstopper,124.32,24,29.689999999999998,94.63,2,23.88191763191763,1.2370833333333333,3.9429166666666666,5.18,Secret Factory,41.446333,-90.565487
1090,US-2024-11090-CH,2024-04-02,2024-04-09,First Class,CUST-15938,United States,Atlanta,Georgia,30301,Other,Gulf,PROD-2646,Kazookles,178.02,18,50.68000000000001,127.34,7,28.468711380743738,2.815555555555556,7.0744444444444445,9.89,The Other Factory,35.1175,-89.971107
1091,US-2024-11091-CH,2024-04-04,2024-04-09,Standard Class,CUST-17933,United States,Chicago,Illinois,60601,Chocolate,Interior,PROD-8572,Wonka Bar - Nutty Crunch Surprise,185.3,17,114.08000000000001,71.22,5,61.565029681597416,6.710588235294118,4.189411764705882,10.9,Lot's O' Nuts,32.881893,-111.768036
1092,US-2024-11092-CH,2025-02-13,2025-02-16,Second Class,CUST-17102,United States,Naperville,Illinois,60540,Other,Interior,PROD-0345,Lickable Wallpaper,335.4,30,14.799999999999955,320.6,3,4.412641621943934,0.4933333333333318,10.686666666666667,11.18,Secret Factory,41.446333,-90.565487
1093,US-2024-11093-CH,2026-01-16,2026-01-21,First Class,CUST-16025,United States,Athens,Georgia,30605,Chocolate,Gulf,PROD-8572,Wonka Bar - Nutty Crunch Surprise,80.47,13,33.14,47.33,5,41.18304958369579,2.5492307692307694,3.6407692307692305,6.1899999999999995,Lot's O' Nuts,32.881893,-111.768036
1094,US-2024-11094-CH,2024-08-15,2024-08-19,Standard Class,CUST-15741,United States,Seattle,Washington,98101,Chocolate,Pacific,PROD-3776,Wonka Bar -Scrumdiddlyumptious,55.35,15,33.02,22.33,4,59.65672990063234,2.2013333333333334,1.4886666666666666,3.69,Lot's O' Nuts,32.881893,-111.768036
1095,US-2024-11095-CH,2024-01-19,2024-01-23,Standard Class,CUST-17441,United States,Athens,Georgia,30605,Sugar,Gulf,PROD-2533,Laffy Taffy,48.0,10,13.649999999999999,34.35,4,28.4375,1.3649999999999998,3.435,4.8,Sugar Shack,48.11914,-96.18115
1096,US-2024-11096-CH,2025-08-19,2025-08-21,Standard Class,CUST-17032,United States,Henderson,Kentucky,42420,Sugar,Gulf,PROD-6629,SweeTARTS,116.34,42,36.95,79.39,2,31.760357572631943,0.8797619047619049,1.8902380952380953,2.77,Sugar Shack,48.11914,-96.18115
1097,US-2024-11097-CH,2024-11-02,2024-11-05,Standard Class,CUST-18533,United States,Athens,Georgia,30605,Other,Gulf,PROD-0345,Lickable Wallpaper,107.64,13,18.650000000000006,88.99,3,17.326272761055375,1.434615384615385,6.845384615384615,8.28,Secret Factory,41.446333,-90.565487
1098,US-2024-11098-CH,2024-09-09,2024-09-16,Standard Class,CUST-15692,United States,Athens,Georgia,30605,Chocolate,Gulf,PROD-7514,Wonka Bar - Triple Dazzle Caramel,145.82,23,90.24,55.58,7,61.88451515567137,3.923478260869565,2.4165217391304346,6.34,Wicked Choccy's,32.076176,-81.088371
1099,US-2024-11099-CH,2025-10-07,2025-10-10,First Class,CUST-14926,United States,Atlanta,Georgia,30301,Chocolate,Gulf,PROD-3776,Wonka Bar -Scrumdiddlyumptious,16.26,6,7.740000000000002,8.52,3,47.60147601476016,1.2900000000000003,1.42,2.7100000000000004,Lot's O' Nuts,32.881893,-111.768036
1100,US-2024-11100-CH,2024-07-05,2024-07-08,Second Class,CUST-14677,United States,Seattle,Washington,98101,Other,Pacific,PROD-2646,Kazookles,17.4,5,5.839999999999998,11.56,3,33.563218390804586,1.1679999999999997,2.3120000000000003,3.4799999999999995,The Other Factory,35.1175,-89.971107
1101,US-2024-11101-CH,2024-01-19,2024-01-21,Standard Class,CUST-18245,United States,Henderson,Kentucky,42420,Sugar,Gulf,PROD-2120,Everlasting Gobstopper,299.52,32,100.16999999999999,199.35,2,33.44350961538461,3.1303124999999996,6.2296875,9.36,Secret Factory,41.446333,-90.565487
1102,US-2024-11102-CH,2024-11-13,2024-11-16,Standard Class,CUST-10822,United States,Houston,Texas,77095,Sugar,Gulf,PROD-6629,SweeTARTS,20.5,2,8.42,12.08,3,41.073170731707314,4.21,6.04,10.25,Sugar Shack,48.11914,-96.18115
1103,US-2024-11103-CH,2025-10-07,2025-10-14,Standard Class,CUST-17862,United States,Seattle,Washington,98101,Sugar,Pacific,PROD-6629,SweeTARTS,320.96,34,82.82999999999998,238.13,7,25.806954137587233,2.4361764705882347,7.003823529411765,9.44,Sugar Shack,48.11914,-96.18115
1104,US-2024-11104-CH,2024-04-02,2024-04-09,First Class,CUST-12939,United States,Houston,Texas,77095,Sugar,Gulf,PROD-9885,Fun Dip,50.96,13,15.200000000000003,35.76,7,29.827315541601262,1.1692307692307695,2.7507692307692304,3.92,Sugar Shack,48.11914,-96.18115
1105,US-2024-11105-CH,2024-09-29,2024-10-03,Standard Class,CUST-12775,United States,Naperville,Illinois,60540,Other,Interior,PROD-9359,Fizzy Lifting Drinks,84.93,19,3.1300000000000097,81.8,4,3.6853879665607083,0.16473684210526365,4.3052631578947365,4.470000000000001,Sugar Shack,48.11914,-96.18115
1106,US-2024-11106-CH,2024-03-20,2024-03-22,Standard Class,CUST-10740,United States,Los Angeles,California,90049,Other,Pacific,PROD-0345,Lickable Wallpaper,17.71,7,2.91,14.8,2,16.431394692264256,0.41571428571428576,2.1142857142857143,2.5300000000000002,Secret Factory,41.446333,-90.565487
1107,US-2024-11107-CH,2025-03-23,2025-03-30,Standard Class,CUST-17991,United States,New York,New York,10001,Other,Atlantic,PROD-9359,Fizzy Lifting Drinks,140.4,26,-1.9300000000000068,142.33,7,-1.3746438746438794,-0.07423076923076949,5.47423076923077,5.4,Sugar Shack,48.11914,-96.18115
1108,US-2024-11108-CH,2026-03-26,2026-03-29,Second Class,CUST-10569,United States,New York,New York,10001,Chocolate,Atlantic,PROD-7514,Wonka Bar - Triple Dazzle Caramel,442.96,49,285.55999999999995,157.4,3,64.4663175004515,5.827755102040816,3.212244897959184,9.04,Wicked Choccy's,32.076176,-81.088371
1109,US-2024-11109-CH,2025-06-29,2025-07-01,Standard Class,CUST-18250,United States,Naperville,Illinois,60540,Other,Interior,PROD-0345,Lickable Wallpaper,207.0,36,-2.3400000000000034,209.34,2,-1.1304347826086973,-0.0650000000000001,5.815,5.75,Secret Factory,41.446333,-90.565487
1110,US-2024-11110-CH,2026-02-01,2026-02-04,Standard Class,CUST-12303,United States,Naperville,Illinois,60540,Sugar,Interior,PROD-2120,Everlasting Gobstopper,87.68,16,20.310000000000002,67.37,3,23.163777372262775,1.2693750000000001,4.210625,5.48,Secret Factory,41.446333,-90.565487
1111,US-2024-11111-CH,2024-02-28,2024-03-06,Standard Class,CUST-17351,United States,Henderson,Kentucky,42420,Other,Gulf,PROD-9415,Wonka Gum,14.85,5,1.5,13.35,7,10.1010101010101,0.3,2.67,2.9699999999999998,Secret Factory,41.446333,-90.565487
1112,US-2024-11112-CH,2024-11-13,2024-11-16,Standard Class,CUST-18994,United States,Philadelphia,Pennsylvania,19143,Sugar,Atlantic,PROD-5646,Nerds,35.52,6,13.620000000000005,21.9,3,38.344594594594604,2.270000000000001,3.65,5.920000000000001,Sugar Shack,48.11914,-96.18115
1113,US-2024-11113-CH,2026-06-10,2026-06-15,Standard Class,CUST-19862,United States,Chicago,Illinois,60601,Chocolate,Interior,PROD-0874,Wonka Bar - Milk Chocolate,80.6,31,44.78999999999999,35.81,5,55.57071960297766,1.4448387096774191,1.1551612903225807,2.5999999999999996,Wicked Choccy's,32.076176,-81.088371
1114,US-2024-11114-CH,2024-05-07,2024-05-10,Standard Class,CUST-18402,United States,Los Angeles,California,90049,Sugar,Pacific,PROD-9885,Fun Dip,224.64,32,96.65999999999998,127.98,3,43.02884615384615,3.0206249999999994,3.999375,7.02,Sugar Shack,48.11914,-96.18115
1115,US-2024-11115-CH,2024-06-15,2024-06-19,Standard Class,CUST-14038,United States,Atlanta,Georgia,30301,Other,Gulf,PROD-2646,Kazookles,315.78,38,86.52999999999997,229.25,4,27.40198872632845,2.277105263157894,6.032894736842105,8.309999999999999,The Other Factory,35.1175,-89.971107
1116,US-2024-11116-CH,2024-04-02,2024-04-05,Standard Class,CUST-17073,United States,Atlanta,Georgia,30301,Other,Gulf,PROD-0345,Lickable Wallpaper,198.45,49,-8.390000000000015,206.84,3,-4.2277651801461404,-0.17122448979591867,4.221224489795919,4.05,Secret Factory,41.446333,-90.565487
1117,US-2024-11117-CH,2024-09-21,2024-09-23,First Class,CUST-16859,United States,Los Angeles,California,90049,Other,Pacific,PROD-0345,Lickable Wallpaper,112.6,20,9.58999999999999,103.01,2,8.516873889875656,0.4794999999999995,5.1505,5.63,Secret Factory,41.446333,-90.565487
1118,US-2024-11118-CH,2026-03-20,2026-03-22,Standard Class,CUST-10036,United States,Atlanta,Georgia,30301,Other,Gulf,PROD-0345,Lickable Wallpaper,257.62,22,28.189999999999998,229.43,2,10.942473410449498,1.2813636363636363,10.428636363636365,11.71,Secret Factory,41.446333,-90.565487
1119,US-2024-11119-CH,2026-05-16,2026-05-23,Standard Class,CUST-16333,United States,Atlanta,Georgia,30301,Other,Gulf,PROD-0345,Lickable Wallpaper,13.41,3,-0.6099999999999994,14.02,7,-4.548844146159578,-0.20333333333333314,4.673333333333333,4.47,Secret Factory,41.446333,-90.565487
1120,US-2024-11120-CH,2024-09-13,2024-09-16,Second Class,CUST-18534,United States,Henderson,Kentucky,42420,Sugar,Gulf,PROD-2533,Laffy Taffy,465.27,39,186.88,278.39,3,40.165925161734044,4.791794871794871,7.1382051282051275,11.93,Sugar Shack,48.11914,-96.18115
1121,US-2024-11121-CH,2025-10-27,2025-10-29,Standard Class,CUST-14570,United States,Philadelphia,Pennsylvania,19143,Other,Atlantic,PROD-9359,Fizzy Lifting Drinks,218.12,19,35.74000000000001,182.38,2,16.38547588483404,1.8810526315789478,9.598947368421053,11.48,Sugar Shack,48.11914,-96.18115
1122,US-2024-11122-CH,2025-05-01,2025-05-03,Standard Class,CUST-19551,United States,Athens,Georgia,30605,Other,Gulf,PROD-9359,Fizzy Lifting Drinks,111.5,25,5.739999999999995,105.76,2,5.147982062780264,0.2295999999999998,4.2304,4.46,Sugar Shack,48.11914,-96.18115
1123,US-2024-11123-CH,2026-05-17,2026-05-24,First Class,CUST-11900,United States,Henderson,Kentucky,42420,Sugar,Gulf,PROD-5646,Nerds,459.36,48,171.75,287.61,7,37.38897596656217,3.578125,5.991875,9.57,Sugar Shack,48.11914,-96.18115
1124,US-2024-11124-CH,2025-12-01,2025-12-04,Second Class,CUST-10815,United States,Philadelphia,Pennsylvania,19143,Other,Atlantic,PROD-9359,Fizzy Lifting Drinks,36.99,9,1.0,35.99,3,2.703433360367667,0.1111111111111111,3.998888888888889,4.11,Sugar Shack,48.11914,-96.18115
1125,US-2024-11125-CH,2025-12-30,2026-01-06,First Class,CUST-14513,United States,Chicago,Illinois,60601,Sugar,Interior,PROD-0725,Hair Toffee,93.76,32,26.52000000000001,67.24,7,28.28498293515359,0.8287500000000003,2.10125,2.93,The Other Factory,35.1175,-89.971107
1126,US-2024-11126-CH,2025-02-01,2025-02-08,First Class,CUST-12962,United States,Henderson,Kentucky,42420,Sugar,Gulf,PROD-0725,Hair Toffee,71.5,10,20.78,50.72,7,29.062937062937067,2.0780000000000003,5.072,7.15,The Other Factory,35.1175,-89.971107
1127,US-2024-11127-CH,2024-06-29,2024-07-02,Standard Class,CUST-10591,United States,Seattle,Washington,98101,Sugar,Pacific,PROD-2120,Everlasting Gobstopper,312.0,26,96.97999999999999,215.02,3,31.08333333333333,3.7299999999999995,8.27,12.0,Secret Factory,41.446333,-90.565487
1128,US-2024-11128-CH,2024-07-31,2024-08-04,Second Class,CUST-16869,United States,Henderson,Kentucky,42420,Sugar,Gulf,PROD-2533,Laffy Taffy,195.75,29,79.86,115.89,4,40.79693486590038,2.7537931034482757,3.9962068965517243,6.75,Sugar Shack,48.11914,-96.18115
1129,US-2024-11129-CH,2024-08-08,2024-08-11,Standard Class,CUST-12274,United States,New York,New York,10001,Chocolate,Atlantic,PROD-3776,Wonka Bar -Scrumdiddlyumptious,256.37,31,137.04000000000002,119.33,3,53.45399227678747,4.420645161290323,3.849354838709677,8.27,Lot's O' Nuts,32.881893,-111.768036
1130,US-2024-11130-CH,2024-08-30,2024-09-02,First Class,CUST-11950,United States,Los Angeles,California,90049,Sugar,Pacific,PROD-6629,SweeTARTS,371.68,46,97.88,273.8,3,26.334481274214376,2.1278260869565218,5.952173913043478,8.08,Sugar Shack,48.11914,-96.18115
1131,US-2024-11131-CH,2024-06-20,2024-06-24,Second Class,CUST-17045,United States,Naperville,Illinois,60540,Sugar,Interior,PROD-0725,Hair Toffee,114.1,14,13.97999999999999,100.12,4,12.252410166520587,0.9985714285714279,7.151428571428572,8.15,The Other Factory,35.1175,-89.971107
1132,US-2024-11132-CH,2025-08-17,2025-08-21,Standard Class,CUST-17063,United States,Houston,Texas,77095,Sugar,Gulf,PROD-5646,Nerds,31.1,10,11.370000000000001,19.73,4,36.559485530546624,1.137,1.973,3.1100000000000003,Sugar Shack,48.11914,-96.18115
1133,US-2024-11133-CH,2025-03-12,2025-03-15,First Class,CUST-17813,United States,Henderson,Kentucky,42420,Other,Gulf,PROD-2646,Kazookles,484.84,46,91.67999999999995,393.16,3,18.909330913290972,1.9930434782608686,8.546956521739132,10.54,The Other Factory,35.1175,-89.971107
1134,US-2024-11134-CH,2025-07-18,2025-07-20,Same Day,CUST-10726,United States,Henderson,Kentucky,42420,Sugar,Gulf,PROD-6629,SweeTARTS,274.95,45,93.39999999999998,181.55,2,33.969812693216944,2.075555555555555,4.0344444444444445,6.109999999999999,Sugar Shack,48.11914,-96.18115
1135,US-2024-11135-CH,2024-11-03,2024-11-08,Standard Class,CUST-17876,United States,Atlanta,Georgia,30301,Sugar,Gulf,PROD-2120,Everlasting Gobstopper,71.28,9,20.68,50.6,5,29.01234567901235,2.2977777777777777,5.622222222222223,7.92,Secret Factory,41.446333,-90.565487
1136,US-2024-11136-CH,2025-09-14,2025-09-17,Standard Class,CUST-16351,United States,Atlanta,Georgia,30301,Chocolate,Gulf,PROD-0874,Wonka Bar - Milk Chocolate,186.85,37,107.33999999999999,79.51,3,57.44715012041745,2.901081081081081,2.148918918918919,5.05,Wicked Choccy's,32.076176,-81.088371
1137,US-2024-11137-CH,2024-01-11,2024-01-13,Standard Class,CUST-19443,United States,Naperville,Illinois,60540,Chocolate,Interior,PROD-8572,Wonka Bar - Nutty Crunch Surprise,277.94,26,177.99,99.95,2,64.03900122328561,6.845769230769231,3.8442307692307693,10.69,Lot's O' Nuts,32.881893,-111.768036
1138,US-2024-11138-CH,2026-01-20,2026-01-22,Standard Class,CUST-19916,United States,Athens,Georgia,30605,Other,Gulf,PROD-2646,Kazookles,124.88,28,32.91,91.97,2,26.35329916720051,1.1753571428571428,3.284642857142857,4.46,The Other Factory,35.1175,-89.971107
1139,US-2024-11139-CH,2024-05-21,2024-05-26,First Class,CUST-11406,United States,New York,New York,10001,Sugar,Atlantic,PROD-0725,Hair Toffee,72.0,15,12.21,59.79,5,16.958333333333332,0.8140000000000001,3.9859999999999998,4.8,The Other Factory,35.1175,-89.971107
1140,US-2024-11140-CH,2024-05-20,2024-05-27,Same Day,CUST-17644,United States,Chicago,Illinois,60601,Chocolate,Interior,PROD-3776,Wonka Bar -Scrumdiddlyumptious,137.76,16,68.25999999999999,69.5,7,49.5499419279907,4.266249999999999,4.34375,8.61,Lot's O' Nuts,32.881893,-111.768036
1141,US-2024-11141-CH,2025-05-11,2025-05-14,Standard Class,CUST-14250,United States,Los Angeles,California,90049,Sugar,Pacific,PROD-6629,SweeTARTS,179.4,15,53.92,125.48,3,30.05574136008919,3.594666666666667,8.365333333333334,11.96,Sugar Shack,48.11914,-96.18115
1142,US-2024-11142-CH,2025-01-24,2025-01-26,Standard Class,CUST-16375,United States,Houston,Texas,77095,Other,Gulf,PROD-2646,Kazookles,233.1,45,49.16,183.94,2,21.08966108966109,1.0924444444444443,4.087555555555555,5.18,The Other Factory,35.1175,-89.971107
1143,US-2024-11143-CH,2024-10-04,2024-10-08,Standard Class,CUST-10023,United States,Atlanta,Georgia,30301,Sugar,Gulf,PROD-2120,Everlasting Gobstopper,463.2,40,46.670000000000016,416.53,4,10.075561312607949,1.1667500000000004,10.41325,11.58,Secret Factory,41.446333,-90.565487
1144,US-2024-11144-CH,2025-06-08,2025-06-10,Standard Class,CUST-13659,United States,Athens,Georgia,30605,Other,Gulf,PROD-2646,Kazookles,128.06,38,29.260000000000005,98.8,2,22.848664688427302,0.7700000000000001,2.6,3.37,The Other Factory,35.1175,-89.971107
1145,US-2024-11145-CH,2025-07-26,2025-07-28,Standard Class,CUST-16487,United States,Athens,Georgia,30605,Chocolate,Gulf,PROD-0874,Wonka Bar - Milk Chocolate,469.04,41,289.34000000000003,179.7,2,61.68770254136108,7.057073170731708,4.382926829268293,11.440000000000001,Wicked Choccy's,32.076176,-81.088371
1146,US-2024-11146-CH,2025-01-25,2025-01-27,Standard Class,CUST-13017,United States,New York,New York,10001,Chocolate,Atlantic,PROD-7514,Wonka Bar - Triple Dazzle Caramel,26.12,4,12.47,13.65,2,47.741194486983154,3.1175,3.4125,6.53,Wicked Choccy's,32.076176,-81.088371
1147,US-2024-11147-CH,2026-02-23,2026-02-26,First Class,CUST-14746,United States,Naperville,Illinois,60540,Sugar,Interior,PROD-2533,Laffy Taffy,269.1,23,116.95000000000002,152.15,3,43.459680416202154,5.084782608695653,6.615217391304348,11.700000000000001,Sugar Shack,48.11914,-96.18115
1148,US-2024-11148-CH,2024-06-18,2024-06-20,First Class,CUST-13598,United States,Chicago,Illinois,60601,Sugar,Interior,PROD-5646,Nerds,220.5,45,97.28,123.22,2,44.11791383219955,2.161777777777778,2.7382222222222223,4.9,Sugar Shack,48.11914,-96.18115
1149,US-2024-11149-CH,2026-04-23,2026-04-26,Standard Class,CUST-19160,United States,Houston,Texas,77095,Chocolate,Gulf,PROD-7514,Wonka Bar - Triple Dazzle Caramel,193.16,22,82.47,110.69,3,42.695174984468835,3.7486363636363635,5.031363636363636,8.78,Wicked Choccy's,32.076176,-81.088371
1150,US-2024-11150-CH,2025-06-16,2025-06-20,Standard Class,CUST-14650,United States,Athens,Georgia,30605,Sugar,Gulf,PROD-2120,Everlasting Gobstopper,479.7,41,59.349999999999966,420.35,4,12.372316030852609,1.4475609756097552,10.252439024390245,11.7,Secret Factory,41.446333,-90.565487
1151,US-2024-11151-CH,2024-07-03,2024-07-05,Standard Class,CUST-19107,United States,Henderson,Kentucky,42420,Sugar,Gulf,PROD-9885,Fun Dip,109.91,29,46.989999999999995,62.92,2,42.75316167773633,1.6203448275862067,2.169655172413793,3.79,Sugar Shack,48.11914,-96.18115
1152,US-2024-11152-CH,2026-03-08,2026-03-13,First Class,CUST-12989,United States,Naperville,Illinois,60540,Chocolate,Interior,PROD-7514,Wonka Bar - Triple Dazzle Caramel,257.48,41,136.05,121.43,5,52.8390554606183,3.3182926829268293,2.961707317073171,6.28,Wicked Choccy's,32.076176,-81.088371
1153,US-2024-11153-CH,2024-10-03,2024-10-05,Standard Class,CUST-18218,United States,New York,New York,10001,Sugar,Atlantic,PROD-6629,SweeTARTS,385.28,43,101.48999999999995,283.79,2,26.34188122923587,2.3602325581395336,6.5997674418604655,8.959999999999999,Sugar Shack,48.11914,-96.18115
1154,US-2024-11154-CH,2024-11-04,2024-11-07,Standard Class,CUST-13956,United States,Seattle,Washington,98101,Sugar,Pacific,PROD-6629,SweeTARTS,87.3,10,37.22,50.08,3,42.63459335624284,3.722,5.008,8.73,Sugar Shack,48.11914,-96.18115
1155,US-2024-11155-CH,2024-07-15,2024-07-18,Standard Class,CUST-11278,United States,Athens,Georgia,30605,Other,Gulf,PROD-9359,Fizzy Lifting Drinks,485.1,42,25.28000000000003,459.82,3,5.211296639868075,0.6019047619047626,10.948095238095238,11.55,Sugar Shack,48.11914,-96.18115
1156,US-2024-11156-CH,2024-08-29,2024-08-31,Standard Class,CUST-17496,United States,Houston,Texas,77095,Chocolate,Gulf,PROD-3893,Wonka Bar - Fudge Mallows,247.28,44,139.67000000000002,107.61,2,56.48252992559043,3.1743181818181823,2.4456818181818183,5.62,Lot's O' Nuts,32.881893,-111.768036
1157,US-2024-11157-CH,2024-03-03,2024-03-05,Second Class,CUST-10722,United States,New York,New York,10001,Chocolate,Atlantic,PROD-0874,Wonka Bar - Milk Chocolate,341.25,35,180.27,160.98,2,52.82637362637362,5.150571428571429,4.599428571428571,9.75,Wicked Choccy's,32.076176,-81.088371
1158,US-2024-11158-CH,2025-09-05,2025-09-08,First Class,CUST-19408,United States,Houston,Texas,77095,Sugar,Gulf,PROD-0725,Hair Toffee,279.36,32,28.54000000000002,250.82,3,10.216208476517762,0.8918750000000006,7.838125,8.73,The Other Factory,35.1175,-89.971107
1159,US-2024-11159-CH,2025-01-08,2025-01-11,First Class,CUST-15611,United States,New York,New York,10001,Sugar,Atlantic,PROD-9885,Fun Dip,310.56,48,122.0,188.56,3,39.28387429160227,2.5416666666666665,3.9283333333333332,6.47,Sugar Shack,48.11914,-96.18115
1160,US-2024-11160-CH,2025-02-02,2025-02-04,First Class,CUST-11793,United States,Naperville,Illinois,60540,Sugar,Interior,PROD-9885,Fun Dip,119.24,11,39.78,79.46,2,33.36128815833613,3.6163636363636367,7.223636363636363,10.84,Sugar Shack,48.11914,-96.18115
1161,US-2024-11161-CH,2025-04-06,2025-04-13,Second Class,CUST-17420,United States,Houston,Texas,77095,Other,Gulf,PROD-9359,Fizzy Lifting Drinks,126.23,13,8.540000000000006,117.69,7,6.765428186643434,0.6569230769230774,9.053076923076922,9.71,Sugar Shack,48.11914,-96.18115
1162,US-2024-11162-CH,2026-02-09,2026-02-14,Standard Class,CUST-15063,United States,Seattle,Washington,98101,Chocolate,Pacific,PROD-8572,Wonka Bar - Nutty Crunch Surprise,353.5,35,171.93,181.57,5,48.63649222065064,4.912285714285715,5.187714285714286,10.1,Lot's O' Nuts,32.881893,-111.768036
1163,US-2024-11163-CH,2024-04-20,2024-04-23,Standard Class,CUST-11417,United States,Naperville,Illinois,60540,Chocolate,Interior,PROD-3776,Wonka Bar -Scrumdiddlyumptious,84.9,30,42.650000000000006,42.25,3,50.235571260306244,1.4216666666666669,1.4083333333333334,2.83,Lot's O' Nuts,32.881893,-111.768036
1164,US-2024-11164-CH,2026-02-01,2026-02-04,Standard Class,CUST-18289,United States,Atlanta,Georgia,30301,Sugar,Gulf,PROD-2120,Everlasting Gobstopper,168.96,33,28.090000000000003,140.87,3,16.625236742424242,0.8512121212121213,4.268787878787879,5.12,Secret Factory,41.446333,-90.565487
1165,US-2024-11165-CH,2026-03-26,2026-03-28,Same Day,CUST-11816,United States,Henderson,Kentucky,42420,Sugar,Gulf,PROD-5646,Nerds,112.97,13,45.59,67.38,2,40.35584668496061,3.5069230769230773,5.183076923076923,8.69,Sugar Shack,48.11914,-96.18115
1166,US-2024-11166-CH,2025-03-23,2025-03-28,Standard Class,CUST-12322,United States,Athens,Georgia,30605,Other,Gulf,PROD-0345,Lickable Wallpaper,107.46,27,16.39,91.07,5,15.252186860227063,0.607037037037037,3.3729629629629625,3.98,Secret Factory,41.446333,-90.565487
1167,US-2024-11167-CH,2024-08-30,2024-09-02,Second Class,CUST-18401,United States,Henderson,Kentucky,42420,Sugar,Gulf,PROD-2120,Everlasting Gobstopper,28.82,11,4.120000000000001,24.7,3,14.295628036086056,0.3745454545454546,2.2454545454545456,2.62,Secret Factory,41.446333,-90.565487
1168,US-2024-11168-CH,2025-06-23,2025-06-26,Standard Class,CUST-15604,United States,Houston,Texas,77095,Other,Gulf,PROD-9415,Wonka Gum,347.04,48,53.29000000000002,293.75,3,15.3555786076533,1.1102083333333337,6.119791666666667,7.23,Secret Factory,41.446333,-90.565487
1169,US-2024-11169-CH,2024-09-25,2024-09-30,Second Class,CUST-12514,United States,Athens,Georgia,30605,Sugar,Gulf,PROD-6629,SweeTARTS,130.56,12,42.95,87.61,5,32.896752450980394,3.579166666666667,7.300833333333333,10.88,Sugar Shack,48.11914,-96.18115
1170,US-2024-11170-CH,2026-06-05,2026-06-08,Second Class,CUST-11018,United States,Naperville,Illinois,60540,Chocolate,Interior,PROD-0874,Wonka Bar - Milk Chocolate,261.8,35,106.32000000000002,155.48,3,40.61115355233003,3.0377142857142863,4.442285714285714,7.48,Wicked Choccy's,32.076176,-81.088371
1171,US-2024-11171-CH,2024-12-07,2024-12-11,Standard Class,CUST-10976,United States,Atlanta,Georgia,30301,Sugar,Gulf,PROD-0725,Hair Toffee,12.4,4,4.07,8.33,4,32.822580645161295,1.0175,2.0825,3.1,The Other Factory,35.1175,-89.971107
1172,US-2024-11172-CH,2026-02-16,2026-02-20,Standard Class,CUST-11626,United States,Seattle,Washington,98101,Sugar,Pacific,PROD-0725,Hair Toffee,185.25,39,30.689999999999998,154.56,4,16.566801619433196,0.7869230769230768,3.963076923076923,4.75,The Other Factory,35.1175,-89.971107
1173,US-2024-11173-CH,2026-01-03,2026-01-06,Second Class,CUST-18308,United States,Naperville,Illinois,60540,Other,Interior,PROD-2646,Kazookles,386.08,38,66.55000000000001,319.53,3,17.237360132615006,1.7513157894736846,8.408684210526316,10.16,The Other Factory,35.1175,-89.971107
1174,US-2024-11174-CH,2025-06-28,2025-06-30,Standard Class,CUST-10916,United States,Atlanta,Georgia,30301,Chocolate,Gulf,PROD-3776,Wonka Bar -Scrumdiddlyumptious,315.81,29,165.46,150.35,2,52.392261169690634,5.705517241379311,5.18448275862069,10.89,Lot's O' Nuts,32.881893,-111.768036
1175,US-2024-11175-CH,2024-10-12,2024-10-17,Standard Class,CUST-13065,United States,New York,New York,10001,Chocolate,Atlantic,PROD-3893,Wonka Bar - Fudge Mallows,109.46,13,61.99999999999999,47.46,5,56.64169559656496,4.769230769230768,3.6507692307692308,8.42,Lot's O' Nuts,32.881893,-111.768036
1176,US-2024-11176-CH,2025-08-08,2025-08-11,Standard Class,CUST-14615,United States,Los Angeles,California,90049,Sugar,Pacific,PROD-0725,Hair Toffee,129.57,21,44.769999999999996,84.8,3,34.55275140850505,2.1319047619047615,4.038095238095238,6.17,The Other Factory,35.1175,-89.971107
1177,US-2024-11177-CH,2025-09-14,2025-09-17,Second Class,CUST-18651,United States,Henderson,Kentucky,42420,Other,Gulf,PROD-0345,Lickable Wallpaper,124.32,24,0.44999999999998863,123.87,3,0.3619691119691028,0.018749999999999527,5.16125,5.18,Secret Factory,41.446333,-90.565487
1178,US-2024-11178-CH,2024-11-20,2024-11-22,Standard Class,CUST-16096,United States,Athens,Georgia,30605,Sugar,Gulf,PROD-9885,Fun Dip,442.56,48,176.83999999999997,265.72,2,39.9584237165582,3.684166666666666,5.535833333333334,9.22,Sugar Shack,48.11914,-96.18115
1179,US-2024-11179-CH,2025-04-02,2025-04-05,Standard Class,CUST-14317,United States,Naperville,Illinois,60540,Other,Interior,PROD-9415,Wonka Gum,218.79,39,33.359999999999985,185.43,3,15.24749760043877,0.855384615384615,4.754615384615385,5.609999999999999,Secret Factory,41.446333,-90.565487
1180,US-2024-11180-CH,2026-06-02,2026-06-04,Standard Class,CUST-12952,United States,Seattle,Washington,98101,Chocolate,Pacific,PROD-7514,Wonka Bar - Triple Dazzle Caramel,72.91,23,29.639999999999993,43.27,2,40.6528596900288,1.2886956521739128,1.8813043478260871,3.17,Wicked Choccy's,32.076176,-81.088371
1181,US-2024-11181-CH,2025-04-23,2025-04-26,Standard Class,CUST-19049,United States,Henderson,Kentucky,42420,Chocolate,Gulf,PROD-8572,Wonka Bar - Nutty Crunch Surprise,147.43,23,93.9,53.53,3,63.691243301905985,4.0826086956521745,2.327391304347826,6.41,Lot's O' Nuts,32.881893,-111.768036
1182,US-2024-11182-CH,2025-11-16,2025-11-20,Standard Class,CUST-10540,United States,Seattle,Washington,98101,Chocolate,Pacific,PROD-7514,Wonka Bar - Triple Dazzle Caramel,262.8,45,158.47000000000003,104.33,4,60.3006088280061,3.521555555555556,2.3184444444444443,5.84,Wicked Choccy's,32.076176,-81.088371
1183,US-2024-11183-CH,2026-03-01,2026-03-04,Standard Class,CUST-11551,United States,Los Angeles,California,90049,Chocolate,Pacific,PROD-3776,Wonka Bar -Scrumdiddlyumptious,153.36,36,65.70000000000002,87.66,3,42.84037558685447,1.8250000000000004,2.435,4.260000000000001,Lot's O' Nuts,32.881893,-111.768036
1184,US-2024-11184-CH,2026-01-31,2026-02-04,Standard Class,CUST-11536,United States,Naperville,Illinois,60540,Chocolate,Interior,PROD-8572,Wonka Bar - Nutty Crunch Surprise,132.93,21,57.72000000000001,75.21,4,43.42134958248703,2.748571428571429,3.581428571428571,6.33,Lot's O' Nuts,32.881893,-111.768036
1185,US-2024-11185-CH,2024-08-19,2024-08-22,First Class,CUST-12180,United States,Houston,Texas,77095,Other,Gulf,PROD-9359,Fizzy Lifting Drinks,476.8,40,51.460000000000036,425.34,3,10.792785234899336,1.2865000000000009,10.6335,11.92,Sugar Shack,48.11914,-96.18115
1186,US-2024-11186-CH,2024-02-03,2024-02-05,Standard Class,CUST-10288,United States,Los Angeles,California,90049,Sugar,Pacific,PROD-9885,Fun Dip,379.5,46,101.48000000000002,278.02,2,26.74044795783927,2.2060869565217396,6.043913043478261,8.25,Sugar Shack,48.11914,-96.18115
1187,US-2024-11187-CH,2026-05-28,2026-05-31,Second Class,CUST-16213,United States,Athens,Georgia,30605,Chocolate,Gulf,PROD-8572,Wonka Bar - Nutty Crunch Surprise,226.71,33,104.11000000000001,122.6,3,45.922103127343306,3.1548484848484852,3.715151515151515,6.87,Lot's O' Nuts,32.881893,-111.768036
1188,US-2024-11188-CH,2025-12-27,2026-01-01,Standard Class,CUST-11239,United States,Los Angeles,California,90049,Sugar,Pacific,PROD-5646,Nerds,71.06,11,23.240000000000002,47.82,5,32.70475654376583,2.112727272727273,4.347272727272728,6.46,Sugar Shack,48.11914,-96.18115
1189,US-2024-11189-CH,2026-06-14,2026-06-16,Second Class,CUST-15055,United States,Henderson,Kentucky,42420,Chocolate,Gulf,PROD-8572,Wonka Bar - Nutty Crunch Surprise,72.24,28,42.97999999999999,29.26,2,59.496124031007746,1.5349999999999997,1.0450000000000002,2.5799999999999996,Lot's O' Nuts,32.881893,-111.768036
1190,US-2024-11190-CH,2025-09-07,2025-09-14,Standard Class,CUST-11919,United States,Henderson,Kentucky,42420,Sugar,Gulf,PROD-6629,SweeTARTS,333.9,42,140.48,193.42,7,42.072476789457916,3.3447619047619046,4.605238095238095,7.949999999999999,Sugar Shack,48.11914,-96.18115
1191,US-2024-11191-CH,2025-05-31,2025-06-07,Standard Class,CUST-17856,United States,Philadelphia,Pennsylvania,19143,Chocolate,Atlantic,PROD-0874,Wonka Bar - Milk Chocolate,226.67,19,127.64999999999999,99.02,7,56.31534830370142,6.718421052631578,5.21157894736842,11.93,Wicked Choccy's,32.076176,-81.088371
1192,US-2024-11192-CH,2025-10-18,2025-10-22,Standard Class,CUST-17614,United States,Chicago,Illinois,60601,Sugar,Interior,PROD-2533,Laffy Taffy,301.05,45,135.14000000000001,165.91,4,44.889553230360406,3.0031111111111115,3.686888888888889,6.69,Sugar Shack,48.11914,-96.18115
1193,US-2024-11193-CH,2025-08-28,2025-08-31,Standard Class,CUST-14621,United States,Seattle,Washington,98101,Sugar,Pacific,PROD-0725,Hair Toffee,288.36,27,73.22000000000003,215.14,3,25.391871272021092,2.711851851851853,7.968148148148147,10.68,The Other Factory,35.1175,-89.971107
1194,US-2024-11194-CH,2024-01-03,2024-01-06,Standard Class,CUST-11137,United States,Los Angeles,California,90049,Chocolate,Pacific,PROD-7514,Wonka Bar - Triple Dazzle Caramel,174.9,30,110.06,64.84,3,62.927387078330476,3.6686666666666667,2.1613333333333333,5.83,Wicked Choccy's,32.076176,-81.088371
1195,US-2024-11195-CH,2026-04-22,2026-04-25,Standard Class,CUST-17820,United States,Chicago,Illinois,60601,Chocolate,Interior,PROD-7514,Wonka Bar - Triple Dazzle Caramel,40.8,12,19.72,21.08,3,48.333333333333336,1.6433333333333333,1.7566666666666666,3.4,Wicked Choccy's,32.076176,-81.088371
1196,US-2024-11196-CH,2025-09-12,2025-09-15,Standard Class,CUST-18567,United States,New York,New York,10001,Other,Atlantic,PROD-9415,Wonka Gum,380.12,34,89.94,290.18,3,23.66094917394507,2.6452941176470586,8.534705882352942,11.18,Secret Factory,41.446333,-90.565487
1197,US-2024-11197-CH,2025-09-11,2025-09-14,First Class,CUST-18798,United States,Naperville,Illinois,60540,Sugar,Interior,PROD-2533,Laffy Taffy,17.25,5,5.25,12.0,3,30.434782608695656,1.05,2.4,3.45,Sugar Shack,48.11914,-96.18115
1198,US-2024-11198-CH,2026-06-02,2026-06-04,Standard Class,CUST-18120,United States,Chicago,Illinois,60601,Sugar,Interior,PROD-5646,Nerds,125.58,42,55.06,70.52,2,43.844561235865584,1.310952380952381,1.679047619047619,2.9899999999999998,Sugar Shack,48.11914,-96.18115
1199,US-2024-11199-CH,2025-08-18,2025-08-21,Second Class,CUST-18744,United States,Athens,Georgia,30605,Chocolate,Gulf,PROD-3893,Wonka Bar - Fudge Mallows,414.05,49,231.66000000000003,182.39,3,55.9497645211931,4.727755102040817,3.7222448979591833,8.450000000000001,Lot's O' Nuts,32.881893,-111.768036
1200,US-2024-11200-CH,2025-07-15,2025-07-19,Standard Class,CUST-14861,United States,Atlanta,Georgia,30301,Sugar,Gulf,PROD-2533,Laffy Taffy,113.16,41,46.50999999999999,66.65,4,41.10109579356662,1.1343902439024387,1.625609756097561,2.76,Sugar Shack,48.11914,-96.18115
1201,US-2024-11201-CH,2025-12-29,2026-01-05,Standard Class,CUST-13898,United States,New York,New York,10001,Other,Atlantic,PROD-2646,Kazookles,87.36,13,21.200000000000003,66.16,7,24.26739926739927,1.630769230769231,5.089230769230769,6.72,The Other Factory,35.1175,-89.971107
1202,US-2024-11202-CH,2024-09-28,2024-10-01,Standard Class,CUST-13862,United States,Seattle,Washington,98101,Chocolate,Pacific,PROD-7514,Wonka Bar - Triple Dazzle Caramel,358.6,44,196.66000000000003,161.94,3,54.84104852203012,4.469545454545455,3.680454545454545,8.15,Wicked Choccy's,32.076176,-81.088371
1203,US-2024-11203-CH,2024-04-12,2024-04-14,Standard Class,CUST-18711,United States,Athens,Georgia,30605,Other,Gulf,PROD-9415,Wonka Gum,323.31,39,84.35,238.96,2,26.0895116142402,2.1628205128205127,6.127179487179488,8.290000000000001,Secret Factory,41.446333,-90.565487
1204,US-2024-11204-CH,2025-06-29,2025-07-03,First Class,CUST-17207,United States,New York,New York,10001,Sugar,Atlantic,PROD-5646,Nerds,229.77,37,97.13000000000002,132.64,4,42.2727074900988,2.6251351351351357,3.5848648648648647,6.21,Sugar Shack,48.11914,-96.18115
1205,US-2024-11205-CH,2024-06-27,2024-07-01,Standard Class,CUST-17004,United States,Chicago,Illinois,60601,Other,Interior,PROD-0345,Lickable Wallpaper,380.16,32,29.680000000000007,350.48,4,7.807239057239059,0.9275000000000002,10.9525,11.88,Secret Factory,41.446333,-90.565487
1206,US-2024-11206-CH,2026-05-15,2026-05-18,Standard Class,CUST-17145,United States,Los Angeles,California,90049,Sugar,Pacific,PROD-6629,SweeTARTS,410.78,38,104.88,305.9,3,25.53191489361702,2.76,8.049999999999999,10.809999999999999,Sugar Shack,48.11914,-96.18115
1207,US-2024-11207-CH,2026-02-02,2026-02-04,Second Class,CUST-12160,United States,Naperville,Illinois,60540,Sugar,Interior,PROD-6629,SweeTARTS,87.2,10,38.440000000000005,48.76,2,44.082568807339456,3.8440000000000003,4.8759999999999994,8.72,Sugar Shack,48.11914,-96.18115
1208,US-2024-11208-CH,2026-01-28,2026-01-30,Standard Class,CUST-12368,United States,Seattle,Washington,98101,Chocolate,Pacific,PROD-7514,Wonka Bar - Triple Dazzle Caramel,71.99,23,30.889999999999993,41.1,2,42.90873732462842,1.3430434782608693,1.7869565217391306,3.13,Wicked Choccy's,32.076176,-81.088371
1209,US-2024-11209-CH,2024-10-15,2024-10-18,Standard Class,CUST-14970,United States,Athens,Georgia,30605,Sugar,Gulf,PROD-2533,Laffy Taffy,319.31,37,123.72,195.59,3,38.74604616203689,3.343783783783784,5.286216216216216,8.63,Sugar Shack,48.11914,-96.18115
1210,US-2024-11210-CH,2025-01-10,2025-01-14,Second Class,CUST-16578,United States,Seattle,Washington,98101,Sugar,Pacific,PROD-9885,Fun Dip,99.72,12,32.379999999999995,67.34,4,32.4709185720016,2.698333333333333,5.611666666666667,8.31,Sugar Shack,48.11914,-96.18115
1211,US-2024-11211-CH,2025-01-07,2025-01-10,Standard Class,CUST-12366,United States,Philadelphia,Pennsylvania,19143,Sugar,Atlantic,PROD-0725,Hair Toffee,17.2,2,4.639999999999999,12.56,3,26.97674418604651,2.3199999999999994,6.28,8.6,The Other Factory,35.1175,-89.971107
1212,US-2024-11212-CH,2026-05-02,2026-05-06,First Class,CUST-11614,United States,Henderson,Kentucky,42420,Sugar,Gulf,PROD-0725,Hair Toffee,144.73,41,48.18999999999998,96.54,4,33.29648310647412,1.175365853658536,2.3546341463414637,3.53,The Other Factory,35.1175,-89.971107
1213,US-2024-11213-CH,2024-04-30,2024-05-05,Standard Class,CUST-15733,United States,New York,New York,10001,Sugar,Atlantic,PROD-0725,Hair Toffee,40.18,7,7.039999999999999,33.14,5,17.521154803384768,1.0057142857142856,4.734285714285714,5.74,The Other Factory,35.1175,-89.971107
1214,US-2024-11214-CH,2025-07-22,2025-07-26,Standard Class,CUST-14960,United States,New York,New York,10001,Sugar,Atlantic,PROD-5646,Nerds,9.82,2,2.6000000000000005,7.22,4,26.4765784114053,1.3000000000000003,3.61,4.91,Sugar Shack,48.11914,-96.18115
1215,US-2024-11215-CH,2025-02-10,2025-02-14,Standard Class,CUST-10730,United States,Houston,Texas,77095,Other,Gulf,PROD-9415,Wonka Gum,215.6,20,47.69999999999999,167.9,4,22.124304267161403,2.3849999999999993,8.395,10.78,Secret Factory,41.446333,-90.565487
1216,US-2024-11216-CH,2024-07-14,2024-07-19,Standard Class,CUST-16553,United States,Philadelphia,Pennsylvania,19143,Sugar,Atlantic,PROD-9885,Fun Dip,29.52,8,7.629999999999999,21.89,5,25.846883468834687,0.9537499999999999,2.73625,3.69,Sugar Shack,48.11914,-96.18115
1217,US-2024-11217-CH,2026-02-15,2026-02-17,First Class,CUST-10908,United States,Houston,Texas,77095,Sugar,Gulf,PROD-2533,Laffy Taffy,401.62,43,109.04000000000002,292.58,2,27.150042328569302,2.5358139534883724,6.804186046511628,9.34,Sugar Shack,48.11914,-96.18115
1218,US-2024-11218-CH,2026-04-12,2026-04-14,Standard Class,CUST-17989,United States,Atlanta,Georgia,30301,Sugar,Gulf,PROD-0725,Hair Toffee,59.22,9,12.21,47.01,2,20.618034447821685,1.3566666666666667,5.223333333333333,6.58,The Other Factory,35.1175,-89.971107
1219,US-2024-11219-CH,2026-05-11,2026-05-14,Standard Class,CUST-18945,United States,Henderson,Kentucky,42420,Other,Gulf,PROD-9359,Fizzy Lifting Drinks,200.07,27,27.689999999999998,172.38,3,13.840155945419102,1.0255555555555556,6.384444444444444,7.41,Sugar Shack,48.11914,-96.18115
1220,US-2024-11220-CH,2025-09-22,2025-09-25,Standard Class,CUST-18998,United States,Los Angeles,California,90049,Sugar,Pacific,PROD-2533,Laffy Taffy,217.55,19,85.33000000000001,132.22,3,39.22316708802575,4.491052631578948,6.958947368421053,11.450000000000001,Sugar Shack,48.11914,-96.18115
1221,US-2024-11221-CH,2025-12-04,2025-12-08,Standard Class,CUST-11164,United States,Henderson,Kentucky,42420,Other,Gulf,PROD-2646,Kazookles,123.93,17,26.78,97.15,4,21.608972807229886,1.575294117647059,5.714705882352941,7.29,The Other Factory,35.1175,-89.971107
1222,US-2024-11222-CH,2025-03-22,2025-03-27,Second Class,CUST-12711,United States,Seattle,Washington,98101,Sugar,Pacific,PROD-0725,Hair Toffee,206.92,28,26.22,180.7,5,12.671563889425865,0.9364285714285714,6.453571428571428,7.39,The Other Factory,35.1175,-89.971107
1223,US-2024-11223-CH,2025-03-07,2025-03-10,Standard Class,CUST-12655,United States,Philadelphia,Pennsylvania,19143,Sugar,Atlantic,PROD-6629,SweeTARTS,149.76,16,43.56999999999999,106.19,3,29.093215811965813,2.7231249999999996,6.636875,9.36,Sugar Shack,48.11914,-96.18115
1224,US-2024-11224-CH,2024-08-14,2024-08-18,Same Day,CUST-17519,United States,Philadelphia,Pennsylvania,19143,Other,Atlantic,PROD-0345,Lickable Wallpaper,175.26,46,7.319999999999993,167.94,4,4.176651831564529,0.15913043478260855,3.6508695652173913,3.8099999999999996,Secret Factory,41.446333,-90.565487
1225,US-2024-11225-CH,2025-10-25,2025-10-28,First Class,CUST-15588,United States,Henderson,Kentucky,42420,Chocolate,Gulf,PROD-3776,Wonka Bar -Scrumdiddlyumptious,65.93,19,36.28000000000001,29.65,3,55.02806006370393,1.9094736842105267,1.5605263157894735,3.47,Lot's O' Nuts,32.881893,-111.768036
1226,US-2024-11226-CH,2025-11-30,2025-12-07,Standard Class,CUST-13881,United States,Athens,Georgia,30605,Sugar,Gulf,PROD-9885,Fun Dip,178.56,24,72.19,106.37,7,40.42898745519713,3.0079166666666666,4.432083333333334,7.44,Sugar Shack,48.11914,-96.18115
1227,US-2024-11227-CH,2025-05-28,2025-06-04,Second Class,CUST-10246,United States,Naperville,Illinois,60540,Sugar,Interior,PROD-6629,SweeTARTS,469.66,46,138.33000000000004,331.33,7,29.453221479368057,3.0071739130434794,7.202826086956521,10.21,Sugar Shack,48.11914,-96.18115
1228,US-2024-11228-CH,2025-09-15,2025-09-18,Second Class,CUST-13691,United States,Chicago,Illinois,60601,Chocolate,Interior,PROD-3893,Wonka Bar - Fudge Mallows,384.16,49,192.28000000000003,191.88,3,50.05206164098293,3.9240816326530616,3.9159183673469387,7.840000000000001,Lot's O' Nuts,32.881893,-111.768036
1229,US-2024-11229-CH,2024-09-09,2024-09-12,Same Day,CUST-15487,United States,Philadelphia,Pennsylvania,19143,Other,Atlantic,PROD-2646,Kazookles,440.0,40,87.22000000000003,352.78,3,19.822727272727278,2.1805000000000008,8.8195,11.0,The Other Factory,35.1175,-89.971107
1230,US-2024-11230-CH,2026-01-29,2026-02-05,Standard Class,CUST-16793,United States,Atlanta,Georgia,30301,Sugar,Gulf,PROD-2120,Everlasting Gobstopper,86.76,18,24.860000000000007,61.9,7,28.65375749193177,1.3811111111111114,3.4388888888888887,4.82,Secret Factory,41.446333,-90.565487
1231,US-2024-11231-CH,2025-11-13,2025-11-17,Standard Class,CUST-12809,United States,New York,New York,10001,Other,Atlantic,PROD-9415,Wonka Gum,346.43,49,88.11000000000001,258.32,4,25.43370955171319,1.7981632653061228,5.271836734693878,7.07,Secret Factory,41.446333,-90.565487
1232,US-2024-11232-CH,2025-01-04,2025-01-06,Standard Class,CUST-17292,United States,Henderson,Kentucky,42420,Other,Gulf,PROD-9359,Fizzy Lifting Drinks,249.6,39,7.909999999999997,241.69,2,3.1690705128205114,0.20282051282051272,6.197179487179487,6.3999999999999995,Sugar Shack,48.11914,-96.18115
1233,US-2024-11233-CH,2026-05-30,2026-06-01,Standard Class,CUST-19852,United States,Philadelphia,Pennsylvania,19143,Chocolate,Atlantic,PROD-3893,Wonka Bar - Fudge Mallows,132.3,35,69.33000000000001,62.97,2,52.40362811791384,1.9808571428571433,1.7991428571428572,3.7800000000000002,Lot's O' Nuts,32.881893,-111.768036
1234,US-2024-11234-CH,2024-08-04,2024-08-08,First Class,CUST-14301,United States,Henderson,Kentucky,42420,Other,Gulf,PROD-9359,Fizzy Lifting Drinks,296.02,38,-7.430000000000007,303.45,4,-2.5099655428687275,-0.19552631578947385,7.985526315789474,7.789999999999999,Sugar Shack,48.11914,-96.18115
1235,US-2024-11235-CH,2025-11-30,2025-12-03,Standard Class,CUST-14916,United States,New York,New York,10001,Sugar,Atlantic,PROD-5646,Nerds,456.23,43,129.77000000000004,326.46,3,28.443986585713354,3.017906976744187,7.5920930232558135,10.610000000000001,Sugar Shack,48.11914,-96.18115
1236,US-2024-11236-CH,2024-01-24,2024-01-26,Standard Class,CUST-10910,United States,Chicago,Illinois,60601,Chocolate,Interior,PROD-0874,Wonka Bar - Milk Chocolate,370.04,44,203.65000000000003,166.39,2,55.03459085504271,4.628409090909091,3.781590909090909,8.41,Wicked Choccy's,32.076176,-81.088371
1237,US-2024-11237-CH,2025-05-29,2025-06-01,Second Class,CUST-14722,United States,Los Angeles,California,90049,Chocolate,Pacific,PROD-3776,Wonka Bar -Scrumdiddlyumptious,130.88,32,58.28,72.6,3,44.52933985330073,1.82125,2.26875,4.09,Lot's O' Nuts,32.881893,-111.768036
1238,US-2024-11238-CH,2026-04-24,2026-05-01,First Class,CUST-11400,United States,Henderson,Kentucky,42420,Other,Gulf,PROD-0345,Lickable Wallpaper,334.08,48,25.909999999999968,308.17,7,7.755627394636005,0.539791666666666,6.420208333333334,6.96,Secret Factory,41.446333,-90.565487
1239,US-2024-11239-CH,2025-10-28,2025-11-02,First Class,CUST-15062,United States,Naperville,Illinois,60540,Other,Interior,PROD-9415,Wonka Gum,438.55,49,106.41000000000003,332.14,5,24.264051989510893,2.171632653061225,6.778367346938775,8.950000000000001,Secret Factory,41.446333,-90.565487
1240,US-2024-11240-CH,2025-09-15,2025-09-18,Second Class,CUST-10949,United States,Los Angeles,California,90049,Chocolate,Pacific,PROD-0874,Wonka Bar - Milk Chocolate,341.22,47,195.09000000000003,146.13,3,57.174257077545285,4.150851063829788,3.1091489361702127,7.260000000000001,Wicked Choccy's,32.076176,-81.088371
1241,US-2024-11241-CH,2025-05-03,2025-05-07,Standard Class,CUST-16994,United States,Atlanta,Georgia,30301,Chocolate,Gulf,PROD-7514,Wonka Bar - Triple Dazzle Caramel,306.0,36,168.03,137.97,4,54.91176470588235,4.6675,3.8325,8.5,Wicked Choccy's,32.076176,-81.088371
1242,US-2024-11242-CH,2025-09-12,2025-09-16,Standard Class,CUST-13765,United States,Los Angeles,California,90049,Sugar,Pacific,PROD-2533,Laffy Taffy,348.3,43,124.14000000000001,224.16,4,35.64168819982774,2.8869767441860468,5.213023255813954,8.1,Sugar Shack,48.11914,-96.18115
1243,US-2024-11243-CH,2026-02-18,2026-02-21,Standard Class,CUST-14179,United States,Houston,Texas,77095,Sugar,Gulf,PROD-2120,Everlasting Gobstopper,64.09,13,8.340000000000003,55.75,3,13.012950538305512,0.6415384615384618,4.288461538461538,4.930000000000001,Secret Factory,41.446333,-90.565487
1244,US-2024-11244-CH,2024-06-24,2024-06-26,Standard Class,CUST-10666,United States,Chicago,Illinois,60601,Sugar,Interior,PROD-0725,Hair Toffee,149.75,25,15.680000000000007,134.07,2,10.470784641068452,0.6272000000000003,5.3628,5.99,The Other Factory,35.1175,-89.971107
1245,US-2024-11245-CH,2024-01-13,2024-01-18,First Class,CUST-15229,United States,Philadelphia,Pennsylvania,19143,Chocolate,Atlantic,PROD-7514,Wonka Bar - Triple Dazzle Caramel,441.12,48,230.76,210.36,5,52.31229597388466,4.8075,4.3825,9.19,Wicked Choccy's,32.076176,-81.088371
1246,US-2024-11246-CH,2025-06-09,2025-06-12,First Class,CUST-16574,United States,Henderson,Kentucky,42420,Chocolate,Gulf,PROD-7514,Wonka Bar - Triple Dazzle Caramel,259.12,41,150.09,109.03,3,57.92297005248533,3.660731707317073,2.6592682926829267,6.32,Wicked Choccy's,32.076176,-81.088371
1247,US-2024-11247-CH,2024-03-30,2024-04-02,Standard Class,CUST-11756,United States,Houston,Texas,77095,Other,Gulf,PROD-9415,Wonka Gum,238.0,20,39.41999999999999,198.58,3,16.563025210084028,1.9709999999999994,9.929,11.9,Secret Factory,41.446333,-90.565487
1248,US-2024-11248-CH,2026-02-16,2026-02-20,Standard Class,CUST-10324,United States,Houston,Texas,77095,Other,Gulf,PROD-2646,Kazookles,166.09,17,49.260000000000005,116.83,4,29.65861882112108,2.8976470588235297,6.87235294117647,9.77,The Other Factory,35.1175,-89.971107
1249,US-2024-11249-CH,2025-08-06,2025-08-09,Standard Class,CUST-12019,United States,Philadelphia,Pennsylvania,19143,Other,Atlantic,PROD-9359,Fizzy Lifting Drinks,104.04,17,12.010000000000005,92.03,3,11.543637062668209,0.7064705882352944,5.413529411764706,6.12,Sugar Shack,48.11914,-96.18115
1250,US-2024-11250-CH,2025-09-14,2025-09-21,Second Class,CUST-13081,United States,New York,New York,10001,Sugar,Atlantic,PROD-5646,Nerds,109.99,17,48.239999999999995,61.75,7,43.85853259387217,2.837647058823529,3.6323529411764706,6.47,Sugar Shack,48.11914,-96.18115
1251,US-2024-11251-CH,2025-02-16,2025-02-20,Second Class,CUST-16540,United States,Athens,Georgia,30605,Sugar,Gulf,PROD-9885,Fun Dip,312.3,45,117.21000000000001,195.09,4,37.531219980787704,2.6046666666666667,4.335333333333334,6.94,Sugar Shack,48.11914,-96.18115
1252,US-2024-11252-CH,2024-10-03,2024-10-06,First Class,CUST-15024,United States,Philadelphia,Pennsylvania,19143,Other,Atlantic,PROD-9415,Wonka Gum,64.92,6,19.5,45.42,3,30.036968576709793,3.25,7.57,10.82,Secret Factory,41.446333,-90.565487
1253,US-2024-11253-CH,2024-06-07,2024-06-10,Standard Class,CUST-12369,United States,New York,New York,10001,Chocolate,Atlantic,PROD-0874,Wonka Bar - Milk Chocolate,204.4,28,119.98,84.42,3,58.698630136986296,4.285,3.015,7.3,Wicked Choccy's,32.076176,-81.088371
1254,US-2024-11254-CH,2025-06-12,2025-06-15,Second Class,CUST-14905,United States,Naperville,Illinois,60540,Sugar,Interior,PROD-0725,Hair Toffee,25.1,5,4.710000000000001,20.39,3,18.764940239043824,0.9420000000000002,4.078,5.0200000000000005,The Other Factory,35.1175,-89.971107
1255,US-2024-11255-CH,2025-11-23,2025-11-26,Standard Class,CUST-13925,United States,Los Angeles,California,90049,Chocolate,Pacific,PROD-0874,Wonka Bar - Milk Chocolate,207.0,18,101.22,105.78,3,48.89855072463768,5.623333333333333,5.876666666666667,11.5,Wicked Choccy's,32.076176,-81.088371
1256,US-2024-11256-CH,2025-08-16,2025-08-19,Standard Class,CUST-14071,United States,Henderson,Kentucky,42420,Chocolate,Gulf,PROD-3893,Wonka Bar - Fudge Mallows,212.22,18,129.64,82.58,3,61.087550654980674,7.202222222222222,4.587777777777777,11.79,Lot's O' Nuts,32.881893,-111.768036
1257,US-2024-11257-CH,2025-07-08,2025-07-11,Same Day,CUST-12945,United States,New York,New York,10001,Other,Atlantic,PROD-2646,Kazookles,171.38,38,44.25,127.13,3,25.819815614424087,1.1644736842105263,3.3455263157894737,4.51,The Other Factory,35.1175,-89.971107
1258,US-2024-11258-CH,2025-07-21,2025-07-24,Standard Class,CUST-11152,United States,Athens,Georgia,30605,Sugar,Gulf,PROD-2533,Laffy Taffy,181.74,26,59.35000000000001,122.39,3,32.65654231319468,2.282692307692308,4.707307692307692,6.99,Sugar Shack,48.11914,-96.18115
1259,US-2024-11259-CH,2024-09-02,2024-09-07,First Class,CUST-15977,United States,Henderson,Kentucky,42420,Sugar,Gulf,PROD-9885,Fun Dip,383.67,49,113.44,270.23,5,29.56707587249459,2.3151020408163263,5.514897959183674,7.83,Sugar Shack,48.11914,-96.18115
1260,US-2024-11260-CH,2025-03-17,2025-03-20,Standard Class,CUST-17078,United States,Henderson,Kentucky,42420,Sugar,Gulf,PROD-0725,Hair Toffee,189.45,45,53.75999999999999,135.69,3,28.376880443388753,1.1946666666666665,3.0153333333333334,4.21,The Other Factory,35.1175,-89.971107
1261,US-2024-11261-CH,2026-03-16,2026-03-20,Standard Class,CUST-12957,United States,Seattle,Washington,98101,Chocolate,Pacific,PROD-3776,Wonka Bar -Scrumdiddlyumptious,130.25,25,68.55,61.7,4,52.629558541266796,2.742,2.468,5.21,Lot's O' Nuts,32.881893,-111.768036
1262,US-2024-11262-CH,2024-04-05,2024-04-08,First Class,CUST-12567,United States,Atlanta,Georgia,30301,Chocolate,Gulf,PROD-7514,Wonka Bar - Triple Dazzle Caramel,172.8,40,71.28000000000002,101.52,3,41.25000000000001,1.7820000000000005,2.538,4.32,Wicked Choccy's,32.076176,-81.088371
1263,US-2024-11263-CH,2024-02-12,2024-02-16,Standard Class,CUST-11178,United States,Atlanta,Georgia,30301,Other,Gulf,PROD-2646,Kazookles,302.96,28,52.859999999999985,250.1,4,17.44784790071296,1.8878571428571422,8.932142857142857,10.819999999999999,The Other Factory,35.1175,-89.971107
1264,US-2024-11264-CH,2025-11-09,2025-11-12,First Class,CUST-15612,United States,Chicago,Illinois,60601,Sugar,Interior,PROD-9885,Fun Dip,79.65,27,33.92000000000001,45.73,3,42.58631512868802,1.2562962962962967,1.6937037037037035,2.95,Sugar Shack,48.11914,-96.18115
1265,US-2024-11265-CH,2024-07-31,2024-08-07,Second Class,CUST-12406,United States,Philadelphia,Pennsylvania,19143,Other,Atlantic,PROD-9359,Fizzy Lifting Drinks,354.92,38,-10.050000000000011,364.97,7,-2.8316240279499634,-0.26447368421052664,9.604473684210527,9.34,Sugar Shack,48.11914,-96.18115
1266,US-2024-11266-CH,2026-05-30,2026-06-01,Standard Class,CUST-10702,United States,Naperville,Illinois,60540,Sugar,Interior,PROD-9885,Fun Dip,65.04,24,25.200000000000003,39.84,2,38.74538745387454,1.05,1.6600000000000001,2.7100000000000004,Sugar Shack,48.11914,-96.18115
1267,US-2024-11267-CH,2025-03-08,2025-03-11,Standard Class,CUST-10309,United States,Atlanta,Georgia,30301,Chocolate,Gulf,PROD-8572,Wonka Bar - Nutty Crunch Surprise,66.44,22,36.489999999999995,29.95,3,54.92173389524382,1.6586363636363635,1.3613636363636363,3.02,Lot's O' Nuts,32.881893,-111.768036
1268,US-2024-11268-CH,2026-05-30,2026-06-01,Standard Class,CUST-10015,United States,Athens,Georgia,30605,Sugar,Gulf,PROD-9885,Fun Dip,55.52,8,14.670000000000002,40.85,2,26.42291066282421,1.8337500000000002,5.10625,6.94,Sugar Shack,48.11914,-96.18115
1269,US-2024-11269-CH,2025-10-07,2025-10-10,Standard Class,CUST-16412,United States,Naperville,Illinois,60540,Other,Interior,PROD-9415,Wonka Gum,27.12,6,6.890000000000001,20.23,3,25.405604719764014,1.1483333333333334,3.3716666666666666,4.5200000000000005,Secret Factory,41.446333,-90.565487
1270,US-2024-11270-CH,2024-11-11,2024-11-14,Standard Class,CUST-13046,United States,Seattle,Washington,98101,Other,Pacific,PROD-9415,Wonka Gum,226.49,29,26.02000000000001,200.47,3,11.488365932270744,0.8972413793103452,6.912758620689655,7.8100000000000005,Secret Factory,41.446333,-90.565487
1271,US-2024-11271-CH,2025-11-27,2025-11-30,Second Class,CUST-10763,United States,Seattle,Washington,98101,Sugar,Pacific,PROD-2120,Everlasting Gobstopper,90.0,18,21.959999999999994,68.04,3,24.399999999999995,1.2199999999999998,3.7800000000000002,5.0,Secret Factory,41.446333,-90.565487
1272,US-2024-11272-CH,2026-03-26,2026-03-29,Standard Class,CUST-19771,United States,Naperville,Illinois,60540,Sugar,Interior,PROD-2533,Laffy Taffy,24.43,7,7.27,17.16,3,29.758493655341788,1.0385714285714285,2.4514285714285715,3.4899999999999998,Sugar Shack,48.11914,-96.18115
1273,US-2024-11273-CH,2026-01-23,2026-01-26,Standard Class,CUST-17433,United States,Atlanta,Georgia,30301,Sugar,Gulf,PROD-9885,Fun Dip,404.41,37,123.99000000000001,280.42,3,30.65947924136396,3.351081081081081,7.5789189189189194,10.930000000000001,Sugar Shack,48.11914,-96.18115
1274,US-2024-11274-CH,2025-12-31,2026-01-04,Standard Class,CUST-10131,United States,Henderson,Kentucky,42420,Sugar,Gulf,PROD-9885,Fun Dip,103.04,32,39.400000000000006,63.64,4,38.23757763975156,1.2312500000000002,1.98875,3.22,Sugar Shack,48.11914,-96.18115
1275,US-2024-11275-CH,2024-05-11,2024-05-14,Standard Class,CUST-11558,United States,Atlanta,Georgia,30301,Chocolate,Gulf,PROD-0874,Wonka Bar - Milk Chocolate,349.99,31,219.55,130.44,3,62.73036372467785,7.08225806451613,4.207741935483871,11.290000000000001,Wicked Choccy's,32.076176,-81.088371
1276,US-2024-11276-CH,2025-08-06,2025-08-08,First Class,CUST-13791,United States,Henderson,Kentucky,42420,Sugar,Gulf,PROD-2533,Laffy Taffy,151.98,34,65.89999999999999,86.08,2,43.360968548493226,1.9382352941176468,2.531764705882353,4.47,Sugar Shack,48.11914,-96.18115
1277,US-2024-11277-CH,2024-03-05,2024-03-08,Standard Class,CUST-18520,United States,Houston,Texas,77095,Sugar,Gulf,PROD-6629,SweeTARTS,415.84,46,159.76999999999998,256.07,3,38.42102731819931,3.473260869565217,5.566739130434782,9.04,Sugar Shack,48.11914,-96.18115
1278,US-2024-11278-CH,2025-03-13,2025-03-17,Standard Class,CUST-12558,United States,Houston,Texas,77095,Other,Gulf,PROD-0345,Lickable Wallpaper,45.54,18,2.25,43.29,4,4.940711462450593,0.125,2.405,2.53,Secret Factory,41.446333,-90.565487
1279,US-2024-11279-CH,2024-08-26,2024-08-29,Standard Class,CUST-15989,United States,Los Angeles,California,90049,Chocolate,Pacific,PROD-0874,Wonka Bar - Milk Chocolate,72.8,7,39.529999999999994,33.27,3,54.29945054945055,5.647142857142856,4.752857142857144,10.4,Wicked Choccy's,32.076176,-81.088371
1280,US-2024-11280-CH,2024-04-27,2024-04-30,Same Day,CUST-13280,United States,Chicago,Illinois,60601,Chocolate,Interior,PROD-3893,Wonka Bar - Fudge Mallows,129.2,38,82.38,46.82,3,63.76160990712074,2.167894736842105,1.2321052631578948,3.4,Lot's O' Nuts,32.881893,-111.768036
1281,US-2024-11281-CH,2025-06-02,2025-06-04,Standard Class,CUST-14862,United States,Naperville,Illinois,60540,Chocolate,Interior,PROD-7514,Wonka Bar - Triple Dazzle Caramel,10.48,2,4.61,5.87,2,43.98854961832061,2.305,2.935,5.24,Wicked Choccy's,32.076176,-81.088371
1282,US-2024-11282-CH,2024-07-27,2024-07-30,Standard Class,CUST-11469,United States,New York,New York,10001,Chocolate,Atlantic,PROD-3893,Wonka Bar - Fudge Mallows,146.16,21,84.78,61.38,3,58.00492610837439,4.037142857142857,2.922857142857143,6.96,Lot's O' Nuts,32.881893,-111.768036
1283,US-2024-11283-CH,2026-02-19,2026-02-23,Standard Class,CUST-11612,United States,Atlanta,Georgia,30301,Chocolate,Gulf,PROD-0874,Wonka Bar - Milk Chocolate,416.4,40,196.18999999999997,220.21,4,47.11575408261287,4.904749999999999,5.50525,10.41,Wicked Choccy's,32.076176,-81.088371
1284,US-2024-11284-CH,2024-12-22,2024-12-25,Standard Class,CUST-17202,United States,Philadelphia,Pennsylvania,19143,Sugar,Atlantic,PROD-0725,Hair Toffee,113.4,35,37.80000000000001,75.6,3,33.33333333333334,1.0800000000000003,2.1599999999999997,3.24,The Other Factory,35.1175,-89.971107
1285,US-2024-11285-CH,2025-01-05,2025-01-09,Standard Class,CUST-19379,United States,New York,New York,10001,Sugar,Atlantic,PROD-2120,Everlasting Gobstopper,147.9,15,16.039999999999992,131.86,4,10.845165652467879,1.0693333333333328,8.790666666666668,9.860000000000001,Secret Factory,41.446333,-90.565487
1286,US-2024-11286-CH,2024-08-07,2024-08-10,Standard Class,CUST-18722,United States,Chicago,Illinois,60601,Sugar,Interior,PROD-6629,SweeTARTS,55.48,19,18.239999999999995,37.24,3,32.87671232876711,0.9599999999999997,1.9600000000000002,2.92,Sugar Shack,48.11914,-96.18115
1287,US-2024-11287-CH,2025-04-19,2025-04-23,Second Class,CUST-11491,United States,New York,New York,10001,Other,Atlantic,PROD-2646,Kazookles,352.16,31,57.09000000000003,295.07,4,16.21138119036802,1.8416129032258075,9.518387096774193,11.360000000000001,The Other Factory,35.1175,-89.971107
1288,US-2024-11288-CH,2024-05-12,2024-05-16,Standard Class,CUST-15981,United States,Atlanta,Georgia,30301,Other,Gulf,PROD-9415,Wonka Gum,167.52,16,41.13000000000001,126.39,4,24.55229226361032,2.5706250000000006,7.899375,10.47,Secret Factory,41.446333,-90.565487
1289,US-2024-11289-CH,2026-03-11,2026-03-14,Standard Class,CUST-11546,United States,Atlanta,Georgia,30301,Other,Gulf,PROD-9415,Wonka Gum,266.77,37,81.67999999999998,185.09,3,30.6181354725044,2.207567567567567,5.002432432432433,7.209999999999999,Secret Factory,41.446333,-90.565487
1290,US-2024-11290-CH,2024-03-05,2024-03-07,Standard Class,CUST-11033,United States,Philadelphia,Pennsylvania,19143,Sugar,Atlantic,PROD-6629,SweeTARTS,99.45,17,39.040000000000006,60.41,2,39.25590749120161,2.2964705882352945,3.5535294117647056,5.8500000000000005,Sugar Shack,48.11914,-96.18115
1291,US-2024-11291-CH,2025-07-27,2025-07-30,Standard Class,CUST-13897,United States,Atlanta,Georgia,30301,Chocolate,Gulf,PROD-3776,Wonka Bar -Scrumdiddlyumptious,39.9,7,16.099999999999998,23.8,3,40.35087719298245,2.3,3.4,5.7,Lot's O' Nuts,32.881893,-111.768036
1292,US-2024-11292-CH,2024-01-27,2024-01-30,Standard Class,CUST-17429,United States,Los Angeles,California,90049,Sugar,Pacific,PROD-2533,Laffy Taffy,225.17,23,86.00999999999999,139.16,3,38.19780610205622,3.739565217391304,6.050434782608695,9.79,Sugar Shack,48.11914,-96.18115
1293,US-2024-11293-CH,2026-05-19,2026-05-22,Standard Class,CUST-11032,United States,New York,New York,10001,Chocolate,Atlantic,PROD-3893,Wonka Bar - Fudge Mallows,525.93,47,218.83999999999997,307.09,3,41.61010020344913,4.656170212765957,6.533829787234042,11.19,Lot's O' Nuts,32.881893,-111.768036
1294,US-2024-11294-CH,2026-03-02,2026-03-04,First Class,CUST-17730,United States,Chicago,Illinois,60601,Chocolate,Interior,PROD-0874,Wonka Bar - Milk Chocolate,250.6,35,122.69,127.91,2,48.9584996009577,3.5054285714285713,3.6545714285714284,7.16,Wicked Choccy's,32.076176,-81.088371
1295,US-2024-11295-CH,2025-11-09,2025-11-13,Standard Class,CUST-18097,United States,Atlanta,Georgia,30301,Chocolate,Gulf,PROD-0874,Wonka Bar - Milk Chocolate,222.64,46,139.33999999999997,83.3,4,62.585339561624146,3.029130434782608,1.8108695652173912,4.84,Wicked Choccy's,32.076176,-81.088371
1296,US-2024-11296-CH,2024-03-02,2024-03-05,Standard Class,CUST-11454,United States,Henderson,Kentucky,42420,Chocolate,Gulf,PROD-8572,Wonka Bar - Nutty Crunch Surprise,252.72,27,113.12,139.6,3,44.76100031655588,4.189629629629629,5.17037037037037,9.36,Lot's O' Nuts,32.881893,-111.768036
1297,US-2024-11297-CH,2025-06-08,2025-06-11,First Class,CUST-15095,United States,Seattle,Washington,98101,Chocolate,Pacific,PROD-3776,Wonka Bar -Scrumdiddlyumptious,186.12,33,102.15,83.97,3,54.88394584139266,3.0954545454545457,2.5445454545454544,5.640000000000001,Lot's O' Nuts,32.881893,-111.768036
1298,US-2024-11298-CH,2024-11-17,2024-11-19,First Class,CUST-11740,United States,Henderson,Kentucky,42420,Chocolate,Gulf,PROD-3776,Wonka Bar -Scrumdiddlyumptious,134.16,12,62.91,71.25,2,46.891771019677996,5.2425,5.9375,11.18,Lot's O' Nuts,32.881893,-111.768036
1299,US-2024-11299-CH,2024-06-26,2024-06-30,Standard Class,CUST-11217,United States,Houston,Texas,77095,Other,Gulf,PROD-9359,Fizzy Lifting Drinks,181.5,25,4.349999999999994,177.15,4,2.39669421487603,0.17399999999999977,7.086,7.26,Sugar Shack,48.11914,-96.18115
1300,US-2024-11300-CH,2026-06-06,2026-06-11,Standard Class,CUST-14589,United States,Chicago,Illinois,60601,Chocolate,Interior,PROD-7514,Wonka Bar - Triple Dazzle Caramel,243.0,30,109.38999999999999,133.61,5,45.01646090534979,3.6463333333333328,4.453666666666667,8.1,Wicked Choccy's,32.076176,-81.088371
1301,US-2024-11301-CH,2024-10-06,2024-10-09,First Class,CUST-11059,United States,Henderson,Kentucky,42420,Other,Gulf,PROD-9359,Fizzy Lifting Drinks,476.01,43,76.63999999999999,399.37,3,16.100502090292217,1.7823255813953485,9.28767441860465,11.07,Sugar Shack,48.11914,-96.18115
1302,US-2024-11302-CH,2024-08-20,2024-08-24,Standard Class,CUST-16748,United States,Houston,Texas,77095,Sugar,Gulf,PROD-2120,Everlasting Gobstopper,45.45,15,9.230000000000004,36.22,4,20.308030803080314,0.6153333333333336,2.4146666666666667,3.0300000000000002,Secret Factory,41.446333,-90.565487
1303,US-2024-11303-CH,2025-03-29,2025-04-02,Standard Class,CUST-13201,United States,Houston,Texas,77095,Chocolate,Gulf,PROD-3776,Wonka Bar -Scrumdiddlyumptious,121.38,14,61.42999999999999,59.95,4,50.60965562695666,4.3878571428571425,4.2821428571428575,8.67,Lot's O' Nuts,32.881893,-111.768036
1304,US-2024-11304-CH,2025-02-07,2025-02-10,First Class,CUST-19083,United States,Chicago,Illinois,60601,Other,Interior,PROD-2646,Kazookles,224.64,24,26.659999999999997,197.98,3,11.867877492877492,1.1108333333333331,8.249166666666666,9.36,The Other Factory,35.1175,-89.971107
1305,US-2024-11305-CH,2024-08-11,2024-08-14,Standard Class,CUST-11218,United States,Houston,Texas,77095,Other,Gulf,PROD-0345,Lickable Wallpaper,10.4,4,0.14000000000000057,10.26,3,1.3461538461538516,0.03500000000000014,2.565,2.6,Secret Factory,41.446333,-90.565487
1306,US-2024-11306-CH,2024-11-29,2024-12-02,Standard Class,CUST-12816,United States,Philadelphia,Pennsylvania,19143,Other,Atlantic,PROD-0345,Lickable Wallpaper,44.2,4,3.1099999999999994,41.09,3,7.036199095022623,0.7774999999999999,10.2725,11.05,Secret Factory,41.446333,-90.565487
1307,US-2024-11307-CH,2025-01-25,2025-01-28,Same Day,CUST-12057,United States,New York,New York,10001,Sugar,Atlantic,PROD-5646,Nerds,133.92,12,46.92999999999999,86.99,3,35.04330943847073,3.9108333333333327,7.2491666666666665,11.159999999999998,Sugar Shack,48.11914,-96.18115
1308,US-2024-11308-CH,2025-08-20,2025-08-25,Standard Class,CUST-15125,United States,Philadelphia,Pennsylvania,19143,Sugar,Atlantic,PROD-5646,Nerds,253.89,39,70.92999999999998,182.96,5,27.937295679231156,1.8187179487179481,4.691282051282052,6.51,Sugar Shack,48.11914,-96.18115
1309,US-2024-11309-CH,2025-07-01,2025-07-03,Standard Class,CUST-10772,United States,Houston,Texas,77095,Chocolate,Gulf,PROD-7514,Wonka Bar - Triple Dazzle Caramel,242.58,26,143.73000000000002,98.85,2,59.250556517437545,5.528076923076924,3.8019230769230767,9.33,Wicked Choccy's,32.076176,-81.088371
1310,US-2024-11310-CH,2025-01-12,2025-01-15,Standard Class,CUST-11803,United States,Henderson,Kentucky,42420,Sugar,Gulf,PROD-5646,Nerds,182.04,41,52.28999999999999,129.75,3,28.72445616348055,1.2753658536585364,3.1646341463414633,4.4399999999999995,Sugar Shack,48.11914,-96.18115
1311,US-2024-11311-CH,2025-07-28,2025-07-31,Second Class,CUST-15506,United States,Houston,Texas,77095,Sugar,Gulf,PROD-2120,Everlasting Gobstopper,364.42,38,91.53000000000003,272.89,3,25.11662367597827,2.4086842105263164,7.181315789473683,9.59,Secret Factory,41.446333,-90.565487
1312,US-2024-11312-CH,2025-07-03,2025-07-05,Second Class,CUST-14927,United States,Los Angeles,California,90049,Other,Pacific,PROD-9415,Wonka Gum,333.9,45,102.82999999999998,231.07,2,30.796645702306076,2.2851111111111106,5.134888888888889,7.42,Secret Factory,41.446333,-90.565487
1313,US-2024-11313-CH,2024-07-17,2024-07-22,Standard Class,CUST-13275,United States,Seattle,Washington,98101,Sugar,Pacific,PROD-2533,Laffy Taffy,28.7,5,11.649999999999999,17.05,5,40.59233449477351,2.3299999999999996,3.41,5.74,Sugar Shack,48.11914,-96.18115
1314,US-2024-11314-CH,2026-04-09,2026-04-16,Standard Class,CUST-18584,United States,Atlanta,Georgia,30301,Chocolate,Gulf,PROD-3776,Wonka Bar -Scrumdiddlyumptious,145.86,17,92.59,53.27,7,63.478678184560536,5.446470588235294,3.133529411764706,8.58,Lot's O' Nuts,32.881893,-111.768036
1315,US-2024-11315-CH,2025-07-06,2025-07-10,Second Class,CUST-15011,United States,Chicago,Illinois,60601,Sugar,Interior,PROD-0725,Hair Toffee,54.48,12,14.079999999999998,40.4,4,25.844346549192366,1.1733333333333331,3.3666666666666667,4.54,The Other Factory,35.1175,-89.971107
1316,US-2024-11316-CH,2025-08-06,2025-08-10,Second Class,CUST-14422,United States,Houston,Texas,77095,Sugar,Gulf,PROD-6629,SweeTARTS,223.52,44,64.16,159.36,4,28.704366499642088,1.458181818181818,3.621818181818182,5.08,Sugar Shack,48.11914,-96.18115
1317,US-2024-11317-CH,2024-10-22,2024-10-25,Second Class,CUST-17276,United States,Philadelphia,Pennsylvania,19143,Other,Atlantic,PROD-2646,Kazookles,220.89,37,43.77999999999997,177.11,3,19.81981981981981,1.1832432432432425,4.786756756756757,5.97,The Other Factory,35.1175,-89.971107
1318,US-2024-11318-CH,2024-04-14,2024-04-16,Standard Class,CUST-19555,United States,Philadelphia,Pennsylvania,19143,Sugar,Atlantic,PROD-9885,Fun Dip,78.68,28,19.690000000000005,58.99,2,25.025419420437217,0.7032142857142859,2.1067857142857145,2.81,Sugar Shack,48.11914,-96.18115
1319,US-2024-11319-CH,2025-06-27,2025-06-30,First Class,CUST-19476,United States,Philadelphia,Pennsylvania,19143,Other,Atlantic,PROD-0345,Lickable Wallpaper,287.06,31,43.02000000000001,244.04,3,14.9864139901066,1.3877419354838714,7.872258064516129,9.26,Secret Factory,41.446333,-90.565487
1320,US-2024-11320-CH,2025-11-06,2025-11-09,Second Class,CUST-10195,United States,Houston,Texas,77095,Other,Gulf,PROD-2646,Kazookles,44.0,10,5.840000000000003,38.16,3,13.27272727272728,0.5840000000000003,3.816,4.4,The Other Factory,35.1175,-89.971107
1321,US-2024-11321-CH,2025-10-08,2025-10-12,Second Class,CUST-10721,United States,Atlanta,Georgia,30301,Sugar,Gulf,PROD-9885,Fun Dip,13.25,5,4.0,9.25,4,30.18867924528302,0.8,1.85,2.65,Sugar Shack,48.11914,-96.18115
1322,US-2024-11322-CH,2024-06-13,2024-06-17,Standard Class,CUST-19294,United States,Atlanta,Georgia,30301,Sugar,Gulf,PROD-5646,Nerds,35.23,13,12.339999999999996,22.89,4,35.02696565427192,0.949230769230769,1.7607692307692309,2.71,Sugar Shack,48.11914,-96.18115
1323,US-2024-11323-CH,2026-06-12,2026-06-15,Standard Class,CUST-19387,United States,Atlanta,Georgia,30301,Other,Gulf,PROD-0345,Lickable Wallpaper,345.12,48,45.579999999999984,299.54,3,13.207000463606859,0.949583333333333,6.240416666666667,7.19,Secret Factory,41.446333,-90.565487
1324,US-2024-11324-CH,2026-01-21,2026-01-23,Same Day,CUST-18052,United States,New York,New York,10001,Sugar,Atlantic,PROD-9885,Fun Dip,176.16,16,49.769999999999996,126.39,2,28.252724795640326,3.1106249999999998,7.899375,11.01,Sugar Shack,48.11914,-96.18115
1325,US-2024-11325-CH,2025-02-03,2025-02-06,Second Class,CUST-10173,United States,New York,New York,10001,Chocolate,Atlantic,PROD-0874,Wonka Bar - Milk Chocolate,83.26,23,54.050000000000004,29.21,3,64.91712707182322,2.35,1.27,3.62,Wicked Choccy's,32.076176,-81.088371
1326,US-2024-11326-CH,2025-05-15,2025-05-19,Second Class,CUST-13057,United States,Atlanta,Georgia,30301,Chocolate,Gulf,PROD-0874,Wonka Bar - Milk Chocolate,20.48,2,8.63,11.85,4,42.13867187500001,4.315,5.925,10.24,Wicked Choccy's,32.076176,-81.088371
1327,US-2024-11327-CH,2026-05-03,2026-05-06,Standard Class,CUST-17053,United States,Chicago,Illinois,60601,Sugar,Interior,PROD-0725,Hair Toffee,103.35,13,32.629999999999995,70.72,3,31.572327044025155,2.51,5.4399999999999995,7.949999999999999,The Other Factory,35.1175,-89.971107
1328,US-2024-11328-CH,2025-09-30,2025-10-03,Standard Class,CUST-14869,United States,Los Angeles,California,90049,Chocolate,Pacific,PROD-3893,Wonka Bar - Fudge Mallows,44.1,7,21.68,22.42,3,49.1609977324263,3.097142857142857,3.2028571428571433,6.3,Lot's O' Nuts,32.881893,-111.768036
1329,US-2024-11329-CH,2025-01-16,2025-01-20,First Class,CUST-12343,United States,Atlanta,Georgia,30301,Chocolate,Gulf,PROD-0874,Wonka Bar - Milk Chocolate,249.28,38,112.02000000000001,137.26,4,44.93741976893453,2.9478947368421053,3.6121052631578947,6.56,Wicked Choccy's,32.076176,-81.088371
1330,US-2024-11330-CH,2025-06-13,2025-06-17,Standard Class,CUST-15400,United States,Atlanta,Georgia,30301,Sugar,Gulf,PROD-2120,Everlasting Gobstopper,175.11,39,43.74000000000001,131.37,4,24.97858488949803,1.1215384615384618,3.3684615384615384,4.49,Secret Factory,41.446333,-90.565487
1331,US-2024-11331-CH,2025-04-03,2025-04-07,Standard Class,CUST-12372,United States,Atlanta,Georgia,30301,Sugar,Gulf,PROD-0725,Hair Toffee,23.88,3,7.300000000000001,16.58,4,30.569514237855948,2.4333333333333336,5.526666666666666,7.96,The Other Factory,35.1175,-89.971107
1332,US-2024-11332-CH,2025-08-14,2025-08-17,Standard Class,CUST-10333,United States,Houston,Texas,77095,Sugar,Gulf,PROD-5646,Nerds,324.48,32,93.06000000000003,231.42,3,28.679733727810657,2.908125000000001,7.231875,10.14,Sugar Shack,48.11914,-96.18115
1333,US-2024-11333-CH,2025-02-14,2025-02-18,Standard Class,CUST-15659,United States,Philadelphia,Pennsylvania,19143,Sugar,Atlantic,PROD-5646,Nerds,170.68,17,75.75,94.93,4,44.381298336067495,4.455882352941177,5.584117647058824,10.040000000000001,Sugar Shack,48.11914,-96.18115
1334,US-2024-11334-CH,2024-01-09,2024-01-12,Standard Class,CUST-14664,United States,Athens,Georgia,30605,Sugar,Gulf,PROD-9885,Fun Dip,101.4,13,43.95,57.45,3,43.34319526627219,3.380769230769231,4.4192307692307695,7.800000000000001,Sugar Shack,48.11914,-96.18115
1335,US-2024-11335-CH,2025-10-17,2025-10-20,Standard Class,CUST-16813,United States,Athens,Georgia,30605,Sugar,Gulf,PROD-2533,Laffy Taffy,185.46,33,80.05000000000001,105.41,3,43.16294618785722,2.4257575757575762,3.1942424242424243,5.62,Sugar Shack,48.11914,-96.18115
1336,US-2024-11336-CH,2024-03-18,2024-03-20,Standard Class,CUST-19895,United States,Atlanta,Georgia,30301,Sugar,Gulf,PROD-9885,Fun Dip,107.82,18,46.529999999999994,61.29,2,43.15525876460768,2.5849999999999995,3.405,5.989999999999999,Sugar Shack,48.11914,-96.18115
1337,US-2024-11337-CH,2024-07-04,2024-07-07,First Class,CUST-15280,United States,Seattle,Washington,98101,Chocolate,Pacific,PROD-8572,Wonka Bar - Nutty Crunch Surprise,114.41,17,74.35,40.06,3,64.9855781837252,4.373529411764705,2.356470588235294,6.7299999999999995,Lot's O' Nuts,32.881893,-111.768036
1338,US-2024-11338-CH,2024-05-07,2024-05-12,Second Class,CUST-15158,United States,Chicago,Illinois,60601,Chocolate,Interior,PROD-8572,Wonka Bar - Nutty Crunch Surprise,84.72,24,43.9,40.82,5,51.817752596789425,1.8291666666666666,1.7008333333333334,3.53,Lot's O' Nuts,32.881893,-111.768036
1339,US-2024-11339-CH,2026-05-10,2026-05-12,Standard Class,CUST-11076,United States,New York,New York,10001,Other,Atlantic,PROD-0345,Lickable Wallpaper,219.5,25,3.6299999999999955,215.87,2,1.653758542141228,0.14519999999999983,8.6348,8.78,Secret Factory,41.446333,-90.565487
1340,US-2024-11340-CH,2024-02-03,2024-02-06,Standard Class,CUST-17017,United States,Naperville,Illinois,60540,Chocolate,Interior,PROD-0874,Wonka Bar - Milk Chocolate,23.73,3,15.0,8.73,3,63.21112515802781,5.0,2.91,7.91,Wicked Choccy's,32.076176,-81.088371
1341,US-2024-11341-CH,2025-12-24,2025-12-27,Standard Class,CUST-14588,United States,Los Angeles,California,90049,Sugar,Pacific,PROD-0725,Hair Toffee,106.59,11,28.430000000000007,78.16,3,26.6722957125434,2.5845454545454554,7.1054545454545455,9.69,The Other Factory,35.1175,-89.971107
1342,US-2024-11342-CH,2025-10-07,2025-10-12,Second Class,CUST-16118,United States,New York,New York,10001,Chocolate,Atlantic,PROD-3893,Wonka Bar - Fudge Mallows,179.25,25,97.04,82.21,5,54.13668061366806,3.8816,3.2883999999999998,7.17,Lot's O' Nuts,32.881893,-111.768036
1343,US-2024-11343-CH,2025-09-17,2025-09-19,Second Class,CUST-16342,United States,Henderson,Kentucky,42420,Chocolate,Gulf,PROD-3893,Wonka Bar - Fudge Mallows,457.6,44,289.72,167.88,2,63.31293706293707,6.584545454545455,3.8154545454545454,10.4,Lot's O' Nuts,32.881893,-111.768036
1344,US-2024-11344-CH,2024-02-04,2024-02-07,Standard Class,CUST-12899,United States,Philadelphia,Pennsylvania,19143,Chocolate,Atlantic,PROD-0874,Wonka Bar - Milk Chocolate,265.19,23,148.13,117.06,3,55.85806402956371,6.440434782608696,5.089565217391304,11.53,Wicked Choccy's,32.076176,-81.088371
1345,US-2024-11345-CH,2024-05-26,2024-05-30,Standard Class,CUST-18877,United States,Naperville,Illinois,60540,Sugar,Interior,PROD-6629,SweeTARTS,201.24,36,62.120000000000005,139.12,4,30.868614589544823,1.7255555555555557,3.8644444444444446,5.59,Sugar Shack,48.11914,-96.18115
1346,US-2024-11346-CH,2025-02-22,2025-02-25,First Class,CUST-16157,United States,Seattle,Washington,98101,Sugar,Pacific,PROD-6629,SweeTARTS,305.73,43,131.84000000000003,173.89,3,43.123017041180134,3.0660465116279076,4.043953488372093,7.11,Sugar Shack,48.11914,-96.18115
1347,US-2024-11347-CH,2026-03-28,2026-03-31,Standard Class,CUST-13055,United States,Seattle,Washington,98101,Sugar,Pacific,PROD-5646,Nerds,370.23,41,147.55,222.68,3,39.85360451611161,3.5987804878048784,5.431219512195122,9.030000000000001,Sugar Shack,48.11914,-96.18115
1348,US-2024-11348-CH,2024-06-07,2024-06-10,Second Class,CUST-17189,United States,Houston,Texas,77095,Other,Gulf,PROD-9415,Wonka Gum,336.18,39,97.74000000000001,238.44,3,29.0737105122256,2.5061538461538464,6.113846153846154,8.620000000000001,Secret Factory,41.446333,-90.565487
1349,US-2024-11349-CH,2025-03-31,2025-04-03,Standard Class,CUST-10244,United States,New York,New York,10001,Chocolate,Atlantic,PROD-0874,Wonka Bar - Milk Chocolate,254.8,35,102.82000000000002,151.98,3,40.35321821036108,2.937714285714286,4.342285714285714,7.28,Wicked Choccy's,32.076176,-81.088371
1350,US-2024-11350-CH,2025-02-13,2025-02-17,Second Class,CUST-18552,United States,Atlanta,Georgia,30301,Chocolate,Gulf,PROD-7514,Wonka Bar - Triple Dazzle Caramel,445.6,40,179.16000000000003,266.44,4,40.20646319569121,4.479000000000001,6.661,11.14,Wicked Choccy's,32.076176,-81.088371
1351,US-2024-11351-CH,2025-12-16,2025-12-20,Same Day,CUST-19985,United States,Chicago,Illinois,60601,Other,Interior,PROD-0345,Lickable Wallpaper,116.61,23,7.700000000000003,108.91,4,6.603207272103595,0.3347826086956523,4.735217391304348,5.07,Secret Factory,41.446333,-90.565487
1352,US-2024-11352-CH,2026-03-04,2026-03-07,First Class,CUST-12853,United States,New York,New York,10001,Other,Atlantic,PROD-0345,Lickable Wallpaper,240.24,44,30.53,209.71,3,12.70812520812521,0.6938636363636363,4.766136363636364,5.46,Secret Factory,41.446333,-90.565487
1353,US-2024-11353-CH,2024-04-17,2024-04-19,Second Class,CUST-18391,United States,New York,New York,10001,Other,Atlantic,PROD-0345,Lickable Wallpaper,366.6,47,46.10000000000002,320.5,2,12.575013638843432,0.9808510638297877,6.819148936170213,7.800000000000001,Secret Factory,41.446333,-90.565487
1354,US-2024-11354-CH,2024-02-08,2024-02-12,Second Class,CUST-11764,United States,Houston,Texas,77095,Other,Gulf,PROD-0345,Lickable Wallpaper,54.9,5,8.43,46.47,4,15.355191256830599,1.686,9.294,10.98,Secret Factory,41.446333,-90.565487
1355,US-2024-11355-CH,2024-06-12,2024-06-15,First Class,CUST-13460,United States,Los Angeles,California,90049,Chocolate,Pacific,PROD-0874,Wonka Bar - Milk Chocolate,196.88,46,119.17,77.71,3,60.52925639983747,2.5906521739130435,1.6893478260869563,4.28,Wicked Choccy's,32.076176,-81.088371
1356,US-2024-11356-CH,2026-02-02,2026-02-04,Standard Class,CUST-17635,United States,Philadelphia,Pennsylvania,19143,Sugar,Atlantic,PROD-9885,Fun Dip,82.62,9,28.140000000000008,54.48,2,34.05954974582426,3.1266666666666674,6.053333333333333,9.18,Sugar Shack,48.11914,-96.18115
1357,US-2024-11357-CH,2025-07-31,2025-08-05,Standard Class,CUST-14227,United States,Athens,Georgia,30605,Other,Gulf,PROD-0345,Lickable Wallpaper,238.2,20,-1.3800000000000239,239.58,5,-0.5793450881612192,-0.0690000000000012,11.979000000000001,11.91,Secret Factory,41.446333,-90.565487
1358,US-2024-11358-CH,2025-03-14,2025-03-17,Same Day,CUST-15353,United States,Houston,Texas,77095,Sugar,Gulf,PROD-2533,Laffy Taffy,234.5,35,61.28999999999999,173.21,3,26.136460554371,1.751142857142857,4.948857142857143,6.7,Sugar Shack,48.11914,-96.18115
1359,US-2024-11359-CH,2024-09-27,2024-10-01,Standard Class,CUST-10464,United States,Los Angeles,California,90049,Sugar,Pacific,PROD-9885,Fun Dip,39.9,15,14.91,24.99,4,37.368421052631575,0.994,1.666,2.6599999999999997,Sugar Shack,48.11914,-96.18115
1360,US-2024-11360-CH,2024-10-14,2024-10-17,Standard Class,CUST-10446,United States,Chicago,Illinois,60601,Sugar,Interior,PROD-5646,Nerds,118.0,10,52.28,65.72,3,44.30508474576271,5.228,6.572,11.8,Sugar Shack,48.11914,-96.18115
1361,US-2024-11361-CH,2025-07-14,2025-07-17,Same Day,CUST-11725,United States,New York,New York,10001,Chocolate,Atlantic,PROD-8572,Wonka Bar - Nutty Crunch Surprise,222.87,19,123.56,99.31,3,55.440391259478616,6.503157894736842,5.226842105263158,11.73,Lot's O' Nuts,32.881893,-111.768036
1362,US-2024-11362-CH,2024-12-07,2024-12-10,Standard Class,CUST-19808,United States,Athens,Georgia,30605,Sugar,Gulf,PROD-2533,Laffy Taffy,176.64,24,55.44999999999999,121.19,3,31.391530797101446,2.3104166666666663,5.0495833333333335,7.359999999999999,Sugar Shack,48.11914,-96.18115
1363,US-2024-11363-CH,2024-08-09,2024-08-13,Second Class,CUST-12324,United States,Houston,Texas,77095,Other,Gulf,PROD-0345,Lickable Wallpaper,73.5,15,7.6299999999999955,65.87,4,10.380952380952376,0.5086666666666664,4.391333333333334,4.9,Secret Factory,41.446333,-90.565487
1364,US-2024-11364-CH,2026-05-14,2026-05-18,First Class,CUST-13255,United States,Philadelphia,Pennsylvania,19143,Sugar,Atlantic,PROD-5646,Nerds,214.59,23,56.78,157.81,4,26.45976047346102,2.468695652173913,6.861304347826087,9.33,Sugar Shack,48.11914,-96.18115
1365,US-2024-11365-CH,2024-08-17,2024-08-21,Standard Class,CUST-11507,United States,Los Angeles,California,90049,Chocolate,Pacific,PROD-3893,Wonka Bar - Fudge Mallows,35.28,8,15.060000000000002,20.22,4,42.68707482993197,1.8825000000000003,2.5275,4.41,Lot's O' Nuts,32.881893,-111.768036
1366,US-2024-11366-CH,2025-03-16,2025-03-18,Standard Class,CUST-14231,United States,Athens,Georgia,30605,Sugar,Gulf,PROD-0725,Hair Toffee,187.95,21,21.859999999999985,166.09,2,11.630752859803133,1.0409523809523802,7.9090476190476195,8.95,The Other Factory,35.1175,-89.971107
1367,US-2024-11367-CH,2024-06-20,2024-06-23,Standard Class,CUST-11331,United States,Henderson,Kentucky,42420,Sugar,Gulf,PROD-6629,SweeTARTS,208.11,21,84.66000000000001,123.45,3,40.6804093988756,4.031428571428572,5.878571428571429,9.91,Sugar Shack,48.11914,-96.18115
1368,US-2024-11368-CH,2025-06-13,2025-06-15,Standard Class,CUST-13983,United States,Henderson,Kentucky,42420,Chocolate,Gulf,PROD-0874,Wonka Bar - Milk Chocolate,280.8,39,146.71,134.09,2,52.247150997150996,3.761794871794872,3.4382051282051282,7.2,Wicked Choccy's,32.076176,-81.088371
1369,US-2024-11369-CH,2025-06-30,2025-07-07,Standard Class,CUST-10559,United States,Naperville,Illinois,60540,Sugar,Interior,PROD-0725,Hair Toffee,279.36,36,70.97000000000003,208.39,7,25.404495990836207,1.9713888888888897,5.788611111111111,7.760000000000001,The Other Factory,35.1175,-89.971107
1370,US-2024-11370-CH,2026-06-13,2026-06-17,Standard Class,CUST-16911,United States,Los Angeles,California,90049,Sugar,Pacific,PROD-2533,Laffy Taffy,92.32,16,32.279999999999994,60.04,4,34.965337954939336,2.0174999999999996,3.7525,5.77,Sugar Shack,48.11914,-96.18115
1371,US-2024-11371-CH,2025-04-01,2025-04-04,Second Class,CUST-15497,United States,Seattle,Washington,98101,Chocolate,Pacific,PROD-3776,Wonka Bar -Scrumdiddlyumptious,131.75,31,54.84,76.91,3,41.62428842504744,1.7690322580645161,2.480967741935484,4.25,Lot's O' Nuts,32.881893,-111.768036
1372,US-2024-11372-CH,2026-03-16,2026-03-20,Standard Class,CUST-16182,United States,Los Angeles,California,90049,Sugar,Pacific,PROD-2120,Everlasting Gobstopper,341.53,49,67.26999999999998,274.26,4,19.69665915146546,1.3728571428571426,5.597142857142857,6.97,Secret Factory,41.446333,-90.565487
1373,US-2024-11373-CH,2026-03-29,2026-03-31,Standard Class,CUST-10064,United States,Houston,Texas,77095,Chocolate,Gulf,PROD-0874,Wonka Bar - Milk Chocolate,208.64,32,93.23999999999998,115.4,2,44.6894171779141,2.9137499999999994,3.60625,6.52,Wicked Choccy's,32.076176,-81.088371
1374,US-2024-11374-CH,2025-06-03,2025-06-05,Second Class,CUST-13606,United States,Philadelphia,Pennsylvania,19143,Chocolate,Atlantic,PROD-0874,Wonka Bar - Milk Chocolate,249.26,22,144.41,104.85,2,57.93548904758084,6.5640909090909085,4.765909090909091,11.33,Wicked Choccy's,32.076176,-81.088371
1375,US-2024-11375-CH,2025-03-10,2025-03-13,Standard Class,CUST-17336,United States,Philadelphia,Pennsylvania,19143,Chocolate,Atlantic,PROD-3776,Wonka Bar -Scrumdiddlyumptious,221.4,41,106.35000000000001,115.05,3,48.03523035230353,2.5939024390243905,2.80609756097561,5.4,Lot's O' Nuts,32.881893,-111.768036
1376,US-2024-11376-CH,2024-08-26,2024-08-28,Second Class,CUST-15196,United States,Chicago,Illinois,60601,Sugar,Interior,PROD-5646,Nerds,160.6,22,67.49,93.11,2,42.02366127023661,3.0677272727272724,4.232272727272727,7.3,Sugar Shack,48.11914,-96.18115
1377,US-2024-11377-CH,2024-06-05,2024-06-09,Standard Class,CUST-10105,United States,Chicago,Illinois,60601,Other,Interior,PROD-9415,Wonka Gum,155.04,38,42.83999999999999,112.2,4,27.631578947368418,1.1273684210526314,2.9526315789473685,4.08,Secret Factory,41.446333,-90.565487
1378,US-2024-11378-CH,2025-11-15,2025-11-20,Second Class,CUST-13904,United States,Henderson,Kentucky,42420,Chocolate,Gulf,PROD-3776,Wonka Bar -Scrumdiddlyumptious,209.7,30,119.11999999999999,90.58,5,56.80495946590367,3.9706666666666663,3.0193333333333334,6.989999999999999,Lot's O' Nuts,32.881893,-111.768036
1379,US-2024-11379-CH,2024-06-28,2024-07-01,Second Class,CUST-14860,United States,Athens,Georgia,30605,Sugar,Gulf,PROD-0725,Hair Toffee,96.03,9,20.980000000000004,75.05,3,21.847339373112572,2.3311111111111114,8.338888888888889,10.67,The Other Factory,35.1175,-89.971107
1380,US-2024-11380-CH,2024-03-05,2024-03-07,Standard Class,CUST-14754,United States,Los Angeles,California,90049,Chocolate,Pacific,PROD-3893,Wonka Bar - Fudge Mallows,61.52,8,27.900000000000006,33.62,2,45.35110533159949,3.4875000000000007,4.2025,7.69,Lot's O' Nuts,32.881893,-111.768036
1381,US-2024-11381-CH,2024-06-07,2024-06-09,Standard Class,CUST-11620,United States,Seattle,Washington,98101,Sugar,Pacific,PROD-2533,Laffy Taffy,109.78,11,49.050000000000004,60.73,2,44.680269630169434,4.45909090909091,5.5209090909090905,9.98,Sugar Shack,48.11914,-96.18115
1382,US-2024-11382-CH,2024-09-01,2024-09-05,Standard Class,CUST-11301,United States,Los Angeles,California,90049,Chocolate,Pacific,PROD-8572,Wonka Bar - Nutty Crunch Surprise,398.3,35,160.49,237.81,4,40.29374843083103,4.585428571428571,6.7945714285714285,11.38,Lot's O' Nuts,32.881893,-111.768036
1383,US-2024-11383-CH,2026-01-16,2026-01-19,First Class,CUST-17493,United States,Chicago,Illinois,60601,Other,Interior,PROD-9415,Wonka Gum,125.44,14,33.53,91.91,3,26.729910714285715,2.395,6.5649999999999995,8.959999999999999,Secret Factory,41.446333,-90.565487
1384,US-2024-11384-CH,2024-08-23,2024-08-26,First Class,CUST-12010,United States,Houston,Texas,77095,Chocolate,Gulf,PROD-0874,Wonka Bar - Milk Chocolate,126.42,42,61.96000000000001,64.46,3,49.01123239993673,1.4752380952380955,1.5347619047619045,3.0100000000000002,Wicked Choccy's,32.076176,-81.088371
1385,US-2024-11385-CH,2025-03-17,2025-03-19,Standard Class,CUST-15524,United States,Houston,Texas,77095,Other,Gulf,PROD-9359,Fizzy Lifting Drinks,80.92,28,6.829999999999998,74.09,2,8.44043499752842,0.24392857142857136,2.6460714285714286,2.89,Sugar Shack,48.11914,-96.18115
1386,US-2024-11386-CH,2024-12-13,2024-12-16,Second Class,CUST-11351,United States,Naperville,Illinois,60540,Chocolate,Interior,PROD-8572,Wonka Bar - Nutty Crunch Surprise,109.28,16,64.17,45.11,3,58.72071742313324,4.010625,2.819375,6.83,Lot's O' Nuts,32.881893,-111.768036
1387,US-2024-11387-CH,2024-01-23,2024-01-30,Standard Class,CUST-11022,United States,Naperville,Illinois,60540,Chocolate,Interior,PROD-7514,Wonka Bar - Triple Dazzle Caramel,58.05,15,30.799999999999997,27.25,7,53.057708871662356,2.0533333333333332,1.8166666666666667,3.8699999999999997,Wicked Choccy's,32.076176,-81.088371
1388,US-2024-11388-CH,2025-03-25,2025-03-30,Standard Class,CUST-12318,United States,Naperville,Illinois,60540,Sugar,Interior,PROD-0725,Hair Toffee,283.79,37,39.33000000000001,244.46,5,13.8588392825681,1.0629729729729733,6.607027027027027,7.670000000000001,The Other Factory,35.1175,-89.971107
1389,US-2024-11389-CH,2025-05-25,2025-05-27,Standard Class,CUST-19522,United States,Los Angeles,California,90049,Sugar,Pacific,PROD-2120,Everlasting Gobstopper,22.68,7,6.309999999999999,16.37,2,27.821869488536148,0.9014285714285712,2.3385714285714285,3.2399999999999998,Secret Factory,41.446333,-90.565487
1390,US-2024-11390-CH,2025-05-06,2025-05-13,Standard Class,CUST-11575,United States,Atlanta,Georgia,30301,Sugar,Gulf,PROD-0725,Hair Toffee,111.7,10,16.549999999999997,95.15,7,14.81647269471799,1.6549999999999998,9.515,11.17,The Other Factory,35.1175,-89.971107
1391,US-2024-11391-CH,2026-01-07,2026-01-10,Standard Class,CUST-16733,United States,Los Angeles,California,90049,Sugar,Pacific,PROD-2120,Everlasting Gobstopper,146.54,34,34.91,111.63,3,23.822847004230926,1.0267647058823528,3.283235294117647,4.31,Secret Factory,41.446333,-90.565487
1392,US-2024-11392-CH,2024-05-01,2024-05-08,Standard Class,CUST-19876,United States,Naperville,Illinois,60540,Chocolate,Interior,PROD-8572,Wonka Bar - Nutty Crunch Surprise,173.61,27,79.55000000000001,94.06,7,45.82109325499684,2.9462962962962966,3.483703703703704,6.430000000000001,Lot's O' Nuts,32.881893,-111.768036
1393,US-2024-11393-CH,2025-10-14,2025-10-16,First Class,CUST-17181,United States,Atlanta,Georgia,30301,Chocolate,Gulf,PROD-3893,Wonka Bar - Fudge Mallows,8.58,3,3.75,4.83,2,43.70629370629371,1.25,1.61,2.86,Lot's O' Nuts,32.881893,-111.768036
1394,US-2024-11394-CH,2024-12-08,2024-12-13,Standard Class,CUST-15283,United States,Athens,Georgia,30605,Sugar,Gulf,PROD-2533,Laffy Taffy,371.67,39,164.91000000000003,206.76,5,44.370005650173546,4.228461538461539,5.3015384615384615,9.530000000000001,Sugar Shack,48.11914,-96.18115
1395,US-2024-11395-CH,2024-01-16,2024-01-19,Standard Class,CUST-19408,United States,Philadelphia,Pennsylvania,19143,Chocolate,Atlantic,PROD-8572,Wonka Bar - Nutty Crunch Surprise,69.66,27,36.43,33.23,3,52.29687051392477,1.3492592592592592,1.2307407407407407,2.58,Lot's O' Nuts,32.881893,-111.768036
1396,US-2024-11396-CH,2025-01-13,2025-01-17,Second Class,CUST-12841,United States,Athens,Georgia,30605,Sugar,Gulf,PROD-6629,SweeTARTS,172.64,26,45.65999999999998,126.98,4,26.448100092678402,1.7561538461538455,4.883846153846154,6.64,Sugar Shack,48.11914,-96.18115
1397,US-2024-11397-CH,2025-02-25,2025-03-01,Second Class,CUST-13232,United States,Naperville,Illinois,60540,Sugar,Interior,PROD-5646,Nerds,253.89,31,66.39999999999998,187.49,4,26.15305841112292,2.141935483870967,6.048064516129033,8.19,Sugar Shack,48.11914,-96.18115
1398,US-2024-11398-CH,2025-01-28,2025-02-02,Standard Class,CUST-16752,United States,Naperville,Illinois,60540,Chocolate,Interior,PROD-8572,Wonka Bar - Nutty Crunch Surprise,85.65,15,51.56,34.09,5,60.19848219497956,3.4373333333333336,2.272666666666667,5.71,Lot's O' Nuts,32.881893,-111.768036
1399,US-2024-11399-CH,2026-06-13,2026-06-16,Standard Class,CUST-18067,United States,Seattle,Washington,98101,Sugar,Pacific,PROD-2533,Laffy Taffy,32.48,4,12.229999999999997,20.25,3,37.6539408866995,3.057499999999999,5.0625,8.12,Sugar Shack,48.11914,-96.18115
1400,US-2024-11400-CH,2025-01-30,2025-02-01,First Class,CUST-10014,United States,Houston,Texas,77095,Other,Gulf,PROD-9359,Fizzy Lifting Drinks,332.28,36,2.8099999999999454,329.47,2,0.8456723245455476,0.07805555555555405,9.151944444444446,9.229999999999999,Sugar Shack,48.11914,-96.18115
1401,US-2024-11401-CH,2026-05-02,2026-05-05,Standard Class,CUST-15521,United States,Henderson,Kentucky,42420,Chocolate,Gulf,PROD-3776,Wonka Bar -Scrumdiddlyumptious,494.55,45,307.41,187.14,3,62.1595389748256,6.831333333333334,4.158666666666666,10.99,Lot's O' Nuts,32.881893,-111.768036
1402,US-2024-11402-CH,2025-05-06,2025-05-08,Standard Class,CUST-13063,United States,Los Angeles,California,90049,Chocolate,Pacific,PROD-7514,Wonka Bar - Triple Dazzle Caramel,62.26,11,31.13,31.13,2,50.0,2.83,2.83,5.66,Wicked Choccy's,32.076176,-81.088371
1403,US-2024-11403-CH,2025-07-03,2025-07-06,Standard Class,CUST-15162,United States,New York,New York,10001,Sugar,Atlantic,PROD-5646,Nerds,219.1,35,90.60999999999999,128.49,3,41.3555454130534,2.5888571428571425,3.6711428571428573,6.26,Sugar Shack,48.11914,-96.18115
1404,US-2024-11404-CH,2024-10-29,2024-11-03,Standard Class,CUST-13811,United States,Los Angeles,California,90049,Chocolate,Pacific,PROD-3893,Wonka Bar - Fudge Mallows,398.4,40,182.99999999999997,215.4,5,45.93373493975903,4.574999999999999,5.385,9.959999999999999,Lot's O' Nuts,32.881893,-111.768036
1405,US-2024-11405-CH,2025-06-23,2025-06-25,Standard Class,CUST-12978,United States,Philadelphia,Pennsylvania,19143,Chocolate,Atlantic,PROD-0874,Wonka Bar - Milk Chocolate,137.76,16,73.57,64.19,2,53.40447154471545,4.598125,4.011875,8.61,Wicked Choccy's,32.076176,-81.088371
1406,US-2024-11406-CH,2024-12-15,2024-12-18,First Class,CUST-16211,United States,Atlanta,Georgia,30301,Chocolate,Gulf,PROD-0874,Wonka Bar - Milk Chocolate,225.81,39,132.48000000000002,93.33,3,58.66879234754884,3.3969230769230774,2.393076923076923,5.79,Wicked Choccy's,32.076176,-81.088371
1407,US-2024-11407-CH,2026-02-17,2026-02-24,Standard Class,CUST-19130,United States,Seattle,Washington,98101,Chocolate,Pacific,PROD-0874,Wonka Bar - Milk Chocolate,136.85,23,64.55999999999999,72.29,7,47.175739861161844,2.80695652173913,3.14304347826087,5.95,Wicked Choccy's,32.076176,-81.088371
1408,US-2024-11408-CH,2025-12-01,2025-12-05,Standard Class,CUST-11885,United States,Chicago,Illinois,60601,Chocolate,Interior,PROD-0874,Wonka Bar - Milk Chocolate,328.38,39,159.56,168.82,4,48.59004811498873,4.091282051282051,4.328717948717949,8.42,Wicked Choccy's,32.076176,-81.088371
1409,US-2024-11409-CH,2025-04-17,2025-04-21,Second Class,CUST-14204,United States,Chicago,Illinois,60601,Sugar,Interior,PROD-2120,Everlasting Gobstopper,124.32,42,12.459999999999994,111.86,4,10.022522522522518,0.2966666666666665,2.663333333333333,2.96,Secret Factory,41.446333,-90.565487
1410,US-2024-11410-CH,2024-09-22,2024-09-27,Standard Class,CUST-13052,United States,Seattle,Washington,98101,Sugar,Pacific,PROD-6629,SweeTARTS,177.1,35,49.41,127.69,5,27.899491812535288,1.4117142857142857,3.648285714285714,5.06,Sugar Shack,48.11914,-96.18115
1411,US-2024-11411-CH,2024-05-21,2024-05-23,Standard Class,CUST-19326,United States,Henderson,Kentucky,42420,Sugar,Gulf,PROD-9885,Fun Dip,100.44,9,28.36,72.08,2,28.235762644364794,3.151111111111111,8.008888888888889,11.16,Sugar Shack,48.11914,-96.18115
1412,US-2024-11412-CH,2026-05-13,2026-05-17,First Class,CUST-14280,United States,New York,New York,10001,Sugar,Atlantic,PROD-5646,Nerds,232.4,35,87.06,145.34,4,37.46127366609294,2.4874285714285715,4.152571428571429,6.640000000000001,Sugar Shack,48.11914,-96.18115
1413,US-2024-11413-CH,2024-11-05,2024-11-08,Same Day,CUST-14856,United States,Houston,Texas,77095,Chocolate,Gulf,PROD-3776,Wonka Bar -Scrumdiddlyumptious,100.8,18,52.89,47.91,3,52.470238095238095,2.9383333333333335,2.6616666666666666,5.6,Lot's O' Nuts,32.881893,-111.768036
1414,US-2024-11414-CH,2025-03-10,2025-03-13,Standard Class,CUST-16825,United States,New York,New York,10001,Chocolate,Atlantic,PROD-3776,Wonka Bar -Scrumdiddlyumptious,144.32,44,79.61,64.71,3,55.162139689578716,1.8093181818181818,1.470681818181818,3.28,Lot's O' Nuts,32.881893,-111.768036
1415,US-2024-11415-CH,2024-01-13,2024-01-16,Second Class,CUST-13546,United States,Atlanta,Georgia,30301,Sugar,Gulf,PROD-0725,Hair Toffee,117.82,43,35.25,82.57,3,29.918519775929386,0.8197674418604651,1.9202325581395348,2.7399999999999998,The Other Factory,35.1175,-89.971107
1416,US-2024-11416-CH,2024-09-12,2024-09-16,Standard Class,CUST-11592,United States,Atlanta,Georgia,30301,Other,Gulf,PROD-2646,Kazookles,122.59,23,13.329999999999998,109.26,4,10.87364385349539,0.5795652173913043,4.7504347826086954,5.33,The Other Factory,35.1175,-89.971107
1417,US-2024-11417-CH,2025-01-01,2025-01-05,Second Class,CUST-17230,United States,Chicago,Illinois,60601,Sugar,Interior,PROD-9885,Fun Dip,233.25,25,99.44,133.81,4,42.632368703108256,3.9776,5.3524,9.33,Sugar Shack,48.11914,-96.18115
1418,US-2024-11418-CH,2026-03-03,2026-03-06,Standard Class,CUST-16071,United States,Chicago,Illinois,60601,Sugar,Interior,PROD-5646,Nerds,308.2,46,116.92999999999998,191.27,3,37.93964957819597,2.54195652173913,4.15804347826087,6.7,Sugar Shack,48.11914,-96.18115
1419,US-2024-11419-CH,2025-11-15,2025-11-19,Standard Class,CUST-18276,United States,Naperville,Illinois,60540,Sugar,Interior,PROD-9885,Fun Dip,335.79,41,150.58,185.21,4,44.84350338008875,3.6726829268292684,4.517317073170732,8.190000000000001,Sugar Shack,48.11914,-96.18115
1420,US-2024-11420-CH,2024-04-08,2024-04-11,Standard Class,CUST-15413,United States,Philadelphia,Pennsylvania,19143,Other,Atlantic,PROD-9415,Wonka Gum,120.64,13,38.230000000000004,82.41,3,31.68932360742706,2.9407692307692312,6.339230769230769,9.28,Secret Factory,41.446333,-90.565487
1421,US-2024-11421-CH,2024-06-28,2024-07-01,Standard Class,CUST-16584,United States,Philadelphia,Pennsylvania,19143,Sugar,Atlantic,PROD-5646,Nerds,255.84,39,80.88,174.96,3,31.613508442776734,2.0738461538461537,4.486153846153846,6.5600000000000005,Sugar Shack,48.11914,-96.18115
1422,US-2024-11422-CH,2024-11-11,2024-11-13,Standard Class,CUST-16457,United States,Henderson,Kentucky,42420,Sugar,Gulf,PROD-6629,SweeTARTS,37.56,12,10.670000000000002,26.89,2,28.407880724174657,0.8891666666666668,2.2408333333333332,3.1300000000000003,Sugar Shack,48.11914,-96.18115
1423,US-2024-11423-CH,2024-01-23,2024-01-26,Standard Class,CUST-15949,United States,Henderson,Kentucky,42420,Chocolate,Gulf,PROD-3776,Wonka Bar -Scrumdiddlyumptious,80.2,20,40.81,39.39,3,50.885286783042396,2.0405,1.9695,4.01,Lot's O' Nuts,32.881893,-111.768036
1424,US-2024-11424-CH,2024-12-21,2024-12-24,Standard Class,CUST-15267,United States,Chicago,Illinois,60601,Sugar,Interior,PROD-6629,SweeTARTS,259.0,28,65.78999999999999,193.21,3,25.401544401544395,2.349642857142857,6.9003571428571435,9.25,Sugar Shack,48.11914,-96.18115
1425,US-2024-11425-CH,2024-12-16,2024-12-18,Standard Class,CUST-12126,United States,Houston,Texas,77095,Sugar,Gulf,PROD-5646,Nerds,290.55,39,130.59,159.96,2,44.945792462570985,3.3484615384615384,4.101538461538461,7.45,Sugar Shack,48.11914,-96.18115
1426,US-2024-11426-CH,2026-02-22,2026-02-25,Standard Class,CUST-12861,United States,Naperville,Illinois,60540,Other,Interior,PROD-0345,Lickable Wallpaper,284.31,27,5.189999999999998,279.12,3,1.8254721958425653,0.19222222222222213,10.337777777777777,10.53,Secret Factory,41.446333,-90.565487
1427,US-2024-11427-CH,2026-01-01,2026-01-08,Standard Class,CUST-12567,United States,Los Angeles,California,90049,Sugar,Pacific,PROD-2120,Everlasting Gobstopper,256.27,49,37.39999999999998,218.87,7,14.593982908651023,0.7632653061224485,4.466734693877551,5.2299999999999995,Secret Factory,41.446333,-90.565487
1428,US-2024-11428-CH,2024-02-21,2024-02-24,Standard Class,CUST-17150,United States,Philadelphia,Pennsylvania,19143,Sugar,Atlantic,PROD-9885,Fun Dip,173.29,43,54.44999999999999,118.84,3,31.42131686767845,1.2662790697674415,2.7637209302325583,4.03,Sugar Shack,48.11914,-96.18115
1429,US-2024-11429-CH,2025-08-02,2025-08-06,Standard Class,CUST-18917,United States,Naperville,Illinois,60540,Sugar,Interior,PROD-6629,SweeTARTS,308.88,36,107.82999999999998,201.05,4,34.90999740999741,2.9952777777777775,5.584722222222222,8.58,Sugar Shack,48.11914,-96.18115
1430,US-2024-11430-CH,2026-05-17,2026-05-19,First Class,CUST-10704,United States,Athens,Georgia,30605,Sugar,Gulf,PROD-0725,Hair Toffee,290.82,37,44.400000000000006,246.42,2,15.267175572519086,1.2000000000000002,6.659999999999999,7.859999999999999,The Other Factory,35.1175,-89.971107
1431,US-2024-11431-CH,2024-02-01,2024-02-04,First Class,CUST-19628,United States,Philadelphia,Pennsylvania,19143,Other,Atlantic,PROD-0345,Lickable Wallpaper,344.96,32,42.120000000000005,302.84,3,12.210111317254176,1.3162500000000001,9.46375,10.78,Secret Factory,41.446333,-90.565487
1432,US-2024-11432-CH,2024-12-12,2024-12-19,First Class,CUST-19763,United States,Houston,Texas,77095,Other,Gulf,PROD-2646,Kazookles,235.6,38,53.68000000000001,181.92,7,22.78438030560272,1.4126315789473687,4.787368421052631,6.2,The Other Factory,35.1175,-89.971107
1433,US-2024-11433-CH,2024-12-10,2024-12-13,First Class,CUST-11286,United States,Philadelphia,Pennsylvania,19143,Chocolate,Atlantic,PROD-0874,Wonka Bar - Milk Chocolate,78.9,15,43.690000000000005,35.21,3,55.37389100126743,2.912666666666667,2.3473333333333333,5.260000000000001,Wicked Choccy's,32.076176,-81.088371
1434,US-2024-11434-CH,2025-05-26,2025-05-30,Second Class,CUST-10100,United States,New York,New York,10001,Other,Atlantic,PROD-9359,Fizzy Lifting Drinks,97.24,13,7.549999999999997,89.69,4,7.764294529000409,0.5807692307692306,6.899230769230769,7.4799999999999995,Sugar Shack,48.11914,-96.18115
1435,US-2024-11435-CH,2026-06-14,2026-06-19,Second Class,CUST-13392,United States,Philadelphia,Pennsylvania,19143,Chocolate,Atlantic,PROD-7514,Wonka Bar - Triple Dazzle Caramel,476.7,42,276.15999999999997,200.54,5,57.93161317390392,6.575238095238094,4.774761904761904,11.35,Wicked Choccy's,32.076176,-81.088371
1436,US-2024-11436-CH,2025-12-12,2025-12-15,Standard Class,CUST-18024,United States,New York,New York,10001,Chocolate,Atlantic,PROD-3893,Wonka Bar - Fudge Mallows,152.54,29,87.22999999999999,65.31,3,57.18500065556575,3.007931034482758,2.2520689655172417,5.26,Lot's O' Nuts,32.881893,-111.768036
1437,US-2024-11437-CH,2024-06-15,2024-06-20,Second Class,CUST-17867,United States,Henderson,Kentucky,42420,Chocolate,Gulf,PROD-3893,Wonka Bar - Fudge Mallows,528.0,48,276.77,251.23,5,52.4185606060606,5.766041666666666,5.233958333333333,11.0,Lot's O' Nuts,32.881893,-111.768036
1438,US-2024-11438-CH,2024-01-24,2024-01-27,Second Class,CUST-12765,United States,Atlanta,Georgia,30301,Chocolate,Gulf,PROD-0874,Wonka Bar - Milk Chocolate,281.07,27,162.66,118.41,3,57.87170455758353,6.024444444444445,4.385555555555555,10.41,Wicked Choccy's,32.076176,-81.088371
1439,US-2024-11439-CH,2025-08-05,2025-08-07,Standard Class,CUST-13667,United States,Seattle,Washington,98101,Chocolate,Pacific,PROD-3893,Wonka Bar - Fudge Mallows,64.3,10,33.14,31.16,2,51.53965785381027,3.314,3.116,6.43,Lot's O' Nuts,32.881893,-111.768036
1440,US-2024-11440-CH,2026-02-13,2026-02-16,Standard Class,CUST-11082,United States,Los Angeles,California,90049,Sugar,Pacific,PROD-6629,SweeTARTS,165.69,21,72.92999999999999,92.76,3,44.015933369545536,3.4728571428571424,4.417142857142857,7.89,Sugar Shack,48.11914,-96.18115
1441,US-2024-11441-CH,2024-12-07,2024-12-14,Standard Class,CUST-11681,United States,Chicago,Illinois,60601,Other,Interior,PROD-0345,Lickable Wallpaper,261.17,49,14.330000000000013,246.84,7,5.486847647126397,0.29244897959183697,5.037551020408164,5.33,Secret Factory,41.446333,-90.565487
1442,US-2024-11442-CH,2026-04-07,2026-04-09,First Class,CUST-19015,United States,Naperville,Illinois,60540,Sugar,Interior,PROD-5646,Nerds,13.89,3,5.73,8.16,2,41.25269978401728,1.9100000000000001,2.72,4.63,Sugar Shack,48.11914,-96.18115
1443,US-2024-11443-CH,2025-02-15,2025-02-17,Standard Class,CUST-11734,United States,Chicago,Illinois,60601,Sugar,Interior,PROD-0725,Hair Toffee,21.25,5,4.48,16.77,2,21.08235294117647,0.8960000000000001,3.354,4.25,The Other Factory,35.1175,-89.971107
1444,US-2024-11444-CH,2025-10-20,2025-10-24,Second Class,CUST-16118,United States,Henderson,Kentucky,42420,Other,Gulf,PROD-9415,Wonka Gum,329.35,35,40.670000000000016,288.68,4,12.348565356004254,1.1620000000000004,8.248,9.41,Secret Factory,41.446333,-90.565487
1445,US-2024-11445-CH,2024-08-17,2024-08-19,Standard Class,CUST-11774,United States,Seattle,Washington,98101,Sugar,Pacific,PROD-2120,Everlasting Gobstopper,305.24,26,33.389999999999986,271.85,2,10.938933298388148,1.2842307692307686,10.455769230769231,11.74,Secret Factory,41.446333,-90.565487
1446,US-2024-11446-CH,2026-04-25,2026-04-28,Second Class,CUST-18636,United States,Philadelphia,Pennsylvania,19143,Other,Atlantic,PROD-2646,Kazookles,315.62,43,101.62,214.0,3,32.19694569418922,2.3632558139534883,4.976744186046512,7.34,The Other Factory,35.1175,-89.971107
1447,US-2024-11447-CH,2024-07-11,2024-07-13,Second Class,CUST-15930,United States,Los Angeles,California,90049,Sugar,Pacific,PROD-0725,Hair Toffee,38.75,5,4.119999999999997,34.63,2,10.632258064516122,0.8239999999999995,6.926,7.75,The Other Factory,35.1175,-89.971107
1448,US-2024-11448-CH,2025-03-16,2025-03-19,Standard Class,CUST-13034,United States,Seattle,Washington,98101,Chocolate,Pacific,PROD-3893,Wonka Bar - Fudge Mallows,178.0,25,81.2,96.8,3,45.61797752808989,3.248,3.872,7.12,Lot's O' Nuts,32.881893,-111.768036
1449,US-2024-11449-CH,2026-05-23,2026-05-27,First Class,CUST-17535,United States,New York,New York,10001,Chocolate,Atlantic,PROD-0874,Wonka Bar - Milk Chocolate,262.2,30,106.08999999999997,156.11,4,40.46147978642257,3.5363333333333324,5.203666666666667,8.74,Wicked Choccy's,32.076176,-81.088371
1450,US-2024-11450-CH,2026-01-30,2026-02-02,Second Class,CUST-10448,United States,Henderson,Kentucky,42420,Sugar,Gulf,PROD-9885,Fun Dip,355.18,43,128.42000000000002,226.76,3,36.156315107832654,2.986511627906977,5.2734883720930235,8.26,Sugar Shack,48.11914,-96.18115
1451,US-2024-11451-CH,2025-03-12,2025-03-15,Standard Class,CUST-10948,United States,Atlanta,Georgia,30301,Chocolate,Gulf,PROD-8572,Wonka Bar - Nutty Crunch Surprise,114.4,20,66.06,48.34,3,57.74475524475524,3.303,2.4170000000000003,5.720000000000001,Lot's O' Nuts,32.881893,-111.768036
1452,US-2024-11452-CH,2024-07-10,2024-07-13,Standard Class,CUST-15761,United States,Los Angeles,California,90049,Sugar,Pacific,PROD-9885,Fun Dip,99.4,20,37.690000000000005,61.71,3,37.91750503018109,1.8845000000000003,3.0855,4.970000000000001,Sugar Shack,48.11914,-96.18115
1453,US-2024-11453-CH,2024-08-27,2024-08-31,Standard Class,CUST-19998,United States,Seattle,Washington,98101,Sugar,Pacific,PROD-2120,Everlasting Gobstopper,95.76,38,30.85000000000001,64.91,4,32.215956558061826,0.8118421052631581,1.708157894736842,2.52,Secret Factory,41.446333,-90.565487
1454,US-2024-11454-CH,2026-04-24,2026-04-27,First Class,CUST-14554,United States,Athens,Georgia,30605,Other,Gulf,PROD-2646,Kazookles,545.67,47,123.09999999999997,422.57,3,22.559422361500538,2.619148936170212,8.990851063829787,11.61,The Other Factory,35.1175,-89.971107
1455,US-2024-11455-CH,2025-04-14,2025-04-16,First Class,CUST-12204,United States,Seattle,Washington,98101,Sugar,Pacific,PROD-2120,Everlasting Gobstopper,221.37,47,71.81,149.56,2,32.438903193748025,1.5278723404255319,3.1821276595744683,4.71,Secret Factory,41.446333,-90.565487
1456,US-2024-11456-CH,2025-07-26,2025-07-29,Standard Class,CUST-18509,United States,Seattle,Washington,98101,Other,Pacific,PROD-2646,Kazookles,153.34,41,21.97999999999999,131.36,3,14.334159384374583,0.5360975609756095,3.2039024390243904,3.74,The Other Factory,35.1175,-89.971107
1457,US-2024-11457-CH,2024-11-11,2024-11-15,Standard Class,CUST-12542,United States,Chicago,Illinois,60601,Sugar,Interior,PROD-2533,Laffy Taffy,134.32,23,56.06999999999999,78.25,4,41.7435973793925,2.4378260869565214,3.402173913043478,5.84,Sugar Shack,48.11914,-96.18115
1458,US-2024-11458-CH,2026-05-15,2026-05-17,Second Class,CUST-16026,United States,Chicago,Illinois,60601,Sugar,Interior,PROD-6629,SweeTARTS,241.2,45,86.32,154.88,2,35.78772802653399,1.918222222222222,3.441777777777778,5.359999999999999,Sugar Shack,48.11914,-96.18115
1459,US-2024-11459-CH,2026-03-13,2026-03-16,First Class,CUST-11772,United States,Seattle,Washington,98101,Other,Pacific,PROD-9359,Fizzy Lifting Drinks,349.6,38,28.939999999999998,320.66,3,8.278032036613272,0.761578947368421,8.438421052631579,9.200000000000001,Sugar Shack,48.11914,-96.18115
1460,US-2024-11460-CH,2024-07-10,2024-07-13,Standard Class,CUST-12696,United States,Los Angeles,California,90049,Chocolate,Pacific,PROD-7514,Wonka Bar - Triple Dazzle Caramel,132.3,35,66.41000000000001,65.89,3,50.19652305366592,1.8974285714285717,1.8825714285714286,3.7800000000000002,Wicked Choccy's,32.076176,-81.088371
1461,US-2024-11461-CH,2025-06-20,2025-06-22,Standard Class,CUST-12562,United States,Naperville,Illinois,60540,Other,Interior,PROD-9359,Fizzy Lifting Drinks,487.14,46,34.379999999999995,452.76,2,7.057519398940755,0.747391304347826,9.842608695652174,10.59,Sugar Shack,48.11914,-96.18115
1462,US-2024-11462-CH,2025-05-12,2025-05-15,Standard Class,CUST-10435,United States,Henderson,Kentucky,42420,Chocolate,Gulf,PROD-7514,Wonka Bar - Triple Dazzle Caramel,43.8,15,23.729999999999997,20.07,3,54.17808219178082,1.5819999999999999,1.338,2.92,Wicked Choccy's,32.076176,-81.088371
1463,US-2024-11463-CH,2024-12-25,2024-12-28,Standard Class,CUST-13889,United States,Philadelphia,Pennsylvania,19143,Sugar,Atlantic,PROD-5646,Nerds,22.32,6,9.4,12.92,3,42.1146953405018,1.5666666666666667,2.1533333333333333,3.72,Sugar Shack,48.11914,-96.18115
1464,US-2024-11464-CH,2024-10-29,2024-10-31,Standard Class,CUST-15834,United States,Philadelphia,Pennsylvania,19143,Chocolate,Atlantic,PROD-3893,Wonka Bar - Fudge Mallows,446.88,42,190.42000000000002,256.46,2,42.61099176512711,4.533809523809524,6.106190476190475,10.64,Lot's O' Nuts,32.881893,-111.768036
1465,US-2024-11465-CH,2026-06-04,2026-06-06,Standard Class,CUST-14299,United States,New York,New York,10001,Chocolate,Atlantic,PROD-7514,Wonka Bar - Triple Dazzle Caramel,124.64,16,62.67,61.97,2,50.28080872913993,3.916875,3.873125,7.79,Wicked Choccy's,32.076176,-81.088371
1466,US-2024-11466-CH,2024-01-17,2024-01-20,Standard Class,CUST-12105,United States,Los Angeles,California,90049,Sugar,Pacific,PROD-9885,Fun Dip,54.53,19,21.85,32.68,3,40.06968641114983,1.1500000000000001,1.72,2.87,Sugar Shack,48.11914,-96.18115
1467,US-2024-11467-CH,2024-05-14,2024-05-17,First Class,CUST-11506,United States,New York,New York,10001,Chocolate,Atlantic,PROD-3893,Wonka Bar - Fudge Mallows,104.83,11,48.42,56.41,3,46.189068014881244,4.401818181818182,5.128181818181818,9.53,Lot's O' Nuts,32.881893,-111.768036
1468,US-2024-11468-CH,2025-05-07,2025-05-10,Standard Class,CUST-16114,United States,Athens,Georgia,30605,Sugar,Gulf,PROD-2533,Laffy Taffy,233.4,30,77.26000000000002,156.14,3,33.10197086546702,2.575333333333334,5.204666666666666,7.78,Sugar Shack,48.11914,-96.18115
1469,US-2024-11469-CH,2025-06-14,2025-06-18,First Class,CUST-10157,United States,Houston,Texas,77095,Sugar,Gulf,PROD-0725,Hair Toffee,349.52,34,41.93000000000001,307.59,4,11.996452277409022,1.2332352941176472,9.046764705882353,10.28,The Other Factory,35.1175,-89.971107
1470,US-2024-11470-CH,2024-09-02,2024-09-05,Standard Class,CUST-11810,United States,Houston,Texas,77095,Chocolate,Gulf,PROD-3893,Wonka Bar - Fudge Mallows,177.75,45,74.04,103.71,3,41.654008438818565,1.6453333333333335,2.3046666666666664,3.95,Lot's O' Nuts,32.881893,-111.768036
1471,US-2024-11471-CH,2025-12-28,2026-01-01,Second Class,CUST-13076,United States,Seattle,Washington,98101,Sugar,Pacific,PROD-6629,SweeTARTS,430.0,43,163.94,266.06,4,38.12558139534883,3.8125581395348838,6.187441860465117,10.0,Sugar Shack,48.11914,-96.18115
1472,US-2024-11472-CH,2024-12-25,2025-01-01,First Class,CUST-11304,United States,Chicago,Illinois,60601,Sugar,Interior,PROD-9885,Fun Dip,50.52,12,17.010000000000005,33.51,7,33.66983372921616,1.4175000000000004,2.7925,4.21,Sugar Shack,48.11914,-96.18115
1473,US-2024-11473-CH,2024-04-24,2024-04-26,Second Class,CUST-15902,United States,Philadelphia,Pennsylvania,19143,Other,Atlantic,PROD-2646,Kazookles,58.33,19,7.019999999999996,51.31,2,12.034973427052968,0.3694736842105261,2.7005263157894737,3.07,The Other Factory,35.1175,-89.971107
1474,US-2024-11474-CH,2024-01-31,2024-02-02,First Class,CUST-16373,United States,Philadelphia,Pennsylvania,19143,Chocolate,Atlantic,PROD-3893,Wonka Bar - Fudge Mallows,90.16,14,38.47,51.69,2,42.66858917480035,2.7478571428571428,3.692142857142857,6.4399999999999995,Lot's O' Nuts,32.881893,-111.768036
1475,US-2024-11475-CH,2024-04-09,2024-04-14,Standard Class,CUST-11281,United States,Houston,Texas,77095,Chocolate,Gulf,PROD-3776,Wonka Bar -Scrumdiddlyumptious,17.92,4,10.64,7.28,5,59.375,2.66,1.82,4.48,Lot's O' Nuts,32.881893,-111.768036
1476,US-2024-11476-CH,2024-08-07,2024-08-12,Second Class,CUST-14784,United States,Naperville,Illinois,60540,Chocolate,Interior,PROD-7514,Wonka Bar - Triple Dazzle Caramel,99.53,37,55.300000000000004,44.23,5,55.56113734552397,1.4945945945945946,1.1954054054054053,2.69,Wicked Choccy's,32.076176,-81.088371
1477,US-2024-11477-CH,2024-01-11,2024-01-13,Standard Class,CUST-13005,United States,Houston,Texas,77095,Chocolate,Gulf,PROD-3893,Wonka Bar - Fudge Mallows,399.96,36,258.14,141.82,2,64.54145414541455,7.170555555555556,3.9394444444444443,11.11,Lot's O' Nuts,32.881893,-111.768036
1478,US-2024-11478-CH,2024-07-30,2024-08-01,Standard Class,CUST-18045,United States,Seattle,Washington,98101,Sugar,Pacific,PROD-0725,Hair Toffee,137.88,12,45.69999999999999,92.18,2,33.14476356251813,3.8083333333333322,7.6816666666666675,11.49,The Other Factory,35.1175,-89.971107
1479,US-2024-11479-CH,2024-07-12,2024-07-15,First Class,CUST-13761,United States,Athens,Georgia,30605,Chocolate,Gulf,PROD-3893,Wonka Bar - Fudge Mallows,42.66,6,20.839999999999996,21.82,3,48.851383028598214,3.4733333333333327,3.6366666666666667,7.109999999999999,Lot's O' Nuts,32.881893,-111.768036
1480,US-2024-11480-CH,2025-11-25,2025-11-29,Standard Class,CUST-16563,United States,Naperville,Illinois,60540,Other,Interior,PROD-9415,Wonka Gum,142.83,23,48.08000000000001,94.75,4,33.662395855212495,2.090434782608696,4.119565217391305,6.210000000000001,Secret Factory,41.446333,-90.565487
1481,US-2024-11481-CH,2026-01-31,2026-02-07,Second Class,CUST-11672,United States,Los Angeles,California,90049,Other,Pacific,PROD-9359,Fizzy Lifting Drinks,253.45,37,20.519999999999982,232.93,7,8.09627145393568,0.5545945945945941,6.295405405405406,6.85,Sugar Shack,48.11914,-96.18115
1482,US-2024-11482-CH,2024-04-04,2024-04-07,Standard Class,CUST-19988,United States,Atlanta,Georgia,30301,Chocolate,Gulf,PROD-7514,Wonka Bar - Triple Dazzle Caramel,18.7,5,10.149999999999999,8.55,3,54.278074866310156,2.03,1.7100000000000002,3.7399999999999998,Wicked Choccy's,32.076176,-81.088371
1483,US-2024-11483-CH,2024-09-21,2024-09-23,Second Class,CUST-10676,United States,Los Angeles,California,90049,Chocolate,Pacific,PROD-3776,Wonka Bar -Scrumdiddlyumptious,438.48,42,258.16,180.32,2,58.876117496807154,6.146666666666667,4.293333333333333,10.440000000000001,Lot's O' Nuts,32.881893,-111.768036
1484,US-2024-11484-CH,2025-10-07,2025-10-10,Standard Class,CUST-19034,United States,Chicago,Illinois,60601,Chocolate,Interior,PROD-3776,Wonka Bar -Scrumdiddlyumptious,223.01,29,117.41,105.6,3,52.647863324514596,4.048620689655173,3.6413793103448273,7.6899999999999995,Lot's O' Nuts,32.881893,-111.768036
1485,US-2024-11485-CH,2025-09-10,2025-09-15,Standard Class,CUST-16321,United States,Atlanta,Georgia,30301,Other,Gulf,PROD-2646,Kazookles,47.76,4,5.8799999999999955,41.88,5,12.311557788944715,1.4699999999999989,10.47,11.94,The Other Factory,35.1175,-89.971107
1486,US-2024-11486-CH,2026-02-16,2026-02-21,Same Day,CUST-15169,United States,Chicago,Illinois,60601,Sugar,Interior,PROD-9885,Fun Dip,340.5,30,112.22,228.28,5,32.95741556534508,3.740666666666667,7.609333333333334,11.35,Sugar Shack,48.11914,-96.18115
1487,US-2024-11487-CH,2025-01-06,2025-01-08,Standard Class,CUST-11080,United States,Athens,Georgia,30605,Sugar,Gulf,PROD-6629,SweeTARTS,27.48,4,9.98,17.5,2,36.31732168850073,2.495,4.375,6.87,Sugar Shack,48.11914,-96.18115
1488,US-2024-11488-CH,2025-10-08,2025-10-10,Second Class,CUST-13989,United States,Naperville,Illinois,60540,Chocolate,Interior,PROD-8572,Wonka Bar - Nutty Crunch Surprise,5.04,2,2.54,2.5,2,50.39682539682539,1.27,1.25,2.52,Lot's O' Nuts,32.881893,-111.768036
1489,US-2024-11489-CH,2026-03-08,2026-03-11,First Class,CUST-16655,United States,Naperville,Illinois,60540,Other,Interior,PROD-0345,Lickable Wallpaper,66.36,21,11.46,54.9,3,17.269439421338156,0.5457142857142857,2.6142857142857143,3.16,Secret Factory,41.446333,-90.565487
1490,US-2024-11490-CH,2024-04-14,2024-04-17,Second Class,CUST-13231,United States,Los Angeles,California,90049,Other,Pacific,PROD-2646,Kazookles,229.32,42,51.03999999999999,178.28,3,22.257107971393683,1.215238095238095,4.244761904761905,5.46,The Other Factory,35.1175,-89.971107
1491,US-2024-11491-CH,2025-06-13,2025-06-17,Same Day,CUST-11865,United States,New York,New York,10001,Sugar,Atlantic,PROD-5646,Nerds,287.76,33,118.10999999999999,169.65,4,41.04462051709758,3.5790909090909087,5.140909090909091,8.719999999999999,Sugar Shack,48.11914,-96.18115
1492,US-2024-11492-CH,2025-04-25,2025-05-02,Standard Class,CUST-10347,United States,Athens,Georgia,30605,Other,Gulf,PROD-9415,Wonka Gum,36.24,6,4.600000000000001,31.64,7,12.693156732891836,0.7666666666666669,5.273333333333333,6.04,Secret Factory,41.446333,-90.565487
1493,US-2024-11493-CH,2024-09-27,2024-09-29,Standard Class,CUST-13871,United States,Naperville,Illinois,60540,Sugar,Interior,PROD-2533,Laffy Taffy,85.28,26,26.450000000000003,58.83,2,31.015478424015015,1.0173076923076925,2.2626923076923076,3.2800000000000002,Sugar Shack,48.11914,-96.18115
1494,US-2024-11494-CH,2025-03-03,2025-03-06,Standard Class,CUST-18530,United States,Athens,Georgia,30605,Chocolate,Gulf,PROD-7514,Wonka Bar - Triple Dazzle Caramel,181.44,27,108.64,72.8,3,59.876543209876544,4.023703703703704,2.696296296296296,6.72,Wicked Choccy's,32.076176,-81.088371
1495,US-2024-11495-CH,2025-10-31,2025-11-03,Standard Class,CUST-12006,United States,Chicago,Illinois,60601,Sugar,Interior,PROD-9885,Fun Dip,179.1,45,60.599999999999994,118.5,3,33.835845896147404,1.3466666666666665,2.6333333333333333,3.98,Sugar Shack,48.11914,-96.18115
1496,US-2024-11496-CH,2025-01-07,2025-01-14,Second Class,CUST-11896,United States,Athens,Georgia,30605,Sugar,Gulf,PROD-2533,Laffy Taffy,122.5,35,49.459999999999994,73.04,7,40.37551020408163,1.413142857142857,2.086857142857143,3.5,Sugar Shack,48.11914,-96.18115
1497,US-2024-11497-CH,2026-02-21,2026-02-24,Same Day,CUST-15007,United States,Houston,Texas,77095,Sugar,Gulf,PROD-0725,Hair Toffee,486.45,47,137.58999999999997,348.86,3,28.284510227155923,2.9274468085106378,7.422553191489362,10.35,The Other Factory,35.1175,-89.971107
1498,US-2024-11498-CH,2025-06-01,2025-06-04,Second Class,CUST-14482,United States,Los Angeles,California,90049,Chocolate,Pacific,PROD-0874,Wonka Bar - Milk Chocolate,303.04,32,129.10000000000002,173.94,3,42.601636747624084,4.034375000000001,5.435625,9.47,Wicked Choccy's,32.076176,-81.088371
1499,US-2024-11499-CH,2025-01-04,2025-01-08,Same Day,CUST-16283,United States,Atlanta,Georgia,30301,Sugar,Gulf,PROD-0725,Hair Toffee,117.81,17,37.129999999999995,80.68,4,31.516849163907985,2.184117647058823,4.745882352941177,6.93,The Other Factory,35.1175,-89.971107
1500,US-2024-11500-CH,2025-03-03,2025-03-06,Second Class,CUST-18046,United States,Los Angeles,California,90049,Sugar,Pacific,PROD-9885,Fun Dip,164.22,17,55.480000000000004,108.74,3,33.78394836195348,3.263529411764706,6.396470588235294,9.66,Sugar Shack,48.11914,-96.18115
1501,US-2024-11501-CH,2025-06-16,2025-06-20,Second Class,CUST-11099,United States,Houston,Texas,77095,Sugar,Gulf,PROD-0725,Hair Toffee,240.68,22,62.670000000000016,178.01,4,26.03872361642015,2.8486363636363645,8.091363636363637,10.94,The Other Factory,35.1175,-89.971107
1502,US-2024-11502-CH,2025-07-30,2025-08-03,Standard Class,CUST-18339,United States,Naperville,Illinois,60540,Other,Interior,PROD-9359,Fizzy Lifting Drinks,66.96,12,7.109999999999992,59.85,4,10.618279569892461,0.5924999999999994,4.9875,5.579999999999999,Sugar Shack,48.11914,-96.18115
1503,US-2024-11503-CH,2025-12-30,2026-01-04,First Class,CUST-18816,United States,Philadelphia,Pennsylvania,19143,Chocolate,Atlantic,PROD-7514,Wonka Bar - Triple Dazzle Caramel,391.71,33,231.79999999999998,159.91,5,59.17643154374409,7.0242424242424235,4.845757575757576,11.87,Wicked Choccy's,32.076176,-81.088371
1504,US-2024-11504-CH,2024-02-24,2024-02-28,Second Class,CUST-18808,United States,Henderson,Kentucky,42420,Other,Gulf,PROD-9415,Wonka Gum,140.7,35,14.569999999999993,126.13,4,10.355366027007815,0.4162857142857141,3.6037142857142856,4.02,Secret Factory,41.446333,-90.565487
1505,US-2024-11505-CH,2024-10-25,2024-10-28,First Class,CUST-10753,United States,Athens,Georgia,30605,Chocolate,Gulf,PROD-7514,Wonka Bar - Triple Dazzle Caramel,208.0,20,99.31,108.69,3,47.74519230769231,4.9655000000000005,5.4345,10.4,Wicked Choccy's,32.076176,-81.088371
1506,US-2024-11506-CH,2025-11-06,2025-11-09,Standard Class,CUST-13685,United States,Athens,Georgia,30605,Other,Gulf,PROD-0345,Lickable Wallpaper,177.12,16,-8.370000000000005,185.49,3,-4.725609756097563,-0.5231250000000003,11.593125,11.07,Secret Factory,41.446333,-90.565487
1507,US-2024-11507-CH,2025-12-25,2025-12-27,Second Class,CUST-13081,United States,New York,New York,10001,Sugar,Atlantic,PROD-2533,Laffy Taffy,53.12,16,22.24,30.88,2,41.86746987951807,1.39,1.93,3.32,Sugar Shack,48.11914,-96.18115
1508,US-2024-11508-CH,2024-10-24,2024-10-27,Standard Class,CUST-19106,United States,Atlanta,Georgia,30301,Other,Gulf,PROD-9415,Wonka Gum,165.12,32,27.810000000000002,137.31,3,16.842296511627907,0.8690625000000001,4.2909375,5.16,Secret Factory,41.446333,-90.565487
1509,US-2024-11509-CH,2025-04-28,2025-05-02,Standard Class,CUST-13741,United States,Seattle,Washington,98101,Other,Pacific,PROD-2646,Kazookles,239.76,27,83.32999999999998,156.43,4,34.75558892225558,3.086296296296296,5.793703703703704,8.879999999999999,The Other Factory,35.1175,-89.971107
1510,US-2024-11510-CH,2024-02-24,2024-02-28,Second Class,CUST-15083,United States,Naperville,Illinois,60540,Other,Interior,PROD-9359,Fizzy Lifting Drinks,262.8,45,-9.339999999999975,272.14,4,-3.5540334855403257,-0.207555555555555,6.047555555555555,5.84,Sugar Shack,48.11914,-96.18115
1511,US-2024-11511-CH,2026-01-26,2026-01-29,Standard Class,CUST-14381,United States,Athens,Georgia,30605,Sugar,Gulf,PROD-2533,Laffy Taffy,286.0,25,84.49000000000001,201.51,3,29.541958041958043,3.3796000000000004,8.0604,11.44,Sugar Shack,48.11914,-96.18115
1512,US-2024-11512-CH,2026-04-29,2026-05-06,Standard Class,CUST-14507,United States,Naperville,Illinois,60540,Chocolate,Interior,PROD-8572,Wonka Bar - Nutty Crunch Surprise,213.12,32,98.89,114.23,7,46.40108858858859,3.0903125,3.5696875,6.66,Lot's O' Nuts,32.881893,-111.768036
1513,US-2024-11513-CH,2025-01-30,2025-02-03,Standard Class,CUST-16256,United States,Henderson,Kentucky,42420,Sugar,Gulf,PROD-2533,Laffy Taffy,178.85,35,74.58,104.27,4,41.69974839250769,2.130857142857143,2.979142857142857,5.109999999999999,Sugar Shack,48.11914,-96.18115
1514,US-2024-11514-CH,2024-06-26,2024-06-29,Standard Class,CUST-12390,United States,Henderson,Kentucky,42420,Chocolate,Gulf,PROD-8572,Wonka Bar - Nutty Crunch Surprise,167.04,32,84.64999999999999,82.39,3,50.6764846743295,2.6453124999999997,2.5746875,5.22,Lot's O' Nuts,32.881893,-111.768036
1515,US-2024-11515-CH,2024-02-24,2024-02-27,Second Class,CUST-18095,United States,Los Angeles,California,90049,Sugar,Pacific,PROD-2533,Laffy Taffy,483.0,46,121.75,361.25,3,25.207039337474118,2.6467391304347827,7.853260869565218,10.5,Sugar Shack,48.11914,-96.18115
1516,US-2024-11516-CH,2025-03-24,2025-03-26,Standard Class,CUST-17434,United States,New York,New York,10001,Other,Atlantic,PROD-9359,Fizzy Lifting Drinks,196.42,46,13.22999999999999,183.19,2,6.735566642908049,0.2876086956521737,3.982391304347826,4.27,Sugar Shack,48.11914,-96.18115
1517,US-2024-11517-CH,2025-10-01,2025-10-04,Standard Class,CUST-15082,United States,Philadelphia,Pennsylvania,19143,Sugar,Atlantic,PROD-2533,Laffy Taffy,29.08,4,10.689999999999998,18.39,3,36.76066024759284,2.6724999999999994,4.5975,7.27,Sugar Shack,48.11914,-96.18115
1518,US-2024-11518-CH,2024-02-12,2024-02-19,Standard Class,CUST-14340,United States,Naperville,Illinois,60540,Other,Interior,PROD-0345,Lickable Wallpaper,166.04,28,24.23999999999998,141.8,7,14.59889183329317,0.865714285714285,5.064285714285715,5.93,Secret Factory,41.446333,-90.565487
1519,US-2024-11519-CH,2024-10-21,2024-10-24,First Class,CUST-16724,United States,Los Angeles,California,90049,Chocolate,Pacific,PROD-8572,Wonka Bar - Nutty Crunch Surprise,245.52,31,120.67000000000002,124.85,3,49.148745519713266,3.8925806451612908,4.02741935483871,7.92,Lot's O' Nuts,32.881893,-111.768036
1520,US-2024-11520-CH,2025-06-03,2025-06-06,Standard Class,CUST-15274,United States,Houston,Texas,77095,Other,Gulf,PROD-9415,Wonka Gum,256.95,45,41.81,215.14,3,16.27164818057988,0.9291111111111111,4.780888888888889,5.71,Secret Factory,41.446333,-90.565487
1521,US-2024-11521-CH,2025-03-13,2025-03-18,Standard Class,CUST-12415,United States,Henderson,Kentucky,42420,Other,Gulf,PROD-0345,Lickable Wallpaper,156.8,40,-4.599999999999994,161.4,5,-2.9336734693877515,-0.11499999999999985,4.035,3.9200000000000004,Secret Factory,41.446333,-90.565487
1522,US-2024-11522-CH,2024-02-14,2024-02-17,Second Class,CUST-16445,United States,Chicago,Illinois,60601,Sugar,Interior,PROD-6629,SweeTARTS,296.64,36,122.61999999999998,174.02,3,41.336299892125126,3.4061111111111106,4.83388888888889,8.24,Sugar Shack,48.11914,-96.18115
1523,US-2024-11523-CH,2025-12-01,2025-12-06,Standard Class,CUST-16707,United States,Naperville,Illinois,60540,Chocolate,Interior,PROD-0874,Wonka Bar - Milk Chocolate,81.27,27,45.01,36.26,5,55.3832902670112,1.6670370370370369,1.342962962962963,3.01,Wicked Choccy's,32.076176,-81.088371
1524,US-2024-11524-CH,2025-10-23,2025-10-30,Standard Class,CUST-11790,United States,Houston,Texas,77095,Sugar,Gulf,PROD-2533,Laffy Taffy,23.28,3,9.22,14.06,7,39.60481099656357,3.0733333333333337,4.6866666666666665,7.760000000000001,Sugar Shack,48.11914,-96.18115
1525,US-2024-11525-CH,2026-05-30,2026-06-02,Standard Class,CUST-15311,United States,Seattle,Washington,98101,Sugar,Pacific,PROD-9885,Fun Dip,11.6,2,3.17,8.43,3,27.327586206896555,1.585,4.215,5.8,Sugar Shack,48.11914,-96.18115
1526,US-2024-11526-CH,2025-08-23,2025-08-30,First Class,CUST-10868,United States,Athens,Georgia,30605,Other,Gulf,PROD-9415,Wonka Gum,106.92,9,23.35000000000001,83.57,7,21.83875794986907,2.5944444444444454,9.285555555555554,11.88,Secret Factory,41.446333,-90.565487
1527,US-2024-11527-CH,2024-10-09,2024-10-16,Standard Class,CUST-15200,United States,Atlanta,Georgia,30301,Sugar,Gulf,PROD-5646,Nerds,179.55,19,68.74000000000001,110.81,7,38.28460038986355,3.6178947368421057,5.832105263157895,9.450000000000001,Sugar Shack,48.11914,-96.18115
1528,US-2024-11528-CH,2025-01-03,2025-01-06,Second Class,CUST-18250,United States,Philadelphia,Pennsylvania,19143,Sugar,Atlantic,PROD-5646,Nerds,101.84,38,39.86000000000001,61.98,3,39.13982717989003,1.0489473684210529,1.6310526315789473,2.68,Sugar Shack,48.11914,-96.18115
1529,US-2024-11529-CH,2024-03-18,2024-03-20,First Class,CUST-18508,United States,New York,New York,10001,Chocolate,Atlantic,PROD-3776,Wonka Bar -Scrumdiddlyumptious,406.38,39,176.79999999999998,229.58,2,43.50607805502239,4.533333333333333,5.886666666666667,10.42,Lot's O' Nuts,32.881893,-111.768036
1530,US-2024-11530-CH,2025-10-29,2025-11-01,Second Class,CUST-13855,United States,New York,New York,10001,Chocolate,Atlantic,PROD-8572,Wonka Bar - Nutty Crunch Surprise,36.0,9,19.71,16.29,3,54.75,2.19,1.8099999999999998,4.0,Lot's O' Nuts,32.881893,-111.768036
1531,US-2024-11531-CH,2024-12-25,2024-12-28,Same Day,CUST-13266,United States,Atlanta,Georgia,30301,Other,Gulf,PROD-9359,Fizzy Lifting Drinks,183.26,17,6.139999999999986,177.12,3,3.350431081523511,0.3611764705882345,10.418823529411766,10.78,Sugar Shack,48.11914,-96.18115
1532,US-2024-11532-CH,2024-11-04,2024-11-07,Standard Class,CUST-14091,United States,Seattle,Washington,98101,Sugar,Pacific,PROD-0725,Hair Toffee,236.74,38,23.930000000000007,212.81,3,10.108135507307598,0.6297368421052634,5.600263157894737,6.23,The Other Factory,35.1175,-89.971107
1533,US-2024-11533-CH,2024-03-19,2024-03-23,Second Class,CUST-19809,United States,Chicago,Illinois,60601,Sugar,Interior,PROD-0725,Hair Toffee,385.6,40,95.41000000000003,290.19,4,24.743257261410793,2.3852500000000005,7.25475,9.64,The Other Factory,35.1175,-89.971107
1534,US-2024-11534-CH,2025-01-21,2025-01-24,Standard Class,CUST-18432,United States,Naperville,Illinois,60540,Chocolate,Interior,PROD-0874,Wonka Bar - Milk Chocolate,159.84,48,86.23,73.61,3,53.94769769769769,1.7964583333333335,1.5335416666666666,3.33,Wicked Choccy's,32.076176,-81.088371
1535,US-2024-11535-CH,2025-07-15,2025-07-18,First Class,CUST-16192,United States,Los Angeles,California,90049,Other,Pacific,PROD-9359,Fizzy Lifting Drinks,110.88,11,5.5,105.38,3,4.9603174603174605,0.5,9.58,10.08,Sugar Shack,48.11914,-96.18115
1536,US-2024-11536-CH,2024-10-11,2024-10-15,Second Class,CUST-14885,United States,Houston,Texas,77095,Other,Gulf,PROD-9415,Wonka Gum,83.41,19,17.209999999999994,66.2,4,20.63301762378611,0.9057894736842101,3.4842105263157896,4.39,Secret Factory,41.446333,-90.565487
1537,US-2024-11537-CH,2025-07-18,2025-07-21,Same Day,CUST-19793,United States,Atlanta,Georgia,30301,Chocolate,Gulf,PROD-3776,Wonka Bar -Scrumdiddlyumptious,302.66,37,154.07000000000002,148.59,3,50.9053062842794,4.164054054054055,4.015945945945946,8.180000000000001,Lot's O' Nuts,32.881893,-111.768036
1538,US-2024-11538-CH,2025-04-02,2025-04-06,Second Class,CUST-14476,United States,Henderson,Kentucky,42420,Chocolate,Gulf,PROD-3776,Wonka Bar -Scrumdiddlyumptious,195.96,23,84.59,111.37,4,43.16697285160237,3.677826086956522,4.842173913043479,8.52,Lot's O' Nuts,32.881893,-111.768036
1539,US-2024-11539-CH,2024-04-30,2024-05-07,First Class,CUST-16180,United States,Los Angeles,California,90049,Other,Pacific,PROD-0345,Lickable Wallpaper,97.83,9,4.590000000000003,93.24,7,4.691812327506904,0.5100000000000003,10.36,10.87,Secret Factory,41.446333,-90.565487
1540,US-2024-11540-CH,2024-08-18,2024-08-21,Second Class,CUST-13607,United States,Henderson,Kentucky,42420,Other,Gulf,PROD-9359,Fizzy Lifting Drinks,84.24,8,1.539999999999992,82.7,3,1.8281101614434854,0.192499999999999,10.3375,10.53,Sugar Shack,48.11914,-96.18115
1541,US-2024-11541-CH,2024-07-11,2024-07-14,Standard Class,CUST-13851,United States,Seattle,Washington,98101,Other,Pacific,PROD-9415,Wonka Gum,224.75,25,55.09,169.66,3,24.511679644048947,2.2036000000000002,6.7863999999999995,8.99,Secret Factory,41.446333,-90.565487
1542,US-2024-11542-CH,2024-11-30,2024-12-04,First Class,CUST-18822,United States,Houston,Texas,77095,Chocolate,Gulf,PROD-7514,Wonka Bar - Triple Dazzle Caramel,389.3,34,207.31,181.99,4,53.25199075263293,6.097352941176471,5.352647058823529,11.450000000000001,Wicked Choccy's,32.076176,-81.088371
1543,US-2024-11543-CH,2025-12-01,2025-12-05,Standard Class,CUST-17464,United States,New York,New York,10001,Sugar,Atlantic,PROD-5646,Nerds,30.05,5,10.21,19.84,4,33.97670549084859,2.0420000000000003,3.968,6.01,Sugar Shack,48.11914,-96.18115
1544,US-2024-11544-CH,2025-09-16,2025-09-21,First Class,CUST-15153,United States,Philadelphia,Pennsylvania,19143,Sugar,Atlantic,PROD-6629,SweeTARTS,104.8,16,33.16,71.64,5,31.6412213740458,2.0725,4.4775,6.55,Sugar Shack,48.11914,-96.18115
1545,US-2024-11545-CH,2024-07-27,2024-07-30,Second Class,CUST-11102,United States,Houston,Texas,77095,Sugar,Gulf,PROD-6629,SweeTARTS,230.0,25,76.69999999999999,153.3,3,33.347826086956516,3.0679999999999996,6.132000000000001,9.2,Sugar Shack,48.11914,-96.18115
1546,US-2024-11546-CH,2026-03-07,2026-03-10,Same Day,CUST-13651,United States,Philadelphia,Pennsylvania,19143,Other,Atlantic,PROD-0345,Lickable Wallpaper,65.76,24,2.750000000000007,63.01,3,4.181873479318745,0.11458333333333363,2.6254166666666667,2.74,Secret Factory,41.446333,-90.565487
1547,US-2024-11547-CH,2024-03-17,2024-03-22,Standard Class,CUST-10016,United States,Philadelphia,Pennsylvania,19143,Chocolate,Atlantic,PROD-0874,Wonka Bar - Milk Chocolate,130.8,40,72.83000000000001,57.97,5,55.68042813455658,1.8207500000000003,1.44925,3.2700000000000005,Wicked Choccy's,32.076176,-81.088371
1548,US-2024-11548-CH,2024-11-28,2024-12-02,First Class,CUST-19468,United States,Chicago,Illinois,60601,Chocolate,Interior,PROD-7514,Wonka Bar - Triple Dazzle Caramel,179.52,17,89.83000000000001,89.69,4,50.03899286987523,5.2841176470588245,5.275882352941176,10.56,Wicked Choccy's,32.076176,-81.088371
1549,US-2024-11549-CH,2025-01-06,2025-01-09,First Class,CUST-14878,United States,Atlanta,Georgia,30301,Sugar,Gulf,PROD-9885,Fun Dip,169.2,18,52.93999999999998,116.26,3,31.28841607565011,2.9411111111111103,6.45888888888889,9.399999999999999,Sugar Shack,48.11914,-96.18115
1550,US-2024-11550-CH,2024-11-26,2024-11-29,Standard Class,CUST-19388,United States,Henderson,Kentucky,42420,Chocolate,Gulf,PROD-0874,Wonka Bar - Milk Chocolate,31.65,5,15.379999999999999,16.27,3,48.59399684044234,3.0759999999999996,3.254,6.33,Wicked Choccy's,32.076176,-81.088371
1551,US-2024-11551-CH,2026-03-31,2026-04-04,Standard Class,CUST-15426,United States,Atlanta,Georgia,30301,Chocolate,Gulf,PROD-0874,Wonka Bar - Milk Chocolate,219.56,22,117.8,101.76,4,53.65276006558572,5.3545454545454545,4.625454545454546,9.98,Wicked Choccy's,32.076176,-81.088371
1552,US-2024-11552-CH,2025-08-12,2025-08-15,Second Class,CUST-13107,United States,Philadelphia,Pennsylvania,19143,Chocolate,Atlantic,PROD-8572,Wonka Bar - Nutty Crunch Surprise,119.46,22,74.19999999999999,45.26,3,62.11284111836597,3.372727272727272,2.057272727272727,5.43,Lot's O' Nuts,32.881893,-111.768036
1553,US-2024-11553-CH,2025-12-26,2025-12-31,Standard Class,CUST-11718,United States,Naperville,Illinois,60540,Other,Interior,PROD-2646,Kazookles,540.97,47,120.15000000000003,420.82,5,22.21010407231455,2.556382978723405,8.953617021276596,11.51,The Other Factory,35.1175,-89.971107
1554,US-2024-11554-CH,2024-06-14,2024-06-17,Standard Class,CUST-10284,United States,Philadelphia,Pennsylvania,19143,Chocolate,Atlantic,PROD-3893,Wonka Bar - Fudge Mallows,285.9,30,159.21999999999997,126.68,3,55.69080097936341,5.307333333333332,4.222666666666667,9.53,Lot's O' Nuts,32.881893,-111.768036
1555,US-2024-11555-CH,2024-04-22,2024-04-25,Standard Class,CUST-14800,United States,Henderson,Kentucky,42420,Sugar,Gulf,PROD-6629,SweeTARTS,64.08,24,18.79,45.29,3,29.322721598002495,0.7829166666666666,1.8870833333333332,2.67,Sugar Shack,48.11914,-96.18115
1556,US-2024-11556-CH,2025-03-21,2025-03-23,Standard Class,CUST-12629,United States,Atlanta,Georgia,30301,Chocolate,Gulf,PROD-3893,Wonka Bar - Fudge Mallows,186.56,16,83.96000000000001,102.6,2,45.00428816466553,5.2475000000000005,6.4125,11.66,Lot's O' Nuts,32.881893,-111.768036
1557,US-2024-11557-CH,2026-01-05,2026-01-08,Standard Class,CUST-19431,United States,Philadelphia,Pennsylvania,19143,Sugar,Atlantic,PROD-5646,Nerds,477.73,43,167.81,309.92,3,35.12653590940489,3.9025581395348836,7.207441860465116,11.110000000000001,Sugar Shack,48.11914,-96.18115
1558,US-2024-11558-CH,2024-10-07,2024-10-09,Standard Class,CUST-15458,United States,Atlanta,Georgia,30301,Sugar,Gulf,PROD-6629,SweeTARTS,35.09,11,12.020000000000003,23.07,2,34.25477343972642,1.092727272727273,2.097272727272727,3.1900000000000004,Sugar Shack,48.11914,-96.18115
1559,US-2024-11559-CH,2024-10-08,2024-10-15,Second Class,CUST-14622,United States,Naperville,Illinois,60540,Chocolate,Interior,PROD-0874,Wonka Bar - Milk Chocolate,420.0,40,216.7,203.3,7,51.595238095238095,5.4174999999999995,5.0825000000000005,10.5,Wicked Choccy's,32.076176,-81.088371
1560,US-2024-11560-CH,2025-09-30,2025-10-05,Standard Class,CUST-19054,United States,Philadelphia,Pennsylvania,19143,Chocolate,Atlantic,PROD-7514,Wonka Bar - Triple Dazzle Caramel,49.59,9,24.000000000000004,25.59,5,48.39685420447671,2.666666666666667,2.8433333333333333,5.510000000000001,Wicked Choccy's,32.076176,-81.088371
1561,US-2024-11561-CH,2024-09-16,2024-09-18,Standard Class,CUST-12132,United States,Naperville,Illinois,60540,Sugar,Interior,PROD-2533,Laffy Taffy,109.22,43,38.129999999999995,71.09,2,34.91118842702801,0.8867441860465115,1.6532558139534885,2.54,Sugar Shack,48.11914,-96.18115
1562,US-2024-11562-CH,2025-12-11,2025-12-15,Standard Class,CUST-11436,United States,Atlanta,Georgia,30301,Other,Gulf,PROD-9415,Wonka Gum,104.4,20,30.840000000000003,73.56,4,29.540229885057474,1.5420000000000003,3.678,5.220000000000001,Secret Factory,41.446333,-90.565487
1563,US-2024-11563-CH,2025-01-08,2025-01-13,Standard Class,CUST-16212,United States,Athens,Georgia,30605,Chocolate,Gulf,PROD-3893,Wonka Bar - Fudge Mallows,210.83,29,85.56000000000002,125.27,5,40.58245980173601,2.9503448275862074,4.319655172413793,7.2700000000000005,Lot's O' Nuts,32.881893,-111.768036
1564,US-2024-11564-CH,2025-05-09,2025-05-12,Second Class,CUST-19580,United States,Philadelphia,Pennsylvania,19143,Chocolate,Atlantic,PROD-3776,Wonka Bar -Scrumdiddlyumptious,43.8,15,26.109999999999996,17.69,3,59.61187214611871,1.7406666666666664,1.1793333333333333,2.92,Lot's O' Nuts,32.881893,-111.768036
1565,US-2024-11565-CH,2024-09-27,2024-09-30,Second Class,CUST-10325,United States,Los Angeles,California,90049,Sugar,Pacific,PROD-2533,Laffy Taffy,25.15,5,7.049999999999997,18.1,3,28.031809145129216,1.4099999999999995,3.62,5.029999999999999,Sugar Shack,48.11914,-96.18115
1566,US-2024-11566-CH,2024-01-16,2024-01-18,Standard Class,CUST-16810,United States,Henderson,Kentucky,42420,Sugar,Gulf,PROD-6629,SweeTARTS,115.2,10,47.36,67.84,2,41.11111111111111,4.736,6.784000000000001,11.52,Sugar Shack,48.11914,-96.18115
1567,US-2024-11567-CH,2024-08-30,2024-09-01,First Class,CUST-10425,United States,Henderson,Kentucky,42420,Sugar,Gulf,PROD-9885,Fun Dip,13.32,4,5.5600000000000005,7.76,2,41.74174174174175,1.3900000000000001,1.94,3.33,Sugar Shack,48.11914,-96.18115
1568,US-2024-11568-CH,2026-05-16,2026-05-19,First Class,CUST-16558,United States,Seattle,Washington,98101,Chocolate,Pacific,PROD-7514,Wonka Bar - Triple Dazzle Caramel,222.0,40,90.88,131.12,3,40.93693693693694,2.272,3.278,5.55,Wicked Choccy's,32.076176,-81.088371
1569,US-2024-11569-CH,2024-06-09,2024-06-12,Standard Class,CUST-14383,United States,Los Angeles,California,90049,Sugar,Pacific,PROD-6629,SweeTARTS,370.74,37,137.31,233.43,3,37.03673733613853,3.711081081081081,6.308918918918919,10.02,Sugar Shack,48.11914,-96.18115
1570,US-2024-11570-CH,2025-02-15,2025-02-18,Standard Class,CUST-12757,United States,Athens,Georgia,30605,Chocolate,Gulf,PROD-8572,Wonka Bar - Nutty Crunch Surprise,98.23,19,41.2,57.03,3,41.942380128270386,2.168421052631579,3.001578947368421,5.17,Lot's O' Nuts,32.881893,-111.768036
1571,US-2024-11571-CH,2026-03-16,2026-03-20,Standard Class,CUST-15866,United States,Seattle,Washington,98101,Chocolate,Pacific,PROD-8572,Wonka Bar - Nutty Crunch Surprise,66.06,18,40.010000000000005,26.05,4,60.56615198304572,2.222777777777778,1.4472222222222222,3.67,Lot's O' Nuts,32.881893,-111.768036
1572,US-2024-11572-CH,2024-03-14,2024-03-16,Standard Class,CUST-19528,United States,Los Angeles,California,90049,Other,Pacific,PROD-9415,Wonka Gum,300.0,40,80.88,219.12,2,26.96,2.022,5.478,7.5,Secret Factory,41.446333,-90.565487
1573,US-2024-11573-CH,2024-08-25,2024-08-28,Second Class,CUST-14318,United States,Houston,Texas,77095,Other,Gulf,PROD-9359,Fizzy Lifting Drinks,70.72,17,10.939999999999998,59.78,3,15.469457013574658,0.6435294117647058,3.5164705882352942,4.16,Sugar Shack,48.11914,-96.18115
1574,US-2024-11574-CH,2025-10-28,2025-10-31,First Class,CUST-13385,United States,Atlanta,Georgia,30301,Chocolate,Gulf,PROD-8572,Wonka Bar - Nutty Crunch Surprise,97.92,16,52.35,45.57,3,53.462009803921575,3.271875,2.848125,6.12,Lot's O' Nuts,32.881893,-111.768036
1575,US-2024-11575-CH,2025-09-05,2025-09-08,Standard Class,CUST-17144,United States,Atlanta,Georgia,30301,Sugar,Gulf,PROD-9885,Fun Dip,162.72,18,41.370000000000005,121.35,3,25.42404129793511,2.298333333333334,6.741666666666666,9.04,Sugar Shack,48.11914,-96.18115
1576,US-2024-11576-CH,2024-07-03,2024-07-10,Second Class,CUST-19057,United States,New York,New York,10001,Sugar,Atlantic,PROD-2120,Everlasting Gobstopper,160.65,35,28.5,132.15,7,17.740429505135385,0.8142857142857143,3.775714285714286,4.59,Secret Factory,41.446333,-90.565487
1577,US-2024-11577-CH,2025-09-28,2025-09-30,Standard Class,CUST-12042,United States,Seattle,Washington,98101,Sugar,Pacific,PROD-5646,Nerds,118.26,27,47.27000000000001,70.99,2,39.97124978860139,1.7507407407407412,2.629259259259259,4.38,Sugar Shack,48.11914,-96.18115
1578,US-2024-11578-CH,2025-01-12,2025-01-16,Standard Class,CUST-10783,United States,Naperville,Illinois,60540,Sugar,Interior,PROD-9885,Fun Dip,56.2,10,21.400000000000006,34.8,4,38.07829181494663,2.1400000000000006,3.4799999999999995,5.62,Sugar Shack,48.11914,-96.18115
1579,US-2024-11579-CH,2026-03-04,2026-03-09,First Class,CUST-12538,United States,Los Angeles,California,90049,Chocolate,Pacific,PROD-7514,Wonka Bar - Triple Dazzle Caramel,136.32,24,70.35,65.97,5,51.60651408450704,2.93125,2.74875,5.68,Wicked Choccy's,32.076176,-81.088371
1580,US-2024-11580-CH,2026-03-22,2026-03-25,Standard Class,CUST-12657,United States,Henderson,Kentucky,42420,Sugar,Gulf,PROD-2120,Everlasting Gobstopper,28.08,8,5.229999999999997,22.85,3,18.625356125356117,0.6537499999999996,2.85625,3.51,Secret Factory,41.446333,-90.565487
1581,US-2024-11581-CH,2025-04-10,2025-04-12,Standard Class,CUST-12829,United States,Athens,Georgia,30605,Other,Gulf,PROD-0345,Lickable Wallpaper,278.46,34,40.91999999999999,237.54,2,14.695108812755869,1.2035294117647055,6.986470588235294,8.19,Secret Factory,41.446333,-90.565487
1582,US-2024-11582-CH,2025-12-17,2025-12-20,Standard Class,CUST-17673,United States,Seattle,Washington,98101,Chocolate,Pacific,PROD-3893,Wonka Bar - Fudge Mallows,27.33,3,12.659999999999998,14.67,3,46.322722283205266,4.22,4.89,9.11,Lot's O' Nuts,32.881893,-111.768036
1583,US-2024-11583-CH,2025-08-18,2025-08-21,First Class,CUST-10617,United States,Houston,Texas,77095,Other,Gulf,PROD-0345,Lickable Wallpaper,223.25,19,-1.2299999999999898,224.48,3,-0.5509518477043628,-0.06473684210526262,11.814736842105262,11.75,Secret Factory,41.446333,-90.565487
1584,US-2024-11584-CH,2025-06-06,2025-06-10,First Class,CUST-11139,United States,Naperville,Illinois,60540,Chocolate,Interior,PROD-8572,Wonka Bar - Nutty Crunch Surprise,133.77,21,76.88000000000001,56.89,4,57.471779920759516,3.6609523809523816,2.709047619047619,6.37,Lot's O' Nuts,32.881893,-111.768036
1585,US-2024-11585-CH,2026-04-24,2026-04-27,Standard Class,CUST-11971,United States,Seattle,Washington,98101,Other,Pacific,PROD-0345,Lickable Wallpaper,274.4,28,23.619999999999976,250.78,3,8.60787172011661,0.8435714285714278,8.956428571428571,9.799999999999999,Secret Factory,41.446333,-90.565487
1586,US-2024-11586-CH,2026-04-28,2026-04-30,Standard Class,CUST-16339,United States,Los Angeles,California,90049,Chocolate,Pacific,PROD-8572,Wonka Bar - Nutty Crunch Surprise,46.56,16,21.46,25.1,2,46.09106529209622,1.34125,1.56875,2.91,Lot's O' Nuts,32.881893,-111.768036
1587,US-2024-11587-CH,2026-01-26,2026-01-29,Standard Class,CUST-18366,United States,Athens,Georgia,30605,Sugar,Gulf,PROD-0725,Hair Toffee,91.12,8,28.880000000000003,62.24,3,31.69446883230904,3.6100000000000003,7.78,11.39,The Other Factory,35.1175,-89.971107
1588,US-2024-11588-CH,2025-01-27,2025-01-30,Standard Class,CUST-18783,United States,Philadelphia,Pennsylvania,19143,Sugar,Atlantic,PROD-2533,Laffy Taffy,85.44,24,31.019999999999996,54.42,3,36.306179775280896,1.2924999999999998,2.2675,3.56,Sugar Shack,48.11914,-96.18115
1589,US-2024-11589-CH,2024-09-30,2024-10-02,Second Class,CUST-16441,United States,New York,New York,10001,Chocolate,Atlantic,PROD-3776,Wonka Bar -Scrumdiddlyumptious,185.28,16,97.94,87.34,2,52.86053540587219,6.12125,5.45875,11.58,Lot's O' Nuts,32.881893,-111.768036
1590,US-2024-11590-CH,2024-10-30,2024-11-01,Standard Class,CUST-16553,United States,Philadelphia,Pennsylvania,19143,Other,Atlantic,PROD-9415,Wonka Gum,259.68,48,34.24000000000001,225.44,2,13.18545902649415,0.7133333333333335,4.696666666666666,5.41,Secret Factory,41.446333,-90.565487
1591,US-2024-11591-CH,2024-11-13,2024-11-16,Standard Class,CUST-13179,United States,Chicago,Illinois,60601,Sugar,Interior,PROD-2533,Laffy Taffy,192.99,21,75.74000000000001,117.25,3,39.24555676459921,3.606666666666667,5.583333333333333,9.190000000000001,Sugar Shack,48.11914,-96.18115
1592,US-2024-11592-CH,2024-06-24,2024-06-27,Second Class,CUST-18262,United States,Athens,Georgia,30605,Chocolate,Gulf,PROD-8572,Wonka Bar - Nutty Crunch Surprise,293.4,45,179.42999999999998,113.97,3,61.15541922290389,3.987333333333333,2.5326666666666666,6.52,Lot's O' Nuts,32.881893,-111.768036
1593,US-2024-11593-CH,2026-05-14,2026-05-19,Same Day,CUST-17899,United States,Houston,Texas,77095,Sugar,Gulf,PROD-2120,Everlasting Gobstopper,151.2,48,40.56999999999999,110.63,5,26.83201058201058,0.8452083333333332,2.3047916666666666,3.15,Secret Factory,41.446333,-90.565487
1594,US-2024-11594-CH,2025-04-15,2025-04-19,Second Class,CUST-16050,United States,Los Angeles,California,90049,Other,Pacific,PROD-9415,Wonka Gum,358.5,30,46.139999999999986,312.36,4,12.870292887029287,1.5379999999999996,10.412,11.95,Secret Factory,41.446333,-90.565487
1595,US-2024-11595-CH,2025-01-13,2025-01-16,Standard Class,CUST-19025,United States,Naperville,Illinois,60540,Chocolate,Interior,PROD-0874,Wonka Bar - Milk Chocolate,203.98,47,89.83999999999999,114.14,3,44.04353367977252,1.9114893617021274,2.4285106382978725,4.34,Wicked Choccy's,32.076176,-81.088371
1596,US-2024-11596-CH,2026-01-30,2026-02-02,Second Class,CUST-18303,United States,Los Angeles,California,90049,Other,Pacific,PROD-0345,Lickable Wallpaper,266.56,49,43.21000000000001,223.35,3,16.210234093637457,0.8818367346938777,4.558163265306122,5.44,Secret Factory,41.446333,-90.565487
1597,US-2024-11597-CH,2025-08-19,2025-08-24,Standard Class,CUST-17846,United States,Chicago,Illinois,60601,Sugar,Interior,PROD-6629,SweeTARTS,275.04,48,120.25000000000003,154.79,5,43.72091332169867,2.505208333333334,3.2247916666666665,5.73,Sugar Shack,48.11914,-96.18115
1598,US-2024-11598-CH,2025-06-25,2025-06-30,Second Class,CUST-14614,United States,Atlanta,Georgia,30301,Sugar,Gulf,PROD-6629,SweeTARTS,515.57,43,215.41000000000003,300.16,5,41.78094148224296,5.009534883720931,6.9804651162790705,11.990000000000002,Sugar Shack,48.11914,-96.18115
1599,US-2024-11599-CH,2024-02-15,2024-02-17,Standard Class,CUST-15966,United States,New York,New York,10001,Chocolate,Atlantic,PROD-7514,Wonka Bar - Triple Dazzle Caramel,89.18,26,49.400000000000006,39.78,2,55.39358600583091,1.9000000000000001,1.53,3.43,Wicked Choccy's,32.076176,-81.088371
1600,US-2024-11600-CH,2024-03-24,2024-03-26,Standard Class,CUST-10366,United States,Los Angeles,California,90049,Sugar,Pacific,PROD-9885,Fun Dip,38.43,7,17.09,21.34,2,44.47046578194119,2.4414285714285713,3.0485714285714285,5.49,Sugar Shack,48.11914,-96.18115
1601,US-2024-11601-CH,2025-11-22,2025-11-25,Second Class,CUST-17485,United States,Atlanta,Georgia,30301,Other,Gulf,PROD-0345,Lickable Wallpaper,89.18,14,7.1200000000000045,82.06,3,7.98385288181207,0.5085714285714289,5.861428571428571,6.37,Secret Factory,41.446333,-90.565487
1602,US-2024-11602-CH,2025-12-01,2025-12-06,Second Class,CUST-18026,United States,Seattle,Washington,98101,Sugar,Pacific,PROD-5646,Nerds,30.57,3,13.379999999999999,17.19,5,43.76840039254171,4.46,5.73,10.19,Sugar Shack,48.11914,-96.18115
1603,US-2024-11603-CH,2024-10-05,2024-10-09,Standard Class,CUST-13940,United States,Los Angeles,California,90049,Chocolate,Pacific,PROD-0874,Wonka Bar - Milk Chocolate,186.56,22,120.65,65.91,4,64.6708833619211,5.484090909090909,2.9959090909090906,8.48,Wicked Choccy's,32.076176,-81.088371
1604,US-2024-11604-CH,2026-03-03,2026-03-06,Standard Class,CUST-12995,United States,Los Angeles,California,90049,Other,Pacific,PROD-9359,Fizzy Lifting Drinks,21.84,2,0.28999999999999915,21.55,3,1.327838827838824,0.14499999999999957,10.775,10.92,Sugar Shack,48.11914,-96.18115
1605,US-2024-11605-CH,2025-11-14,2025-11-16,Standard Class,CUST-18067,United States,Seattle,Washington,98101,Other,Pacific,PROD-9359,Fizzy Lifting Drinks,12.5,5,1.4399999999999995,11.06,2,11.519999999999996,0.2879999999999999,2.212,2.5,Sugar Shack,48.11914,-96.18115
1606,US-2024-11606-CH,2024-04-15,2024-04-18,Standard Class,CUST-14880,United States,Naperville,Illinois,60540,Chocolate,Interior,PROD-8572,Wonka Bar - Nutty Crunch Surprise,128.26,22,65.53999999999999,62.72,3,51.09932948697957,2.9790909090909086,2.850909090909091,5.829999999999999,Lot's O' Nuts,32.881893,-111.768036
1607,US-2024-11607-CH,2025-03-27,2025-04-01,Second Class,CUST-12788,United States,Houston,Texas,77095,Chocolate,Gulf,PROD-7514,Wonka Bar - Triple Dazzle Caramel,297.83,29,170.64999999999998,127.18,5,57.29778732834166,5.884482758620689,4.38551724137931,10.27,Wicked Choccy's,32.076176,-81.088371
1608,US-2024-11608-CH,2024-10-21,2024-10-28,Standard Class,CUST-16347,United States,Atlanta,Georgia,30301,Other,Gulf,PROD-0345,Lickable Wallpaper,198.2,20,11.869999999999976,186.33,7,5.988900100908162,0.5934999999999988,9.316500000000001,9.91,Secret Factory,41.446333,-90.565487
1609,US-2024-11609-CH,2024-03-15,2024-03-18,Standard Class,CUST-18420,United States,Henderson,Kentucky,42420,Other,Gulf,PROD-0345,Lickable Wallpaper,409.15,49,-8.189999999999998,417.34,3,-2.001710863986313,-0.1671428571428571,8.517142857142856,8.35,Secret Factory,41.446333,-90.565487
1610,US-2024-11610-CH,2026-03-12,2026-03-16,Same Day,CUST-10989,United States,Chicago,Illinois,60601,Other,Interior,PROD-2646,Kazookles,182.91,39,22.789999999999992,160.12,4,12.459679623858724,0.5843589743589741,4.105641025641026,4.6899999999999995,The Other Factory,35.1175,-89.971107
1611,US-2024-11611-CH,2025-05-25,2025-05-27,Second Class,CUST-14816,United States,Atlanta,Georgia,30301,Other,Gulf,PROD-0345,Lickable Wallpaper,332.64,48,1.6299999999999955,331.01,2,0.49001924001923863,0.033958333333333236,6.896041666666666,6.93,Secret Factory,41.446333,-90.565487
1612,US-2024-11612-CH,2025-06-02,2025-06-05,Standard Class,CUST-19886,United States,Los Angeles,California,90049,Sugar,Pacific,PROD-5646,Nerds,119.28,28,48.72,70.56,3,40.845070422535215,1.74,2.52,4.26,Sugar Shack,48.11914,-96.18115
1613,US-2024-11613-CH,2026-04-23,2026-04-25,Standard Class,CUST-15543,United States,Atlanta,Georgia,30301,Other,Gulf,PROD-9359,Fizzy Lifting Drinks,169.32,34,20.799999999999983,148.52,2,12.284431845027157,0.6117647058823524,4.368235294117647,4.9799999999999995,Sugar Shack,48.11914,-96.18115
1614,US-2024-11614-CH,2025-09-20,2025-09-22,Second Class,CUST-12562,United States,Los Angeles,California,90049,Sugar,Pacific,PROD-2120,Everlasting Gobstopper,183.75,49,20.639999999999986,163.11,2,11.232653061224482,0.4212244897959181,3.328775510204082,3.75,Secret Factory,41.446333,-90.565487
1615,US-2024-11615-CH,2025-01-23,2025-01-25,Same Day,CUST-14004,United States,Naperville,Illinois,60540,Chocolate,Interior,PROD-0874,Wonka Bar - Milk Chocolate,220.5,30,138.57,81.93,2,62.843537414965986,4.619,2.7310000000000003,7.35,Wicked Choccy's,32.076176,-81.088371
1616,US-2024-11616-CH,2024-02-02,2024-02-04,Standard Class,CUST-10176,United States,Chicago,Illinois,60601,Sugar,Interior,PROD-2120,Everlasting Gobstopper,149.6,22,47.78999999999999,101.81,2,31.945187165775398,2.172272727272727,4.627727272727273,6.8,Secret Factory,41.446333,-90.565487
1617,US-2024-11617-CH,2025-07-14,2025-07-16,First Class,CUST-19360,United States,Atlanta,Georgia,30301,Chocolate,Gulf,PROD-7514,Wonka Bar - Triple Dazzle Caramel,32.4,3,15.979999999999997,16.42,2,49.32098765432098,5.326666666666665,5.473333333333334,10.799999999999999,Wicked Choccy's,32.076176,-81.088371
1618,US-2024-11618-CH,2024-07-16,2024-07-18,Standard Class,CUST-17962,United States,Philadelphia,Pennsylvania,19143,Sugar,Atlantic,PROD-0725,Hair Toffee,145.74,21,24.60000000000001,121.14,2,16.879374228077403,1.171428571428572,5.768571428571429,6.94,The Other Factory,35.1175,-89.971107
1619,US-2024-11619-CH,2024-12-06,2024-12-09,Second Class,CUST-12954,United States,Naperville,Illinois,60540,Sugar,Interior,PROD-5646,Nerds,122.88,24,35.03,87.85,3,28.507486979166668,1.4595833333333335,3.6604166666666664,5.12,Sugar Shack,48.11914,-96.18115
1620,US-2024-11620-CH,2025-06-08,2025-06-11,Standard Class,CUST-17197,United States,Philadelphia,Pennsylvania,19143,Other,Atlantic,PROD-0345,Lickable Wallpaper,20.32,8,3.0700000000000003,17.25,3,15.108267716535433,0.38375000000000004,2.15625,2.54,Secret Factory,41.446333,-90.565487
1621,US-2024-11621-CH,2024-06-04,2024-06-08,Standard Class,CUST-16311,United States,Seattle,Washington,98101,Sugar,Pacific,PROD-2533,Laffy Taffy,358.4,40,141.20999999999998,217.19,4,39.400111607142854,3.5302499999999997,5.42975,8.959999999999999,Sugar Shack,48.11914,-96.18115
1622,US-2024-11622-CH,2026-01-20,2026-01-27,First Class,CUST-17741,United States,Seattle,Washington,98101,Sugar,Pacific,PROD-9885,Fun Dip,60.12,6,16.419999999999995,43.7,7,27.312042581503654,2.736666666666666,7.283333333333334,10.02,Sugar Shack,48.11914,-96.18115
1623,US-2024-11623-CH,2026-02-24,2026-03-01,First Class,CUST-12553,United States,Atlanta,Georgia,30301,Other,Gulf,PROD-2646,Kazookles,16.86,2,1.9900000000000002,14.87,5,11.803084223013052,0.9950000000000001,7.435,8.43,The Other Factory,35.1175,-89.971107
1624,US-2024-11624-CH,2025-07-05,2025-07-09,Standard Class,CUST-12555,United States,Naperville,Illinois,60540,Chocolate,Interior,PROD-3893,Wonka Bar - Fudge Mallows,180.54,17,116.19,64.35,4,64.35692921236291,6.834705882352941,3.7852941176470587,10.62,Lot's O' Nuts,32.881893,-111.768036
1625,US-2024-11625-CH,2025-12-07,2025-12-10,Standard Class,CUST-16298,United States,Naperville,Illinois,60540,Chocolate,Interior,PROD-3893,Wonka Bar - Fudge Mallows,194.48,34,114.6,79.88,3,58.92636774989716,3.3705882352941177,2.349411764705882,5.72,Lot's O' Nuts,32.881893,-111.768036
1626,US-2024-11626-CH,2025-06-25,2025-06-28,Standard Class,CUST-10938,United States,Houston,Texas,77095,Sugar,Gulf,PROD-2533,Laffy Taffy,13.11,3,4.959999999999999,8.15,3,37.83371472158657,1.653333333333333,2.716666666666667,4.37,Sugar Shack,48.11914,-96.18115
1627,US-2024-11627-CH,2025-07-08,2025-07-11,Standard Class,CUST-17975,United States,Houston,Texas,77095,Sugar,Gulf,PROD-2120,Everlasting Gobstopper,438.55,49,69.27000000000004,369.28,3,15.79523429483526,1.413673469387756,7.536326530612245,8.950000000000001,Secret Factory,41.446333,-90.565487
1628,US-2024-11628-CH,2026-05-20,2026-05-25,Standard Class,CUST-15091,United States,Houston,Texas,77095,Chocolate,Gulf,PROD-3893,Wonka Bar - Fudge Mallows,73.4,10,36.77,36.63,5,50.095367847411445,3.6770000000000005,3.6630000000000003,7.340000000000001,Lot's O' Nuts,32.881893,-111.768036
1629,US-2024-11629-CH,2026-02-28,2026-03-07,Standard Class,CUST-15488,United States,Naperville,Illinois,60540,Other,Interior,PROD-9359,Fizzy Lifting Drinks,26.88,6,-0.5700000000000003,27.45,7,-2.1205357142857153,-0.09500000000000004,4.575,4.4799999999999995,Sugar Shack,48.11914,-96.18115
1630,US-2024-11630-CH,2024-07-28,2024-07-31,Standard Class,CUST-18818,United States,Houston,Texas,77095,Chocolate,Gulf,PROD-3893,Wonka Bar - Fudge Mallows,44.56,8,22.990000000000002,21.57,3,51.59335727109515,2.8737500000000002,2.69625,5.57,Lot's O' Nuts,32.881893,-111.768036
1631,US-2024-11631-CH,2026-02-15,2026-02-18,Standard Class,CUST-11868,United States,Houston,Texas,77095,Sugar,Gulf,PROD-6629,SweeTARTS,121.94,13,46.629999999999995,75.31,3,38.24011809086436,3.5869230769230764,5.7930769230769235,9.379999999999999,Sugar Shack,48.11914,-96.18115
1632,US-2024-11632-CH,2025-05-04,2025-05-07,Standard Class,CUST-12556,United States,Naperville,Illinois,60540,Sugar,Interior,PROD-5646,Nerds,53.82,18,15.729999999999997,38.09,3,29.227053140096615,0.8738888888888887,2.1161111111111115,2.99,Sugar Shack,48.11914,-96.18115
1633,US-2024-11633-CH,2024-06-09,2024-06-12,Second Class,CUST-15938,United States,Houston,Texas,77095,Sugar,Gulf,PROD-0725,Hair Toffee,53.9,11,15.43,38.47,3,28.62708719851577,1.4027272727272726,3.497272727272727,4.8999999999999995,The Other Factory,35.1175,-89.971107
1634,US-2024-11634-CH,2025-01-09,2025-01-13,First Class,CUST-13545,United States,Atlanta,Georgia,30301,Chocolate,Gulf,PROD-7514,Wonka Bar - Triple Dazzle Caramel,115.6,20,56.059999999999995,59.54,4,48.49480968858131,2.803,2.977,5.779999999999999,Wicked Choccy's,32.076176,-81.088371
1635,US-2024-11635-CH,2025-06-13,2025-06-16,Second Class,CUST-17459,United States,Henderson,Kentucky,42420,Other,Gulf,PROD-2646,Kazookles,7.14,2,1.4799999999999995,5.66,3,20.728291316526608,0.7399999999999998,2.83,3.57,The Other Factory,35.1175,-89.971107
1636,US-2024-11636-CH,2024-12-06,2024-12-13,Standard Class,CUST-12737,United States,New York,New York,10001,Other,Atlantic,PROD-9415,Wonka Gum,117.15,33,32.88000000000001,84.27,7,28.066581306017934,0.9963636363636367,2.5536363636363637,3.5500000000000003,Secret Factory,41.446333,-90.565487
1637,US-2024-11637-CH,2024-04-29,2024-05-03,Standard Class,CUST-16333,United States,Atlanta,Georgia,30301,Other,Gulf,PROD-0345,Lickable Wallpaper,110.0,11,13.730000000000004,96.27,4,12.481818181818186,1.2481818181818185,8.751818181818182,10.0,Secret Factory,41.446333,-90.565487
1638,US-2024-11638-CH,2025-09-06,2025-09-09,Standard Class,CUST-15783,United States,Houston,Texas,77095,Chocolate,Gulf,PROD-8572,Wonka Bar - Nutty Crunch Surprise,167.4,36,91.2,76.2,3,54.48028673835126,2.533333333333333,2.1166666666666667,4.65,Lot's O' Nuts,32.881893,-111.768036
1639,US-2024-11639-CH,2024-01-22,2024-01-25,First Class,CUST-16266,United States,Philadelphia,Pennsylvania,19143,Sugar,Atlantic,PROD-5646,Nerds,51.81,11,22.060000000000002,29.75,3,42.57865276973558,2.005454545454546,2.7045454545454546,4.71,Sugar Shack,48.11914,-96.18115
1640,US-2024-11640-CH,2024-10-27,2024-10-29,Standard Class,CUST-10660,United States,Atlanta,Georgia,30301,Other,Gulf,PROD-9415,Wonka Gum,13.84,4,3.42,10.42,2,24.710982658959537,0.855,2.605,3.46,Secret Factory,41.446333,-90.565487
1641,US-2024-11641-CH,2024-05-10,2024-05-14,Standard Class,CUST-19748,United States,New York,New York,10001,Chocolate,Atlantic,PROD-7514,Wonka Bar - Triple Dazzle Caramel,33.57,9,15.54,18.03,4,46.29133154602324,1.7266666666666666,2.0033333333333334,3.73,Wicked Choccy's,32.076176,-81.088371
1642,US-2024-11642-CH,2024-04-20,2024-04-24,Standard Class,CUST-15166,United States,Chicago,Illinois,60601,Sugar,Interior,PROD-6629,SweeTARTS,127.12,28,40.02000000000001,87.1,4,31.482064191315303,1.4292857142857147,3.1107142857142853,4.54,Sugar Shack,48.11914,-96.18115
1643,US-2024-11643-CH,2024-08-29,2024-09-01,First Class,CUST-12211,United States,Naperville,Illinois,60540,Chocolate,Interior,PROD-3893,Wonka Bar - Fudge Mallows,390.66,34,180.34000000000003,210.32,3,46.162903803819184,5.304117647058824,6.185882352941176,11.49,Lot's O' Nuts,32.881893,-111.768036
1644,US-2024-11644-CH,2024-05-12,2024-05-15,First Class,CUST-17677,United States,Naperville,Illinois,60540,Other,Interior,PROD-0345,Lickable Wallpaper,231.66,39,7.8700000000000045,223.79,3,3.3972200638867327,0.2017948717948719,5.738205128205128,5.9399999999999995,Secret Factory,41.446333,-90.565487
1645,US-2024-11645-CH,2025-04-18,2025-04-20,Standard Class,CUST-14999,United States,Seattle,Washington,98101,Sugar,Pacific,PROD-5646,Nerds,128.7,45,47.75999999999999,80.94,2,37.10955710955711,1.0613333333333332,1.7986666666666666,2.86,Sugar Shack,48.11914,-96.18115
1646,US-2024-11646-CH,2024-03-25,2024-03-30,Second Class,CUST-13190,United States,Athens,Georgia,30605,Other,Gulf,PROD-2646,Kazookles,121.22,38,33.760000000000005,87.46,5,27.85018973766706,0.8884210526315791,2.3015789473684207,3.19,The Other Factory,35.1175,-89.971107
1647,US-2024-11647-CH,2025-10-24,2025-10-31,Standard Class,CUST-17103,United States,Seattle,Washington,98101,Chocolate,Pacific,PROD-0874,Wonka Bar - Milk Chocolate,80.08,7,43.82,36.26,7,54.72027972027972,6.26,5.18,11.44,Wicked Choccy's,32.076176,-81.088371
1648,US-2024-11648-CH,2025-10-01,2025-10-08,Standard Class,CUST-19883,United States,Henderson,Kentucky,42420,Chocolate,Gulf,PROD-7514,Wonka Bar - Triple Dazzle Caramel,242.0,44,144.75,97.25,7,59.81404958677686,3.289772727272727,2.210227272727273,5.5,Wicked Choccy's,32.076176,-81.088371
1649,US-2024-11649-CH,2024-03-21,2024-03-23,Second Class,CUST-12054,United States,Los Angeles,California,90049,Chocolate,Pacific,PROD-7514,Wonka Bar - Triple Dazzle Caramel,523.02,46,326.1,196.92,2,62.34943214408627,7.089130434782609,4.280869565217391,11.37,Wicked Choccy's,32.076176,-81.088371
1650,US-2024-11650-CH,2025-05-29,2025-06-01,Standard Class,CUST-16105,United States,Atlanta,Georgia,30301,Other,Gulf,PROD-9415,Wonka Gum,71.7,10,9.46,62.24,3,13.193863319386331,0.9460000000000001,6.224,7.17,Secret Factory,41.446333,-90.565487
1651,US-2024-11651-CH,2024-02-07,2024-02-09,Standard Class,CUST-12064,United States,Seattle,Washington,98101,Chocolate,Pacific,PROD-8572,Wonka Bar - Nutty Crunch Surprise,180.18,26,76.59,103.59,2,42.50749250749251,2.9457692307692307,3.9842307692307695,6.930000000000001,Lot's O' Nuts,32.881893,-111.768036
1652,US-2024-11652-CH,2024-11-11,2024-11-13,Standard Class,CUST-18306,United States,Los Angeles,California,90049,Other,Pacific,PROD-2646,Kazookles,190.44,18,35.97,154.47,2,18.88783868935098,1.9983333333333333,8.581666666666667,10.58,The Other Factory,35.1175,-89.971107
1653,US-2024-11653-CH,2025-03-13,2025-03-15,First Class,CUST-15648,United States,Henderson,Kentucky,42420,Chocolate,Gulf,PROD-0874,Wonka Bar - Milk Chocolate,140.4,12,83.25,57.15,2,59.294871794871796,6.9375,4.7625,11.700000000000001,Wicked Choccy's,32.076176,-81.088371
1654,US-2024-11654-CH,2024-10-18,2024-10-20,Standard Class,CUST-15246,United States,Los Angeles,California,90049,Chocolate,Pacific,PROD-3893,Wonka Bar - Fudge Mallows,125.8,37,71.52,54.28,2,56.85214626391096,1.9329729729729728,1.4670270270270271,3.4,Lot's O' Nuts,32.881893,-111.768036
1655,US-2024-11655-CH,2024-05-08,2024-05-10,Second Class,CUST-14928,United States,Naperville,Illinois,60540,Sugar,Interior,PROD-5646,Nerds,5.18,2,2.0999999999999996,3.08,2,40.54054054054054,1.0499999999999998,1.54,2.59,Sugar Shack,48.11914,-96.18115
1656,US-2024-11656-CH,2025-10-31,2025-11-04,Same Day,CUST-16582,United States,Henderson,Kentucky,42420,Sugar,Gulf,PROD-6629,SweeTARTS,272.93,49,99.43,173.5,4,36.43058659729601,2.029183673469388,3.5408163265306123,5.57,Sugar Shack,48.11914,-96.18115
1657,US-2024-11657-CH,2025-01-30,2025-02-03,Second Class,CUST-17177,United States,Seattle,Washington,98101,Sugar,Pacific,PROD-0725,Hair Toffee,156.0,16,19.49000000000001,136.51,4,12.493589743589748,1.2181250000000006,8.531875,9.75,The Other Factory,35.1175,-89.971107
1658,US-2024-11658-CH,2026-03-27,2026-03-29,Same Day,CUST-15054,United States,Philadelphia,Pennsylvania,19143,Chocolate,Atlantic,PROD-3893,Wonka Bar - Fudge Mallows,94.07,23,57.32999999999999,36.74,2,60.9439778888062,2.4926086956521734,1.5973913043478263,4.09,Lot's O' Nuts,32.881893,-111.768036
1659,US-2024-11659-CH,2026-01-29,2026-02-03,Standard Class,CUST-16194,United States,Naperville,Illinois,60540,Sugar,Interior,PROD-2120,Everlasting Gobstopper,65.68,8,17.60000000000001,48.08,5,26.796589524969562,2.200000000000001,6.01,8.21,Secret Factory,41.446333,-90.565487
1660,US-2024-11660-CH,2025-07-01,2025-07-05,Second Class,CUST-16301,United States,Houston,Texas,77095,Chocolate,Gulf,PROD-3893,Wonka Bar - Fudge Mallows,152.83,29,90.36000000000001,62.47,4,59.12451743767585,3.1158620689655177,2.154137931034483,5.2700000000000005,Lot's O' Nuts,32.881893,-111.768036
1661,US-2024-11661-CH,2024-08-28,2024-08-31,First Class,CUST-18464,United States,Houston,Texas,77095,Sugar,Gulf,PROD-2533,Laffy Taffy,229.68,33,69.20000000000002,160.48,3,30.12887495646117,2.0969696969696976,4.863030303030302,6.96,Sugar Shack,48.11914,-96.18115
1662,US-2024-11662-CH,2026-06-01,2026-06-03,Standard Class,CUST-14526,United States,Philadelphia,Pennsylvania,19143,Sugar,Atlantic,PROD-2120,Everlasting Gobstopper,111.25,25,19.790000000000006,91.46,2,17.788764044943825,0.7916000000000003,3.6584,4.45,Secret Factory,41.446333,-90.565487
1663,US-2024-11663-CH,2026-06-13,2026-06-20,Standard Class,CUST-19524,United States,Naperville,Illinois,60540,Sugar,Interior,PROD-2120,Everlasting Gobstopper,204.4,28,69.43,134.97,7,33.96771037181996,2.4796428571428573,4.820357142857143,7.3,Secret Factory,41.446333,-90.565487
1664,US-2024-11664-CH,2026-02-28,2026-03-04,Standard Class,CUST-18580,United States,Los Angeles,California,90049,Other,Pacific,PROD-9359,Fizzy Lifting Drinks,244.72,23,8.870000000000005,235.85,4,3.624550506701538,0.3856521739130437,10.254347826086956,10.64,Sugar Shack,48.11914,-96.18115
1665,US-2024-11665-CH,2025-12-01,2025-12-04,Same Day,CUST-11878,United States,Chicago,Illinois,60601,Chocolate,Interior,PROD-3776,Wonka Bar -Scrumdiddlyumptious,281.28,24,142.86999999999998,138.41,3,50.79280432309442,5.952916666666666,5.767083333333333,11.719999999999999,Lot's O' Nuts,32.881893,-111.768036
1666,US-2024-11666-CH,2024-11-15,2024-11-19,Second Class,CUST-14270,United States,Athens,Georgia,30605,Sugar,Gulf,PROD-5646,Nerds,267.84,24,77.38999999999999,190.45,4,28.894115890083626,3.224583333333333,7.935416666666666,11.159999999999998,Sugar Shack,48.11914,-96.18115
1667,US-2024-11667-CH,2024-12-18,2024-12-21,Second Class,CUST-11042,United States,Naperville,Illinois,60540,Chocolate,Interior,PROD-3893,Wonka Bar - Fudge Mallows,301.31,29,151.32,149.99,3,50.22070293053665,5.217931034482758,5.172068965517242,10.39,Lot's O' Nuts,32.881893,-111.768036
1668,US-2024-11668-CH,2024-01-24,2024-01-27,Standard Class,CUST-11952,United States,Seattle,Washington,98101,Other,Pacific,PROD-2646,Kazookles,229.6,20,72.59,157.01,3,31.615853658536587,3.6295,7.850499999999999,11.48,The Other Factory,35.1175,-89.971107
1669,US-2024-11669-CH,2024-06-17,2024-06-19,Standard Class,CUST-18734,United States,Henderson,Kentucky,42420,Sugar,Gulf,PROD-2120,Everlasting Gobstopper,127.44,12,20.789999999999992,106.65,2,16.313559322033893,1.7324999999999993,8.887500000000001,10.62,Secret Factory,41.446333,-90.565487
1670,US-2024-11670-CH,2024-10-14,2024-10-18,Standard Class,CUST-11150,United States,Philadelphia,Pennsylvania,19143,Chocolate,Atlantic,PROD-0874,Wonka Bar - Milk Chocolate,89.46,9,45.43999999999999,44.02,4,50.79365079365079,5.048888888888888,4.891111111111112,9.94,Wicked Choccy's,32.076176,-81.088371
1671,US-2024-11671-CH,2026-02-02,2026-02-04,Second Class,CUST-11242,United States,Los Angeles,California,90049,Sugar,Pacific,PROD-9885,Fun Dip,255.25,25,85.28,169.97,2,33.4103819784525,3.4112,6.7988,10.21,Sugar Shack,48.11914,-96.18115
1672,US-2024-11672-CH,2026-06-11,2026-06-18,Second Class,CUST-11213,United States,Henderson,Kentucky,42420,Chocolate,Gulf,PROD-7514,Wonka Bar - Triple Dazzle Caramel,26.05,5,16.36,9.69,7,62.80230326295585,3.272,1.938,5.21,Wicked Choccy's,32.076176,-81.088371
1673,US-2024-11673-CH,2025-12-10,2025-12-13,Standard Class,CUST-12446,United States,Houston,Texas,77095,Chocolate,Gulf,PROD-0874,Wonka Bar - Milk Chocolate,44.88,17,26.35,18.53,3,58.71212121212122,1.55,1.09,2.64,Wicked Choccy's,32.076176,-81.088371
1674,US-2024-11674-CH,2025-12-28,2025-12-31,Same Day,CUST-15959,United States,Philadelphia,Pennsylvania,19143,Sugar,Atlantic,PROD-2533,Laffy Taffy,280.72,29,95.52000000000004,185.2,3,34.02678825876319,3.293793103448277,6.386206896551724,9.680000000000001,Sugar Shack,48.11914,-96.18115
1675,US-2024-11675-CH,2025-07-16,2025-07-23,Standard Class,CUST-14107,United States,Atlanta,Georgia,30301,Chocolate,Gulf,PROD-8572,Wonka Bar - Nutty Crunch Surprise,247.26,26,106.84,140.42,7,43.209576963520185,4.109230769230769,5.40076923076923,9.51,Lot's O' Nuts,32.881893,-111.768036
1676,US-2024-11676-CH,2025-08-15,2025-08-17,Standard Class,CUST-16458,United States,Los Angeles,California,90049,Other,Pacific,PROD-2646,Kazookles,70.35,15,20.119999999999997,50.23,2,28.599857853589196,1.3413333333333333,3.3486666666666665,4.6899999999999995,The Other Factory,35.1175,-89.971107
1677,US-2024-11677-CH,2024-02-05,2024-02-07,Same Day,CUST-16724,United States,Philadelphia,Pennsylvania,19143,Chocolate,Atlantic,PROD-3893,Wonka Bar - Fudge Mallows,58.2,20,26.44,31.76,2,45.42955326460481,1.322,1.588,2.91,Lot's O' Nuts,32.881893,-111.768036
1678,US-2024-11678-CH,2025-12-16,2025-12-19,Standard Class,CUST-10751,United States,Houston,Texas,77095,Chocolate,Gulf,PROD-0874,Wonka Bar - Milk Chocolate,50.18,13,21.34,28.84,3,42.52690314866481,1.6415384615384616,2.2184615384615385,3.86,Wicked Choccy's,32.076176,-81.088371
1679,US-2024-11679-CH,2025-10-19,2025-10-22,Standard Class,CUST-18506,United States,New York,New York,10001,Chocolate,Atlantic,PROD-8572,Wonka Bar - Nutty Crunch Surprise,198.9,30,87.04,111.86,3,43.76068376068376,2.9013333333333335,3.728666666666667,6.63,Lot's O' Nuts,32.881893,-111.768036
1680,US-2024-11680-CH,2024-01-10,2024-01-13,Second Class,CUST-11649,United States,New York,New York,10001,Sugar,Atlantic,PROD-2533,Laffy Taffy,252.28,34,106.4,145.88,3,42.17536071032187,3.1294117647058823,4.290588235294117,7.42,Sugar Shack,48.11914,-96.18115
1681,US-2024-11681-CH,2026-01-26,2026-01-29,Standard Class,CUST-18433,United States,Athens,Georgia,30605,Chocolate,Gulf,PROD-7514,Wonka Bar - Triple Dazzle Caramel,264.96,48,130.35999999999999,134.6,3,49.19987922705314,2.715833333333333,2.8041666666666667,5.52,Wicked Choccy's,32.076176,-81.088371
1682,US-2024-11682-CH,2026-01-10,2026-01-15,Standard Class,CUST-17387,United States,Naperville,Illinois,60540,Other,Interior,PROD-9415,Wonka Gum,55.9,5,8.829999999999998,47.07,5,15.796064400715562,1.7659999999999996,9.414,11.18,Secret Factory,41.446333,-90.565487
1683,US-2024-11683-CH,2025-09-22,2025-09-25,Standard Class,CUST-11212,United States,Henderson,Kentucky,42420,Chocolate,Gulf,PROD-8572,Wonka Bar - Nutty Crunch Surprise,227.43,21,135.42000000000002,92.01,3,59.543595831684485,6.448571428571429,4.381428571428572,10.83,Lot's O' Nuts,32.881893,-111.768036
1684,US-2024-11684-CH,2025-11-06,2025-11-09,Same Day,CUST-19818,United States,Athens,Georgia,30605,Chocolate,Gulf,PROD-3893,Wonka Bar - Fudge Mallows,150.88,16,93.21,57.67,3,61.77757158006363,5.825625,3.604375,9.43,Lot's O' Nuts,32.881893,-111.768036
1685,US-2024-11685-CH,2024-12-07,2024-12-11,Standard Class,CUST-13403,United States,Los Angeles,California,90049,Chocolate,Pacific,PROD-7514,Wonka Bar - Triple Dazzle Caramel,38.64,8,17.560000000000002,21.08,4,45.44513457556936,2.1950000000000003,2.635,4.83,Wicked Choccy's,32.076176,-81.088371
1686,US-2024-11686-CH,2025-10-26,2025-10-29,Standard Class,CUST-13194,United States,Chicago,Illinois,60601,Chocolate,Interior,PROD-0874,Wonka Bar - Milk Chocolate,319.8,30,182.11,137.69,3,56.9449656035022,6.070333333333334,4.589666666666667,10.66,Wicked Choccy's,32.076176,-81.088371
1687,US-2024-11687-CH,2025-12-04,2025-12-07,Standard Class,CUST-12959,United States,Naperville,Illinois,60540,Other,Interior,PROD-2646,Kazookles,166.24,16,52.08000000000001,114.16,3,31.32820019249279,3.255000000000001,7.135,10.39,The Other Factory,35.1175,-89.971107
1688,US-2024-11688-CH,2024-02-24,2024-02-27,First Class,CUST-10723,United States,Los Angeles,California,90049,Chocolate,Pacific,PROD-3776,Wonka Bar -Scrumdiddlyumptious,125.55,27,75.11,50.44,3,59.82477100756671,2.781851851851852,1.8681481481481481,4.6499999999999995,Lot's O' Nuts,32.881893,-111.768036
1689,US-2024-11689-CH,2026-01-07,2026-01-09,Standard Class,CUST-13051,United States,Philadelphia,Pennsylvania,19143,Other,Atlantic,PROD-9415,Wonka Gum,250.53,21,66.11000000000001,184.42,2,26.38805731848482,3.1480952380952387,8.78190476190476,11.93,Secret Factory,41.446333,-90.565487
1690,US-2024-11690-CH,2024-07-22,2024-07-24,Second Class,CUST-19148,United States,Chicago,Illinois,60601,Sugar,Interior,PROD-2120,Everlasting Gobstopper,18.21,3,6.290000000000001,11.92,2,34.54146073585942,2.096666666666667,3.973333333333333,6.07,Secret Factory,41.446333,-90.565487
1691,US-2024-11691-CH,2025-03-01,2025-03-04,Standard Class,CUST-17028,United States,Houston,Texas,77095,Sugar,Gulf,PROD-2533,Laffy Taffy,157.17,31,48.62999999999998,108.54,3,30.941019278488252,1.5687096774193543,3.5012903225806453,5.069999999999999,Sugar Shack,48.11914,-96.18115
1692,US-2024-11692-CH,2025-11-25,2025-11-29,Second Class,CUST-17300,United States,Henderson,Kentucky,42420,Chocolate,Gulf,PROD-3893,Wonka Bar - Fudge Mallows,102.68,34,62.690000000000005,39.99,4,61.05375925204519,1.8438235294117649,1.1761764705882354,3.02,Lot's O' Nuts,32.881893,-111.768036
1693,US-2024-11693-CH,2025-11-14,2025-11-16,Standard Class,CUST-13624,United States,Philadelphia,Pennsylvania,19143,Chocolate,Atlantic,PROD-0874,Wonka Bar - Milk Chocolate,172.98,31,79.38999999999999,93.59,2,45.89547924615562,2.5609677419354835,3.019032258064516,5.58,Wicked Choccy's,32.076176,-81.088371
1694,US-2024-11694-CH,2024-08-06,2024-08-09,Standard Class,CUST-13756,United States,Atlanta,Georgia,30301,Other,Gulf,PROD-0345,Lickable Wallpaper,87.64,14,-0.480000000000004,88.12,3,-0.5476951163852167,-0.03428571428571457,6.2942857142857145,6.26,Secret Factory,41.446333,-90.565487
1695,US-2024-11695-CH,2025-08-18,2025-08-23,Standard Class,CUST-16436,United States,Athens,Georgia,30605,Other,Gulf,PROD-2646,Kazookles,50.16,6,12.86,37.3,5,25.637958532695375,2.143333333333333,6.216666666666666,8.36,The Other Factory,35.1175,-89.971107
1696,US-2024-11696-CH,2025-06-20,2025-06-23,Standard Class,CUST-11918,United States,Henderson,Kentucky,42420,Other,Gulf,PROD-0345,Lickable Wallpaper,341.76,32,21.149999999999977,320.61,3,6.188553370786511,0.6609374999999993,10.0190625,10.68,Secret Factory,41.446333,-90.565487
1697,US-2024-11697-CH,2024-01-26,2024-01-29,Standard Class,CUST-18741,United States,Athens,Georgia,30605,Other,Gulf,PROD-0345,Lickable Wallpaper,96.24,12,12.569999999999993,83.67,3,13.061097256857849,1.0474999999999994,6.9725,8.02,Secret Factory,41.446333,-90.565487
1698,US-2024-11698-CH,2026-04-12,2026-04-19,Standard Class,CUST-14464,United States,Chicago,Illinois,60601,Other,Interior,PROD-0345,Lickable Wallpaper,256.36,29,40.24000000000001,216.12,7,15.69667654860353,1.387586206896552,7.452413793103449,8.84,Secret Factory,41.446333,-90.565487
1699,US-2024-11699-CH,2025-12-18,2025-12-22,Standard Class,CUST-14426,United States,Naperville,Illinois,60540,Other,Interior,PROD-2646,Kazookles,31.86,9,4.16,27.7,4,13.0571249215317,0.46222222222222226,3.0777777777777775,3.54,The Other Factory,35.1175,-89.971107
1700,US-2024-11700-CH,2024-10-01,2024-10-03,First Class,CUST-17349,United States,Los Angeles,California,90049,Other,Pacific,PROD-0345,Lickable Wallpaper,125.78,38,4.739999999999995,121.04,2,3.7684846557481277,0.12473684210526302,3.185263157894737,3.31,Secret Factory,41.446333,-90.565487
1701,US-2024-11701-CH,2024-04-05,2024-04-09,Second Class,CUST-13655,United States,Houston,Texas,77095,Chocolate,Gulf,PROD-3776,Wonka Bar -Scrumdiddlyumptious,146.55,15,93.35000000000001,53.2,4,63.698396451722964,6.223333333333334,3.546666666666667,9.770000000000001,Lot's O' Nuts,32.881893,-111.768036
1702,US-2024-11702-CH,2024-06-07,2024-06-10,Standard Class,CUST-18239,United States,Atlanta,Georgia,30301,Chocolate,Gulf,PROD-3776,Wonka Bar -Scrumdiddlyumptious,227.88,27,119.36,108.52,3,52.378444795506404,4.420740740740741,4.019259259259259,8.44,Lot's O' Nuts,32.881893,-111.768036
1703,US-2024-11703-CH,2026-04-07,2026-04-11,First Class,CUST-19010,United States,Los Angeles,California,90049,Sugar,Pacific,PROD-6629,SweeTARTS,27.88,4,9.14,18.74,4,32.783357245337164,2.285,4.685,6.97,Sugar Shack,48.11914,-96.18115
1704,US-2024-11704-CH,2025-08-31,2025-09-07,Standard Class,CUST-11543,United States,New York,New York,10001,Chocolate,Atlantic,PROD-8572,Wonka Bar - Nutty Crunch Surprise,252.08,23,117.85000000000002,134.23,7,46.75103141859728,5.123913043478262,5.836086956521739,10.96,Lot's O' Nuts,32.881893,-111.768036
1705,US-2024-11705-CH,2025-05-22,2025-05-29,Standard Class,CUST-19623,United States,Seattle,Washington,98101,Sugar,Pacific,PROD-2533,Laffy Taffy,223.8,30,92.94,130.86,7,41.52815013404825,3.098,4.362,7.46,Sugar Shack,48.11914,-96.18115
1706,US-2024-11706-CH,2024-09-21,2024-09-28,Standard Class,CUST-13221,United States,Naperville,Illinois,60540,Sugar,Interior,PROD-9885,Fun Dip,233.64,36,62.91999999999999,170.72,7,26.93032015065913,1.7477777777777774,4.742222222222222,6.489999999999999,Sugar Shack,48.11914,-96.18115
1707,US-2024-11707-CH,2026-03-15,2026-03-19,Standard Class,CUST-13819,United States,Henderson,Kentucky,42420,Chocolate,Gulf,PROD-8572,Wonka Bar - Nutty Crunch Surprise,50.04,9,27.06,22.98,4,54.07673860911271,3.0066666666666664,2.5533333333333332,5.56,Lot's O' Nuts,32.881893,-111.768036
1708,US-2024-11708-CH,2024-08-10,2024-08-15,Standard Class,CUST-18961,United States,Atlanta,Georgia,30301,Chocolate,Gulf,PROD-7514,Wonka Bar - Triple Dazzle Caramel,160.25,25,94.0,66.25,5,58.65834633385335,3.76,2.65,6.41,Wicked Choccy's,32.076176,-81.088371
1709,US-2024-11709-CH,2025-08-30,2025-09-06,Standard Class,CUST-15567,United States,Los Angeles,California,90049,Chocolate,Pacific,PROD-0874,Wonka Bar - Milk Chocolate,89.6,14,39.55,50.05,7,44.140625,2.8249999999999997,3.5749999999999997,6.3999999999999995,Wicked Choccy's,32.076176,-81.088371
1710,US-2024-11710-CH,2024-06-08,2024-06-10,First Class,CUST-18172,United States,Atlanta,Georgia,30301,Sugar,Gulf,PROD-5646,Nerds,389.3,34,163.5,225.8,2,41.99845877215515,4.8088235294117645,6.641176470588236,11.450000000000001,Sugar Shack,48.11914,-96.18115
1711,US-2024-11711-CH,2026-01-20,2026-01-24,Second Class,CUST-15269,United States,Atlanta,Georgia,30301,Other,Gulf,PROD-2646,Kazookles,32.92,4,8.8,24.12,4,26.731470230862698,2.2,6.03,8.23,The Other Factory,35.1175,-89.971107
1712,US-2024-11712-CH,2025-12-01,2025-12-06,Standard Class,CUST-15885,United States,Naperville,Illinois,60540,Chocolate,Interior,PROD-0874,Wonka Bar - Milk Chocolate,166.5,30,70.89,95.61,5,42.57657657657658,2.363,3.187,5.55,Wicked Choccy's,32.076176,-81.088371
1713,US-2024-11713-CH,2025-12-10,2025-12-12,Second Class,CUST-12607,United States,Houston,Texas,77095,Chocolate,Gulf,PROD-3893,Wonka Bar - Fudge Mallows,86.22,9,39.79,46.43,2,46.149385293435394,4.421111111111111,5.158888888888889,9.58,Lot's O' Nuts,32.881893,-111.768036
1714,US-2024-11714-CH,2025-02-02,2025-02-05,Second Class,CUST-18491,United States,Chicago,Illinois,60601,Other,Interior,PROD-2646,Kazookles,290.4,48,90.45999999999998,199.94,3,31.15013774104683,1.8845833333333328,4.165416666666666,6.05,The Other Factory,35.1175,-89.971107
1715,US-2024-11715-CH,2026-01-01,2026-01-08,Standard Class,CUST-10723,United States,Naperville,Illinois,60540,Chocolate,Interior,PROD-3776,Wonka Bar -Scrumdiddlyumptious,93.6,10,51.82999999999999,41.77,7,55.37393162393162,5.182999999999999,4.1770000000000005,9.36,Lot's O' Nuts,32.881893,-111.768036
1716,US-2024-11716-CH,2024-08-07,2024-08-09,Second Class,CUST-13089,United States,Atlanta,Georgia,30301,Sugar,Gulf,PROD-5646,Nerds,84.32,17,33.79999999999999,50.52,2,40.085388994307394,1.9882352941176464,2.9717647058823533,4.96,Sugar Shack,48.11914,-96.18115
1717,US-2024-11717-CH,2025-05-29,2025-06-02,Standard Class,CUST-10414,United States,Philadelphia,Pennsylvania,19143,Chocolate,Atlantic,PROD-3776,Wonka Bar -Scrumdiddlyumptious,162.98,29,71.63999999999999,91.34,4,43.95631365811756,2.4703448275862065,3.149655172413793,5.619999999999999,Lot's O' Nuts,32.881893,-111.768036
1718,US-2024-11718-CH,2026-01-27,2026-01-29,Standard Class,CUST-17192,United States,Atlanta,Georgia,30301,Other,Gulf,PROD-0345,Lickable Wallpaper,287.1,30,32.650000000000034,254.45,2,11.372344130964832,1.0883333333333345,8.481666666666666,9.57,Secret Factory,41.446333,-90.565487
1719,US-2024-11719-CH,2024-03-09,2024-03-16,Second Class,CUST-19817,United States,Seattle,Washington,98101,Other,Pacific,PROD-0345,Lickable Wallpaper,137.2,49,9.149999999999977,128.05,7,6.66909620991252,0.18673469387755057,2.6132653061224493,2.8,Secret Factory,41.446333,-90.565487
1720,US-2024-11720-CH,2025-12-14,2025-12-17,Second Class,CUST-11345,United States,New York,New York,10001,Chocolate,Atlantic,PROD-3893,Wonka Bar - Fudge Mallows,74.64,12,40.3,34.34,3,53.992497320471585,3.358333333333333,2.861666666666667,6.22,Lot's O' Nuts,32.881893,-111.768036
1721,US-2024-11721-CH,2025-06-10,2025-06-13,Standard Class,CUST-13360,United States,Houston,Texas,77095,Sugar,Gulf,PROD-0725,Hair Toffee,118.44,36,12.009999999999991,106.43,3,10.140155352921303,0.33361111111111086,2.956388888888889,3.29,The Other Factory,35.1175,-89.971107
1722,US-2024-11722-CH,2025-10-18,2025-10-21,Standard Class,CUST-14992,United States,New York,New York,10001,Other,Atlantic,PROD-9359,Fizzy Lifting Drinks,104.47,31,12.799999999999997,91.67,3,12.252321240547523,0.4129032258064515,2.9570967741935483,3.37,Sugar Shack,48.11914,-96.18115
1723,US-2024-11723-CH,2025-09-14,2025-09-19,First Class,CUST-16451,United States,Seattle,Washington,98101,Other,Pacific,PROD-2646,Kazookles,108.72,36,28.72,80.0,5,26.416482707873435,0.7977777777777777,2.2222222222222223,3.02,The Other Factory,35.1175,-89.971107
1724,US-2024-11724-CH,2024-10-11,2024-10-14,Standard Class,CUST-18772,United States,Atlanta,Georgia,30301,Other,Gulf,PROD-9415,Wonka Gum,243.95,41,68.92999999999998,175.02,3,28.25579012092641,1.6812195121951214,4.268780487804879,5.949999999999999,Secret Factory,41.446333,-90.565487
1725,US-2024-11725-CH,2024-12-09,2024-12-16,First Class,CUST-11210,United States,Athens,Georgia,30605,Chocolate,Gulf,PROD-7514,Wonka Bar - Triple Dazzle Caramel,10.88,2,4.790000000000001,6.09,7,44.02573529411765,2.3950000000000005,3.045,5.44,Wicked Choccy's,32.076176,-81.088371
1726,US-2024-11726-CH,2024-06-14,2024-06-17,First Class,CUST-14758,United States,Naperville,Illinois,60540,Chocolate,Interior,PROD-3776,Wonka Bar -Scrumdiddlyumptious,194.4,30,86.42,107.98,3,44.45473251028807,2.880666666666667,3.5993333333333335,6.48,Lot's O' Nuts,32.881893,-111.768036
1727,US-2024-11727-CH,2025-01-10,2025-01-14,Standard Class,CUST-10256,United States,Henderson,Kentucky,42420,Sugar,Gulf,PROD-6629,SweeTARTS,406.08,48,101.52999999999997,304.55,4,25.002462568951927,2.115208333333333,6.344791666666667,8.459999999999999,Sugar Shack,48.11914,-96.18115
1728,US-2024-11728-CH,2024-02-20,2024-02-24,Same Day,CUST-15748,United States,New York,New York,10001,Other,Atlantic,PROD-2646,Kazookles,181.4,20,41.77000000000001,139.63,4,23.026460859977956,2.0885000000000007,6.9815,9.07,The Other Factory,35.1175,-89.971107
1729,US-2024-11729-CH,2026-02-13,2026-02-16,Standard Class,CUST-18167,United States,Henderson,Kentucky,42420,Sugar,Gulf,PROD-2533,Laffy Taffy,10.24,2,3.34,6.9,3,32.6171875,1.67,3.45,5.12,Sugar Shack,48.11914,-96.18115
1730,US-2024-11730-CH,2024-07-04,2024-07-09,Standard Class,CUST-19498,United States,Henderson,Kentucky,42420,Chocolate,Gulf,PROD-8572,Wonka Bar - Nutty Crunch Surprise,195.12,24,121.76,73.36,5,62.40262402624026,5.073333333333333,3.0566666666666666,8.13,Lot's O' Nuts,32.881893,-111.768036
1731,US-2024-11731-CH,2025-09-07,2025-09-11,Standard Class,CUST-12339,United States,Henderson,Kentucky,42420,Sugar,Gulf,PROD-2533,Laffy Taffy,127.92,24,33.400000000000006,94.52,4,26.110068792995627,1.3916666666666668,3.938333333333333,5.33,Sugar Shack,48.11914,-96.18115
1732,US-2024-11732-CH,2024-07-25,2024-07-28,Standard Class,CUST-16800,United States,Henderson,Kentucky,42420,Sugar,Gulf,PROD-6629,SweeTARTS,51.59,7,14.410000000000004,37.18,3,27.931769722814504,2.058571428571429,5.311428571428571,7.37,Sugar Shack,48.11914,-96.18115
1733,US-2024-11733-CH,2026-03-22,2026-03-29,Second Class,CUST-10958,United States,Athens,Georgia,30605,Other,Gulf,PROD-9415,Wonka Gum,248.4,45,34.08000000000001,214.32,7,13.719806763285028,0.7573333333333336,4.762666666666666,5.5200000000000005,Secret Factory,41.446333,-90.565487
1734,US-2024-11734-CH,2025-03-03,2025-03-05,Second Class,CUST-19026,United States,Chicago,Illinois,60601,Other,Interior,PROD-9359,Fizzy Lifting Drinks,297.62,46,5.699999999999989,291.92,2,1.9151938713796077,0.12391304347826063,6.34608695652174,6.47,Sugar Shack,48.11914,-96.18115
1735,US-2024-11735-CH,2024-06-03,2024-06-05,Same Day,CUST-10178,United States,Philadelphia,Pennsylvania,19143,Other,Atlantic,PROD-9415,Wonka Gum,52.58,11,16.979999999999997,35.6,2,32.29364777481932,1.5436363636363633,3.2363636363636363,4.78,Secret Factory,41.446333,-90.565487
1736,US-2024-11736-CH,2026-01-26,2026-02-02,Standard Class,CUST-11542,United States,New York,New York,10001,Sugar,Atlantic,PROD-5646,Nerds,105.6,32,37.30999999999999,68.29,7,35.331439393939384,1.1659374999999996,2.1340625,3.3,Sugar Shack,48.11914,-96.18115
1737,US-2024-11737-CH,2024-09-15,2024-09-18,Second Class,CUST-19050,United States,New York,New York,10001,Sugar,Atlantic,PROD-0725,Hair Toffee,31.29,7,9.39,21.9,3,30.009587727708535,1.3414285714285714,3.1285714285714286,4.47,The Other Factory,35.1175,-89.971107
1738,US-2024-11738-CH,2025-10-19,2025-10-22,Second Class,CUST-18468,United States,Chicago,Illinois,60601,Chocolate,Interior,PROD-8572,Wonka Bar - Nutty Crunch Surprise,170.37,27,90.36,80.01,3,53.03750660327522,3.3466666666666667,2.9633333333333334,6.3100000000000005,Lot's O' Nuts,32.881893,-111.768036
1739,US-2024-11739-CH,2026-06-17,2026-06-22,Standard Class,CUST-15419,United States,Henderson,Kentucky,42420,Other,Gulf,PROD-0345,Lickable Wallpaper,259.56,28,39.68000000000001,219.88,5,15.287409462166746,1.4171428571428575,7.852857142857142,9.27,Secret Factory,41.446333,-90.565487
1740,US-2024-11740-CH,2025-03-24,2025-03-31,Second Class,CUST-12413,United States,Henderson,Kentucky,42420,Sugar,Gulf,PROD-2120,Everlasting Gobstopper,138.42,18,20.939999999999984,117.48,7,15.127871694841774,1.1633333333333324,6.526666666666667,7.6899999999999995,Secret Factory,41.446333,-90.565487
1741,US-2024-11741-CH,2025-01-20,2025-01-22,Standard Class,CUST-19808,United States,Seattle,Washington,98101,Sugar,Pacific,PROD-9885,Fun Dip,35.86,11,14.349999999999998,21.51,2,40.01673173452314,1.3045454545454545,1.9554545454545456,3.26,Sugar Shack,48.11914,-96.18115
1742,US-2024-11742-CH,2025-04-02,2025-04-05,Standard Class,CUST-16833,United States,New York,New York,10001,Sugar,Atlantic,PROD-2120,Everlasting Gobstopper,342.2,29,66.30000000000001,275.9,3,19.37463471654004,2.2862068965517244,9.513793103448275,11.799999999999999,Secret Factory,41.446333,-90.565487
1743,US-2024-11743-CH,2024-07-25,2024-07-28,Standard Class,CUST-12167,United States,Houston,Texas,77095,Chocolate,Gulf,PROD-8572,Wonka Bar - Nutty Crunch Surprise,240.24,22,112.4,127.84,3,46.78654678654679,5.109090909090909,5.8109090909090915,10.92,Lot's O' Nuts,32.881893,-111.768036
1744,US-2024-11744-CH,2025-01-23,2025-01-28,First Class,CUST-17000,United States,Chicago,Illinois,60601,Sugar,Interior,PROD-9885,Fun Dip,439.46,43,178.97999999999996,260.48,5,40.727256178036676,4.162325581395348,6.057674418604652,10.219999999999999,Sugar Shack,48.11914,-96.18115
1745,US-2024-11745-CH,2025-10-11,2025-10-14,Standard Class,CUST-13730,United States,Seattle,Washington,98101,Sugar,Pacific,PROD-0725,Hair Toffee,105.7,10,23.78,81.92,3,22.49763481551561,2.378,8.192,10.57,The Other Factory,35.1175,-89.971107
1746,US-2024-11746-CH,2025-10-07,2025-10-10,First Class,CUST-16205,United States,Naperville,Illinois,60540,Sugar,Interior,PROD-2120,Everlasting Gobstopper,414.24,48,115.12,299.12,3,27.790652761684047,2.3983333333333334,6.2316666666666665,8.63,Secret Factory,41.446333,-90.565487
1747,US-2024-11747-CH,2025-07-11,2025-07-14,Standard Class,CUST-15293,United States,Athens,Georgia,30605,Sugar,Gulf,PROD-6629,SweeTARTS,77.49,21,24.409999999999997,53.08,3,31.500838817911987,1.1623809523809523,2.5276190476190474,3.69,Sugar Shack,48.11914,-96.18115
1748,US-2024-11748-CH,2026-04-11,2026-04-14,Standard Class,CUST-19947,United States,Philadelphia,Pennsylvania,19143,Sugar,Atlantic,PROD-6629,SweeTARTS,18.24,6,5.179999999999998,13.06,3,28.399122807017534,0.863333333333333,2.1766666666666667,3.0399999999999996,Sugar Shack,48.11914,-96.18115
1749,US-2024-11749-CH,2024-04-11,2024-04-14,Standard Class,CUST-16023,United States,Seattle,Washington,98101,Sugar,Pacific,PROD-9885,Fun Dip,245.25,45,87.21000000000001,158.04,3,35.55963302752294,1.9380000000000002,3.512,5.45,Sugar Shack,48.11914,-96.18115
1750,US-2024-11750-CH,2024-03-10,2024-03-15,Standard Class,CUST-19806,United States,Athens,Georgia,30605,Sugar,Gulf,PROD-2120,Everlasting Gobstopper,120.12,22,25.340000000000003,94.78,5,21.095571095571096,1.151818181818182,4.308181818181819,5.46,Secret Factory,41.446333,-90.565487
1751,US-2024-11751-CH,2024-10-24,2024-10-27,Standard Class,CUST-15412,United States,New York,New York,10001,Sugar,Atlantic,PROD-5646,Nerds,467.22,39,117.13000000000005,350.09,3,25.069560378408468,3.0033333333333347,8.976666666666667,11.98,Sugar Shack,48.11914,-96.18115
1752,US-2024-11752-CH,2026-03-24,2026-03-26,Second Class,CUST-12224,United States,Athens,Georgia,30605,Chocolate,Gulf,PROD-3893,Wonka Bar - Fudge Mallows,157.2,24,91.58999999999999,65.61,2,58.26335877862595,3.8162499999999997,2.73375,6.55,Lot's O' Nuts,32.881893,-111.768036
1753,US-2024-11753-CH,2025-06-17,2025-06-22,Second Class,CUST-12808,United States,Seattle,Washington,98101,Chocolate,Pacific,PROD-8572,Wonka Bar - Nutty Crunch Surprise,272.93,49,176.19,96.74,5,64.55501410618108,3.5957142857142856,1.9742857142857142,5.57,Lot's O' Nuts,32.881893,-111.768036
1754,US-2024-11754-CH,2024-04-22,2024-04-26,Standard Class,CUST-17549,United States,Houston,Texas,77095,Chocolate,Gulf,PROD-0874,Wonka Bar - Milk Chocolate,144.55,35,60.18000000000001,84.37,4,41.63265306122449,1.7194285714285715,2.4105714285714286,4.13,Wicked Choccy's,32.076176,-81.088371
1755,US-2024-11755-CH,2025-02-10,2025-02-17,Standard Class,CUST-12293,United States,Naperville,Illinois,60540,Sugar,Interior,PROD-9885,Fun Dip,87.2,16,35.38,51.82,7,40.57339449541285,2.21125,3.23875,5.45,Sugar Shack,48.11914,-96.18115
1756,US-2024-11756-CH,2024-02-02,2024-02-05,Same Day,CUST-15945,United States,Houston,Texas,77095,Other,Gulf,PROD-9415,Wonka Gum,139.3,35,15.110000000000014,124.19,3,10.847092605886585,0.4317142857142861,3.548285714285714,3.9800000000000004,Secret Factory,41.446333,-90.565487
1757,US-2024-11757-CH,2025-12-20,2025-12-22,Second Class,CUST-13544,United States,Chicago,Illinois,60601,Sugar,Interior,PROD-9885,Fun Dip,126.0,21,31.75,94.25,2,25.198412698412696,1.5119047619047619,4.488095238095238,6.0,Sugar Shack,48.11914,-96.18115
1758,US-2024-11758-CH,2024-05-22,2024-05-25,Same Day,CUST-16125,United States,Los Angeles,California,90049,Other,Pacific,PROD-9359,Fizzy Lifting Drinks,38.08,4,-0.3200000000000003,38.4,3,-0.8403361344537823,-0.08000000000000007,9.6,9.52,Sugar Shack,48.11914,-96.18115
1759,US-2024-11759-CH,2026-03-26,2026-03-29,First Class,CUST-12669,United States,Chicago,Illinois,60601,Chocolate,Interior,PROD-3776,Wonka Bar -Scrumdiddlyumptious,247.38,21,134.95,112.43,3,54.551701835233246,6.426190476190476,5.353809523809524,11.78,Lot's O' Nuts,32.881893,-111.768036
1760,US-2024-11760-CH,2025-10-12,2025-10-14,Standard Class,CUST-10128,United States,Philadelphia,Pennsylvania,19143,Chocolate,Atlantic,PROD-0874,Wonka Bar - Milk Chocolate,221.85,45,137.79,84.06,2,62.10953346855984,3.062,1.868,4.93,Wicked Choccy's,32.076176,-81.088371
1761,US-2024-11761-CH,2025-05-11,2025-05-14,Standard Class,CUST-13104,United States,Chicago,Illinois,60601,Sugar,Interior,PROD-2533,Laffy Taffy,71.2,8,25.450000000000003,45.75,3,35.74438202247191,3.1812500000000004,5.71875,8.9,Sugar Shack,48.11914,-96.18115
1762,US-2024-11762-CH,2026-04-22,2026-04-26,Second Class,CUST-11294,United States,Chicago,Illinois,60601,Chocolate,Interior,PROD-0874,Wonka Bar - Milk Chocolate,324.88,31,164.54999999999998,160.33,4,50.6494705737503,5.308064516129032,5.171935483870969,10.48,Wicked Choccy's,32.076176,-81.088371
1763,US-2024-11763-CH,2024-06-18,2024-06-22,Standard Class,CUST-19241,United States,Philadelphia,Pennsylvania,19143,Sugar,Atlantic,PROD-9885,Fun Dip,304.29,27,110.46000000000001,193.83,4,36.300897170462385,4.091111111111111,7.178888888888889,11.270000000000001,Sugar Shack,48.11914,-96.18115
1764,US-2024-11764-CH,2025-09-26,2025-10-01,Standard Class,CUST-16015,United States,Chicago,Illinois,60601,Chocolate,Interior,PROD-3776,Wonka Bar -Scrumdiddlyumptious,271.74,42,119.96000000000001,151.78,5,44.14513873555605,2.856190476190476,3.613809523809524,6.470000000000001,Lot's O' Nuts,32.881893,-111.768036
1765,US-2024-11765-CH,2025-02-08,2025-02-12,Standard Class,CUST-16548,United States,Atlanta,Georgia,30301,Sugar,Gulf,PROD-9885,Fun Dip,53.28,16,17.39,35.89,4,32.63888888888889,1.086875,2.243125,3.33,Sugar Shack,48.11914,-96.18115
1766,US-2024-11766-CH,2025-05-19,2025-05-24,Standard Class,CUST-11218,United States,Los Angeles,California,90049,Chocolate,Pacific,PROD-8572,Wonka Bar - Nutty Crunch Surprise,187.96,37,121.19000000000001,66.77,5,64.47648435837414,3.275405405405406,1.8045945945945945,5.08,Lot's O' Nuts,32.881893,-111.768036
1767,US-2024-11767-CH,2024-11-03,2024-11-06,Standard Class,CUST-12172,United States,Los Angeles,California,90049,Other,Pacific,PROD-9415,Wonka Gum,212.6,20,68.16999999999999,144.43,3,32.06491063029162,3.408499999999999,7.221500000000001,10.629999999999999,Secret Factory,41.446333,-90.565487
1768,US-2024-11768-CH,2025-07-15,2025-07-22,Standard Class,CUST-16348,United States,Houston,Texas,77095,Sugar,Gulf,PROD-2120,Everlasting Gobstopper,44.17,7,6.539999999999999,37.63,7,14.806429703418608,0.9342857142857142,5.375714285714286,6.3100000000000005,Secret Factory,41.446333,-90.565487
1769,US-2024-11769-CH,2024-06-21,2024-06-23,Standard Class,CUST-13010,United States,Houston,Texas,77095,Sugar,Gulf,PROD-2120,Everlasting Gobstopper,12.18,3,1.379999999999999,10.8,2,11.330049261083735,0.4599999999999997,3.6,4.06,Secret Factory,41.446333,-90.565487
1770,US-2024-11770-CH,2025-01-04,2025-01-07,First Class,CUST-12866,United States,Athens,Georgia,30605,Other,Gulf,PROD-0345,Lickable Wallpaper,96.96,16,7.759999999999991,89.2,3,8.003300330032994,0.48499999999999943,5.575,6.06,Secret Factory,41.446333,-90.565487
1771,US-2024-11771-CH,2026-04-12,2026-04-14,Second Class,CUST-13811,United States,New York,New York,10001,Sugar,Atlantic,PROD-6629,SweeTARTS,13.32,4,4.609999999999999,8.71,2,34.609609609609606,1.1524999999999999,2.1775,3.33,Sugar Shack,48.11914,-96.18115
1772,US-2024-11772-CH,2025-10-11,2025-10-18,Second Class,CUST-12894,United States,Athens,Georgia,30605,Sugar,Gulf,PROD-9885,Fun Dip,408.96,36,114.25,294.71,7,27.936717527386545,3.173611111111111,8.186388888888889,11.36,Sugar Shack,48.11914,-96.18115
1773,US-2024-11773-CH,2026-06-12,2026-06-14,First Class,CUST-13325,United States,New York,New York,10001,Sugar,Atlantic,PROD-9885,Fun Dip,203.87,19,67.03999999999999,136.83,2,32.88370039731201,3.5284210526315785,7.2015789473684215,10.73,Sugar Shack,48.11914,-96.18115
1774,US-2024-11774-CH,2024-06-10,2024-06-13,Standard Class,CUST-17551,United States,Los Angeles,California,90049,Other,Pacific,PROD-9359,Fizzy Lifting Drinks,296.0,32,31.350000000000023,264.65,3,10.591216216216223,0.9796875000000007,8.2703125,9.25,Sugar Shack,48.11914,-96.18115
1775,US-2024-11775-CH,2024-04-12,2024-04-15,Standard Class,CUST-17649,United States,Los Angeles,California,90049,Sugar,Pacific,PROD-2120,Everlasting Gobstopper,42.91,7,5.269999999999996,37.64,3,12.28151945933348,0.7528571428571423,5.377142857142857,6.13,Secret Factory,41.446333,-90.565487
1776,US-2024-11776-CH,2025-08-21,2025-08-25,Standard Class,CUST-19950,United States,Seattle,Washington,98101,Other,Pacific,PROD-9359,Fizzy Lifting Drinks,125.0,25,-4.949999999999989,129.95,4,-3.9599999999999906,-0.19799999999999954,5.1979999999999995,5.0,Sugar Shack,48.11914,-96.18115
1777,US-2024-11777-CH,2026-04-01,2026-04-03,Second Class,CUST-10440,United States,Atlanta,Georgia,30301,Sugar,Gulf,PROD-2533,Laffy Taffy,324.22,43,98.18000000000004,226.04,2,30.281907346863253,2.283255813953489,5.256744186046512,7.540000000000001,Sugar Shack,48.11914,-96.18115
1778,US-2024-11778-CH,2026-05-21,2026-05-24,Standard Class,CUST-19228,United States,Los Angeles,California,90049,Sugar,Pacific,PROD-2533,Laffy Taffy,349.6,46,150.88000000000002,198.72,3,43.15789473684211,3.2800000000000007,4.32,7.6000000000000005,Sugar Shack,48.11914,-96.18115
1779,US-2024-11779-CH,2025-12-15,2025-12-20,Standard Class,CUST-19910,United States,Chicago,Illinois,60601,Chocolate,Interior,PROD-3893,Wonka Bar - Fudge Mallows,250.25,25,118.16999999999999,132.08,5,47.220779220779214,4.7268,5.283200000000001,10.01,Lot's O' Nuts,32.881893,-111.768036
1780,US-2024-11780-CH,2024-02-13,2024-02-15,First Class,CUST-11244,United States,Henderson,Kentucky,42420,Other,Gulf,PROD-0345,Lickable Wallpaper,182.62,23,27.330000000000013,155.29,2,14.96550213558209,1.188260869565218,6.751739130434783,7.94,Secret Factory,41.446333,-90.565487
1781,US-2024-11781-CH,2024-06-25,2024-07-02,Standard Class,CUST-17973,United States,Naperville,Illinois,60540,Sugar,Interior,PROD-2533,Laffy Taffy,462.93,39,155.64,307.29,7,33.62063378912578,3.9907692307692306,7.8792307692307695,11.870000000000001,Sugar Shack,48.11914,-96.18115
1782,US-2024-11782-CH,2024-03-05,2024-03-10,Standard Class,CUST-14022,United States,Naperville,Illinois,60540,Other,Interior,PROD-2646,Kazookles,117.28,16,21.849999999999994,95.43,5,18.630627557980894,1.3656249999999996,5.964375,7.33,The Other Factory,35.1175,-89.971107
1783,US-2024-11783-CH,2026-01-25,2026-01-28,Standard Class,CUST-19589,United States,New York,New York,10001,Other,Atlantic,PROD-0345,Lickable Wallpaper,14.52,2,0.049999999999998934,14.47,3,0.34435261707988246,0.024999999999999467,7.235,7.26,Secret Factory,41.446333,-90.565487
1784,US-2024-11784-CH,2024-01-14,2024-01-19,Second Class,CUST-11161,United States,Chicago,Illinois,60601,Other,Interior,PROD-9415,Wonka Gum,123.12,27,38.30000000000001,84.82,5,31.107862248213138,1.418518518518519,3.141481481481481,4.5600000000000005,Secret Factory,41.446333,-90.565487
1785,US-2024-11785-CH,2024-06-10,2024-06-13,Standard Class,CUST-15129,United States,Philadelphia,Pennsylvania,19143,Sugar,Atlantic,PROD-2533,Laffy Taffy,370.44,42,154.82,215.62,3,41.79354281395097,3.6861904761904762,5.133809523809524,8.82,Sugar Shack,48.11914,-96.18115
1786,US-2024-11786-CH,2025-12-13,2025-12-16,Standard Class,CUST-15253,United States,Philadelphia,Pennsylvania,19143,Other,Atlantic,PROD-9359,Fizzy Lifting Drinks,102.8,20,8.349999999999994,94.45,3,8.122568093385208,0.4174999999999997,4.7225,5.14,Sugar Shack,48.11914,-96.18115
1787,US-2024-11787-CH,2026-03-20,2026-03-25,Second Class,CUST-13484,United States,Philadelphia,Pennsylvania,19143,Chocolate,Atlantic,PROD-7514,Wonka Bar - Triple Dazzle Caramel,44.7,10,22.720000000000002,21.98,5,50.82774049217002,2.2720000000000002,2.198,4.470000000000001,Wicked Choccy's,32.076176,-81.088371
1788,US-2024-11788-CH,2025-08-10,2025-08-17,Standard Class,CUST-19793,United States,Philadelphia,Pennsylvania,19143,Chocolate,Atlantic,PROD-0874,Wonka Bar - Milk Chocolate,75.3,10,30.309999999999995,44.99,7,40.252324037184586,3.0309999999999997,4.4990000000000006,7.529999999999999,Wicked Choccy's,32.076176,-81.088371
1789,US-2024-11789-CH,2024-05-02,2024-05-05,Standard Class,CUST-11238,United States,Henderson,Kentucky,42420,Sugar,Gulf,PROD-5646,Nerds,178.85,49,54.459999999999994,124.39,3,30.45009784735812,1.1114285714285712,2.5385714285714287,3.65,Sugar Shack,48.11914,-96.18115
1790,US-2024-11790-CH,2026-03-16,2026-03-21,Standard Class,CUST-14467,United States,Philadelphia,Pennsylvania,19143,Sugar,Atlantic,PROD-2120,Everlasting Gobstopper,54.4,16,10.159999999999997,44.24,5,18.67647058823529,0.6349999999999998,2.765,3.4,Secret Factory,41.446333,-90.565487
1791,US-2024-11791-CH,2024-04-19,2024-04-22,Standard Class,CUST-10098,United States,Los Angeles,California,90049,Sugar,Pacific,PROD-9885,Fun Dip,38.25,9,11.760000000000002,26.49,3,30.74509803921569,1.3066666666666669,2.9433333333333334,4.25,Sugar Shack,48.11914,-96.18115
1792,US-2024-11792-CH,2025-10-13,2025-10-20,Standard Class,CUST-16231,United States,Atlanta,Georgia,30301,Chocolate,Gulf,PROD-3776,Wonka Bar -Scrumdiddlyumptious,126.79,31,61.08000000000001,65.71,7,48.17414622604307,1.9703225806451616,2.1196774193548387,4.09,Lot's O' Nuts,32.881893,-111.768036
1793,US-2024-11793-CH,2025-01-21,2025-01-24,First Class,CUST-11957,United States,Atlanta,Georgia,30301,Other,Gulf,PROD-2646,Kazookles,90.31,11,12.269999999999996,78.04,3,13.586535267412241,1.115454545454545,7.094545454545455,8.21,The Other Factory,35.1175,-89.971107
1794,US-2024-11794-CH,2025-09-24,2025-09-28,Second Class,CUST-18983,United States,Henderson,Kentucky,42420,Sugar,Gulf,PROD-2120,Everlasting Gobstopper,60.06,6,18.050000000000004,42.01,4,30.05328005328006,3.008333333333334,7.001666666666666,10.01,Secret Factory,41.446333,-90.565487
1795,US-2024-11795-CH,2025-12-05,2025-12-08,Standard Class,CUST-17548,United States,Houston,Texas,77095,Other,Gulf,PROD-2646,Kazookles,423.53,41,109.91999999999996,313.61,3,25.953297287087096,2.6809756097560964,7.649024390243903,10.33,The Other Factory,35.1175,-89.971107
1796,US-2024-11796-CH,2024-11-06,2024-11-10,Second Class,CUST-15413,United States,New York,New York,10001,Sugar,Atlantic,PROD-5646,Nerds,93.16,17,33.91,59.25,4,36.3997423787033,1.9947058823529409,3.485294117647059,5.4799999999999995,Sugar Shack,48.11914,-96.18115
1797,US-2024-11797-CH,2025-12-01,2025-12-04,Standard Class,CUST-15091,United States,New York,New York,10001,Sugar,Atlantic,PROD-2533,Laffy Taffy,431.93,47,123.29000000000002,308.64,3,28.54397703331559,2.6231914893617025,6.566808510638298,9.19,Sugar Shack,48.11914,-96.18115
1798,US-2024-11798-CH,2025-09-15,2025-09-17,Standard Class,CUST-18632,United States,Henderson,Kentucky,42420,Chocolate,Gulf,PROD-7514,Wonka Bar - Triple Dazzle Caramel,14.5,2,6.17,8.33,2,42.55172413793103,3.085,4.165,7.25,Wicked Choccy's,32.076176,-81.088371
1799,US-2024-11799-CH,2026-05-29,2026-06-02,Standard Class,CUST-11314,United States,Philadelphia,Pennsylvania,19143,Other,Atlantic,PROD-0345,Lickable Wallpaper,245.96,43,20.03,225.93,4,8.143600585461051,0.4658139534883721,5.254186046511628,5.72,Secret Factory,41.446333,-90.565487
1800,US-2024-11800-CH,2024-09-07,2024-09-10,Standard Class,CUST-14583,United States,Houston,Texas,77095,Sugar,Gulf,PROD-2533,Laffy Taffy,476.83,41,136.63,340.2,3,28.653817922530045,3.332439024390244,8.297560975609755,11.629999999999999,Sugar Shack,48.11914,-96.18115
1801,US-2024-11801-CH,2025-12-05,2025-12-08,Standard Class,CUST-11220,United States,New York,New York,10001,Other,Atlantic,PROD-9359,Fizzy Lifting Drinks,148.96,14,3.170000000000016,145.79,3,2.128088077336208,0.22642857142857256,10.413571428571428,10.64,Sugar Shack,48.11914,-96.18115
1802,US-2024-11802-CH,2024-08-17,2024-08-19,Standard Class,CUST-13090,United States,Seattle,Washington,98101,Chocolate,Pacific,PROD-3893,Wonka Bar - Fudge Mallows,89.5,10,48.45,41.05,2,54.134078212290504,4.845000000000001,4.1049999999999995,8.95,Lot's O' Nuts,32.881893,-111.768036
1803,US-2024-11803-CH,2025-04-08,2025-04-11,First Class,CUST-10307,United States,New York,New York,10001,Chocolate,Atlantic,PROD-3893,Wonka Bar - Fudge Mallows,165.9,15,77.18,88.72,3,46.52200120554551,5.145333333333334,5.914666666666666,11.06,Lot's O' Nuts,32.881893,-111.768036
1804,US-2024-11804-CH,2026-02-04,2026-02-06,Standard Class,CUST-18036,United States,Seattle,Washington,98101,Chocolate,Pacific,PROD-8572,Wonka Bar - Nutty Crunch Surprise,80.08,8,43.87,36.21,2,54.782717282717286,5.48375,4.52625,10.01,Lot's O' Nuts,32.881893,-111.768036
1805,US-2024-11805-CH,2024-01-02,2024-01-04,Standard Class,CUST-13247,United States,Philadelphia,Pennsylvania,19143,Other,Atlantic,PROD-0345,Lickable Wallpaper,121.66,14,14.549999999999997,107.11,2,11.959559427913856,1.0392857142857141,7.650714285714286,8.69,Secret Factory,41.446333,-90.565487
1806,US-2024-11806-CH,2026-01-02,2026-01-05,Standard Class,CUST-18168,United States,Chicago,Illinois,60601,Other,Interior,PROD-0345,Lickable Wallpaper,8.01,3,0.7400000000000002,7.27,3,9.238451935081152,0.24666666666666673,2.4233333333333333,2.67,Secret Factory,41.446333,-90.565487
1807,US-2024-11807-CH,2025-12-06,2025-12-11,Standard Class,CUST-13945,United States,Chicago,Illinois,60601,Chocolate,Interior,PROD-8572,Wonka Bar - Nutty Crunch Surprise,273.28,28,115.03999999999996,158.24,5,42.09601873536299,4.108571428571428,5.651428571428572,9.76,Lot's O' Nuts,32.881893,-111.768036
1808,US-2024-11808-CH,2026-02-01,2026-02-04,Second Class,CUST-15364,United States,Naperville,Illinois,60540,Other,Interior,PROD-9359,Fizzy Lifting Drinks,115.78,14,-0.8599999999999994,116.64,3,-0.7427880462946963,-0.06142857142857139,8.331428571428571,8.27,Sugar Shack,48.11914,-96.18115
1809,US-2024-11809-CH,2024-12-16,2024-12-19,Second Class,CUST-18584,United States,Philadelphia,Pennsylvania,19143,Chocolate,Atlantic,PROD-3893,Wonka Bar - Fudge Mallows,302.64,39,192.02999999999997,110.61,3,63.45162569389373,4.923846153846153,2.836153846153846,7.76,Lot's O' Nuts,32.881893,-111.768036
1810,US-2024-11810-CH,2024-02-19,2024-02-22,Second Class,CUST-10387,United States,New York,New York,10001,Other,Atlantic,PROD-9359,Fizzy Lifting Drinks,107.94,42,19.129999999999995,88.81,3,17.72280896794515,0.45547619047619037,2.1145238095238095,2.57,Sugar Shack,48.11914,-96.18115
1811,US-2024-11811-CH,2026-04-12,2026-04-15,Standard Class,CUST-10891,United States,Chicago,Illinois,60601,Chocolate,Interior,PROD-0874,Wonka Bar - Milk Chocolate,303.45,35,188.35,115.1,3,62.06953369583127,5.381428571428572,3.2885714285714283,8.67,Wicked Choccy's,32.076176,-81.088371
1812,US-2024-11812-CH,2026-01-19,2026-01-23,Standard Class,CUST-16394,United States,Atlanta,Georgia,30301,Chocolate,Gulf,PROD-7514,Wonka Bar - Triple Dazzle Caramel,130.56,34,82.16,48.4,4,62.92892156862745,2.416470588235294,1.423529411764706,3.84,Wicked Choccy's,32.076176,-81.088371
1813,US-2024-11813-CH,2025-11-11,2025-11-15,Standard Class,CUST-14154,United States,Henderson,Kentucky,42420,Sugar,Gulf,PROD-2120,Everlasting Gobstopper,250.08,48,70.68,179.4,4,28.26295585412668,1.4725000000000001,3.7375000000000003,5.21,Secret Factory,41.446333,-90.565487
1814,US-2024-11814-CH,2025-01-07,2025-01-11,Standard Class,CUST-17911,United States,Philadelphia,Pennsylvania,19143,Sugar,Atlantic,PROD-2120,Everlasting Gobstopper,443.7,45,73.47999999999996,370.22,4,16.560739238224016,1.632888888888888,8.227111111111112,9.86,Secret Factory,41.446333,-90.565487
1815,US-2024-11815-CH,2025-04-13,2025-04-16,Standard Class,CUST-14797,United States,Los Angeles,California,90049,Sugar,Pacific,PROD-9885,Fun Dip,210.46,34,73.31,137.15,3,34.833222465076496,2.1561764705882354,4.033823529411765,6.19,Sugar Shack,48.11914,-96.18115
1816,US-2024-11816-CH,2025-12-22,2025-12-26,Second Class,CUST-17014,United States,Houston,Texas,77095,Sugar,Gulf,PROD-9885,Fun Dip,170.24,28,42.83000000000001,127.41,4,25.15859962406016,1.5296428571428575,4.550357142857143,6.08,Sugar Shack,48.11914,-96.18115
1817,US-2024-11817-CH,2024-11-29,2024-12-02,Standard Class,CUST-12470,United States,Philadelphia,Pennsylvania,19143,Chocolate,Atlantic,PROD-7514,Wonka Bar - Triple Dazzle Caramel,115.83,27,69.05,46.78,3,59.61322627989295,2.5574074074074074,1.7325925925925927,4.29,Wicked Choccy's,32.076176,-81.088371
1818,US-2024-11818-CH,2024-04-12,2024-04-16,Standard Class,CUST-11570,United States,Philadelphia,Pennsylvania,19143,Sugar,Atlantic,PROD-2120,Everlasting Gobstopper,42.84,12,14.890000000000004,27.95,4,34.757236227824464,1.2408333333333337,2.3291666666666666,3.5700000000000003,Secret Factory,41.446333,-90.565487
1819,US-2024-11819-CH,2024-08-26,2024-08-30,Standard Class,CUST-15848,United States,Houston,Texas,77095,Chocolate,Gulf,PROD-7514,Wonka Bar - Triple Dazzle Caramel,278.4,48,125.85999999999999,152.54,4,45.208333333333336,2.622083333333333,3.1779166666666665,5.8,Wicked Choccy's,32.076176,-81.088371
1820,US-2024-11820-CH,2024-04-12,2024-04-15,Second Class,CUST-19282,United States,Seattle,Washington,98101,Chocolate,Pacific,PROD-3893,Wonka Bar - Fudge Mallows,5.5,2,2.33,3.17,3,42.36363636363637,1.165,1.585,2.75,Lot's O' Nuts,32.881893,-111.768036
1821,US-2024-11821-CH,2025-08-29,2025-08-31,Same Day,CUST-19470,United States,Los Angeles,California,90049,Other,Pacific,PROD-9415,Wonka Gum,23.73,7,7.010000000000002,16.72,2,29.54066582385167,1.0014285714285716,2.3885714285714283,3.39,Secret Factory,41.446333,-90.565487
1822,US-2024-11822-CH,2026-01-27,2026-01-30,Standard Class,CUST-10771,United States,Houston,Texas,77095,Other,Gulf,PROD-2646,Kazookles,106.3,10,15.079999999999998,91.22,3,14.186265286923799,1.5079999999999998,9.122,10.629999999999999,The Other Factory,35.1175,-89.971107
1823,US-2024-11823-CH,2024-07-22,2024-07-26,Standard Class,CUST-13944,United States,New York,New York,10001,Sugar,Atlantic,PROD-9885,Fun Dip,246.82,41,96.69999999999999,150.12,4,39.17834859411717,2.3585365853658535,3.6614634146341465,6.02,Sugar Shack,48.11914,-96.18115
1824,US-2024-11824-CH,2024-06-08,2024-06-10,Second Class,CUST-10422,United States,Athens,Georgia,30605,Sugar,Gulf,PROD-5646,Nerds,264.9,30,115.49999999999997,149.4,2,43.6013590033975,3.849999999999999,4.98,8.83,Sugar Shack,48.11914,-96.18115
1825,US-2024-11825-CH,2025-12-22,2025-12-27,Standard Class,CUST-19950,United States,Naperville,Illinois,60540,Sugar,Interior,PROD-0725,Hair Toffee,268.8,28,75.97,192.83,5,28.26264880952381,2.713214285714286,6.886785714285715,9.6,The Other Factory,35.1175,-89.971107
1826,US-2024-11826-CH,2025-03-31,2025-04-07,First Class,CUST-15577,United States,Philadelphia,Pennsylvania,19143,Sugar,Atlantic,PROD-2120,Everlasting Gobstopper,317.25,27,34.829999999999984,282.42,7,10.978723404255314,1.2899999999999994,10.46,11.75,Secret Factory,41.446333,-90.565487
1827,US-2024-11827-CH,2026-01-18,2026-01-21,Standard Class,CUST-12578,United States,Atlanta,Georgia,30301,Sugar,Gulf,PROD-2533,Laffy Taffy,135.42,37,57.52999999999999,77.89,3,42.48264658100723,1.5548648648648644,2.1051351351351353,3.6599999999999997,Sugar Shack,48.11914,-96.18115
1828,US-2024-11828-CH,2026-01-09,2026-01-11,First Class,CUST-12154,United States,Seattle,Washington,98101,Sugar,Pacific,PROD-0725,Hair Toffee,509.55,43,74.78000000000003,434.77,2,14.675694240015705,1.7390697674418611,10.11093023255814,11.85,The Other Factory,35.1175,-89.971107
1829,US-2024-11829-CH,2024-08-01,2024-08-04,First Class,CUST-17347,United States,Henderson,Kentucky,42420,Other,Gulf,PROD-2646,Kazookles,75.6,7,8.559999999999988,67.04,3,11.322751322751309,1.222857142857141,9.577142857142858,10.799999999999999,The Other Factory,35.1175,-89.971107
1830,US-2024-11830-CH,2026-06-15,2026-06-20,Second Class,CUST-18928,United States,Chicago,Illinois,60601,Chocolate,Interior,PROD-7514,Wonka Bar - Triple Dazzle Caramel,23.24,4,9.939999999999998,13.3,5,42.77108433734939,2.4849999999999994,3.325,5.81,Wicked Choccy's,32.076176,-81.088371
1831,US-2024-11831-CH,2026-05-22,2026-05-24,Standard Class,CUST-12935,United States,Naperville,Illinois,60540,Other,Interior,PROD-2646,Kazookles,163.02,38,47.230000000000004,115.79,2,28.97190528769476,1.2428947368421053,3.0471052631578948,4.29,The Other Factory,35.1175,-89.971107
1832,US-2024-11832-CH,2026-05-02,2026-05-06,Same Day,CUST-19990,United States,Athens,Georgia,30605,Other,Gulf,PROD-9359,Fizzy Lifting Drinks,191.7,27,26.310000000000002,165.39,4,13.724569640062601,0.9744444444444446,6.125555555555555,7.1,Sugar Shack,48.11914,-96.18115
1833,US-2024-11833-CH,2024-06-14,2024-06-19,Standard Class,CUST-18826,United States,Athens,Georgia,30605,Sugar,Gulf,PROD-5646,Nerds,47.26,17,20.639999999999997,26.62,5,43.67329665679221,1.2141176470588233,1.5658823529411765,2.78,Sugar Shack,48.11914,-96.18115
1834,US-2024-11834-CH,2026-04-14,2026-04-21,Standard Class,CUST-15073,United States,Los Angeles,California,90049,Sugar,Pacific,PROD-0725,Hair Toffee,346.71,39,48.0,298.71,7,13.844423293242192,1.2307692307692308,7.659230769230769,8.889999999999999,The Other Factory,35.1175,-89.971107
1835,US-2024-11835-CH,2026-02-26,2026-03-05,First Class,CUST-14930,United States,New York,New York,10001,Chocolate,Atlantic,PROD-3893,Wonka Bar - Fudge Mallows,168.84,42,68.74000000000001,100.1,7,40.71310116086236,1.636666666666667,2.3833333333333333,4.0200000000000005,Lot's O' Nuts,32.881893,-111.768036
1836,US-2024-11836-CH,2024-07-11,2024-07-14,Standard Class,CUST-19052,United States,Chicago,Illinois,60601,Other,Interior,PROD-9415,Wonka Gum,54.39,7,8.75,45.64,3,16.08751608751609,1.25,6.5200000000000005,7.7700000000000005,Secret Factory,41.446333,-90.565487
1837,US-2024-11837-CH,2025-01-26,2025-01-29,First Class,CUST-18641,United States,New York,New York,10001,Sugar,Atlantic,PROD-2533,Laffy Taffy,79.02,18,31.509999999999998,47.51,3,39.87598076436345,1.7505555555555554,2.6394444444444445,4.39,Sugar Shack,48.11914,-96.18115
1838,US-2024-11838-CH,2025-03-18,2025-03-21,Same Day,CUST-18444,United States,Seattle,Washington,98101,Chocolate,Pacific,PROD-3776,Wonka Bar -Scrumdiddlyumptious,441.14,46,285.65999999999997,155.48,3,64.75495307612096,6.209999999999999,3.38,9.59,Lot's O' Nuts,32.881893,-111.768036
1839,US-2024-11839-CH,2024-07-30,2024-08-06,Standard Class,CUST-13683,United States,New York,New York,10001,Sugar,Atlantic,PROD-0725,Hair Toffee,58.74,22,6.3700000000000045,52.37,7,10.844399046646245,0.2895454545454548,2.3804545454545454,2.67,The Other Factory,35.1175,-89.971107
1840,US-2024-11840-CH,2026-04-18,2026-04-22,First Class,CUST-10862,United States,Atlanta,Georgia,30301,Sugar,Gulf,PROD-2533,Laffy Taffy,223.83,27,58.120000000000005,165.71,4,25.96613501317965,2.1525925925925926,6.137407407407408,8.290000000000001,Sugar Shack,48.11914,-96.18115
1841,US-2024-11841-CH,2024-07-14,2024-07-19,Second Class,CUST-10846,United States,Los Angeles,California,90049,Other,Pacific,PROD-2646,Kazookles,115.09,17,29.14,85.95,5,25.319315318446435,1.7141176470588235,5.055882352941176,6.7700000000000005,The Other Factory,35.1175,-89.971107
1842,US-2024-11842-CH,2026-03-12,2026-03-14,Second Class,CUST-10471,United States,Athens,Georgia,30605,Sugar,Gulf,PROD-2533,Laffy Taffy,17.13,3,5.989999999999998,11.14,2,34.967892586106245,1.9966666666666661,3.7133333333333334,5.71,Sugar Shack,48.11914,-96.18115
1843,US-2024-11843-CH,2025-04-02,2025-04-05,Standard Class,CUST-14921,United States,Henderson,Kentucky,42420,Sugar,Gulf,PROD-0725,Hair Toffee,397.39,49,136.31,261.08,3,34.301316087470745,2.7818367346938775,5.328163265306122,8.11,The Other Factory,35.1175,-89.971107
1844,US-2024-11844-CH,2024-10-31,2024-11-02,First Class,CUST-12529,United States,Chicago,Illinois,60601,Sugar,Interior,PROD-6629,SweeTARTS,45.15,5,15.54,29.61,2,34.41860465116279,3.1079999999999997,5.922,9.03,Sugar Shack,48.11914,-96.18115
1845,US-2024-11845-CH,2026-04-20,2026-04-25,First Class,CUST-15617,United States,Chicago,Illinois,60601,Other,Interior,PROD-9359,Fizzy Lifting Drinks,87.3,9,15.670000000000002,71.63,5,17.949599083619706,1.7411111111111113,7.958888888888889,9.7,Sugar Shack,48.11914,-96.18115
1846,US-2024-11846-CH,2025-07-11,2025-07-13,Standard Class,CUST-10842,United States,Naperville,Illinois,60540,Sugar,Interior,PROD-0725,Hair Toffee,317.26,29,67.66999999999999,249.59,2,21.3295089201286,2.3334482758620685,8.606551724137931,10.94,The Other Factory,35.1175,-89.971107
1847,US-2024-11847-CH,2025-10-20,2025-10-23,Standard Class,CUST-15020,United States,Philadelphia,Pennsylvania,19143,Chocolate,Atlantic,PROD-8572,Wonka Bar - Nutty Crunch Surprise,140.0,14,62.28,77.72,3,44.48571428571428,4.448571428571428,5.551428571428572,10.0,Lot's O' Nuts,32.881893,-111.768036
1848,US-2024-11848-CH,2024-06-02,2024-06-07,Standard Class,CUST-10105,United States,Los Angeles,California,90049,Other,Pacific,PROD-2646,Kazookles,5.76,2,1.67,4.09,5,28.993055555555557,0.835,2.045,2.88,The Other Factory,35.1175,-89.971107
1849,US-2024-11849-CH,2025-01-16,2025-01-19,Standard Class,CUST-10906,United States,Naperville,Illinois,60540,Chocolate,Interior,PROD-3893,Wonka Bar - Fudge Mallows,198.4,32,116.85000000000001,81.55,3,58.89616935483871,3.6515625000000003,2.5484375,6.2,Lot's O' Nuts,32.881893,-111.768036
1850,US-2024-11850-CH,2025-10-24,2025-10-28,Same Day,CUST-18349,United States,Naperville,Illinois,60540,Sugar,Interior,PROD-2120,Everlasting Gobstopper,23.46,3,3.789999999999999,19.67,4,16.155157715260014,1.263333333333333,6.5566666666666675,7.82,Secret Factory,41.446333,-90.565487
1851,US-2024-11851-CH,2025-10-31,2025-11-02,Standard Class,CUST-12483,United States,Athens,Georgia,30605,Sugar,Gulf,PROD-2120,Everlasting Gobstopper,9.34,2,1.67,7.67,2,17.880085653104924,0.835,3.835,4.67,Secret Factory,41.446333,-90.565487
1852,US-2024-11852-CH,2024-12-17,2024-12-20,Standard Class,CUST-10479,United States,Philadelphia,Pennsylvania,19143,Chocolate,Atlantic,PROD-3893,Wonka Bar - Fudge Mallows,352.77,33,176.29,176.48,3,49.973070272415455,5.342121212121212,5.347878787878788,10.69,Lot's O' Nuts,32.881893,-111.768036
1853,US-2024-11853-CH,2025-09-29,2025-10-03,Standard Class,CUST-12640,United States,Henderson,Kentucky,42420,Other,Gulf,PROD-2646,Kazookles,282.25,25,67.63,214.62,4,23.96102745792737,2.7051999999999996,8.5848,11.29,The Other Factory,35.1175,-89.971107
1854,US-2024-11854-CH,2024-10-27,2024-10-30,First Class,CUST-10929,United States,Atlanta,Georgia,30301,Other,Gulf,PROD-9415,Wonka Gum,124.32,12,17.519999999999996,106.8,3,14.092664092664089,1.4599999999999997,8.9,10.36,Secret Factory,41.446333,-90.565487
1855,US-2024-11855-CH,2024-09-25,2024-09-29,Standard Class,CUST-18588,United States,Henderson,Kentucky,42420,Sugar,Gulf,PROD-6629,SweeTARTS,282.48,33,91.19000000000003,191.29,4,32.28193146417446,2.763333333333334,5.796666666666667,8.56,Sugar Shack,48.11914,-96.18115
1856,US-2024-11856-CH,2024-04-07,2024-04-10,Standard Class,CUST-15885,United States,Philadelphia,Pennsylvania,19143,Sugar,Atlantic,PROD-5646,Nerds,184.47,39,53.22999999999999,131.24,3,28.855640483547457,1.3648717948717946,3.3651282051282054,4.7299999999999995,Sugar Shack,48.11914,-96.18115
1857,US-2024-11857-CH,2026-03-29,2026-03-31,First Class,CUST-14321,United States,New York,New York,10001,Sugar,Atlantic,PROD-0725,Hair Toffee,411.2,40,120.74000000000001,290.46,2,29.36284046692607,3.0185000000000004,7.2615,10.28,The Other Factory,35.1175,-89.971107
1858,US-2024-11858-CH,2026-01-29,2026-02-01,Second Class,CUST-16278,United States,Seattle,Washington,98101,Chocolate,Pacific,PROD-8572,Wonka Bar - Nutty Crunch Surprise,106.24,32,58.23,48.01,3,54.809864457831324,1.8196875,1.5003125,3.32,Lot's O' Nuts,32.881893,-111.768036
1859,US-2024-11859-CH,2024-01-04,2024-01-09,First Class,CUST-13271,United States,New York,New York,10001,Other,Atlantic,PROD-0345,Lickable Wallpaper,40.52,4,6.170000000000002,34.35,5,15.227048371174732,1.5425000000000004,8.5875,10.13,Secret Factory,41.446333,-90.565487
1860,US-2024-11860-CH,2024-09-29,2024-10-03,Standard Class,CUST-18623,United States,Houston,Texas,77095,Chocolate,Gulf,PROD-0874,Wonka Bar - Milk Chocolate,163.8,36,75.99000000000001,87.81,4,46.391941391941394,2.110833333333334,2.439166666666667,4.550000000000001,Wicked Choccy's,32.076176,-81.088371
1861,US-2024-11861-CH,2025-05-11,2025-05-15,Standard Class,CUST-14318,United States,New York,New York,10001,Sugar,Atlantic,PROD-6629,SweeTARTS,430.54,38,172.78000000000003,257.76,4,40.13099828122823,4.546842105263159,6.783157894736842,11.33,Sugar Shack,48.11914,-96.18115
1862,US-2024-11862-CH,2025-04-12,2025-04-19,Standard Class,CUST-17541,United States,Seattle,Washington,98101,Sugar,Pacific,PROD-0725,Hair Toffee,408.17,49,61.170000000000016,347.0,7,14.986402724355052,1.248367346938776,7.081632653061225,8.33,The Other Factory,35.1175,-89.971107
1863,US-2024-11863-CH,2025-03-25,2025-03-28,Standard Class,CUST-19608,United States,Philadelphia,Pennsylvania,19143,Other,Atlantic,PROD-9415,Wonka Gum,99.18,38,33.870000000000005,65.31,3,34.15003024803388,0.8913157894736843,1.7186842105263158,2.6100000000000003,Secret Factory,41.446333,-90.565487
1864,US-2024-11864-CH,2025-01-02,2025-01-05,Standard Class,CUST-10399,United States,Henderson,Kentucky,42420,Other,Gulf,PROD-9359,Fizzy Lifting Drinks,218.87,43,34.78999999999999,184.08,3,15.89528030337643,0.8090697674418603,4.2809302325581395,5.09,Sugar Shack,48.11914,-96.18115
1865,US-2024-11865-CH,2024-07-04,2024-07-07,First Class,CUST-16051,United States,Naperville,Illinois,60540,Other,Interior,PROD-2646,Kazookles,46.64,11,15.75,30.89,3,33.769296740994854,1.4318181818181819,2.808181818181818,4.24,The Other Factory,35.1175,-89.971107
1866,US-2024-11866-CH,2024-01-29,2024-02-05,Standard Class,CUST-19442,United States,Athens,Georgia,30605,Sugar,Gulf,PROD-9885,Fun Dip,180.18,22,53.75,126.43,7,29.83127983127983,2.4431818181818183,5.746818181818182,8.19,Sugar Shack,48.11914,-96.18115
1867,US-2024-11867-CH,2024-12-21,2024-12-24,Second Class,CUST-14905,United States,Chicago,Illinois,60601,Sugar,Interior,PROD-2533,Laffy Taffy,251.94,34,91.16999999999999,160.77,3,36.18718742557752,2.681470588235294,4.728529411764706,7.41,Sugar Shack,48.11914,-96.18115
1868,US-2024-11868-CH,2025-02-19,2025-02-22,Standard Class,CUST-11567,United States,Seattle,Washington,98101,Sugar,Pacific,PROD-6629,SweeTARTS,14.88,4,5.24,9.64,3,35.215053763440864,1.31,2.41,3.72,Sugar Shack,48.11914,-96.18115
1869,US-2024-11869-CH,2024-03-11,2024-03-13,Standard Class,CUST-14934,United States,Houston,Texas,77095,Sugar,Gulf,PROD-6629,SweeTARTS,280.03,41,99.74999999999997,180.28,2,35.62118344463093,2.432926829268292,4.397073170731708,6.829999999999999,Sugar Shack,48.11914,-96.18115
1870,US-2024-11870-CH,2024-11-26,2024-12-03,Standard Class,CUST-13042,United States,Chicago,Illinois,60601,Chocolate,Interior,PROD-7514,Wonka Bar - Triple Dazzle Caramel,180.62,22,79.49000000000001,101.13,7,44.009522754955164,3.6131818181818187,4.596818181818182,8.21,Wicked Choccy's,32.076176,-81.088371
1871,US-2024-11871-CH,2026-02-25,2026-02-28,Second Class,CUST-14868,United States,Athens,Georgia,30605,Chocolate,Gulf,PROD-3893,Wonka Bar - Fudge Mallows,162.3,30,100.82000000000002,61.48,3,62.11953173136169,3.3606666666666674,2.0493333333333332,5.41,Lot's O' Nuts,32.881893,-111.768036
1872,US-2024-11872-CH,2026-04-06,2026-04-10,Second Class,CUST-14094,United States,Atlanta,Georgia,30301,Other,Gulf,PROD-9359,Fizzy Lifting Drinks,139.02,14,2.9399999999999977,136.08,4,2.114803625377642,0.20999999999999983,9.72,9.930000000000001,Sugar Shack,48.11914,-96.18115
1873,US-2024-11873-CH,2024-02-21,2024-02-24,Standard Class,CUST-18709,United States,Henderson,Kentucky,42420,Sugar,Gulf,PROD-2120,Everlasting Gobstopper,391.16,44,132.12,259.04,3,33.77645976071173,3.002727272727273,5.887272727272728,8.89,Secret Factory,41.446333,-90.565487
1874,US-2024-11874-CH,2024-01-08,2024-01-11,Standard Class,CUST-18973,United States,Chicago,Illinois,60601,Sugar,Interior,PROD-0725,Hair Toffee,434.14,49,44.870000000000005,389.27,3,10.33537568526282,0.9157142857142858,7.944285714285714,8.86,The Other Factory,35.1175,-89.971107
1875,US-2024-11875-CH,2024-12-12,2024-12-16,Standard Class,CUST-19327,United States,New York,New York,10001,Other,Atlantic,PROD-9359,Fizzy Lifting Drinks,286.75,37,31.599999999999994,255.15,4,11.02005231037489,0.8540540540540539,6.895945945945946,7.75,Sugar Shack,48.11914,-96.18115
1876,US-2024-11876-CH,2025-07-12,2025-07-14,First Class,CUST-12427,United States,Philadelphia,Pennsylvania,19143,Other,Atlantic,PROD-9359,Fizzy Lifting Drinks,306.9,30,28.319999999999993,278.58,2,9.227761485825999,0.9439999999999997,9.286,10.229999999999999,Sugar Shack,48.11914,-96.18115
1877,US-2024-11877-CH,2026-04-14,2026-04-21,First Class,CUST-19141,United States,Los Angeles,California,90049,Other,Pacific,PROD-9359,Fizzy Lifting Drinks,212.6,20,0.6599999999999966,211.94,7,0.3104421448729993,0.03299999999999983,10.597,10.629999999999999,Sugar Shack,48.11914,-96.18115
1878,US-2024-11878-CH,2026-02-06,2026-02-11,Standard Class,CUST-10948,United States,Chicago,Illinois,60601,Other,Interior,PROD-0345,Lickable Wallpaper,269.28,36,33.50999999999996,235.77,5,12.44429590017824,0.9308333333333323,6.549166666666667,7.4799999999999995,Secret Factory,41.446333,-90.565487
1879,US-2024-11879-CH,2025-09-15,2025-09-18,Standard Class,CUST-14581,United States,Henderson,Kentucky,42420,Chocolate,Gulf,PROD-7514,Wonka Bar - Triple Dazzle Caramel,67.85,23,31.319999999999993,36.53,3,46.16064848931466,1.3617391304347823,1.5882608695652174,2.9499999999999997,Wicked Choccy's,32.076176,-81.088371
1880,US-2024-11880-CH,2025-09-11,2025-09-16,Standard Class,CUST-12369,United States,Henderson,Kentucky,42420,Chocolate,Gulf,PROD-7514,Wonka Bar - Triple Dazzle Caramel,19.11,7,10.75,8.36,5,56.25327053898482,1.5357142857142858,1.1942857142857142,2.73,Wicked Choccy's,32.076176,-81.088371
1881,US-2024-11881-CH,2024-04-12,2024-04-17,Standard Class,CUST-16732,United States,Seattle,Washington,98101,Sugar,Pacific,PROD-2533,Laffy Taffy,366.95,41,147.76,219.19,5,40.267066357814414,3.60390243902439,5.346097560975609,8.95,Sugar Shack,48.11914,-96.18115
1882,US-2024-11882-CH,2025-08-25,2025-09-01,First Class,CUST-18774,United States,Henderson,Kentucky,42420,Sugar,Gulf,PROD-2120,Everlasting Gobstopper,9.0,2,1.4400000000000004,7.56,7,16.000000000000004,0.7200000000000002,3.78,4.5,Secret Factory,41.446333,-90.565487
1883,US-2024-11883-CH,2025-01-06,2025-01-11,Standard Class,CUST-14222,United States,Philadelphia,Pennsylvania,19143,Sugar,Atlantic,PROD-5646,Nerds,403.92,44,107.99000000000001,295.93,5,26.735492176668647,2.454318181818182,6.725681818181818,9.18,Sugar Shack,48.11914,-96.18115
1884,US-2024-11884-CH,2025-02-20,2025-02-27,Standard Class,CUST-19491,United States,Los Angeles,California,90049,Other,Pacific,PROD-0345,Lickable Wallpaper,126.4,20,12.480000000000004,113.92,7,9.87341772151899,0.6240000000000002,5.696,6.32,Secret Factory,41.446333,-90.565487
1885,US-2024-11885-CH,2025-09-07,2025-09-10,First Class,CUST-19924,United States,Atlanta,Georgia,30301,Sugar,Gulf,PROD-9885,Fun Dip,309.21,33,136.92,172.29,3,44.2805860095081,4.1490909090909085,5.220909090909091,9.37,Sugar Shack,48.11914,-96.18115
1886,US-2024-11886-CH,2024-08-07,2024-08-12,Second Class,CUST-10921,United States,Philadelphia,Pennsylvania,19143,Chocolate,Atlantic,PROD-7514,Wonka Bar - Triple Dazzle Caramel,224.71,23,140.2,84.51,5,62.3915268568377,6.095652173913043,3.6743478260869566,9.77,Wicked Choccy's,32.076176,-81.088371
1887,US-2024-11887-CH,2025-01-01,2025-01-04,Standard Class,CUST-10724,United States,Naperville,Illinois,60540,Other,Interior,PROD-9359,Fizzy Lifting Drinks,428.56,44,-11.610000000000014,440.17,3,-2.7090722419264543,-0.2638636363636367,10.003863636363636,9.74,Sugar Shack,48.11914,-96.18115
1888,US-2024-11888-CH,2026-05-04,2026-05-07,Second Class,CUST-18116,United States,Philadelphia,Pennsylvania,19143,Sugar,Atlantic,PROD-5646,Nerds,210.0,20,58.06999999999999,151.93,3,27.652380952380952,2.9034999999999997,7.596500000000001,10.5,Sugar Shack,48.11914,-96.18115
1889,US-2024-11889-CH,2025-02-02,2025-02-05,Standard Class,CUST-12311,United States,Naperville,Illinois,60540,Sugar,Interior,PROD-0725,Hair Toffee,26.12,4,8.59,17.53,3,32.88667687595712,2.1475,4.3825,6.53,The Other Factory,35.1175,-89.971107
1890,US-2024-11890-CH,2026-01-31,2026-02-02,Standard Class,CUST-17806,United States,Naperville,Illinois,60540,Sugar,Interior,PROD-0725,Hair Toffee,229.32,28,34.48999999999998,194.83,2,15.040118611547177,1.2317857142857136,6.958214285714286,8.19,The Other Factory,35.1175,-89.971107
1891,US-2024-11891-CH,2024-03-17,2024-03-20,Second Class,CUST-18956,United States,Chicago,Illinois,60601,Sugar,Interior,PROD-2533,Laffy Taffy,425.52,36,185.67,239.85,3,43.6336717428088,5.1575,6.6625,11.82,Sugar Shack,48.11914,-96.18115
1892,US-2024-11892-CH,2025-03-01,2025-03-03,Same Day,CUST-11821,United States,Seattle,Washington,98101,Sugar,Pacific,PROD-2533,Laffy Taffy,275.28,24,69.87999999999997,205.4,2,25.385062481836666,2.9116666666666653,8.558333333333334,11.469999999999999,Sugar Shack,48.11914,-96.18115
1893,US-2024-11893-CH,2024-03-09,2024-03-11,Standard Class,CUST-17597,United States,Naperville,Illinois,60540,Chocolate,Interior,PROD-3893,Wonka Bar - Fudge Mallows,91.2,20,49.830000000000005,41.37,2,54.63815789473685,2.4915000000000003,2.0685,4.5600000000000005,Lot's O' Nuts,32.881893,-111.768036
1894,US-2024-11894-CH,2024-06-09,2024-06-12,Standard Class,CUST-19455,United States,Houston,Texas,77095,Chocolate,Gulf,PROD-8572,Wonka Bar - Nutty Crunch Surprise,61.44,6,38.22,23.22,3,62.20703125,6.37,3.8699999999999997,10.24,Lot's O' Nuts,32.881893,-111.768036
1895,US-2024-11895-CH,2024-07-19,2024-07-22,Standard Class,CUST-12076,United States,Naperville,Illinois,60540,Chocolate,Interior,PROD-8572,Wonka Bar - Nutty Crunch Surprise,351.56,47,152.48,199.08,3,43.37239731482534,3.244255319148936,4.235744680851064,7.48,Lot's O' Nuts,32.881893,-111.768036
1896,US-2024-11896-CH,2025-03-13,2025-03-15,Standard Class,CUST-14516,United States,Seattle,Washington,98101,Other,Pacific,PROD-9359,Fizzy Lifting Drinks,22.84,4,-0.7300000000000004,23.57,2,-3.1961471103327512,-0.1825000000000001,5.8925,5.71,Sugar Shack,48.11914,-96.18115
1897,US-2024-11897-CH,2025-05-19,2025-05-22,Standard Class,CUST-13598,United States,Los Angeles,California,90049,Other,Pacific,PROD-9415,Wonka Gum,354.66,46,53.160000000000025,301.5,3,14.989003552698366,1.155652173913044,6.554347826086956,7.710000000000001,Secret Factory,41.446333,-90.565487
1898,US-2024-11898-CH,2024-01-17,2024-01-19,Standard Class,CUST-14723,United States,Seattle,Washington,98101,Chocolate,Pacific,PROD-7514,Wonka Bar - Triple Dazzle Caramel,78.56,8,50.400000000000006,28.16,2,64.15478615071284,6.300000000000001,3.52,9.82,Wicked Choccy's,32.076176,-81.088371
1899,US-2024-11899-CH,2025-11-15,2025-11-20,Standard Class,CUST-11887,United States,Los Angeles,California,90049,Sugar,Pacific,PROD-6629,SweeTARTS,105.75,25,35.870000000000005,69.88,5,33.91962174940899,1.4348,2.7952,4.23,Sugar Shack,48.11914,-96.18115
1900,US-2024-11900-CH,2026-03-22,2026-03-27,Second Class,CUST-16643,United States,Henderson,Kentucky,42420,Sugar,Gulf,PROD-5646,Nerds,181.6,16,50.71000000000001,130.89,5,27.924008810572694,3.1693750000000005,8.180625,11.35,Sugar Shack,48.11914,-96.18115
1901,US-2024-11901-CH,2024-07-29,2024-08-02,Same Day,CUST-14779,United States,Houston,Texas,77095,Sugar,Gulf,PROD-9885,Fun Dip,132.68,31,54.42,78.26,4,41.015978293638824,1.755483870967742,2.5245161290322584,4.28,Sugar Shack,48.11914,-96.18115
1902,US-2024-11902-CH,2025-08-11,2025-08-14,First Class,CUST-11488,United States,Naperville,Illinois,60540,Sugar,Interior,PROD-0725,Hair Toffee,75.42,18,8.320000000000007,67.1,3,11.031556616282163,0.46222222222222265,3.7277777777777774,4.19,The Other Factory,35.1175,-89.971107
1903,US-2024-11903-CH,2025-01-02,2025-01-04,Same Day,CUST-13520,United States,Chicago,Illinois,60601,Chocolate,Interior,PROD-3893,Wonka Bar - Fudge Mallows,438.51,47,237.09,201.42,2,54.06718204829992,5.0444680851063834,4.285531914893617,9.33,Lot's O' Nuts,32.881893,-111.768036
1904,US-2024-11904-CH,2025-08-12,2025-08-15,Second Class,CUST-15462,United States,Philadelphia,Pennsylvania,19143,Sugar,Atlantic,PROD-9885,Fun Dip,15.78,3,4.899999999999999,10.88,3,31.05196451204055,1.6333333333333329,3.626666666666667,5.26,Sugar Shack,48.11914,-96.18115
1905,US-2024-11905-CH,2025-01-21,2025-01-25,Second Class,CUST-13491,United States,Philadelphia,Pennsylvania,19143,Chocolate,Atlantic,PROD-7514,Wonka Bar - Triple Dazzle Caramel,71.0,20,43.120000000000005,27.88,4,60.732394366197184,2.156,1.394,3.55,Wicked Choccy's,32.076176,-81.088371
1906,US-2024-11906-CH,2024-06-14,2024-06-17,Standard Class,CUST-10293,United States,Naperville,Illinois,60540,Sugar,Interior,PROD-5646,Nerds,192.4,20,50.849999999999994,141.55,3,26.429313929313924,2.5424999999999995,7.077500000000001,9.620000000000001,Sugar Shack,48.11914,-96.18115
1907,US-2024-11907-CH,2024-10-25,2024-10-27,Second Class,CUST-13801,United States,New York,New York,10001,Chocolate,Atlantic,PROD-3893,Wonka Bar - Fudge Mallows,311.04,36,152.12000000000003,158.92,2,48.90689300411523,4.225555555555556,4.414444444444444,8.64,Lot's O' Nuts,32.881893,-111.768036
1908,US-2024-11908-CH,2024-09-27,2024-10-01,Standard Class,CUST-11633,United States,New York,New York,10001,Sugar,Atlantic,PROD-9885,Fun Dip,48.4,5,17.139999999999997,31.26,4,35.413223140495866,3.4279999999999995,6.252000000000001,9.68,Sugar Shack,48.11914,-96.18115
1909,US-2024-11909-CH,2024-12-01,2024-12-03,Standard Class,CUST-10977,United States,Naperville,Illinois,60540,Other,Interior,PROD-9359,Fizzy Lifting Drinks,351.78,39,28.349999999999966,323.43,2,8.059014156575122,0.726923076923076,8.293076923076923,9.02,Sugar Shack,48.11914,-96.18115
1910,US-2024-11910-CH,2025-09-04,2025-09-07,Standard Class,CUST-16798,United States,Atlanta,Georgia,30301,Sugar,Gulf,PROD-2533,Laffy Taffy,89.4,12,32.910000000000004,56.49,3,36.81208053691275,2.7425,4.7075000000000005,7.45,Sugar Shack,48.11914,-96.18115
1911,US-2024-11911-CH,2024-12-26,2025-01-02,Standard Class,CUST-11982,United States,Los Angeles,California,90049,Other,Pacific,PROD-9359,Fizzy Lifting Drinks,215.8,20,9.530000000000001,206.27,7,4.416126042632067,0.47650000000000003,10.313500000000001,10.790000000000001,Sugar Shack,48.11914,-96.18115
1912,US-2024-11912-CH,2024-09-27,2024-10-01,Second Class,CUST-10673,United States,Houston,Texas,77095,Sugar,Gulf,PROD-9885,Fun Dip,379.26,43,147.92,231.34,4,39.002267573696145,3.4399999999999995,5.38,8.82,Sugar Shack,48.11914,-96.18115
1913,US-2024-11913-CH,2025-10-19,2025-10-22,Standard Class,CUST-10068,United States,New York,New York,10001,Chocolate,Atlantic,PROD-3776,Wonka Bar -Scrumdiddlyumptious,10.9,2,6.73,4.17,3,61.74311926605505,3.365,2.085,5.45,Lot's O' Nuts,32.881893,-111.768036
1914,US-2024-11914-CH,2024-07-22,2024-07-24,First Class,CUST-16104,United States,Chicago,Illinois,60601,Sugar,Interior,PROD-5646,Nerds,400.14,39,174.64,225.5,2,43.64472434647873,4.477948717948718,5.782051282051282,10.26,Sugar Shack,48.11914,-96.18115
1915,US-2024-11915-CH,2025-03-15,2025-03-17,Standard Class,CUST-13549,United States,Henderson,Kentucky,42420,Other,Gulf,PROD-9415,Wonka Gum,27.45,5,8.75,18.7,2,31.876138433515482,1.75,3.7399999999999998,5.49,Secret Factory,41.446333,-90.565487
1916,US-2024-11916-CH,2025-11-06,2025-11-09,Standard Class,CUST-15862,United States,Chicago,Illinois,60601,Sugar,Interior,PROD-6629,SweeTARTS,453.2,40,191.92000000000002,261.28,3,42.3477493380406,4.798,6.531999999999999,11.33,Sugar Shack,48.11914,-96.18115
1917,US-2024-11917-CH,2024-10-08,2024-10-11,Second Class,CUST-10749,United States,Atlanta,Georgia,30301,Chocolate,Gulf,PROD-8572,Wonka Bar - Nutty Crunch Surprise,120.6,36,67.67999999999999,52.92,3,56.119402985074615,1.88,1.47,3.3499999999999996,Lot's O' Nuts,32.881893,-111.768036
1918,US-2024-11918-CH,2026-05-12,2026-05-17,Second Class,CUST-11389,United States,Los Angeles,California,90049,Other,Pacific,PROD-0345,Lickable Wallpaper,234.83,23,32.18000000000001,202.65,5,13.703530213345827,1.399130434782609,8.810869565217391,10.21,Secret Factory,41.446333,-90.565487
1919,US-2024-11919-CH,2026-04-02,2026-04-09,Standard Class,CUST-15994,United States,Seattle,Washington,98101,Chocolate,Pacific,PROD-3776,Wonka Bar -Scrumdiddlyumptious,148.77,29,91.99000000000001,56.78,7,61.833703031525175,3.1720689655172416,1.9579310344827587,5.130000000000001,Lot's O' Nuts,32.881893,-111.768036
1920,US-2024-11920-CH,2025-12-23,2025-12-27,Same Day,CUST-15616,United States,Houston,Texas,77095,Sugar,Gulf,PROD-2533,Laffy Taffy,85.68,12,33.440000000000005,52.24,4,39.028944911297856,2.786666666666667,4.3533333333333335,7.140000000000001,Sugar Shack,48.11914,-96.18115
1921,US-2024-11921-CH,2025-11-29,2025-12-04,Standard Class,CUST-17450,United States,Houston,Texas,77095,Sugar,Gulf,PROD-6629,SweeTARTS,148.4,20,37.36,111.04,5,25.17520215633423,1.8679999999999999,5.5520000000000005,7.42,Sugar Shack,48.11914,-96.18115
1922,US-2024-11922-CH,2024-10-13,2024-10-16,Standard Class,CUST-18378,United States,Seattle,Washington,98101,Chocolate,Pacific,PROD-7514,Wonka Bar - Triple Dazzle Caramel,17.46,3,10.31,7.15,3,59.04925544100802,3.436666666666667,2.3833333333333333,5.82,Wicked Choccy's,32.076176,-81.088371
1923,US-2024-11923-CH,2025-05-07,2025-05-10,Standard Class,CUST-15319,United States,Naperville,Illinois,60540,Sugar,Interior,PROD-5646,Nerds,54.7,5,22.990000000000002,31.71,3,42.029250457038394,4.598000000000001,6.3420000000000005,10.940000000000001,Sugar Shack,48.11914,-96.18115
1924,US-2024-11924-CH,2026-04-05,2026-04-09,First Class,CUST-15177,United States,Athens,Georgia,30605,Sugar,Gulf,PROD-6629,SweeTARTS,59.04,8,19.78,39.26,4,33.50271002710027,2.4725,4.9075,7.38,Sugar Shack,48.11914,-96.18115
1925,US-2024-11925-CH,2025-12-16,2025-12-21,Standard Class,CUST-11432,United States,Los Angeles,California,90049,Sugar,Pacific,PROD-9885,Fun Dip,215.25,41,88.24,127.01,5,40.994192799070845,2.152195121951219,3.097804878048781,5.25,Sugar Shack,48.11914,-96.18115
1926,US-2024-11926-CH,2024-12-08,2024-12-15,Standard Class,CUST-14102,United States,Los Angeles,California,90049,Sugar,Pacific,PROD-6629,SweeTARTS,345.21,37,101.85999999999999,243.35,7,29.50667709510153,2.7529729729729726,6.577027027027027,9.33,Sugar Shack,48.11914,-96.18115
1927,US-2024-11927-CH,2024-05-24,2024-05-27,Second Class,CUST-19613,United States,Houston,Texas,77095,Sugar,Gulf,PROD-2120,Everlasting Gobstopper,225.86,23,68.96000000000001,156.9,3,30.532188081112192,2.9982608695652178,6.821739130434783,9.82,Secret Factory,41.446333,-90.565487
1928,US-2024-11928-CH,2024-10-23,2024-10-26,Standard Class,CUST-10599,United States,Los Angeles,California,90049,Sugar,Pacific,PROD-2120,Everlasting Gobstopper,362.0,40,96.62,265.38,3,26.690607734806633,2.4155,6.6345,9.05,Secret Factory,41.446333,-90.565487
1929,US-2024-11929-CH,2024-05-20,2024-05-24,Standard Class,CUST-15529,United States,New York,New York,10001,Sugar,Atlantic,PROD-2120,Everlasting Gobstopper,468.0,45,51.50999999999999,416.49,4,11.006410256410254,1.1446666666666665,9.255333333333333,10.4,Secret Factory,41.446333,-90.565487
1930,US-2024-11930-CH,2026-05-29,2026-06-03,Standard Class,CUST-10114,United States,Houston,Texas,77095,Chocolate,Gulf,PROD-8572,Wonka Bar - Nutty Crunch Surprise,54.66,6,32.44,22.22,5,59.34870106110501,5.406666666666666,3.703333333333333,9.11,Lot's O' Nuts,32.881893,-111.768036
1931,US-2024-11931-CH,2024-12-07,2024-12-10,Standard Class,CUST-13015,United States,Seattle,Washington,98101,Sugar,Pacific,PROD-2533,Laffy Taffy,21.06,3,8.02,13.04,3,38.08167141500475,2.6733333333333333,4.346666666666667,7.02,Sugar Shack,48.11914,-96.18115
1932,US-2024-11932-CH,2025-05-17,2025-05-20,Standard Class,CUST-17126,United States,Atlanta,Georgia,30301,Sugar,Gulf,PROD-2533,Laffy Taffy,133.64,13,48.47999999999999,85.16,3,36.276563903023046,3.7292307692307682,6.55076923076923,10.28,Sugar Shack,48.11914,-96.18115
1933,US-2024-11933-CH,2025-06-14,2025-06-16,First Class,CUST-17860,United States,Athens,Georgia,30605,Sugar,Gulf,PROD-2120,Everlasting Gobstopper,76.95,27,14.96,61.99,2,19.44119558154646,0.554074074074074,2.295925925925926,2.85,Secret Factory,41.446333,-90.565487
1934,US-2024-11934-CH,2025-08-05,2025-08-12,Standard Class,CUST-19182,United States,Athens,Georgia,30605,Chocolate,Gulf,PROD-3893,Wonka Bar - Fudge Mallows,115.2,18,56.78,58.42,7,49.28819444444444,3.1544444444444446,3.2455555555555557,6.4,Lot's O' Nuts,32.881893,-111.768036
1935,US-2024-11935-CH,2024-03-25,2024-03-29,Standard Class,CUST-15024,United States,Philadelphia,Pennsylvania,19143,Other,Atlantic,PROD-9359,Fizzy Lifting Drinks,10.82,2,1.8499999999999996,8.97,4,17.09796672828096,0.9249999999999998,4.485,5.41,Sugar Shack,48.11914,-96.18115
1936,US-2024-11936-CH,2024-01-08,2024-01-11,First Class,CUST-18160,United States,Naperville,Illinois,60540,Chocolate,Interior,PROD-0874,Wonka Bar - Milk Chocolate,64.65,15,41.74000000000001,22.91,3,64.56303170920341,2.782666666666667,1.5273333333333334,4.3100000000000005,Wicked Choccy's,32.076176,-81.088371
1937,US-2024-11937-CH,2024-01-10,2024-01-12,Second Class,CUST-16161,United States,Los Angeles,California,90049,Chocolate,Pacific,PROD-0874,Wonka Bar - Milk Chocolate,227.85,35,139.29,88.56,2,61.13232389730086,3.9797142857142855,2.5302857142857142,6.51,Wicked Choccy's,32.076176,-81.088371
1938,US-2024-11938-CH,2026-03-10,2026-03-13,Standard Class,CUST-12251,United States,Naperville,Illinois,60540,Sugar,Interior,PROD-6629,SweeTARTS,414.51,41,125.13,289.38,3,30.187450242454943,3.051951219512195,7.0580487804878045,10.11,Sugar Shack,48.11914,-96.18115
1939,US-2024-11939-CH,2026-04-30,2026-05-07,First Class,CUST-11070,United States,Atlanta,Georgia,30301,Chocolate,Gulf,PROD-7514,Wonka Bar - Triple Dazzle Caramel,363.88,44,193.21,170.67,7,53.097174892821805,4.391136363636364,3.878863636363636,8.27,Wicked Choccy's,32.076176,-81.088371
1940,US-2024-11940-CH,2025-02-19,2025-02-23,First Class,CUST-18287,United States,Houston,Texas,77095,Sugar,Gulf,PROD-9885,Fun Dip,372.48,32,151.20000000000002,221.28,4,40.59278350515464,4.7250000000000005,6.915,11.64,Sugar Shack,48.11914,-96.18115
1941,US-2024-11941-CH,2025-09-04,2025-09-07,Second Class,CUST-15562,United States,Los Angeles,California,90049,Sugar,Pacific,PROD-2120,Everlasting Gobstopper,176.08,31,21.810000000000002,154.27,3,12.386415265788278,0.7035483870967743,4.976451612903226,5.680000000000001,Secret Factory,41.446333,-90.565487
1942,US-2024-11942-CH,2024-07-19,2024-07-21,Standard Class,CUST-18535,United States,Henderson,Kentucky,42420,Chocolate,Gulf,PROD-0874,Wonka Bar - Milk Chocolate,161.4,20,76.59,84.81,2,47.45353159851301,3.8295000000000003,4.2405,8.07,Wicked Choccy's,32.076176,-81.088371
1943,US-2024-11943-CH,2024-01-11,2024-01-18,Standard Class,CUST-13615,United States,Chicago,Illinois,60601,Sugar,Interior,PROD-9885,Fun Dip,185.38,31,57.61999999999999,127.76,7,31.082101629086196,1.8587096774193546,4.121290322580645,5.9799999999999995,Sugar Shack,48.11914,-96.18115
1944,US-2024-11944-CH,2025-08-23,2025-08-25,Second Class,CUST-13651,United States,Chicago,Illinois,60601,Sugar,Interior,PROD-6629,SweeTARTS,508.5,45,130.33999999999997,378.16,2,25.63225172074729,2.8964444444444437,8.403555555555556,11.3,Sugar Shack,48.11914,-96.18115
1945,US-2024-11945-CH,2024-03-05,2024-03-10,Standard Class,CUST-10209,United States,New York,New York,10001,Other,Atlantic,PROD-0345,Lickable Wallpaper,30.0,3,2.1499999999999986,27.85,5,7.166666666666662,0.7166666666666662,9.283333333333333,10.0,Secret Factory,41.446333,-90.565487
1946,US-2024-11946-CH,2025-11-09,2025-11-14,Standard Class,CUST-19756,United States,Seattle,Washington,98101,Sugar,Pacific,PROD-5646,Nerds,108.29,17,42.80000000000001,65.49,5,39.52350170837566,2.5176470588235302,3.8523529411764703,6.37,Sugar Shack,48.11914,-96.18115
1947,US-2024-11947-CH,2025-08-14,2025-08-16,Same Day,CUST-11624,United States,Henderson,Kentucky,42420,Sugar,Gulf,PROD-6629,SweeTARTS,464.03,49,173.63,290.4,2,37.41783936383424,3.543469387755102,5.926530612244897,9.469999999999999,Sugar Shack,48.11914,-96.18115
1948,US-2024-11948-CH,2024-06-22,2024-06-26,Standard Class,CUST-16667,United States,Atlanta,Georgia,30301,Other,Gulf,PROD-9415,Wonka Gum,235.44,24,65.15,170.29,4,27.67159361196059,2.7145833333333336,7.095416666666666,9.81,Secret Factory,41.446333,-90.565487
1949,US-2024-11949-CH,2025-09-15,2025-09-18,First Class,CUST-18945,United States,Los Angeles,California,90049,Sugar,Pacific,PROD-5646,Nerds,108.0,40,45.55,62.45,3,42.175925925925924,1.13875,1.56125,2.7,Sugar Shack,48.11914,-96.18115
1950,US-2024-11950-CH,2025-06-26,2025-06-29,Standard Class,CUST-11533,United States,Houston,Texas,77095,Sugar,Gulf,PROD-2120,Everlasting Gobstopper,252.12,44,45.53999999999999,206.58,3,18.06282722513089,1.035,4.695,5.73,Secret Factory,41.446333,-90.565487
1951,US-2024-11951-CH,2026-05-18,2026-05-25,Same Day,CUST-10031,United States,Naperville,Illinois,60540,Other,Interior,PROD-9359,Fizzy Lifting Drinks,194.94,27,14.659999999999997,180.28,7,7.520262644916382,0.5429629629629629,6.677037037037037,7.22,Sugar Shack,48.11914,-96.18115
1952,US-2024-11952-CH,2024-03-05,2024-03-08,Standard Class,CUST-11928,United States,Henderson,Kentucky,42420,Chocolate,Gulf,PROD-8572,Wonka Bar - Nutty Crunch Surprise,256.08,24,136.48999999999998,119.59,3,53.299750078100594,5.687083333333333,4.982916666666667,10.67,Lot's O' Nuts,32.881893,-111.768036
1953,US-2024-11953-CH,2026-06-11,2026-06-18,Standard Class,CUST-18154,United States,Philadelphia,Pennsylvania,19143,Chocolate,Atlantic,PROD-0874,Wonka Bar - Milk Chocolate,88.65,9,40.85000000000001,47.8,7,46.0800902425268,4.53888888888889,5.311111111111111,9.850000000000001,Wicked Choccy's,32.076176,-81.088371
1954,US-2024-11954-CH,2025-05-17,2025-05-21,First Class,CUST-19634,United States,Henderson,Kentucky,42420,Chocolate,Gulf,PROD-7514,Wonka Bar - Triple Dazzle Caramel,306.28,38,138.95999999999998,167.32,4,45.37024944495233,3.6568421052631574,4.403157894736842,8.059999999999999,Wicked Choccy's,32.076176,-81.088371
1955,US-2024-11955-CH,2025-07-25,2025-07-30,Same Day,CUST-16843,United States,Atlanta,Georgia,30301,Sugar,Gulf,PROD-5646,Nerds,29.92,4,12.950000000000003,16.97,5,43.28208556149733,3.2375000000000007,4.2425,7.48,Sugar Shack,48.11914,-96.18115
1956,US-2024-11956-CH,2026-01-05,2026-01-07,Standard Class,CUST-13168,United States,New York,New York,10001,Chocolate,Atlantic,PROD-7514,Wonka Bar - Triple Dazzle Caramel,76.8,24,38.5,38.3,2,50.130208333333336,1.6041666666666667,1.5958333333333332,3.1999999999999997,Wicked Choccy's,32.076176,-81.088371
1957,US-2024-11957-CH,2025-07-05,2025-07-07,Second Class,CUST-15380,United States,Henderson,Kentucky,42420,Sugar,Gulf,PROD-9885,Fun Dip,232.26,49,69.41999999999999,162.84,2,29.888917592353394,1.4167346938775507,3.323265306122449,4.74,Sugar Shack,48.11914,-96.18115
1958,US-2024-11958-CH,2025-02-06,2025-02-09,Standard Class,CUST-12452,United States,Atlanta,Georgia,30301,Sugar,Gulf,PROD-9885,Fun Dip,472.36,49,189.09000000000003,283.27,3,40.030908629011776,3.8589795918367353,5.781020408163265,9.64,Sugar Shack,48.11914,-96.18115
1959,US-2024-11959-CH,2024-05-10,2024-05-13,Standard Class,CUST-17056,United States,New York,New York,10001,Other,Atlantic,PROD-2646,Kazookles,99.99,9,33.97,66.02,3,33.97339733973397,3.7744444444444443,7.335555555555555,11.11,The Other Factory,35.1175,-89.971107
1960,US-2024-11960-CH,2025-11-19,2025-11-23,First Class,CUST-11760,United States,Seattle,Washington,98101,Sugar,Pacific,PROD-2120,Everlasting Gobstopper,130.2,42,25.33999999999999,104.86,4,19.46236559139784,0.603333333333333,2.4966666666666666,3.0999999999999996,Secret Factory,41.446333,-90.565487
1961,US-2024-11961-CH,2026-02-11,2026-02-18,First Class,CUST-18680,United States,Houston,Texas,77095,Sugar,Gulf,PROD-2120,Everlasting Gobstopper,219.12,22,73.50999999999999,145.61,7,33.54782767433369,3.341363636363636,6.618636363636364,9.96,Secret Factory,41.446333,-90.565487
1962,US-2024-11962-CH,2025-09-19,2025-09-22,Second Class,CUST-18532,United States,Naperville,Illinois,60540,Chocolate,Interior,PROD-7514,Wonka Bar - Triple Dazzle Caramel,96.88,14,55.739999999999995,41.14,3,57.535094962840624,3.981428571428571,2.9385714285714286,6.92,Wicked Choccy's,32.076176,-81.088371
1963,US-2024-11963-CH,2024-10-30,2024-11-03,Standard Class,CUST-18989,United States,New York,New York,10001,Sugar,Atlantic,PROD-6629,SweeTARTS,291.04,34,106.99000000000001,184.05,4,36.76126992853216,3.146764705882353,5.413235294117648,8.56,Sugar Shack,48.11914,-96.18115
1964,US-2024-11964-CH,2026-03-25,2026-03-28,Standard Class,CUST-11522,United States,Henderson,Kentucky,42420,Sugar,Gulf,PROD-9885,Fun Dip,104.85,15,43.96999999999999,60.88,3,41.936099189318064,2.931333333333333,4.058666666666666,6.989999999999999,Sugar Shack,48.11914,-96.18115
1965,US-2024-11965-CH,2024-02-15,2024-02-19,Standard Class,CUST-12156,United States,Athens,Georgia,30605,Chocolate,Gulf,PROD-7514,Wonka Bar - Triple Dazzle Caramel,78.39,9,37.39,41.0,4,47.69741038397755,4.154444444444445,4.555555555555555,8.71,Wicked Choccy's,32.076176,-81.088371
1966,US-2024-11966-CH,2024-05-17,2024-05-20,Standard Class,CUST-15353,United States,Atlanta,Georgia,30301,Sugar,Gulf,PROD-9885,Fun Dip,176.4,49,58.27000000000001,118.13,3,33.03287981859411,1.189183673469388,2.410816326530612,3.6,Sugar Shack,48.11914,-96.18115
1967,US-2024-11967-CH,2024-12-26,2024-12-29,Standard Class,CUST-14869,United States,Atlanta,Georgia,30301,Other,Gulf,PROD-2646,Kazookles,203.0,35,54.80000000000001,148.2,3,26.99507389162562,1.565714285714286,4.234285714285714,5.8,The Other Factory,35.1175,-89.971107
1968,US-2024-11968-CH,2025-02-16,2025-02-21,Standard Class,CUST-15088,United States,Athens,Georgia,30605,Chocolate,Gulf,PROD-8572,Wonka Bar - Nutty Crunch Surprise,191.98,29,83.66999999999999,108.31,5,43.58266486092301,2.885172413793103,3.7348275862068965,6.619999999999999,Lot's O' Nuts,32.881893,-111.768036
1969,US-2024-11969-CH,2024-09-30,2024-10-03,Second Class,CUST-17858,United States,Philadelphia,Pennsylvania,19143,Other,Atlantic,PROD-0345,Lickable Wallpaper,103.35,15,4.789999999999992,98.56,3,4.634736332849533,0.3193333333333328,6.570666666666667,6.89,Secret Factory,41.446333,-90.565487
1970,US-2024-11970-CH,2026-04-04,2026-04-07,First Class,CUST-17946,United States,Atlanta,Georgia,30301,Other,Gulf,PROD-9415,Wonka Gum,40.65,5,13.529999999999998,27.12,3,33.28413284132841,2.7059999999999995,5.424,8.129999999999999,Secret Factory,41.446333,-90.565487
1971,US-2024-11971-CH,2025-04-12,2025-04-19,Standard Class,CUST-12272,United States,Los Angeles,California,90049,Chocolate,Pacific,PROD-3776,Wonka Bar -Scrumdiddlyumptious,141.9,22,63.38000000000001,78.52,7,44.665257223396765,2.8809090909090913,3.569090909090909,6.45,Lot's O' Nuts,32.881893,-111.768036
1972,US-2024-11972-CH,2025-12-20,2025-12-22,Second Class,CUST-11733,United States,Seattle,Washington,98101,Chocolate,Pacific,PROD-0874,Wonka Bar - Milk Chocolate,176.4,18,108.17,68.23,2,61.32086167800453,6.009444444444444,3.7905555555555557,9.8,Wicked Choccy's,32.076176,-81.088371
1973,US-2024-11973-CH,2025-06-02,2025-06-06,First Class,CUST-18187,United States,Chicago,Illinois,60601,Other,Interior,PROD-9415,Wonka Gum,105.78,41,23.42,82.36,4,22.140291170353564,0.571219512195122,2.008780487804878,2.58,Secret Factory,41.446333,-90.565487
1974,US-2024-11974-CH,2025-05-07,2025-05-09,Standard Class,CUST-16306,United States,Athens,Georgia,30605,Chocolate,Gulf,PROD-0874,Wonka Bar - Milk Chocolate,40.69,13,25.409999999999997,15.28,2,62.44777586630621,1.9546153846153844,1.1753846153846153,3.13,Wicked Choccy's,32.076176,-81.088371
1975,US-2024-11975-CH,2024-11-12,2024-11-15,Second Class,CUST-18368,United States,Houston,Texas,77095,Sugar,Gulf,PROD-0725,Hair Toffee,50.94,9,8.619999999999997,42.32,3,16.921868865331756,0.9577777777777775,4.702222222222222,5.66,The Other Factory,35.1175,-89.971107
1976,US-2024-11976-CH,2026-05-09,2026-05-13,Standard Class,CUST-15873,United States,Naperville,Illinois,60540,Sugar,Interior,PROD-9885,Fun Dip,227.25,25,84.19999999999999,143.05,4,37.051705170517046,3.3679999999999994,5.722,9.09,Sugar Shack,48.11914,-96.18115
1977,US-2024-11977-CH,2026-03-02,2026-03-04,Same Day,CUST-16548,United States,New York,New York,10001,Other,Atlantic,PROD-9415,Wonka Gum,212.45,35,68.1,144.35,2,32.05460108260767,1.9457142857142855,4.1242857142857146,6.069999999999999,Secret Factory,41.446333,-90.565487
1978,US-2024-11978-CH,2026-05-07,2026-05-11,Standard Class,CUST-13062,United States,Chicago,Illinois,60601,Chocolate,Interior,PROD-7514,Wonka Bar - Triple Dazzle Caramel,238.39,31,108.36999999999998,130.02,4,45.45912160744997,3.4958064516129026,4.194193548387097,7.6899999999999995,Wicked Choccy's,32.076176,-81.088371
1979,US-2024-11979-CH,2024-10-19,2024-10-21,Same Day,CUST-11753,United States,Los Angeles,California,90049,Sugar,Pacific,PROD-0725,Hair Toffee,396.0,44,61.10000000000002,334.9,2,15.429292929292934,1.3886363636363641,7.611363636363635,9.0,The Other Factory,35.1175,-89.971107
1980,US-2024-11980-CH,2026-01-08,2026-01-11,Standard Class,CUST-15024,United States,New York,New York,10001,Sugar,Atlantic,PROD-9885,Fun Dip,329.36,46,109.01000000000002,220.35,3,33.097522467816376,2.3697826086956524,4.790217391304347,7.16,Sugar Shack,48.11914,-96.18115
1981,US-2024-11981-CH,2024-03-23,2024-03-26,Second Class,CUST-13310,United States,Naperville,Illinois,60540,Chocolate,Interior,PROD-0874,Wonka Bar - Milk Chocolate,205.58,19,92.98000000000002,112.6,3,45.22813503259073,4.893684210526317,5.9263157894736835,10.82,Wicked Choccy's,32.076176,-81.088371
1982,US-2024-11982-CH,2025-04-08,2025-04-10,First Class,CUST-18041,United States,Philadelphia,Pennsylvania,19143,Other,Atlantic,PROD-9359,Fizzy Lifting Drinks,468.96,48,20.25,448.71,2,4.31806550665302,0.421875,9.348125,9.77,Sugar Shack,48.11914,-96.18115
1983,US-2024-11983-CH,2025-12-14,2025-12-18,Second Class,CUST-12945,United States,Los Angeles,California,90049,Chocolate,Pacific,PROD-8572,Wonka Bar - Nutty Crunch Surprise,43.28,8,17.84,25.44,4,41.21996303142329,2.23,3.18,5.41,Lot's O' Nuts,32.881893,-111.768036
1984,US-2024-11984-CH,2026-05-27,2026-05-29,Second Class,CUST-15709,United States,Houston,Texas,77095,Sugar,Gulf,PROD-6629,SweeTARTS,84.16,8,34.62,49.54,2,41.13593155893536,4.3275,6.1925,10.52,Sugar Shack,48.11914,-96.18115
1985,US-2024-11985-CH,2024-03-11,2024-03-13,Standard Class,CUST-14197,United States,Athens,Georgia,30605,Other,Gulf,PROD-0345,Lickable Wallpaper,405.14,47,72.40999999999997,332.73,2,17.872834082045706,1.5406382978723399,7.07936170212766,8.62,Secret Factory,41.446333,-90.565487
1986,US-2024-11986-CH,2024-03-05,2024-03-08,Standard Class,CUST-12621,United States,Henderson,Kentucky,42420,Other,Gulf,PROD-9415,Wonka Gum,146.58,21,24.51000000000002,122.07,3,16.72124437167418,1.1671428571428581,5.812857142857142,6.98,Secret Factory,41.446333,-90.565487
1987,US-2024-11987-CH,2024-07-20,2024-07-23,Same Day,CUST-16103,United States,Los Angeles,California,90049,Sugar,Pacific,PROD-2120,Everlasting Gobstopper,313.02,47,36.49000000000001,276.53,3,11.657402082934002,0.7763829787234044,5.883617021276595,6.659999999999999,Secret Factory,41.446333,-90.565487
1988,US-2024-11988-CH,2024-07-09,2024-07-16,First Class,CUST-18988,United States,Henderson,Kentucky,42420,Sugar,Gulf,PROD-6629,SweeTARTS,287.63,49,86.35,201.28,7,30.02120780168967,1.7622448979591836,4.107755102040817,5.87,Sugar Shack,48.11914,-96.18115
1989,US-2024-11989-CH,2026-01-15,2026-01-17,Standard Class,CUST-14380,United States,Seattle,Washington,98101,Chocolate,Pacific,PROD-0874,Wonka Bar - Milk Chocolate,45.44,4,29.189999999999998,16.25,2,64.23855633802816,7.297499999999999,4.0625,11.36,Wicked Choccy's,32.076176,-81.088371
1990,US-2024-11990-CH,2025-11-27,2025-11-30,Standard Class,CUST-13941,United States,Philadelphia,Pennsylvania,19143,Sugar,Atlantic,PROD-9885,Fun Dip,474.7,47,168.34999999999997,306.35,3,35.46450389719823,3.5819148936170206,6.518085106382979,10.1,Sugar Shack,48.11914,-96.18115
1991,US-2024-11991-CH,2024-06-25,2024-06-28,Standard Class,CUST-19582,United States,Philadelphia,Pennsylvania,19143,Other,Atlantic,PROD-9415,Wonka Gum,172.72,17,35.72999999999999,136.99,3,20.686660490968034,2.1017647058823523,8.058235294117647,10.16,Secret Factory,41.446333,-90.565487
1992,US-2024-11992-CH,2026-02-25,2026-02-27,Standard Class,CUST-10743,United States,Chicago,Illinois,60601,Chocolate,Interior,PROD-7514,Wonka Bar - Triple Dazzle Caramel,333.74,41,167.69,166.05,2,50.24570024570024,4.09,4.050000000000001,8.14,Wicked Choccy's,32.076176,-81.088371
1993,US-2024-11993-CH,2024-11-21,2024-11-23,Standard Class,CUST-13728,United States,Athens,Georgia,30605,Sugar,Gulf,PROD-0725,Hair Toffee,165.41,17,37.120000000000005,128.29,2,22.441206698506743,2.183529411764706,7.546470588235294,9.73,The Other Factory,35.1175,-89.971107
1994,US-2024-11994-CH,2024-08-06,2024-08-09,Standard Class,CUST-19822,United States,Naperville,Illinois,60540,Sugar,Interior,PROD-9885,Fun Dip,448.02,38,157.47999999999996,290.54,3,35.15021650819159,4.1442105263157885,7.645789473684211,11.79,Sugar Shack,48.11914,-96.18115
1995,US-2024-11995-CH,2024-04-19,2024-04-22,Standard Class,CUST-12552,United States,Philadelphia,Pennsylvania,19143,Other,Atlantic,PROD-0345,Lickable Wallpaper,408.5,38,23.930000000000007,384.57,3,5.858017135862915,0.6297368421052634,10.120263157894737,10.75,Secret Factory,41.446333,-90.565487
1996,US-2024-11996-CH,2026-06-13,2026-06-17,Second Class,CUST-14807,United States,Philadelphia,Pennsylvania,19143,Sugar,Atlantic,PROD-0725,Hair Toffee,58.1,5,19.880000000000003,38.22,4,34.21686746987952,3.9760000000000004,7.644,11.620000000000001,The Other Factory,35.1175,-89.971107
1997,US-2024-11997-CH,2026-03-11,2026-03-18,First Class,CUST-17738,United States,Philadelphia,Pennsylvania,19143,Chocolate,Atlantic,PROD-3776,Wonka Bar -Scrumdiddlyumptious,106.54,14,44.940000000000005,61.6,7,42.18134034165572,3.2100000000000004,4.4,7.61,Lot's O' Nuts,32.881893,-111.768036
1998,US-2024-11998-CH,2024-10-05,2024-10-07,Standard Class,CUST-13513,United States,Athens,Georgia,30605,Sugar,Gulf,PROD-9885,Fun Dip,23.2,5,10.319999999999999,12.88,2,44.48275862068965,2.0639999999999996,2.576,4.64,Sugar Shack,48.11914,-96.18115
1999,US-2024-11999-CH,2024-03-09,2024-03-14,Standard Class,CUST-19644,United States,Seattle,Washington,98101,Sugar,Pacific,PROD-6629,SweeTARTS,19.8,2,7.190000000000001,12.61,5,36.31313131313132,3.5950000000000006,6.305,9.9,Sugar Shack,48.11914,-96.18115
2000,US-2024-12000-CH,2025-09-19,2025-09-21,Standard Class,CUST-16171,United States,Los Angeles,California,90049,Sugar,Pacific,PROD-2533,Laffy Taffy,87.12,12,25.950000000000003,61.17,2,29.786501377410467,2.1625,5.0975,7.260000000000001,Sugar Shack,48.11914,-96.18115
2001,US-2024-12001-CH,2026-06-01,2026-06-04,Standard Class,CUST-10560,United States,Philadelphia,Pennsylvania,19143,Sugar,Atlantic,PROD-5646,Nerds,28.4,5,7.109999999999999,21.29,3,25.035211267605632,1.422,4.258,5.68,Sugar Shack,48.11914,-96.18115
2002,US-2024-12002-CH,2025-10-27,2025-10-30,First Class,CUST-16497,United States,Athens,Georgia,30605,Chocolate,Gulf,PROD-0874,Wonka Bar - Milk Chocolate,295.92,27,140.33,155.59,3,47.42160043254934,5.1974074074074075,5.7625925925925925,10.96,Wicked Choccy's,32.076176,-81.088371
2003,US-2024-12003-CH,2024-04-28,2024-05-01,Standard Class,CUST-15625,United States,Henderson,Kentucky,42420,Chocolate,Gulf,PROD-3893,Wonka Bar - Fudge Mallows,339.29,37,172.58,166.71,3,50.865041704736356,4.664324324324324,4.5056756756756755,9.17,Lot's O' Nuts,32.881893,-111.768036
2004,US-2024-12004-CH,2025-05-10,2025-05-15,Standard Class,CUST-19956,United States,Philadelphia,Pennsylvania,19143,Chocolate,Atlantic,PROD-3776,Wonka Bar -Scrumdiddlyumptious,94.56,16,43.27,51.29,5,45.7593062605753,2.704375,3.205625,5.91,Lot's O' Nuts,32.881893,-111.768036
2005,US-2024-12005-CH,2025-05-13,2025-05-17,First Class,CUST-18848,United States,Seattle,Washington,98101,Chocolate,Pacific,PROD-3776,Wonka Bar -Scrumdiddlyumptious,95.92,22,49.6,46.32,4,51.70975813177648,2.2545454545454544,2.1054545454545455,4.36,Lot's O' Nuts,32.881893,-111.768036
2006,US-2024-12006-CH,2026-03-19,2026-03-24,Standard Class,CUST-18939,United States,Chicago,Illinois,60601,Chocolate,Interior,PROD-7514,Wonka Bar - Triple Dazzle Caramel,93.6,18,50.91,42.69,5,54.391025641025635,2.828333333333333,2.3716666666666666,5.199999999999999,Wicked Choccy's,32.076176,-81.088371
2007,US-2024-12007-CH,2025-08-05,2025-08-08,Standard Class,CUST-13603,United States,New York,New York,10001,Chocolate,Atlantic,PROD-3893,Wonka Bar - Fudge Mallows,104.4,24,52.61000000000001,51.79,3,50.39272030651342,2.1920833333333336,2.1579166666666665,4.3500000000000005,Lot's O' Nuts,32.881893,-111.768036
2008,US-2024-12008-CH,2025-01-30,2025-02-01,Standard Class,CUST-13575,United States,Atlanta,Georgia,30301,Chocolate,Gulf,PROD-0874,Wonka Bar - Milk Chocolate,114.4,26,62.330000000000005,52.07,2,54.48426573426573,2.3973076923076926,2.0026923076923078,4.4,Wicked Choccy's,32.076176,-81.088371
2009,US-2024-12009-CH,2024-08-07,2024-08-12,Second Class,CUST-13596,United States,Atlanta,Georgia,30301,Other,Gulf,PROD-9359,Fizzy Lifting Drinks,149.37,13,24.16000000000001,125.21,5,16.17459998661044,1.8584615384615393,9.631538461538462,11.49,Sugar Shack,48.11914,-96.18115
2010,US-2024-12010-CH,2024-12-17,2024-12-19,Standard Class,CUST-11419,United States,New York,New York,10001,Sugar,Atlantic,PROD-5646,Nerds,96.05,17,31.61999999999999,64.43,2,32.920353982300874,1.8599999999999994,3.7900000000000005,5.6499999999999995,Sugar Shack,48.11914,-96.18115
2011,US-2024-12011-CH,2025-09-03,2025-09-05,Standard Class,CUST-18165,United States,Naperville,Illinois,60540,Sugar,Interior,PROD-0725,Hair Toffee,113.98,41,19.72,94.26,2,17.301280926478327,0.48097560975609754,2.2990243902439027,2.7800000000000002,The Other Factory,35.1175,-89.971107
2012,US-2024-12012-CH,2025-05-14,2025-05-16,Second Class,CUST-18800,United States,Henderson,Kentucky,42420,Other,Gulf,PROD-9415,Wonka Gum,207.09,27,59.0,148.09,2,28.49002849002849,2.185185185185185,5.484814814814815,7.67,Secret Factory,41.446333,-90.565487
2013,US-2024-12013-CH,2024-11-15,2024-11-18,Standard Class,CUST-10519,United States,New York,New York,10001,Chocolate,Atlantic,PROD-7514,Wonka Bar - Triple Dazzle Caramel,124.6,14,68.17999999999999,56.42,3,54.71910112359551,4.869999999999999,4.03,8.9,Wicked Choccy's,32.076176,-81.088371
2014,US-2024-12014-CH,2024-10-03,2024-10-05,Standard Class,CUST-14053,United States,Athens,Georgia,30605,Sugar,Gulf,PROD-6629,SweeTARTS,75.35,11,20.75999999999999,54.59,2,27.551426675514257,1.8872727272727265,4.962727272727273,6.85,Sugar Shack,48.11914,-96.18115
2015,US-2024-12015-CH,2024-05-21,2024-05-24,First Class,CUST-15714,United States,Seattle,Washington,98101,Other,Pacific,PROD-0345,Lickable Wallpaper,121.66,14,19.450000000000003,102.21,3,15.987177379582446,1.3892857142857145,7.300714285714285,8.69,Secret Factory,41.446333,-90.565487
2016,US-2024-12016-CH,2025-05-13,2025-05-16,First Class,CUST-15408,United States,Athens,Georgia,30605,Sugar,Gulf,PROD-0725,Hair Toffee,23.22,2,6.529999999999998,16.69,3,28.122308354866487,3.264999999999999,8.345,11.61,The Other Factory,35.1175,-89.971107
2017,US-2024-12017-CH,2025-01-16,2025-01-20,Standard Class,CUST-15140,United States,Henderson,Kentucky,42420,Chocolate,Gulf,PROD-8572,Wonka Bar - Nutty Crunch Surprise,214.4,40,116.38000000000001,98.02,4,54.28171641791045,2.9095000000000004,2.4505,5.36,Lot's O' Nuts,32.881893,-111.768036
2018,US-2024-12018-CH,2025-01-24,2025-01-28,Standard Class,CUST-11403,United States,Henderson,Kentucky,42420,Other,Gulf,PROD-2646,Kazookles,334.08,32,84.20999999999998,249.87,4,25.206537356321835,2.6315624999999994,7.8084375,10.44,The Other Factory,35.1175,-89.971107
2019,US-2024-12019-CH,2026-06-06,2026-06-11,Standard Class,CUST-11602,United States,Los Angeles,California,90049,Sugar,Pacific,PROD-0725,Hair Toffee,239.83,29,33.48000000000002,206.35,5,13.95988825418005,1.1544827586206903,7.11551724137931,8.27,The Other Factory,35.1175,-89.971107
2020,US-2024-12020-CH,2025-03-02,2025-03-07,Standard Class,CUST-14159,United States,New York,New York,10001,Chocolate,Atlantic,PROD-7514,Wonka Bar - Triple Dazzle Caramel,252.0,21,131.86,120.14,5,52.32539682539683,6.27904761904762,5.720952380952381,12.0,Wicked Choccy's,32.076176,-81.088371
2021,US-2024-12021-CH,2026-03-06,2026-03-09,Standard Class,CUST-13261,United States,Atlanta,Georgia,30301,Other,Gulf,PROD-9415,Wonka Gum,148.26,14,28.209999999999994,120.05,3,19.02738432483475,2.0149999999999997,8.575,10.59,Secret Factory,41.446333,-90.565487
2022,US-2024-12022-CH,2024-01-21,2024-01-24,Standard Class,CUST-19631,United States,Naperville,Illinois,60540,Sugar,Interior,PROD-6629,SweeTARTS,187.86,31,75.55000000000001,112.31,3,40.21611838603216,2.4370967741935488,3.6229032258064517,6.0600000000000005,Sugar Shack,48.11914,-96.18115
2023,US-2024-12023-CH,2024-05-31,2024-06-04,Standard Class,CUST-16752,United States,Henderson,Kentucky,42420,Sugar,Gulf,PROD-2120,Everlasting Gobstopper,273.36,34,60.01000000000002,213.35,4,21.95273631840797,1.7650000000000006,6.2749999999999995,8.040000000000001,Secret Factory,41.446333,-90.565487
2024,US-2024-12024-CH,2025-11-08,2025-11-15,Second Class,CUST-14606,United States,New York,New York,10001,Other,Atlantic,PROD-9415,Wonka Gum,163.41,39,18.430000000000007,144.98,7,11.278379536136104,0.47256410256410275,3.717435897435897,4.1899999999999995,Secret Factory,41.446333,-90.565487
2025,US-2024-12025-CH,2024-01-16,2024-01-19,Standard Class,CUST-12906,United States,Naperville,Illinois,60540,Sugar,Interior,PROD-0725,Hair Toffee,247.9,37,70.82,177.08,3,28.567970956030653,1.9140540540540538,4.785945945945946,6.7,The Other Factory,35.1175,-89.971107
2026,US-2024-12026-CH,2025-11-27,2025-12-04,Standard Class,CUST-17310,United States,Naperville,Illinois,60540,Chocolate,Interior,PROD-3776,Wonka Bar -Scrumdiddlyumptious,280.16,34,181.45000000000005,98.71,7,64.76656196459167,5.336764705882354,2.9032352941176467,8.24,Lot's O' Nuts,32.881893,-111.768036
2027,US-2024-12027-CH,2026-05-14,2026-05-18,Second Class,CUST-18759,United States,Los Angeles,California,90049,Chocolate,Pacific,PROD-0874,Wonka Bar - Milk Chocolate,102.36,12,64.1,38.26,4,62.62211801484955,5.341666666666666,3.188333333333333,8.53,Wicked Choccy's,32.076176,-81.088371
2028,US-2024-12028-CH,2025-09-01,2025-09-05,Standard Class,CUST-16153,United States,New York,New York,10001,Other,Atlantic,PROD-0345,Lickable Wallpaper,53.62,7,1.1899999999999977,52.43,4,2.219321148825061,0.16999999999999968,7.49,7.659999999999999,Secret Factory,41.446333,-90.565487
2029,US-2024-12029-CH,2024-09-21,2024-09-24,Second Class,CUST-19850,United States,Henderson,Kentucky,42420,Sugar,Gulf,PROD-2120,Everlasting Gobstopper,34.68,12,11.43,23.25,3,32.95847750865052,0.9525,1.9375,2.89,Secret Factory,41.446333,-90.565487
2030,US-2024-12030-CH,2024-06-09,2024-06-14,Standard Class,CUST-14412,United States,Los Angeles,California,90049,Sugar,Pacific,PROD-2533,Laffy Taffy,151.6,20,38.50999999999999,113.09,5,25.40237467018469,1.9254999999999995,5.6545000000000005,7.58,Sugar Shack,48.11914,-96.18115
2031,US-2024-12031-CH,2024-10-17,2024-10-20,Second Class,CUST-11925,United States,Naperville,Illinois,60540,Chocolate,Interior,PROD-3776,Wonka Bar -Scrumdiddlyumptious,278.0,40,157.25,120.75,3,56.56474820143885,3.93125,3.01875,6.95,Lot's O' Nuts,32.881893,-111.768036
2032,US-2024-12032-CH,2026-01-24,2026-01-27,Standard Class,CUST-11602,United States,Athens,Georgia,30605,Sugar,Gulf,PROD-6629,SweeTARTS,449.32,47,127.82,321.5,3,28.4474316745304,2.7195744680851064,6.840425531914893,9.56,Sugar Shack,48.11914,-96.18115
2033,US-2024-12033-CH,2026-02-07,2026-02-09,Standard Class,CUST-12321,United States,Philadelphia,Pennsylvania,19143,Sugar,Atlantic,PROD-6629,SweeTARTS,153.66,39,41.239999999999995,112.42,2,26.83847455421059,1.0574358974358973,2.8825641025641024,3.94,Sugar Shack,48.11914,-96.18115
2034,US-2024-12034-CH,2024-06-08,2024-06-10,Standard Class,CUST-14694,United States,Atlanta,Georgia,30301,Sugar,Gulf,PROD-5646,Nerds,78.43,11,25.340000000000003,53.09,2,32.309065408644656,2.303636363636364,4.826363636363637,7.130000000000001,Sugar Shack,48.11914,-96.18115
2035,US-2024-12035-CH,2025-10-11,2025-10-14,Standard Class,CUST-12814,United States,Chicago,Illinois,60601,Chocolate,Interior,PROD-7514,Wonka Bar - Triple Dazzle Caramel,155.77,37,97.42000000000002,58.35,3,62.54092572382359,2.6329729729729734,1.577027027027027,4.21,Wicked Choccy's,32.076176,-81.088371
2036,US-2024-12036-CH,2025-04-16,2025-04-19,First Class,CUST-15061,United States,Los Angeles,California,90049,Sugar,Pacific,PROD-9885,Fun Dip,149.73,31,40.42999999999999,109.3,3,27.001936819608623,1.3041935483870966,3.5258064516129033,4.83,Sugar Shack,48.11914,-96.18115
2037,US-2024-12037-CH,2025-01-01,2025-01-04,Standard Class,CUST-19788,United States,Philadelphia,Pennsylvania,19143,Chocolate,Atlantic,PROD-3776,Wonka Bar -Scrumdiddlyumptious,205.68,24,105.77000000000001,99.91,3,51.42454297938546,4.4070833333333335,4.162916666666667,8.57,Lot's O' Nuts,32.881893,-111.768036
2038,US-2024-12038-CH,2025-07-29,2025-08-03,Standard Class,CUST-10025,United States,Henderson,Kentucky,42420,Sugar,Gulf,PROD-5646,Nerds,159.39,23,41.68999999999998,117.7,5,26.155969634230498,1.8126086956521732,5.1173913043478265,6.93,Sugar Shack,48.11914,-96.18115
2039,US-2024-12039-CH,2025-01-21,2025-01-24,Standard Class,CUST-19077,United States,Atlanta,Georgia,30301,Sugar,Gulf,PROD-6629,SweeTARTS,203.29,29,73.51999999999998,129.77,3,36.165084362241124,2.5351724137931027,4.474827586206897,7.01,Sugar Shack,48.11914,-96.18115
2040,US-2024-12040-CH,2026-04-14,2026-04-17,Second Class,CUST-14980,United States,New York,New York,10001,Chocolate,Atlantic,PROD-3893,Wonka Bar - Fudge Mallows,159.6,35,96.84,62.76,3,60.676691729323316,2.766857142857143,1.7931428571428571,4.56,Lot's O' Nuts,32.881893,-111.768036
2041,US-2024-12041-CH,2024-11-28,2024-12-01,Standard Class,CUST-17859,United States,Henderson,Kentucky,42420,Sugar,Gulf,PROD-9885,Fun Dip,88.56,12,32.940000000000005,55.62,3,37.19512195121952,2.7450000000000006,4.635,7.38,Sugar Shack,48.11914,-96.18115
2042,US-2024-12042-CH,2025-06-30,2025-07-03,Same Day,CUST-15857,United States,Atlanta,Georgia,30301,Chocolate,Gulf,PROD-3893,Wonka Bar - Fudge Mallows,195.5,34,91.23,104.27,3,46.66496163682864,2.6832352941176474,3.0667647058823526,5.75,Lot's O' Nuts,32.881893,-111.768036
2043,US-2024-12043-CH,2024-04-15,2024-04-19,First Class,CUST-12529,United States,Houston,Texas,77095,Sugar,Gulf,PROD-5646,Nerds,139.26,22,43.639999999999986,95.62,4,31.337067356024694,1.983636363636363,4.346363636363637,6.329999999999999,Sugar Shack,48.11914,-96.18115
2044,US-2024-12044-CH,2026-04-25,2026-04-28,Standard Class,CUST-19497,United States,New York,New York,10001,Other,Atlantic,PROD-0345,Lickable Wallpaper,253.12,28,0.5500000000000114,252.57,3,0.21728824273072508,0.01964285714285755,9.020357142857142,9.040000000000001,Secret Factory,41.446333,-90.565487
2045,US-2024-12045-CH,2025-08-04,2025-08-07,Standard Class,CUST-16062,United States,Henderson,Kentucky,42420,Other,Gulf,PROD-2646,Kazookles,497.51,43,75.99000000000001,421.52,3,15.274064842917731,1.7672093023255817,9.802790697674418,11.57,The Other Factory,35.1175,-89.971107
2046,US-2024-12046-CH,2026-02-23,2026-02-27,Standard Class,CUST-19292,United States,New York,New York,10001,Other,Atlantic,PROD-9415,Wonka Gum,350.7,30,94.81,255.89,4,27.034502423723982,3.1603333333333334,8.529666666666666,11.69,Secret Factory,41.446333,-90.565487
2047,US-2024-12047-CH,2026-05-16,2026-05-18,Standard Class,CUST-13314,United States,Philadelphia,Pennsylvania,19143,Chocolate,Atlantic,PROD-3893,Wonka Bar - Fudge Mallows,85.26,14,52.63,32.63,2,61.72882946281961,3.7592857142857143,2.330714285714286,6.090000000000001,Lot's O' Nuts,32.881893,-111.768036
2048,US-2024-12048-CH,2024-11-19,2024-11-23,Standard Class,CUST-19092,United States,Athens,Georgia,30605,Sugar,Gulf,PROD-9885,Fun Dip,90.4,8,24.13000000000001,66.27,4,26.692477876106203,3.016250000000001,8.28375,11.3,Sugar Shack,48.11914,-96.18115
2049,US-2024-12049-CH,2026-03-14,2026-03-17,Standard Class,CUST-11768,United States,Chicago,Illinois,60601,Other,Interior,PROD-2646,Kazookles,108.42,26,31.840000000000003,76.58,3,29.36727541044088,1.2246153846153847,2.9453846153846155,4.17,The Other Factory,35.1175,-89.971107
2050,US-2024-12050-CH,2025-08-14,2025-08-17,Same Day,CUST-11405,United States,Philadelphia,Pennsylvania,19143,Chocolate,Atlantic,PROD-8572,Wonka Bar - Nutty Crunch Surprise,86.07,19,46.29999999999999,39.77,3,53.79342395724409,2.4368421052631573,2.093157894736842,4.529999999999999,Lot's O' Nuts,32.881893,-111.768036
2051,US-2024-12051-CH,2024-04-20,2024-04-23,Standard Class,CUST-13670,United States,Naperville,Illinois,60540,Sugar,Interior,PROD-0725,Hair Toffee,285.22,26,68.66000000000003,216.56,3,24.072645677021253,2.640769230769232,8.329230769230769,10.97,The Other Factory,35.1175,-89.971107
2052,US-2024-12052-CH,2025-11-24,2025-11-27,Standard Class,CUST-10360,United States,Los Angeles,California,90049,Sugar,Pacific,PROD-2533,Laffy Taffy,254.8,40,75.32000000000002,179.48,3,29.560439560439566,1.8830000000000005,4.487,6.37,Sugar Shack,48.11914,-96.18115
2053,US-2024-12053-CH,2026-05-02,2026-05-04,Standard Class,CUST-16026,United States,Chicago,Illinois,60601,Sugar,Interior,PROD-9885,Fun Dip,86.84,26,37.480000000000004,49.36,2,43.15983417779825,1.4415384615384617,1.8984615384615384,3.3400000000000003,Sugar Shack,48.11914,-96.18115
2054,US-2024-12054-CH,2025-07-18,2025-07-23,Standard Class,CUST-19497,United States,Atlanta,Georgia,30301,Chocolate,Gulf,PROD-8572,Wonka Bar - Nutty Crunch Surprise,181.56,17,77.05,104.51,5,42.43776162150253,4.5323529411764705,6.14764705882353,10.68,Lot's O' Nuts,32.881893,-111.768036
2055,US-2024-12055-CH,2026-04-26,2026-05-03,Standard Class,CUST-11749,United States,Seattle,Washington,98101,Chocolate,Pacific,PROD-0874,Wonka Bar - Milk Chocolate,69.12,27,28.470000000000006,40.65,7,41.189236111111114,1.0544444444444447,1.5055555555555555,2.56,Wicked Choccy's,32.076176,-81.088371
2056,US-2024-12056-CH,2025-01-09,2025-01-11,Same Day,CUST-18199,United States,Houston,Texas,77095,Other,Gulf,PROD-0345,Lickable Wallpaper,256.08,33,10.109999999999985,245.97,2,3.9479850046860303,0.3063636363636359,7.453636363636363,7.76,Secret Factory,41.446333,-90.565487
2057,US-2024-12057-CH,2024-02-11,2024-02-18,Same Day,CUST-19989,United States,Houston,Texas,77095,Other,Gulf,PROD-9359,Fizzy Lifting Drinks,46.69,7,-2.1500000000000057,48.84,7,-4.604840436924407,-0.30714285714285794,6.977142857142858,6.67,Sugar Shack,48.11914,-96.18115
2058,US-2024-12058-CH,2025-04-07,2025-04-11,Standard Class,CUST-19680,United States,New York,New York,10001,Sugar,Atlantic,PROD-2120,Everlasting Gobstopper,172.0,40,51.94,120.06,4,30.19767441860465,1.2985,3.0015,4.3,Secret Factory,41.446333,-90.565487
2059,US-2024-12059-CH,2024-01-16,2024-01-19,Same Day,CUST-10353,United States,Athens,Georgia,30605,Sugar,Gulf,PROD-2120,Everlasting Gobstopper,132.24,24,33.41000000000001,98.83,3,25.264670296430737,1.3920833333333338,4.117916666666667,5.510000000000001,Secret Factory,41.446333,-90.565487
2060,US-2024-12060-CH,2024-10-08,2024-10-12,First Class,CUST-13754,United States,Philadelphia,Pennsylvania,19143,Sugar,Atlantic,PROD-2120,Everlasting Gobstopper,347.52,48,91.53999999999999,255.98,4,26.340930018416202,1.9070833333333332,5.332916666666667,7.239999999999999,Secret Factory,41.446333,-90.565487
2061,US-2024-12061-CH,2024-12-23,2024-12-25,Standard Class,CUST-10663,United States,Houston,Texas,77095,Sugar,Gulf,PROD-0725,Hair Toffee,416.52,36,137.10999999999996,279.41,2,32.91798713147027,3.80861111111111,7.76138888888889,11.57,The Other Factory,35.1175,-89.971107
2062,US-2024-12062-CH,2024-06-04,2024-06-06,First Class,CUST-17006,United States,New York,New York,10001,Sugar,Atlantic,PROD-2533,Laffy Taffy,217.56,37,96.33,121.23,2,44.277440706012136,2.6035135135135135,3.2764864864864864,5.88,Sugar Shack,48.11914,-96.18115
2063,US-2024-12063-CH,2024-07-04,2024-07-06,Same Day,CUST-15909,United States,New York,New York,10001,Other,Atlantic,PROD-0345,Lickable Wallpaper,12.64,2,0.7599999999999998,11.88,2,6.0126582278481,0.3799999999999999,5.94,6.32,Secret Factory,41.446333,-90.565487
2064,US-2024-12064-CH,2025-07-30,2025-08-03,Standard Class,CUST-13996,United States,Athens,Georgia,30605,Sugar,Gulf,PROD-2533,Laffy Taffy,159.36,16,68.54000000000002,90.82,4,43.009538152610446,4.283750000000001,5.67625,9.96,Sugar Shack,48.11914,-96.18115
2065,US-2024-12065-CH,2025-02-03,2025-02-07,Standard Class,CUST-18431,United States,Seattle,Washington,98101,Other,Pacific,PROD-2646,Kazookles,257.46,42,67.82999999999998,189.63,4,26.345840130505703,1.6149999999999995,4.515,6.13,The Other Factory,35.1175,-89.971107
2066,US-2024-12066-CH,2024-02-17,2024-02-20,Standard Class,CUST-11897,United States,Atlanta,Georgia,30301,Chocolate,Gulf,PROD-3893,Wonka Bar - Fudge Mallows,202.98,17,116.64999999999999,86.33,3,57.46871612966795,6.8617647058823525,5.078235294117647,11.94,Lot's O' Nuts,32.881893,-111.768036
2067,US-2024-12067-CH,2025-09-16,2025-09-20,Standard Class,CUST-17686,United States,Athens,Georgia,30605,Chocolate,Gulf,PROD-8572,Wonka Bar - Nutty Crunch Surprise,122.46,26,72.16999999999999,50.29,4,58.93352931569491,2.7757692307692303,1.9342307692307692,4.71,Lot's O' Nuts,32.881893,-111.768036
2068,US-2024-12068-CH,2026-02-16,2026-02-18,Standard Class,CUST-10101,United States,Athens,Georgia,30605,Chocolate,Gulf,PROD-8572,Wonka Bar - Nutty Crunch Surprise,349.12,32,225.27,123.85,2,64.52509165902842,7.0396875,3.8703125,10.91,Lot's O' Nuts,32.881893,-111.768036
2069,US-2024-12069-CH,2025-05-12,2025-05-15,First Class,CUST-12053,United States,Seattle,Washington,98101,Sugar,Pacific,PROD-9885,Fun Dip,299.95,35,86.42999999999998,213.52,3,28.81480246707784,2.469428571428571,6.1005714285714285,8.57,Sugar Shack,48.11914,-96.18115
2070,US-2024-12070-CH,2026-01-11,2026-01-15,Standard Class,CUST-13239,United States,Philadelphia,Pennsylvania,19143,Other,Atlantic,PROD-9415,Wonka Gum,85.85,17,18.659999999999997,67.19,4,21.735585323238205,1.0976470588235292,3.9523529411764704,5.05,Secret Factory,41.446333,-90.565487
2071,US-2024-12071-CH,2025-11-05,2025-11-08,Standard Class,CUST-15831,United States,Naperville,Illinois,60540,Other,Interior,PROD-9359,Fizzy Lifting Drinks,401.62,43,56.94,344.68,3,14.177580797769036,1.3241860465116277,8.015813953488372,9.34,Sugar Shack,48.11914,-96.18115
2072,US-2024-12072-CH,2024-05-26,2024-05-30,Standard Class,CUST-16807,United States,Houston,Texas,77095,Other,Gulf,PROD-9359,Fizzy Lifting Drinks,6.5,2,0.6799999999999997,5.82,4,10.461538461538456,0.33999999999999986,2.91,3.25,Sugar Shack,48.11914,-96.18115
2073,US-2024-12073-CH,2024-02-07,2024-02-10,First Class,CUST-12039,United States,Naperville,Illinois,60540,Other,Interior,PROD-9415,Wonka Gum,150.72,24,27.099999999999994,123.62,3,17.98036093418259,1.1291666666666664,5.150833333333334,6.28,Secret Factory,41.446333,-90.565487
2074,US-2024-12074-CH,2026-02-05,2026-02-07,Second Class,CUST-19028,United States,Seattle,Washington,98101,Chocolate,Pacific,PROD-0874,Wonka Bar - Milk Chocolate,93.15,9,43.42000000000001,49.73,2,46.61298980139561,4.824444444444445,5.525555555555555,10.350000000000001,Wicked Choccy's,32.076176,-81.088371
2075,US-2024-12075-CH,2025-09-07,2025-09-09,First Class,CUST-13983,United States,Houston,Texas,77095,Other,Gulf,PROD-9415,Wonka Gum,190.19,19,32.34,157.85,2,17.004048582995953,1.702105263157895,8.307894736842105,10.01,Secret Factory,41.446333,-90.565487
2076,US-2024-12076-CH,2025-10-11,2025-10-14,Second Class,CUST-10975,United States,New York,New York,10001,Sugar,Atlantic,PROD-9885,Fun Dip,18.28,4,7.100000000000001,11.18,3,38.8402625820569,1.7750000000000004,2.795,4.57,Sugar Shack,48.11914,-96.18115
2077,US-2024-12077-CH,2025-01-13,2025-01-18,Second Class,CUST-10695,United States,Naperville,Illinois,60540,Sugar,Interior,PROD-9885,Fun Dip,36.53,13,11.86,24.67,5,32.46646591842321,0.9123076923076923,1.8976923076923078,2.81,Sugar Shack,48.11914,-96.18115
2078,US-2024-12078-CH,2026-03-18,2026-03-23,Standard Class,CUST-13477,United States,Henderson,Kentucky,42420,Other,Gulf,PROD-0345,Lickable Wallpaper,250.56,48,0.9000000000000057,249.66,5,0.35919540229885283,0.018750000000000117,5.20125,5.22,Secret Factory,41.446333,-90.565487
2079,US-2024-12079-CH,2024-11-18,2024-11-20,Standard Class,CUST-10185,United States,Chicago,Illinois,60601,Sugar,Interior,PROD-2120,Everlasting Gobstopper,120.6,12,31.739999999999995,88.86,2,26.318407960199004,2.6449999999999996,7.405,10.049999999999999,Secret Factory,41.446333,-90.565487
2080,US-2024-12080-CH,2025-10-01,2025-10-04,Standard Class,CUST-13165,United States,Atlanta,Georgia,30301,Sugar,Gulf,PROD-6629,SweeTARTS,147.2,40,38.26999999999998,108.93,3,25.998641304347814,0.9567499999999995,2.72325,3.6799999999999997,Sugar Shack,48.11914,-96.18115
2081,US-2024-12081-CH,2024-12-04,2024-12-07,Standard Class,CUST-11329,United States,Los Angeles,California,90049,Sugar,Pacific,PROD-5646,Nerds,100.96,16,34.989999999999995,65.97,3,34.657290015847856,2.1868749999999997,4.123125,6.31,Sugar Shack,48.11914,-96.18115
2082,US-2024-12082-CH,2025-09-19,2025-09-23,First Class,CUST-16210,United States,Chicago,Illinois,60601,Other,Interior,PROD-9415,Wonka Gum,41.99,13,11.170000000000002,30.82,4,26.6015718028102,0.8592307692307694,2.370769230769231,3.23,Secret Factory,41.446333,-90.565487
2083,US-2024-12083-CH,2024-11-28,2024-12-02,Standard Class,CUST-10690,United States,Chicago,Illinois,60601,Sugar,Interior,PROD-2533,Laffy Taffy,261.24,42,84.4,176.84,4,32.30745674475578,2.0095238095238095,4.21047619047619,6.220000000000001,Sugar Shack,48.11914,-96.18115
2084,US-2024-12084-CH,2024-12-31,2025-01-05,First Class,CUST-15758,United States,Seattle,Washington,98101,Sugar,Pacific,PROD-5646,Nerds,120.15,15,46.7,73.45,5,38.86808156471078,3.1133333333333337,4.8966666666666665,8.01,Sugar Shack,48.11914,-96.18115
2085,US-2024-12085-CH,2025-01-08,2025-01-15,Standard Class,CUST-16409,United States,Philadelphia,Pennsylvania,19143,Sugar,Atlantic,PROD-9885,Fun Dip,26.64,4,8.57,18.07,7,32.16966966966967,2.1425,4.5175,6.66,Sugar Shack,48.11914,-96.18115
2086,US-2024-12086-CH,2024-07-04,2024-07-07,Standard Class,CUST-10553,United States,New York,New York,10001,Sugar,Atlantic,PROD-5646,Nerds,77.0,7,22.810000000000002,54.19,3,29.623376623376625,3.258571428571429,7.741428571428571,11.0,Sugar Shack,48.11914,-96.18115
2087,US-2024-12087-CH,2026-02-26,2026-02-28,Second Class,CUST-19740,United States,Athens,Georgia,30605,Other,Gulf,PROD-0345,Lickable Wallpaper,12.16,2,1.9299999999999997,10.23,2,15.871710526315788,0.9649999999999999,5.115,6.08,Secret Factory,41.446333,-90.565487
2088,US-2024-12088-CH,2026-05-12,2026-05-16,Standard Class,CUST-17717,United States,Chicago,Illinois,60601,Other,Interior,PROD-9359,Fizzy Lifting Drinks,200.52,18,26.450000000000017,174.07,4,13.190704169160192,1.4694444444444454,9.670555555555556,11.14,Sugar Shack,48.11914,-96.18115
2089,US-2024-12089-CH,2025-03-13,2025-03-15,Standard Class,CUST-10561,United States,Atlanta,Georgia,30301,Sugar,Gulf,PROD-0725,Hair Toffee,53.83,7,18.22,35.61,2,33.847297046256735,2.6028571428571428,5.087142857142857,7.6899999999999995,The Other Factory,35.1175,-89.971107
2090,US-2024-12090-CH,2024-09-05,2024-09-07,Standard Class,CUST-16974,United States,Seattle,Washington,98101,Sugar,Pacific,PROD-5646,Nerds,7.71,3,2.21,5.5,2,28.664072632944226,0.7366666666666667,1.8333333333333333,2.57,Sugar Shack,48.11914,-96.18115
2091,US-2024-12091-CH,2024-05-10,2024-05-13,Second Class,CUST-13948,United States,Houston,Texas,77095,Sugar,Gulf,PROD-5646,Nerds,59.0,10,23.619999999999997,35.38,3,40.03389830508474,2.3619999999999997,3.5380000000000003,5.9,Sugar Shack,48.11914,-96.18115
2092,US-2024-12092-CH,2026-01-18,2026-01-23,Standard Class,CUST-12416,United States,Henderson,Kentucky,42420,Sugar,Gulf,PROD-5646,Nerds,85.14,18,22.53,62.61,5,26.462297392529955,1.2516666666666667,3.4783333333333335,4.73,Sugar Shack,48.11914,-96.18115
2093,US-2024-12093-CH,2025-02-05,2025-02-08,Standard Class,CUST-17222,United States,Los Angeles,California,90049,Other,Pacific,PROD-0345,Lickable Wallpaper,169.2,24,-1.2199999999999989,170.42,3,-0.7210401891252949,-0.050833333333333286,7.100833333333333,7.05,Secret Factory,41.446333,-90.565487
2094,US-2024-12094-CH,2024-09-24,2024-09-27,First Class,CUST-10892,United States,Seattle,Washington,98101,Sugar,Pacific,PROD-9885,Fun Dip,293.28,39,90.24999999999997,203.03,3,30.772640480087283,2.3141025641025634,5.205897435897436,7.52,Sugar Shack,48.11914,-96.18115
2095,US-2024-12095-CH,2026-01-14,2026-01-21,Second Class,CUST-19012,United States,Seattle,Washington,98101,Chocolate,Pacific,PROD-3893,Wonka Bar - Fudge Mallows,12.32,4,7.71,4.61,7,62.58116883116883,1.9275,1.1525,3.08,Lot's O' Nuts,32.881893,-111.768036
2096,US-2024-12096-CH,2025-07-28,2025-07-31,Second Class,CUST-19764,United States,Philadelphia,Pennsylvania,19143,Sugar,Atlantic,PROD-0725,Hair Toffee,244.03,23,81.15,162.88,3,33.25410810146294,3.5282608695652176,7.081739130434783,10.61,The Other Factory,35.1175,-89.971107
2097,US-2024-12097-CH,2025-03-23,2025-03-30,Same Day,CUST-19261,United States,Philadelphia,Pennsylvania,19143,Sugar,Atlantic,PROD-2120,Everlasting Gobstopper,284.53,37,93.88999999999999,190.64,7,32.998277861736895,2.5375675675675673,5.152432432432432,7.6899999999999995,Secret Factory,41.446333,-90.565487
2098,US-2024-12098-CH,2025-06-23,2025-06-27,Standard Class,CUST-19665,United States,Athens,Georgia,30605,Sugar,Gulf,PROD-5646,Nerds,17.74,2,6.719999999999999,11.02,4,37.88049605411499,3.3599999999999994,5.51,8.87,Sugar Shack,48.11914,-96.18115
2099,US-2024-12099-CH,2024-11-21,2024-11-24,Standard Class,CUST-18746,United States,Atlanta,Georgia,30301,Sugar,Gulf,PROD-5646,Nerds,117.98,34,30.97,87.01,3,26.250211900322086,0.9108823529411765,2.5591176470588235,3.47,Sugar Shack,48.11914,-96.18115
2100,US-2024-12100-CH,2026-04-15,2026-04-19,Standard Class,CUST-12036,United States,New York,New York,10001,Other,Atlantic,PROD-0345,Lickable Wallpaper,88.96,8,6.339999999999989,82.62,4,7.126798561151068,0.7924999999999986,10.3275,11.12,Secret Factory,41.446333,-90.565487
2101,US-2024-12101-CH,2025-07-19,2025-07-22,Standard Class,CUST-18863,United States,Seattle,Washington,98101,Sugar,Pacific,PROD-6629,SweeTARTS,81.29,11,25.550000000000004,55.74,3,31.430680280477308,2.322727272727273,5.067272727272727,7.390000000000001,Sugar Shack,48.11914,-96.18115
2102,US-2024-12102-CH,2025-07-02,2025-07-05,Standard Class,CUST-14872,United States,Los Angeles,California,90049,Sugar,Pacific,PROD-6629,SweeTARTS,57.26,14,20.909999999999997,36.35,3,36.51763884037722,1.4935714285714283,2.5964285714285715,4.09,Sugar Shack,48.11914,-96.18115
2103,US-2024-12103-CH,2026-03-20,2026-03-27,Standard Class,CUST-19635,United States,Philadelphia,Pennsylvania,19143,Sugar,Atlantic,PROD-0725,Hair Toffee,151.64,34,36.04999999999998,115.59,7,23.773410709575302,1.0602941176470584,3.3997058823529414,4.46,The Other Factory,35.1175,-89.971107
2104,US-2024-12104-CH,2024-12-19,2024-12-22,Standard Class,CUST-10909,United States,Henderson,Kentucky,42420,Chocolate,Gulf,PROD-8572,Wonka Bar - Nutty Crunch Surprise,47.16,18,26.039999999999996,21.12,3,55.216284987277355,1.4466666666666663,1.1733333333333333,2.6199999999999997,Lot's O' Nuts,32.881893,-111.768036
2105,US-2024-12105-CH,2025-10-03,2025-10-06,Second Class,CUST-11537,United States,Seattle,Washington,98101,Sugar,Pacific,PROD-9885,Fun Dip,164.12,44,68.7,95.42,3,41.85961491591518,1.5613636363636365,2.1686363636363635,3.73,Sugar Shack,48.11914,-96.18115
2106,US-2024-12106-CH,2024-05-17,2024-05-19,Standard Class,CUST-11975,United States,Houston,Texas,77095,Other,Gulf,PROD-9359,Fizzy Lifting Drinks,171.87,17,1.8700000000000045,170.0,2,1.088031651829874,0.11000000000000026,10.0,10.11,Sugar Shack,48.11914,-96.18115
2107,US-2024-12107-CH,2025-02-26,2025-03-05,Standard Class,CUST-19562,United States,Seattle,Washington,98101,Chocolate,Pacific,PROD-3893,Wonka Bar - Fudge Mallows,228.15,39,140.98000000000002,87.17,7,61.79268025421872,3.6148717948717954,2.235128205128205,5.8500000000000005,Lot's O' Nuts,32.881893,-111.768036
2108,US-2024-12108-CH,2025-12-14,2025-12-17,Second Class,CUST-10111,United States,Chicago,Illinois,60601,Chocolate,Interior,PROD-7514,Wonka Bar - Triple Dazzle Caramel,304.5,29,183.12,121.38,3,60.13793103448276,6.31448275862069,4.18551724137931,10.5,Wicked Choccy's,32.076176,-81.088371
2109,US-2024-12109-CH,2026-05-26,2026-05-30,Standard Class,CUST-10036,United States,Atlanta,Georgia,30301,Chocolate,Gulf,PROD-0874,Wonka Bar - Milk Chocolate,137.67,39,69.80999999999999,67.86,4,50.70821529745042,1.7899999999999996,1.74,3.53,Wicked Choccy's,32.076176,-81.088371
2110,US-2024-12110-CH,2024-09-26,2024-10-01,Standard Class,CUST-11526,United States,Henderson,Kentucky,42420,Chocolate,Gulf,PROD-3776,Wonka Bar -Scrumdiddlyumptious,315.24,37,139.14000000000001,176.1,5,44.137799771602594,3.760540540540541,4.7594594594594595,8.52,Lot's O' Nuts,32.881893,-111.768036
2111,US-2024-12111-CH,2025-02-28,2025-03-03,Second Class,CUST-18756,United States,Athens,Georgia,30605,Sugar,Gulf,PROD-0725,Hair Toffee,383.04,48,96.0,287.04,3,25.062656641604008,2.0,5.98,7.98,The Other Factory,35.1175,-89.971107
2112,US-2024-12112-CH,2026-05-16,2026-05-18,Second Class,CUST-13962,United States,Seattle,Washington,98101,Sugar,Pacific,PROD-0725,Hair Toffee,19.7,2,3.1499999999999986,16.55,2,15.989847715736033,1.5749999999999993,8.275,9.85,The Other Factory,35.1175,-89.971107
2113,US-2024-12113-CH,2026-01-28,2026-02-04,Standard Class,CUST-11591,United States,Henderson,Kentucky,42420,Sugar,Gulf,PROD-9885,Fun Dip,177.9,30,61.620000000000005,116.28,7,34.637436762225974,2.0540000000000003,3.876,5.930000000000001,Sugar Shack,48.11914,-96.18115
2114,US-2024-12114-CH,2025-11-18,2025-11-23,Second Class,CUST-15690,United States,Seattle,Washington,98101,Chocolate,Pacific,PROD-3893,Wonka Bar - Fudge Mallows,245.44,32,100.15,145.29,5,40.80426988265972,3.1296875,4.5403125,7.67,Lot's O' Nuts,32.881893,-111.768036
2115,US-2024-12115-CH,2024-08-31,2024-09-04,Same Day,CUST-11927,United States,Houston,Texas,77095,Other,Gulf,PROD-9359,Fizzy Lifting Drinks,135.18,18,4.8799999999999955,130.3,4,3.6100014795087993,0.27111111111111086,7.23888888888889,7.510000000000001,Sugar Shack,48.11914,-96.18115
2116,US-2024-12116-CH,2024-09-22,2024-09-25,Standard Class,CUST-19541,United States,Philadelphia,Pennsylvania,19143,Sugar,Atlantic,PROD-9885,Fun Dip,216.09,49,79.53999999999999,136.55,3,36.808737100282286,1.623265306122449,2.7867346938775515,4.41,Sugar Shack,48.11914,-96.18115
2117,US-2024-12117-CH,2026-01-29,2026-02-01,Standard Class,CUST-12519,United States,Houston,Texas,77095,Sugar,Gulf,PROD-6629,SweeTARTS,277.92,36,113.08000000000001,164.84,3,40.68796776050662,3.1411111111111114,4.578888888888889,7.720000000000001,Sugar Shack,48.11914,-96.18115
2118,US-2024-12118-CH,2025-06-06,2025-06-09,Second Class,CUST-10744,United States,Atlanta,Georgia,30301,Sugar,Gulf,PROD-2533,Laffy Taffy,519.4,49,203.34999999999997,316.05,3,39.15094339622641,4.1499999999999995,6.45,10.6,Sugar Shack,48.11914,-96.18115
2119,US-2024-12119-CH,2025-02-21,2025-02-23,Standard Class,CUST-15973,United States,Houston,Texas,77095,Chocolate,Gulf,PROD-7514,Wonka Bar - Triple Dazzle Caramel,220.99,49,112.29,108.7,2,50.81225394814245,2.2916326530612245,2.2183673469387757,4.51,Wicked Choccy's,32.076176,-81.088371
2120,US-2024-12120-CH,2024-07-15,2024-07-18,Standard Class,CUST-16716,United States,Los Angeles,California,90049,Chocolate,Pacific,PROD-3776,Wonka Bar -Scrumdiddlyumptious,165.12,48,101.34,63.78,3,61.37354651162791,2.11125,1.32875,3.44,Lot's O' Nuts,32.881893,-111.768036
2121,US-2024-12121-CH,2025-06-15,2025-06-18,Standard Class,CUST-15502,United States,Philadelphia,Pennsylvania,19143,Chocolate,Atlantic,PROD-8572,Wonka Bar - Nutty Crunch Surprise,315.35,35,181.88000000000002,133.47,3,57.675598541303316,5.1965714285714295,3.8134285714285716,9.01,Lot's O' Nuts,32.881893,-111.768036
2122,US-2024-12122-CH,2024-03-11,2024-03-14,Standard Class,CUST-10393,United States,Seattle,Washington,98101,Sugar,Pacific,PROD-9885,Fun Dip,143.28,18,37.21000000000001,106.07,3,25.97012841987717,2.0672222222222225,5.892777777777777,7.96,Sugar Shack,48.11914,-96.18115
2123,US-2024-12123-CH,2024-11-06,2024-11-09,Second Class,CUST-19357,United States,Los Angeles,California,90049,Chocolate,Pacific,PROD-3893,Wonka Bar - Fudge Mallows,126.72,16,51.92,74.8,3,40.97222222222223,3.245,4.675,7.92,Lot's O' Nuts,32.881893,-111.768036
2124,US-2024-12124-CH,2024-04-20,2024-04-24,First Class,CUST-12274,United States,Athens,Georgia,30605,Other,Gulf,PROD-9359,Fizzy Lifting Drinks,124.8,15,-2.0400000000000063,126.84,4,-1.6346153846153895,-0.13600000000000043,8.456,8.32,Sugar Shack,48.11914,-96.18115
2125,US-2024-12125-CH,2025-03-08,2025-03-11,Same Day,CUST-13522,United States,Los Angeles,California,90049,Other,Pacific,PROD-9359,Fizzy Lifting Drinks,309.69,37,31.910000000000025,277.78,3,10.303852239336118,0.8624324324324331,7.507567567567567,8.37,Sugar Shack,48.11914,-96.18115
2126,US-2024-12126-CH,2025-11-30,2025-12-03,First Class,CUST-13984,United States,Seattle,Washington,98101,Chocolate,Pacific,PROD-0874,Wonka Bar - Milk Chocolate,154.7,17,75.36999999999999,79.33,3,48.720103425985776,4.433529411764705,4.666470588235294,9.1,Wicked Choccy's,32.076176,-81.088371
2127,US-2024-12127-CH,2025-12-10,2025-12-12,Standard Class,CUST-17733,United States,Naperville,Illinois,60540,Chocolate,Interior,PROD-0874,Wonka Bar - Milk Chocolate,104.88,12,61.48,43.4,2,58.619374523264675,5.123333333333333,3.6166666666666667,8.74,Wicked Choccy's,32.076176,-81.088371
2128,US-2024-12128-CH,2024-03-19,2024-03-21,First Class,CUST-14245,United States,Atlanta,Georgia,30301,Sugar,Gulf,PROD-6629,SweeTARTS,366.11,31,138.95000000000002,227.16,2,37.95307421266833,4.482258064516129,7.32774193548387,11.81,Sugar Shack,48.11914,-96.18115
2129,US-2024-12129-CH,2025-04-08,2025-04-12,Second Class,CUST-15768,United States,Philadelphia,Pennsylvania,19143,Other,Atlantic,PROD-9415,Wonka Gum,104.06,11,20.64,83.42,4,19.834710743801654,1.8763636363636365,7.583636363636364,9.46,Secret Factory,41.446333,-90.565487
2130,US-2024-12130-CH,2024-12-01,2024-12-04,Standard Class,CUST-16841,United States,Los Angeles,California,90049,Sugar,Pacific,PROD-6629,SweeTARTS,195.3,18,70.25000000000001,125.05,3,35.97030209933436,3.9027777777777786,6.947222222222222,10.850000000000001,Sugar Shack,48.11914,-96.18115
2131,US-2024-12131-CH,2024-04-05,2024-04-08,Standard Class,CUST-19500,United States,Seattle,Washington,98101,Sugar,Pacific,PROD-2120,Everlasting Gobstopper,53.82,9,17.229999999999997,36.59,3,32.01412114455592,1.9144444444444442,4.065555555555556,5.98,Secret Factory,41.446333,-90.565487
2132,US-2024-12132-CH,2026-05-22,2026-05-25,Standard Class,CUST-16037,United States,Atlanta,Georgia,30301,Chocolate,Gulf,PROD-8572,Wonka Bar - Nutty Crunch Surprise,291.72,44,124.85000000000002,166.87,3,42.79788838612368,2.8375000000000004,3.7925,6.630000000000001,Lot's O' Nuts,32.881893,-111.768036
2133,US-2024-12133-CH,2026-04-23,2026-04-27,Standard Class,CUST-15566,United States,Los Angeles,California,90049,Sugar,Pacific,PROD-2120,Everlasting Gobstopper,380.88,46,106.19999999999999,274.68,4,27.882797731569,2.308695652173913,5.971304347826087,8.28,Secret Factory,41.446333,-90.565487
2134,US-2024-12134-CH,2026-05-29,2026-06-05,First Class,CUST-15867,United States,Naperville,Illinois,60540,Chocolate,Interior,PROD-3893,Wonka Bar - Fudge Mallows,186.19,43,77.67,108.52,7,41.715451957677644,1.8062790697674418,2.523720930232558,4.33,Lot's O' Nuts,32.881893,-111.768036
2135,US-2024-12135-CH,2025-07-19,2025-07-22,Second Class,CUST-11353,United States,Athens,Georgia,30605,Sugar,Gulf,PROD-2120,Everlasting Gobstopper,29.7,6,3.509999999999998,26.19,3,11.818181818181813,0.5849999999999996,4.365,4.95,Secret Factory,41.446333,-90.565487
2136,US-2024-12136-CH,2025-04-13,2025-04-15,Standard Class,CUST-11484,United States,New York,New York,10001,Chocolate,Atlantic,PROD-0874,Wonka Bar - Milk Chocolate,416.86,38,232.64000000000001,184.22,2,55.8077052247757,6.122105263157895,4.847894736842105,10.97,Wicked Choccy's,32.076176,-81.088371
2137,US-2024-12137-CH,2025-06-08,2025-06-11,Standard Class,CUST-15866,United States,Houston,Texas,77095,Other,Gulf,PROD-2646,Kazookles,143.0,25,24.97,118.03,3,17.46153846153846,0.9987999999999999,4.7212,5.72,The Other Factory,35.1175,-89.971107
2138,US-2024-12138-CH,2024-02-18,2024-02-21,Standard Class,CUST-11399,United States,New York,New York,10001,Other,Atlantic,PROD-9359,Fizzy Lifting Drinks,58.52,14,5.990000000000002,52.53,3,10.235816814764185,0.427857142857143,3.7521428571428572,4.180000000000001,Sugar Shack,48.11914,-96.18115
2139,US-2024-12139-CH,2025-04-26,2025-04-29,Standard Class,CUST-16952,United States,Athens,Georgia,30605,Other,Gulf,PROD-2646,Kazookles,203.3,38,70.92000000000002,132.38,3,34.88440727988195,1.8663157894736846,3.4836842105263157,5.3500000000000005,The Other Factory,35.1175,-89.971107
2140,US-2024-12140-CH,2024-10-24,2024-10-27,Standard Class,CUST-13185,United States,Houston,Texas,77095,Other,Gulf,PROD-9359,Fizzy Lifting Drinks,202.54,41,16.129999999999995,186.41,3,7.963858990816627,0.39341463414634137,4.546585365853659,4.9399999999999995,Sugar Shack,48.11914,-96.18115
2141,US-2024-12141-CH,2025-09-09,2025-09-11,Standard Class,CUST-12101,United States,Henderson,Kentucky,42420,Sugar,Gulf,PROD-6629,SweeTARTS,162.0,15,55.349999999999994,106.65,2,34.166666666666664,3.6899999999999995,7.11,10.8,Sugar Shack,48.11914,-96.18115
2142,US-2024-12142-CH,2024-11-25,2024-11-27,First Class,CUST-17568,United States,Los Angeles,California,90049,Other,Pacific,PROD-9359,Fizzy Lifting Drinks,158.22,27,14.969999999999999,143.25,2,9.461509290860825,0.5544444444444444,5.305555555555555,5.86,Sugar Shack,48.11914,-96.18115
2143,US-2024-12143-CH,2025-09-26,2025-09-29,Standard Class,CUST-19453,United States,New York,New York,10001,Sugar,Atlantic,PROD-6629,SweeTARTS,66.6,15,25.809999999999995,40.79,3,38.75375375375375,1.7206666666666663,2.719333333333333,4.4399999999999995,Sugar Shack,48.11914,-96.18115
2144,US-2024-12144-CH,2024-04-12,2024-04-15,Standard Class,CUST-19073,United States,Henderson,Kentucky,42420,Chocolate,Gulf,PROD-8572,Wonka Bar - Nutty Crunch Surprise,265.5,25,145.23000000000002,120.27,3,54.70056497175142,5.809200000000001,4.8107999999999995,10.62,Lot's O' Nuts,32.881893,-111.768036
2145,US-2024-12145-CH,2024-09-12,2024-09-14,Second Class,CUST-15587,United States,Los Angeles,California,90049,Other,Pacific,PROD-2646,Kazookles,343.07,29,66.01999999999998,277.05,2,19.24388608738741,2.2765517241379305,9.553448275862069,11.83,The Other Factory,35.1175,-89.971107
2146,US-2024-12146-CH,2024-06-24,2024-06-26,Standard Class,CUST-16018,United States,New York,New York,10001,Other,Atlantic,PROD-9359,Fizzy Lifting Drinks,9.62,2,1.6399999999999988,7.98,2,17.047817047817038,0.8199999999999994,3.99,4.81,Sugar Shack,48.11914,-96.18115
2147,US-2024-12147-CH,2025-01-10,2025-01-15,Standard Class,CUST-16103,United States,Chicago,Illinois,60601,Sugar,Interior,PROD-2533,Laffy Taffy,16.78,2,4.32,12.46,5,25.744934445768774,2.16,6.23,8.39,Sugar Shack,48.11914,-96.18115
2148,US-2024-12148-CH,2024-12-30,2025-01-01,Standard Class,CUST-15131,United States,Henderson,Kentucky,42420,Sugar,Gulf,PROD-2533,Laffy Taffy,31.9,11,14.29,17.61,2,44.79623824451411,1.299090909090909,1.6009090909090908,2.9,Sugar Shack,48.11914,-96.18115
2149,US-2024-12149-CH,2026-05-07,2026-05-09,Standard Class,CUST-12488,United States,Atlanta,Georgia,30301,Chocolate,Gulf,PROD-0874,Wonka Bar - Milk Chocolate,49.3,10,31.72,17.58,2,64.34077079107506,3.1719999999999997,1.7579999999999998,4.93,Wicked Choccy's,32.076176,-81.088371
2150,US-2024-12150-CH,2025-01-05,2025-01-09,Standard Class,CUST-14549,United States,Philadelphia,Pennsylvania,19143,Sugar,Atlantic,PROD-9885,Fun Dip,183.6,36,67.53999999999999,116.06,4,36.786492374727665,1.8761111111111108,3.223888888888889,5.1,Sugar Shack,48.11914,-96.18115
2151,US-2024-12151-CH,2024-06-14,2024-06-21,Standard Class,CUST-16964,United States,Naperville,Illinois,60540,Chocolate,Interior,PROD-3893,Wonka Bar - Fudge Mallows,137.62,14,87.67,49.95,7,63.70440342973404,6.262142857142857,3.567857142857143,9.83,Lot's O' Nuts,32.881893,-111.768036
2152,US-2024-12152-CH,2024-04-30,2024-05-07,Standard Class,CUST-12267,United States,New York,New York,10001,Sugar,Atlantic,PROD-2120,Everlasting Gobstopper,262.44,27,58.03,204.41,7,22.111720774272214,2.149259259259259,7.5707407407407405,9.72,Secret Factory,41.446333,-90.565487
2153,US-2024-12153-CH,2026-01-18,2026-01-22,Standard Class,CUST-14310,United States,Atlanta,Georgia,30301,Sugar,Gulf,PROD-9885,Fun Dip,185.33,43,54.54000000000002,130.79,4,29.42858684508715,1.2683720930232563,3.041627906976744,4.3100000000000005,Sugar Shack,48.11914,-96.18115
2154,US-2024-12154-CH,2026-05-08,2026-05-11,First Class,CUST-10553,United States,Philadelphia,Pennsylvania,19143,Chocolate,Atlantic,PROD-8572,Wonka Bar - Nutty Crunch Surprise,250.7,23,100.60999999999999,150.09,3,40.13163143199042,4.3743478260869555,6.525652173913044,10.9,Lot's O' Nuts,32.881893,-111.768036
2155,US-2024-12155-CH,2024-06-13,2024-06-18,Standard Class,CUST-12736,United States,Los Angeles,California,90049,Chocolate,Pacific,PROD-7514,Wonka Bar - Triple Dazzle Caramel,58.38,7,35.75,22.63,5,61.23672490578965,5.107142857142857,3.2328571428571427,8.34,Wicked Choccy's,32.076176,-81.088371
2156,US-2024-12156-CH,2024-03-01,2024-03-04,Second Class,CUST-11935,United States,New York,New York,10001,Other,Atlantic,PROD-0345,Lickable Wallpaper,271.63,23,6.389999999999986,265.24,3,2.3524647498435325,0.27782608695652117,11.53217391304348,11.81,Secret Factory,41.446333,-90.565487
2157,US-2024-12157-CH,2024-02-16,2024-02-19,Standard Class,CUST-12562,United States,Seattle,Washington,98101,Chocolate,Pacific,PROD-3776,Wonka Bar -Scrumdiddlyumptious,245.83,31,155.97000000000003,89.86,3,63.44628401741041,5.031290322580646,2.898709677419355,7.930000000000001,Lot's O' Nuts,32.881893,-111.768036
2158,US-2024-12158-CH,2024-09-05,2024-09-09,Standard Class,CUST-16209,United States,Houston,Texas,77095,Chocolate,Gulf,PROD-8572,Wonka Bar - Nutty Crunch Surprise,46.68,4,29.88,16.8,4,64.01028277634961,7.47,4.2,11.67,Lot's O' Nuts,32.881893,-111.768036
2159,US-2024-12159-CH,2026-04-11,2026-04-14,Standard Class,CUST-13933,United States,Henderson,Kentucky,42420,Other,Gulf,PROD-9415,Wonka Gum,9.81,3,2.9300000000000006,6.88,3,29.86748216106015,0.9766666666666669,2.2933333333333334,3.27,Secret Factory,41.446333,-90.565487
2160,US-2024-12160-CH,2024-02-15,2024-02-19,First Class,CUST-15420,United States,Houston,Texas,77095,Chocolate,Gulf,PROD-8572,Wonka Bar - Nutty Crunch Surprise,301.74,47,138.48000000000002,163.26,4,45.893815867965806,2.946382978723405,3.4736170212765956,6.42,Lot's O' Nuts,32.881893,-111.768036
2161,US-2024-12161-CH,2025-11-09,2025-11-11,First Class,CUST-12737,United States,Naperville,Illinois,60540,Other,Interior,PROD-0345,Lickable Wallpaper,117.15,33,6.030000000000001,111.12,2,5.147247119078106,0.18272727272727277,3.367272727272727,3.5500000000000003,Secret Factory,41.446333,-90.565487
2162,US-2024-12162-CH,2026-03-16,2026-03-18,Standard Class,CUST-19510,United States,Chicago,Illinois,60601,Sugar,Interior,PROD-2533,Laffy Taffy,530.18,49,181.29999999999995,348.88,2,34.19593345656192,3.6999999999999993,7.12,10.819999999999999,Sugar Shack,48.11914,-96.18115
2163,US-2024-12163-CH,2025-04-20,2025-04-24,Standard Class,CUST-18411,United States,Athens,Georgia,30605,Sugar,Gulf,PROD-5646,Nerds,214.55,35,88.39000000000001,126.16,4,41.1978559776276,2.525428571428572,3.6045714285714285,6.13,Sugar Shack,48.11914,-96.18115
2164,US-2024-12164-CH,2026-03-29,2026-04-03,Second Class,CUST-12042,United States,Philadelphia,Pennsylvania,19143,Sugar,Atlantic,PROD-6629,SweeTARTS,53.5,5,17.229999999999997,36.27,5,32.20560747663551,3.4459999999999993,7.2540000000000004,10.7,Sugar Shack,48.11914,-96.18115
2165,US-2024-12165-CH,2026-03-14,2026-03-21,Standard Class,CUST-13072,United States,Athens,Georgia,30605,Chocolate,Gulf,PROD-3776,Wonka Bar -Scrumdiddlyumptious,224.25,39,140.19,84.06,7,62.51505016722408,3.5946153846153845,2.1553846153846155,5.75,Lot's O' Nuts,32.881893,-111.768036
2166,US-2024-12166-CH,2025-01-15,2025-01-17,Standard Class,CUST-18736,United States,Henderson,Kentucky,42420,Chocolate,Gulf,PROD-3776,Wonka Bar -Scrumdiddlyumptious,185.64,28,75.38999999999999,110.25,2,40.61085972850678,2.6924999999999994,3.9375,6.63,Lot's O' Nuts,32.881893,-111.768036
2167,US-2024-12167-CH,2024-01-26,2024-01-29,Standard Class,CUST-11686,United States,Atlanta,Georgia,30301,Sugar,Gulf,PROD-5646,Nerds,379.68,42,100.54000000000002,279.14,3,26.48019384745049,2.3938095238095243,6.646190476190476,9.040000000000001,Sugar Shack,48.11914,-96.18115
2168,US-2024-12168-CH,2025-01-05,2025-01-08,First Class,CUST-18804,United States,Naperville,Illinois,60540,Sugar,Interior,PROD-0725,Hair Toffee,66.2,20,16.89,49.31,3,25.513595166163146,0.8445,2.4655,3.31,The Other Factory,35.1175,-89.971107
2169,US-2024-12169-CH,2026-03-16,2026-03-19,Standard Class,CUST-16212,United States,Los Angeles,California,90049,Sugar,Pacific,PROD-2120,Everlasting Gobstopper,69.52,22,16.629999999999995,52.89,3,23.92117376294591,0.7559090909090908,2.4040909090909093,3.1599999999999997,Secret Factory,41.446333,-90.565487
2170,US-2024-12170-CH,2025-04-29,2025-05-02,Same Day,CUST-19262,United States,Henderson,Kentucky,42420,Other,Gulf,PROD-2646,Kazookles,277.2,30,70.16,207.04,3,25.31024531024531,2.3386666666666667,6.901333333333333,9.24,The Other Factory,35.1175,-89.971107
2171,US-2024-12171-CH,2026-01-27,2026-01-30,Standard Class,CUST-10898,United States,Los Angeles,California,90049,Other,Pacific,PROD-2646,Kazookles,265.93,29,55.78,210.15,3,20.97544466588952,1.923448275862069,7.246551724137931,9.17,The Other Factory,35.1175,-89.971107
2172,US-2024-12172-CH,2024-04-28,2024-04-30,First Class,CUST-14570,United States,Los Angeles,California,90049,Sugar,Pacific,PROD-6629,SweeTARTS,264.3,30,88.77000000000001,175.53,2,33.58683314415437,2.9590000000000005,5.851,8.81,Sugar Shack,48.11914,-96.18115
2173,US-2024-12173-CH,2025-03-10,2025-03-13,First Class,CUST-19148,United States,Los Angeles,California,90049,Chocolate,Pacific,PROD-3776,Wonka Bar -Scrumdiddlyumptious,205.56,36,133.51999999999998,72.04,3,64.9542712589998,3.7088888888888882,2.0011111111111113,5.71,Lot's O' Nuts,32.881893,-111.768036
2174,US-2024-12174-CH,2026-05-26,2026-05-29,First Class,CUST-11093,United States,Athens,Georgia,30605,Other,Gulf,PROD-9415,Wonka Gum,132.24,24,45.06,87.18,3,34.07441016333938,1.8775000000000002,3.6325000000000003,5.510000000000001,Secret Factory,41.446333,-90.565487
2175,US-2024-12175-CH,2024-07-02,2024-07-06,First Class,CUST-17926,United States,Athens,Georgia,30605,Chocolate,Gulf,PROD-3776,Wonka Bar -Scrumdiddlyumptious,448.54,41,222.09000000000003,226.45,4,49.51397868640478,5.416829268292684,5.523170731707316,10.940000000000001,Lot's O' Nuts,32.881893,-111.768036
2176,US-2024-12176-CH,2025-03-10,2025-03-13,Standard Class,CUST-16025,United States,Chicago,Illinois,60601,Other,Interior,PROD-9359,Fizzy Lifting Drinks,42.56,14,-0.10999999999999943,42.67,3,-0.25845864661654,-0.007857142857142816,3.047857142857143,3.04,Sugar Shack,48.11914,-96.18115
2177,US-2024-12177-CH,2026-04-21,2026-04-28,Standard Class,CUST-15826,United States,Chicago,Illinois,60601,Other,Interior,PROD-2646,Kazookles,174.9,15,35.48000000000002,139.42,7,20.28587764436822,2.3653333333333344,9.294666666666666,11.66,The Other Factory,35.1175,-89.971107
2178,US-2024-12178-CH,2024-12-17,2024-12-19,First Class,CUST-17784,United States,Los Angeles,California,90049,Other,Pacific,PROD-9359,Fizzy Lifting Drinks,282.72,31,8.930000000000007,273.79,2,3.1586021505376363,0.2880645161290325,8.831935483870968,9.120000000000001,Sugar Shack,48.11914,-96.18115
2179,US-2024-12179-CH,2024-06-30,2024-07-03,Standard Class,CUST-13205,United States,Houston,Texas,77095,Chocolate,Gulf,PROD-3893,Wonka Bar - Fudge Mallows,174.8,19,76.56000000000002,98.24,3,43.798627002288335,4.029473684210527,5.170526315789473,9.200000000000001,Lot's O' Nuts,32.881893,-111.768036
2180,US-2024-12180-CH,2024-12-27,2024-12-29,Standard Class,CUST-17513,United States,Chicago,Illinois,60601,Other,Interior,PROD-0345,Lickable Wallpaper,406.55,47,10.230000000000018,396.32,2,2.516295658590584,0.21765957446808548,8.432340425531915,8.65,Secret Factory,41.446333,-90.565487
2181,US-2024-12181-CH,2026-02-17,2026-02-20,Standard Class,CUST-11812,United States,Seattle,Washington,98101,Other,Pacific,PROD-9359,Fizzy Lifting Drinks,181.44,28,24.370000000000005,157.07,3,13.431437389770725,0.870357142857143,5.609642857142857,6.4799999999999995,Sugar Shack,48.11914,-96.18115
2182,US-2024-12182-CH,2024-05-08,2024-05-11,Standard Class,CUST-10227,United States,Los Angeles,California,90049,Chocolate,Pacific,PROD-7514,Wonka Bar - Triple Dazzle Caramel,167.58,14,78.85000000000001,88.73,3,47.05215419501134,5.632142857142858,6.3378571428571435,11.97,Wicked Choccy's,32.076176,-81.088371
2183,US-2024-12183-CH,2024-01-17,2024-01-19,Second Class,CUST-16251,United States,Atlanta,Georgia,30301,Sugar,Gulf,PROD-0725,Hair Toffee,158.47,23,17.24000000000001,141.23,2,10.879030731368719,0.7495652173913048,6.140434782608695,6.89,The Other Factory,35.1175,-89.971107
2184,US-2024-12184-CH,2025-07-02,2025-07-05,Second Class,CUST-14954,United States,Athens,Georgia,30605,Sugar,Gulf,PROD-9885,Fun Dip,389.9,35,149.79999999999998,240.1,3,38.42010771992819,4.279999999999999,6.859999999999999,11.139999999999999,Sugar Shack,48.11914,-96.18115
2185,US-2024-12185-CH,2024-01-02,2024-01-05,Standard Class,CUST-10767,United States,Athens,Georgia,30605,Sugar,Gulf,PROD-9885,Fun Dip,167.86,22,46.96000000000001,120.9,3,27.975694030739906,2.1345454545454547,5.495454545454546,7.630000000000001,Sugar Shack,48.11914,-96.18115
2186,US-2024-12186-CH,2024-05-22,2024-05-24,Standard Class,CUST-15575,United States,Philadelphia,Pennsylvania,19143,Sugar,Atlantic,PROD-6629,SweeTARTS,154.56,48,67.59,86.97,2,43.7305900621118,1.408125,1.811875,3.22,Sugar Shack,48.11914,-96.18115
2187,US-2024-12187-CH,2025-05-06,2025-05-08,Same Day,CUST-13926,United States,Los Angeles,California,90049,Sugar,Pacific,PROD-2120,Everlasting Gobstopper,90.0,24,25.120000000000005,64.88,2,27.911111111111115,1.0466666666666669,2.703333333333333,3.75,Secret Factory,41.446333,-90.565487
2188,US-2024-12188-CH,2025-09-23,2025-09-26,Standard Class,CUST-16881,United States,Henderson,Kentucky,42420,Chocolate,Gulf,PROD-7514,Wonka Bar - Triple Dazzle Caramel,75.78,18,38.51,37.27,3,50.81815782528372,2.1394444444444445,2.070555555555556,4.21,Wicked Choccy's,32.076176,-81.088371
2189,US-2024-12189-CH,2024-01-26,2024-01-28,Second Class,CUST-13621,United States,Houston,Texas,77095,Other,Gulf,PROD-9359,Fizzy Lifting Drinks,30.0,3,5.16,24.84,2,17.200000000000003,1.72,8.28,10.0,Sugar Shack,48.11914,-96.18115
2190,US-2024-12190-CH,2024-03-10,2024-03-13,First Class,CUST-18777,United States,Athens,Georgia,30605,Sugar,Gulf,PROD-6629,SweeTARTS,294.72,32,111.34000000000003,183.38,3,37.778230184581986,3.479375000000001,5.730625,9.21,Sugar Shack,48.11914,-96.18115
2191,US-2024-12191-CH,2025-05-23,2025-05-27,Standard Class,CUST-17440,United States,Seattle,Washington,98101,Chocolate,Pacific,PROD-3893,Wonka Bar - Fudge Mallows,290.7,38,148.26999999999998,142.43,4,51.00447196422429,3.9018421052631576,3.7481578947368424,7.6499999999999995,Lot's O' Nuts,32.881893,-111.768036
2192,US-2024-12192-CH,2025-02-15,2025-02-18,Standard Class,CUST-11926,United States,Atlanta,Georgia,30301,Chocolate,Gulf,PROD-3776,Wonka Bar -Scrumdiddlyumptious,75.24,22,34.529999999999994,40.71,3,45.89314194577352,1.5695454545454544,1.8504545454545456,3.42,Lot's O' Nuts,32.881893,-111.768036
2193,US-2024-12193-CH,2025-07-05,2025-07-08,Second Class,CUST-15022,United States,Henderson,Kentucky,42420,Sugar,Gulf,PROD-9885,Fun Dip,93.3,10,31.519999999999996,61.78,3,33.78349410503751,3.1519999999999997,6.178,9.33,Sugar Shack,48.11914,-96.18115
2194,US-2024-12194-CH,2026-04-05,2026-04-09,First Class,CUST-16777,United States,Chicago,Illinois,60601,Chocolate,Interior,PROD-8572,Wonka Bar - Nutty Crunch Surprise,243.66,31,101.34,142.32,4,41.59074119674957,3.269032258064516,4.590967741935484,7.86,Lot's O' Nuts,32.881893,-111.768036
2195,US-2024-12195-CH,2024-11-07,2024-11-10,Standard Class,CUST-13338,United States,Philadelphia,Pennsylvania,19143,Sugar,Atlantic,PROD-2533,Laffy Taffy,71.12,14,28.340000000000003,42.78,3,39.848143982002256,2.0242857142857145,3.0557142857142856,5.08,Sugar Shack,48.11914,-96.18115
2196,US-2024-12196-CH,2024-04-20,2024-04-24,Second Class,CUST-19077,United States,Los Angeles,California,90049,Sugar,Pacific,PROD-5646,Nerds,200.42,22,73.60999999999999,126.81,4,36.727871469913175,3.3459090909090903,5.76409090909091,9.11,Sugar Shack,48.11914,-96.18115
2197,US-2024-12197-CH,2025-04-26,2025-04-30,Standard Class,CUST-18100,United States,Atlanta,Georgia,30301,Chocolate,Gulf,PROD-8572,Wonka Bar - Nutty Crunch Surprise,31.92,12,15.32,16.6,4,47.99498746867168,1.2766666666666666,1.3833333333333335,2.66,Lot's O' Nuts,32.881893,-111.768036
2198,US-2024-12198-CH,2025-10-05,2025-10-08,Standard Class,CUST-13293,United States,New York,New York,10001,Sugar,Atlantic,PROD-0725,Hair Toffee,387.2,44,103.94,283.26,3,26.84400826446281,2.3622727272727273,6.4377272727272725,8.799999999999999,The Other Factory,35.1175,-89.971107
2199,US-2024-12199-CH,2024-06-15,2024-06-18,Standard Class,CUST-12774,United States,Athens,Georgia,30605,Chocolate,Gulf,PROD-3893,Wonka Bar - Fudge Mallows,489.6,45,223.10000000000002,266.5,3,45.567810457516345,4.957777777777778,5.9222222222222225,10.88,Lot's O' Nuts,32.881893,-111.768036
2200,US-2024-12200-CH,2025-07-22,2025-07-26,Standard Class,CUST-17636,United States,Henderson,Kentucky,42420,Other,Gulf,PROD-9359,Fizzy Lifting Drinks,305.66,29,6.720000000000027,298.94,4,2.1985212327422716,0.2317241379310354,10.308275862068966,10.540000000000001,Sugar Shack,48.11914,-96.18115
2201,US-2024-12201-CH,2024-01-26,2024-01-30,Standard Class,CUST-13719,United States,Henderson,Kentucky,42420,Sugar,Gulf,PROD-5646,Nerds,372.59,37,107.45999999999998,265.13,4,28.841353766875116,2.9043243243243237,7.165675675675676,10.069999999999999,Sugar Shack,48.11914,-96.18115
2202,US-2024-12202-CH,2026-04-17,2026-04-19,Standard Class,CUST-18890,United States,Chicago,Illinois,60601,Chocolate,Interior,PROD-3893,Wonka Bar - Fudge Mallows,396.27,37,228.23,168.04,2,57.59456935927524,6.168378378378378,4.541621621621621,10.709999999999999,Lot's O' Nuts,32.881893,-111.768036
2203,US-2024-12203-CH,2024-05-08,2024-05-15,Standard Class,CUST-17732,United States,Atlanta,Georgia,30301,Sugar,Gulf,PROD-9885,Fun Dip,51.9,6,23.049999999999997,28.85,7,44.412331406551054,3.8416666666666663,4.808333333333334,8.65,Sugar Shack,48.11914,-96.18115
2204,US-2024-12204-CH,2024-11-16,2024-11-20,Standard Class,CUST-19843,United States,Los Angeles,California,90049,Sugar,Pacific,PROD-5646,Nerds,240.0,25,76.56,163.44,4,31.900000000000002,3.0624000000000002,6.5376,9.6,Sugar Shack,48.11914,-96.18115
2205,US-2024-12205-CH,2026-06-13,2026-06-16,Standard Class,CUST-18541,United States,Atlanta,Georgia,30301,Other,Gulf,PROD-0345,Lickable Wallpaper,168.13,23,26.03,142.1,3,15.482067447808245,1.1317391304347826,6.178260869565217,7.31,Secret Factory,41.446333,-90.565487
2206,US-2024-12206-CH,2025-03-01,2025-03-04,First Class,CUST-10990,United States,Athens,Georgia,30605,Sugar,Gulf,PROD-0725,Hair Toffee,231.27,39,38.19,193.08,3,16.513166428849395,0.9792307692307691,4.9507692307692315,5.930000000000001,The Other Factory,35.1175,-89.971107
2207,US-2024-12207-CH,2026-01-26,2026-01-30,Standard Class,CUST-12887,United States,Philadelphia,Pennsylvania,19143,Chocolate,Atlantic,PROD-3893,Wonka Bar - Fudge Mallows,218.4,35,97.16000000000001,121.24,4,44.48717948717949,2.7760000000000002,3.464,6.24,Lot's O' Nuts,32.881893,-111.768036
2208,US-2024-12208-CH,2024-08-12,2024-08-15,Second Class,CUST-12692,United States,Atlanta,Georgia,30301,Chocolate,Gulf,PROD-3776,Wonka Bar -Scrumdiddlyumptious,165.51,27,67.24,98.27,3,40.625944051718925,2.4903703703703703,3.6396296296296295,6.13,Lot's O' Nuts,32.881893,-111.768036
2209,US-2024-12209-CH,2025-04-18,2025-04-21,Second Class,CUST-18003,United States,Philadelphia,Pennsylvania,19143,Chocolate,Atlantic,PROD-3893,Wonka Bar - Fudge Mallows,56.55,15,30.019999999999996,26.53,3,53.085764809902734,2.001333333333333,1.7686666666666668,3.77,Lot's O' Nuts,32.881893,-111.768036
2210,US-2024-12210-CH,2024-11-24,2024-11-28,Second Class,CUST-15408,United States,Athens,Georgia,30605,Sugar,Gulf,PROD-0725,Hair Toffee,34.23,7,6.069999999999997,28.16,4,17.732982763657603,0.8671428571428567,4.022857142857143,4.89,The Other Factory,35.1175,-89.971107
2211,US-2024-12211-CH,2026-06-10,2026-06-13,Same Day,CUST-15717,United States,Henderson,Kentucky,42420,Other,Gulf,PROD-0345,Lickable Wallpaper,364.25,31,-14.399999999999977,378.65,3,-3.953328757721339,-0.4645161290322573,12.214516129032257,11.75,Secret Factory,41.446333,-90.565487
2212,US-2024-12212-CH,2025-06-17,2025-06-20,Standard Class,CUST-11041,United States,Athens,Georgia,30605,Other,Gulf,PROD-9415,Wonka Gum,444.85,41,144.12,300.73,3,32.39743733842868,3.515121951219512,7.334878048780488,10.850000000000001,Secret Factory,41.446333,-90.565487
2213,US-2024-12213-CH,2025-10-18,2025-10-25,Second Class,CUST-18972,United States,Los Angeles,California,90049,Sugar,Pacific,PROD-2533,Laffy Taffy,159.72,33,49.31,110.41,7,30.872777360380667,1.4942424242424244,3.3457575757575757,4.84,Sugar Shack,48.11914,-96.18115
2214,US-2024-12214-CH,2024-12-22,2024-12-26,Standard Class,CUST-12590,United States,Philadelphia,Pennsylvania,19143,Chocolate,Atlantic,PROD-8572,Wonka Bar - Nutty Crunch Surprise,332.4,40,193.49999999999997,138.9,4,58.21299638989169,4.8374999999999995,3.4725,8.309999999999999,Lot's O' Nuts,32.881893,-111.768036
2215,US-2024-12215-CH,2026-05-06,2026-05-09,Standard Class,CUST-12912,United States,Naperville,Illinois,60540,Other,Interior,PROD-2646,Kazookles,61.56,19,19.89,41.67,3,32.30994152046784,1.046842105263158,2.193157894736842,3.24,The Other Factory,35.1175,-89.971107
2216,US-2024-12216-CH,2024-02-26,2024-02-29,Standard Class,CUST-19161,United States,New York,New York,10001,Sugar,Atlantic,PROD-2120,Everlasting Gobstopper,167.2,16,35.70999999999998,131.49,3,21.357655502392333,2.2318749999999987,8.218125,10.45,Secret Factory,41.446333,-90.565487
2217,US-2024-12217-CH,2024-04-12,2024-04-19,Standard Class,CUST-10088,United States,Naperville,Illinois,60540,Other,Interior,PROD-9359,Fizzy Lifting Drinks,237.5,38,2.039999999999992,235.46,7,0.8589473684210492,0.05368421052631558,6.196315789473684,6.25,Sugar Shack,48.11914,-96.18115
2218,US-2024-12218-CH,2024-06-04,2024-06-11,First Class,CUST-10054,United States,Los Angeles,California,90049,Chocolate,Pacific,PROD-7514,Wonka Bar - Triple Dazzle Caramel,28.42,7,13.830000000000002,14.59,7,48.66291344123857,1.975714285714286,2.084285714285714,4.0600000000000005,Wicked Choccy's,32.076176,-81.088371
2219,US-2024-12219-CH,2024-03-09,2024-03-11,Standard Class,CUST-13613,United States,Athens,Georgia,30605,Other,Gulf,PROD-2646,Kazookles,123.64,11,32.260000000000005,91.38,2,26.091879650598514,2.932727272727273,8.307272727272727,11.24,The Other Factory,35.1175,-89.971107
2220,US-2024-12220-CH,2025-07-25,2025-07-29,Standard Class,CUST-19610,United States,Houston,Texas,77095,Chocolate,Gulf,PROD-3776,Wonka Bar -Scrumdiddlyumptious,168.51,41,96.77999999999999,71.73,4,57.432793306035244,2.3604878048780487,1.7495121951219512,4.109999999999999,Lot's O' Nuts,32.881893,-111.768036
2221,US-2024-12221-CH,2025-12-12,2025-12-14,Standard Class,CUST-17366,United States,Henderson,Kentucky,42420,Sugar,Gulf,PROD-5646,Nerds,205.2,20,82.04999999999998,123.15,2,39.98538011695906,4.102499999999999,6.157500000000001,10.26,Sugar Shack,48.11914,-96.18115
2222,US-2024-12222-CH,2024-03-28,2024-03-30,First Class,CUST-17557,United States,Philadelphia,Pennsylvania,19143,Other,Atlantic,PROD-9415,Wonka Gum,52.55,5,12.849999999999994,39.7,2,24.45290199809704,2.569999999999999,7.94,10.51,Secret Factory,41.446333,-90.565487
2223,US-2024-12223-CH,2025-07-03,2025-07-05,Second Class,CUST-14374,United States,Houston,Texas,77095,Other,Gulf,PROD-9359,Fizzy Lifting Drinks,75.3,30,2.8100000000000023,72.49,2,3.7317397078353283,0.09366666666666675,2.416333333333333,2.51,Sugar Shack,48.11914,-96.18115
2224,US-2024-12224-CH,2025-11-09,2025-11-16,Standard Class,CUST-10322,United States,Los Angeles,California,90049,Chocolate,Pacific,PROD-7514,Wonka Bar - Triple Dazzle Caramel,137.75,25,58.44,79.31,7,42.42468239564428,2.3376,3.1724,5.51,Wicked Choccy's,32.076176,-81.088371
2225,US-2024-12225-CH,2025-08-06,2025-08-09,First Class,CUST-17796,United States,Seattle,Washington,98101,Chocolate,Pacific,PROD-7514,Wonka Bar - Triple Dazzle Caramel,239.6,40,124.05,115.55,3,51.77378964941569,3.10125,2.88875,5.99,Wicked Choccy's,32.076176,-81.088371
2226,US-2024-12226-CH,2024-06-21,2024-06-28,Standard Class,CUST-10166,United States,Henderson,Kentucky,42420,Other,Gulf,PROD-9415,Wonka Gum,260.16,32,48.83000000000001,211.33,7,18.769218942189426,1.5259375000000004,6.6040625,8.13,Secret Factory,41.446333,-90.565487
2227,US-2024-12227-CH,2024-04-27,2024-04-30,Second Class,CUST-14558,United States,New York,New York,10001,Sugar,Atlantic,PROD-0725,Hair Toffee,132.43,19,28.450000000000003,103.98,3,21.48304764781394,1.4973684210526317,5.472631578947369,6.970000000000001,The Other Factory,35.1175,-89.971107
2228,US-2024-12228-CH,2025-10-09,2025-10-12,Second Class,CUST-16698,United States,Naperville,Illinois,60540,Other,Interior,PROD-2646,Kazookles,7.12,2,1.0300000000000002,6.09,3,14.466292134831463,0.5150000000000001,3.045,3.56,The Other Factory,35.1175,-89.971107
2229,US-2024-12229-CH,2026-02-18,2026-02-25,First Class,CUST-19630,United States,Chicago,Illinois,60601,Chocolate,Interior,PROD-0874,Wonka Bar - Milk Chocolate,349.2,45,221.88,127.32,7,63.53951890034364,4.930666666666666,2.829333333333333,7.76,Wicked Choccy's,32.076176,-81.088371
2230,US-2024-12230-CH,2024-06-17,2024-06-20,Second Class,CUST-11350,United States,Henderson,Kentucky,42420,Chocolate,Gulf,PROD-0874,Wonka Bar - Milk Chocolate,70.29,11,39.74000000000001,30.55,3,56.53720301607626,3.6127272727272737,2.7772727272727273,6.390000000000001,Wicked Choccy's,32.076176,-81.088371
2231,US-2024-12231-CH,2026-04-26,2026-05-01,Standard Class,CUST-19595,United States,Houston,Texas,77095,Chocolate,Gulf,PROD-3893,Wonka Bar - Fudge Mallows,150.19,23,69.17,81.02,5,46.054997003795194,3.007391304347826,3.5226086956521736,6.53,Lot's O' Nuts,32.881893,-111.768036
2232,US-2024-12232-CH,2026-06-12,2026-06-15,Standard Class,CUST-10678,United States,Athens,Georgia,30605,Other,Gulf,PROD-9415,Wonka Gum,129.86,43,28.930000000000007,100.93,3,22.277837671338368,0.6727906976744188,2.3472093023255813,3.0200000000000005,Secret Factory,41.446333,-90.565487
2233,US-2024-12233-CH,2024-05-12,2024-05-16,First Class,CUST-11685,United States,Seattle,Washington,98101,Sugar,Pacific,PROD-9885,Fun Dip,368.94,43,131.62,237.32,4,35.67517753564265,3.06093023255814,5.51906976744186,8.58,Sugar Shack,48.11914,-96.18115
2234,US-2024-12234-CH,2025-01-29,2025-01-31,First Class,CUST-14951,United States,Houston,Texas,77095,Chocolate,Gulf,PROD-3893,Wonka Bar - Fudge Mallows,315.62,43,197.49,118.13,2,62.57208034978772,4.592790697674419,2.7472093023255812,7.34,Lot's O' Nuts,32.881893,-111.768036
2235,US-2024-12235-CH,2026-02-28,2026-03-07,Same Day,CUST-17337,United States,Los Angeles,California,90049,Sugar,Pacific,PROD-2120,Everlasting Gobstopper,35.91,3,10.169999999999998,25.74,7,28.32080200501253,3.3899999999999992,8.58,11.969999999999999,Secret Factory,41.446333,-90.565487
2236,US-2024-12236-CH,2024-08-18,2024-08-20,Standard Class,CUST-17802,United States,Seattle,Washington,98101,Sugar,Pacific,PROD-2533,Laffy Taffy,113.28,12,47.59,65.69,2,42.01094632768362,3.9658333333333338,5.474166666666666,9.44,Sugar Shack,48.11914,-96.18115
2237,US-2024-12237-CH,2024-05-17,2024-05-20,Standard Class,CUST-12014,United States,Chicago,Illinois,60601,Sugar,Interior,PROD-2533,Laffy Taffy,6.84,2,2.3499999999999996,4.49,3,34.356725146198826,1.1749999999999998,2.245,3.42,Sugar Shack,48.11914,-96.18115
2238,US-2024-12238-CH,2024-04-16,2024-04-23,Second Class,CUST-15303,United States,Henderson,Kentucky,42420,Chocolate,Gulf,PROD-8572,Wonka Bar - Nutty Crunch Surprise,321.9,37,163.90999999999997,157.99,7,50.91954022988505,4.429999999999999,4.2700000000000005,8.7,Lot's O' Nuts,32.881893,-111.768036
2239,US-2024-12239-CH,2025-05-23,2025-05-27,Second Class,CUST-11615,United States,Houston,Texas,77095,Chocolate,Gulf,PROD-3776,Wonka Bar -Scrumdiddlyumptious,215.22,34,124.97,90.25,4,58.06616485456742,3.675588235294118,2.6544117647058822,6.33,Lot's O' Nuts,32.881893,-111.768036
2240,US-2024-12240-CH,2024-01-17,2024-01-20,Standard Class,CUST-11976,United States,Seattle,Washington,98101,Other,Pacific,PROD-9359,Fizzy Lifting Drinks,127.89,29,9.0,118.89,3,7.0372976776917655,0.3103448275862069,4.099655172413793,4.41,Sugar Shack,48.11914,-96.18115
2241,US-2024-12241-CH,2024-12-20,2024-12-23,Standard Class,CUST-17198,United States,Athens,Georgia,30605,Sugar,Gulf,PROD-0725,Hair Toffee,71.91,17,13.009999999999998,58.9,3,18.092059518842994,0.7652941176470587,3.4647058823529413,4.2299999999999995,The Other Factory,35.1175,-89.971107
2242,US-2024-12242-CH,2025-01-05,2025-01-07,Second Class,CUST-11573,United States,Chicago,Illinois,60601,Chocolate,Interior,PROD-7514,Wonka Bar - Triple Dazzle Caramel,335.38,41,146.06,189.32,2,43.55059932017413,3.562439024390244,4.617560975609756,8.18,Wicked Choccy's,32.076176,-81.088371
2243,US-2024-12243-CH,2025-04-11,2025-04-14,Standard Class,CUST-12035,United States,Athens,Georgia,30605,Chocolate,Gulf,PROD-0874,Wonka Bar - Milk Chocolate,24.78,3,12.940000000000001,11.84,3,52.21953188054883,4.3133333333333335,3.9466666666666668,8.26,Wicked Choccy's,32.076176,-81.088371
2244,US-2024-12244-CH,2025-08-31,2025-09-02,Second Class,CUST-18692,United States,Naperville,Illinois,60540,Chocolate,Interior,PROD-0874,Wonka Bar - Milk Chocolate,29.05,5,17.59,11.46,2,60.55077452667814,3.518,2.2920000000000003,5.8100000000000005,Wicked Choccy's,32.076176,-81.088371
2245,US-2024-12245-CH,2024-12-02,2024-12-05,Standard Class,CUST-18144,United States,Atlanta,Georgia,30301,Sugar,Gulf,PROD-2533,Laffy Taffy,204.75,45,58.379999999999995,146.37,3,28.512820512820507,1.2973333333333332,3.252666666666667,4.55,Sugar Shack,48.11914,-96.18115
2246,US-2024-12246-CH,2024-08-06,2024-08-10,Standard Class,CUST-15480,United States,Los Angeles,California,90049,Sugar,Pacific,PROD-6629,SweeTARTS,66.24,9,24.049999999999997,42.19,4,36.30736714975845,2.672222222222222,4.687777777777778,7.359999999999999,Sugar Shack,48.11914,-96.18115
2247,US-2024-12247-CH,2024-03-03,2024-03-07,Standard Class,CUST-17135,United States,Houston,Texas,77095,Chocolate,Gulf,PROD-0874,Wonka Bar - Milk Chocolate,204.44,19,114.66,89.78,4,56.08491488945412,6.034736842105263,4.725263157894737,10.76,Wicked Choccy's,32.076176,-81.088371
2248,US-2024-12248-CH,2024-05-09,2024-05-13,Standard Class,CUST-11037,United States,Philadelphia,Pennsylvania,19143,Chocolate,Atlantic,PROD-3893,Wonka Bar - Fudge Mallows,92.96,16,50.82999999999999,42.13,4,54.67943201376936,3.1768749999999994,2.633125,5.81,Lot's O' Nuts,32.881893,-111.768036
2249,US-2024-12249-CH,2025-09-05,2025-09-12,First Class,CUST-11194,United States,Chicago,Illinois,60601,Chocolate,Interior,PROD-8572,Wonka Bar - Nutty Crunch Surprise,47.09,17,23.490000000000002,23.6,7,49.88320237842429,1.381764705882353,1.3882352941176472,2.77,Lot's O' Nuts,32.881893,-111.768036
2250,US-2024-12250-CH,2024-09-30,2024-10-02,Standard Class,CUST-17504,United States,Chicago,Illinois,60601,Chocolate,Interior,PROD-0874,Wonka Bar - Milk Chocolate,125.64,12,73.16,52.48,2,58.229863100923275,6.096666666666667,4.373333333333333,10.47,Wicked Choccy's,32.076176,-81.088371
2251,US-2024-12251-CH,2025-05-10,2025-05-12,Second Class,CUST-13223,United States,Philadelphia,Pennsylvania,19143,Chocolate,Atlantic,PROD-3893,Wonka Bar - Fudge Mallows,120.93,29,72.03,48.9,2,59.56338377573803,2.483793103448276,1.686206896551724,4.17,Lot's O' Nuts,32.881893,-111.768036
2252,US-2024-12252-CH,2025-07-29,2025-07-31,Standard Class,CUST-14533,United States,Naperville,Illinois,60540,Chocolate,Interior,PROD-3893,Wonka Bar - Fudge Mallows,66.9,15,34.71000000000001,32.19,2,51.88340807174888,2.3140000000000005,2.146,4.46,Lot's O' Nuts,32.881893,-111.768036
2253,US-2024-12253-CH,2025-09-09,2025-09-16,Standard Class,CUST-10014,United States,New York,New York,10001,Chocolate,Atlantic,PROD-3776,Wonka Bar -Scrumdiddlyumptious,104.78,13,55.07,49.71,7,52.557740026722655,4.236153846153846,3.823846153846154,8.06,Lot's O' Nuts,32.881893,-111.768036
2254,US-2024-12254-CH,2025-02-17,2025-02-24,Standard Class,CUST-15471,United States,Philadelphia,Pennsylvania,19143,Sugar,Atlantic,PROD-2120,Everlasting Gobstopper,129.77,19,21.60000000000001,108.17,7,16.644833166371278,1.1368421052631583,5.693157894736842,6.830000000000001,Secret Factory,41.446333,-90.565487
2255,US-2024-12255-CH,2024-02-05,2024-02-08,First Class,CUST-12072,United States,Naperville,Illinois,60540,Sugar,Interior,PROD-2120,Everlasting Gobstopper,262.98,27,74.66000000000003,188.32,3,28.389991634344824,2.765185185185186,6.974814814814814,9.74,Secret Factory,41.446333,-90.565487
2256,US-2024-12256-CH,2024-09-24,2024-09-27,Second Class,CUST-16198,United States,Philadelphia,Pennsylvania,19143,Sugar,Atlantic,PROD-0725,Hair Toffee,63.0,21,10.32,52.68,3,16.380952380952383,0.49142857142857144,2.5085714285714285,3.0,The Other Factory,35.1175,-89.971107
2257,US-2024-12257-CH,2024-02-21,2024-02-24,Standard Class,CUST-10854,United States,Henderson,Kentucky,42420,Chocolate,Gulf,PROD-8572,Wonka Bar - Nutty Crunch Surprise,61.74,14,36.94,24.8,3,59.83155166828635,2.6385714285714283,1.7714285714285716,4.41,Lot's O' Nuts,32.881893,-111.768036
2258,US-2024-12258-CH,2025-07-12,2025-07-14,Standard Class,CUST-19530,United States,Athens,Georgia,30605,Sugar,Gulf,PROD-2120,Everlasting Gobstopper,194.48,26,60.41,134.07,2,31.062320032908268,2.3234615384615385,5.156538461538461,7.4799999999999995,Secret Factory,41.446333,-90.565487
2259,US-2024-12259-CH,2024-07-16,2024-07-20,Second Class,CUST-14708,United States,Naperville,Illinois,60540,Chocolate,Interior,PROD-7514,Wonka Bar - Triple Dazzle Caramel,308.0,44,175.71,132.29,4,57.048701298701296,3.993409090909091,3.006590909090909,7.0,Wicked Choccy's,32.076176,-81.088371
2260,US-2024-12260-CH,2024-08-20,2024-08-23,Standard Class,CUST-16950,United States,Houston,Texas,77095,Chocolate,Gulf,PROD-3893,Wonka Bar - Fudge Mallows,439.14,39,195.1,244.04,3,44.42774513822471,5.0025641025641026,6.257435897435897,11.26,Lot's O' Nuts,32.881893,-111.768036
2261,US-2024-12261-CH,2024-03-17,2024-03-20,Standard Class,CUST-14714,United States,Philadelphia,Pennsylvania,19143,Sugar,Atlantic,PROD-9885,Fun Dip,15.98,2,5.17,10.81,3,32.35294117647059,2.585,5.405,7.99,Sugar Shack,48.11914,-96.18115
2262,US-2024-12262-CH,2025-01-28,2025-02-04,First Class,CUST-14275,United States,Seattle,Washington,98101,Chocolate,Pacific,PROD-3776,Wonka Bar -Scrumdiddlyumptious,246.0,40,138.26,107.74,7,56.203252032520325,3.4564999999999997,2.6935,6.15,Lot's O' Nuts,32.881893,-111.768036
2263,US-2024-12263-CH,2025-09-24,2025-09-27,Standard Class,CUST-18173,United States,Athens,Georgia,30605,Other,Gulf,PROD-9415,Wonka Gum,220.32,24,31.879999999999995,188.44,3,14.469862018881624,1.3283333333333331,7.851666666666667,9.18,Secret Factory,41.446333,-90.565487
2264,US-2024-12264-CH,2025-06-26,2025-06-28,Second Class,CUST-16588,United States,Naperville,Illinois,60540,Other,Interior,PROD-9415,Wonka Gum,383.4,36,87.62,295.78,2,22.853416797078772,2.433888888888889,8.216111111111111,10.649999999999999,Secret Factory,41.446333,-90.565487
2265,US-2024-12265-CH,2026-04-05,2026-04-08,Standard Class,CUST-15032,United States,Atlanta,Georgia,30301,Sugar,Gulf,PROD-5646,Nerds,155.1,30,47.69,107.41,3,30.74790457769181,1.5896666666666666,3.5803333333333334,5.17,Sugar Shack,48.11914,-96.18115
2266,US-2024-12266-CH,2024-07-27,2024-07-31,Standard Class,CUST-19967,United States,Philadelphia,Pennsylvania,19143,Sugar,Atlantic,PROD-2533,Laffy Taffy,156.42,18,54.39999999999999,102.02,4,34.77816136043984,3.0222222222222217,5.667777777777777,8.69,Sugar Shack,48.11914,-96.18115
2267,US-2024-12267-CH,2025-10-09,2025-10-11,Second Class,CUST-18720,United States,Houston,Texas,77095,Chocolate,Gulf,PROD-8572,Wonka Bar - Nutty Crunch Surprise,67.83,7,35.92,31.91,2,52.95591920978918,5.131428571428572,4.558571428571429,9.69,Lot's O' Nuts,32.881893,-111.768036
2268,US-2024-12268-CH,2024-10-31,2024-11-03,Same Day,CUST-16123,United States,Houston,Texas,77095,Sugar,Gulf,PROD-2533,Laffy Taffy,219.78,22,85.05000000000001,134.73,3,38.6977886977887,3.8659090909090916,6.124090909090909,9.99,Sugar Shack,48.11914,-96.18115
2269,US-2024-12269-CH,2024-01-28,2024-01-30,Standard Class,CUST-14669,United States,Los Angeles,California,90049,Chocolate,Pacific,PROD-7514,Wonka Bar - Triple Dazzle Caramel,123.52,16,67.66999999999999,55.85,2,54.78465025906735,4.229374999999999,3.490625,7.72,Wicked Choccy's,32.076176,-81.088371
2270,US-2024-12270-CH,2025-10-05,2025-10-08,Standard Class,CUST-14225,United States,Naperville,Illinois,60540,Sugar,Interior,PROD-2120,Everlasting Gobstopper,292.68,36,78.46000000000001,214.22,3,26.80743474101408,2.1794444444444445,5.950555555555556,8.13,Secret Factory,41.446333,-90.565487
2271,US-2024-12271-CH,2025-09-20,2025-09-25,Standard Class,CUST-15004,United States,Atlanta,Georgia,30301,Chocolate,Gulf,PROD-3776,Wonka Bar -Scrumdiddlyumptious,19.02,6,9.4,9.62,5,49.42166140904312,1.5666666666666667,1.6033333333333333,3.17,Lot's O' Nuts,32.881893,-111.768036
2272,US-2024-12272-CH,2025-03-31,2025-04-03,Standard Class,CUST-13376,United States,Los Angeles,California,90049,Other,Pacific,PROD-9415,Wonka Gum,356.81,31,61.579999999999984,295.23,3,17.25848490793419,1.9864516129032253,9.523548387096774,11.51,Secret Factory,41.446333,-90.565487
2273,US-2024-12273-CH,2025-12-29,2026-01-05,Standard Class,CUST-10357,United States,Philadelphia,Pennsylvania,19143,Sugar,Atlantic,PROD-9885,Fun Dip,313.82,34,100.31,213.51,7,31.964183289783954,2.9502941176470587,6.279705882352941,9.23,Sugar Shack,48.11914,-96.18115
2274,US-2024-12274-CH,2024-01-18,2024-01-21,Standard Class,CUST-18678,United States,Philadelphia,Pennsylvania,19143,Chocolate,Atlantic,PROD-7514,Wonka Bar - Triple Dazzle Caramel,260.68,28,107.23000000000002,153.45,3,41.134724566518344,3.829642857142858,5.480357142857143,9.31,Wicked Choccy's,32.076176,-81.088371
2275,US-2024-12275-CH,2025-01-02,2025-01-05,Second Class,CUST-17807,United States,Chicago,Illinois,60601,Sugar,Interior,PROD-6629,SweeTARTS,169.6,16,60.06999999999999,109.53,3,35.4186320754717,3.7543749999999996,6.845625,10.6,Sugar Shack,48.11914,-96.18115
2276,US-2024-12276-CH,2024-05-22,2024-05-25,Second Class,CUST-12972,United States,Atlanta,Georgia,30301,Sugar,Gulf,PROD-9885,Fun Dip,547.68,48,245.10999999999996,302.57,3,44.754236050248316,5.106458333333332,6.303541666666667,11.409999999999998,Sugar Shack,48.11914,-96.18115
2277,US-2024-12277-CH,2026-06-17,2026-06-20,Same Day,CUST-18644,United States,New York,New York,10001,Sugar,Atlantic,PROD-2120,Everlasting Gobstopper,26.16,3,8.32,17.84,3,31.804281345565748,2.7733333333333334,5.946666666666666,8.72,Secret Factory,41.446333,-90.565487
2278,US-2024-12278-CH,2024-01-31,2024-02-05,Second Class,CUST-15718,United States,Atlanta,Georgia,30301,Other,Gulf,PROD-2646,Kazookles,175.98,21,43.31,132.67,5,24.610751221729746,2.0623809523809524,6.317619047619047,8.379999999999999,The Other Factory,35.1175,-89.971107
2279,US-2024-12279-CH,2025-06-23,2025-06-25,Same Day,CUST-14272,United States,Henderson,Kentucky,42420,Sugar,Gulf,PROD-2533,Laffy Taffy,72.63,9,22.269999999999996,50.36,2,30.662260773784933,2.474444444444444,5.595555555555555,8.07,Sugar Shack,48.11914,-96.18115
2280,US-2024-12280-CH,2024-05-06,2024-05-08,First Class,CUST-13551,United States,Houston,Texas,77095,Sugar,Gulf,PROD-2533,Laffy Taffy,63.36,8,16.240000000000002,47.12,2,25.63131313131313,2.0300000000000002,5.89,7.92,Sugar Shack,48.11914,-96.18115
2281,US-2024-12281-CH,2024-03-15,2024-03-17,Second Class,CUST-17882,United States,Atlanta,Georgia,30301,Sugar,Gulf,PROD-2120,Everlasting Gobstopper,391.2,40,58.379999999999995,332.82,2,14.923312883435583,1.4594999999999998,8.3205,9.78,Secret Factory,41.446333,-90.565487
2282,US-2024-12282-CH,2025-09-22,2025-09-25,Standard Class,CUST-15690,United States,Chicago,Illinois,60601,Other,Interior,PROD-9359,Fizzy Lifting Drinks,117.72,18,19.150000000000006,98.57,3,16.267414203194026,1.063888888888889,5.476111111111111,6.54,Sugar Shack,48.11914,-96.18115
2283,US-2024-12283-CH,2024-05-10,2024-05-13,Standard Class,CUST-15729,United States,Los Angeles,California,90049,Chocolate,Pacific,PROD-0874,Wonka Bar - Milk Chocolate,197.64,36,87.14999999999999,110.49,3,44.09532483302975,2.420833333333333,3.0691666666666664,5.489999999999999,Wicked Choccy's,32.076176,-81.088371
2284,US-2024-12284-CH,2024-12-31,2025-01-02,Second Class,CUST-16723,United States,Seattle,Washington,98101,Sugar,Pacific,PROD-5646,Nerds,32.46,3,11.46,21.0,2,35.304990757855826,3.8200000000000003,7.0,10.82,Sugar Shack,48.11914,-96.18115
2285,US-2024-12285-CH,2024-10-05,2024-10-08,First Class,CUST-11869,United States,Philadelphia,Pennsylvania,19143,Other,Atlantic,PROD-9415,Wonka Gum,254.54,26,64.75999999999999,189.78,3,25.441973756580495,2.4907692307692306,7.299230769230769,9.79,Secret Factory,41.446333,-90.565487
2286,US-2024-12286-CH,2025-11-25,2025-12-02,Standard Class,CUST-15902,United States,Henderson,Kentucky,42420,Sugar,Gulf,PROD-9885,Fun Dip,86.72,8,34.07,52.65,7,39.287361623616235,4.25875,6.58125,10.84,Sugar Shack,48.11914,-96.18115
2287,US-2024-12287-CH,2024-08-23,2024-08-26,Second Class,CUST-18958,United States,Philadelphia,Pennsylvania,19143,Chocolate,Atlantic,PROD-8572,Wonka Bar - Nutty Crunch Surprise,427.05,39,268.15,158.9,3,62.79124224329703,6.875641025641025,4.074358974358974,10.950000000000001,Lot's O' Nuts,32.881893,-111.768036
2288,US-2024-12288-CH,2025-02-22,2025-02-26,Standard Class,CUST-12910,United States,Chicago,Illinois,60601,Other,Interior,PROD-2646,Kazookles,27.03,3,6.310000000000002,20.72,4,23.344432112467636,2.103333333333334,6.906666666666666,9.01,The Other Factory,35.1175,-89.971107
2289,US-2024-12289-CH,2025-05-29,2025-06-03,Standard Class,CUST-10712,United States,Houston,Texas,77095,Chocolate,Gulf,PROD-3776,Wonka Bar -Scrumdiddlyumptious,241.23,33,128.27999999999997,112.95,5,53.17746548936698,3.8872727272727263,3.422727272727273,7.31,Lot's O' Nuts,32.881893,-111.768036
2290,US-2024-12290-CH,2024-09-26,2024-09-28,Standard Class,CUST-17713,United States,Chicago,Illinois,60601,Other,Interior,PROD-0345,Lickable Wallpaper,160.2,15,-0.7600000000000193,160.96,2,-0.474406991260936,-0.050666666666667956,10.730666666666668,10.68,Secret Factory,41.446333,-90.565487
2291,US-2024-12291-CH,2025-10-29,2025-11-01,Same Day,CUST-16854,United States,Henderson,Kentucky,42420,Sugar,Gulf,PROD-9885,Fun Dip,201.63,39,86.3,115.33,3,42.80117046074493,2.212820512820513,2.957179487179487,5.17,Sugar Shack,48.11914,-96.18115
2292,US-2024-12292-CH,2024-04-23,2024-04-25,Same Day,CUST-11967,United States,Houston,Texas,77095,Chocolate,Gulf,PROD-8572,Wonka Bar - Nutty Crunch Surprise,305.37,29,171.86,133.51,2,56.279267773520644,5.926206896551725,4.603793103448275,10.53,Lot's O' Nuts,32.881893,-111.768036
2293,US-2024-12293-CH,2024-05-22,2024-05-25,Standard Class,CUST-15515,United States,Philadelphia,Pennsylvania,19143,Chocolate,Atlantic,PROD-0874,Wonka Bar - Milk Chocolate,393.8,44,245.05,148.75,3,62.2270187912646,5.569318181818182,3.3806818181818183,8.950000000000001,Wicked Choccy's,32.076176,-81.088371
2294,US-2024-12294-CH,2024-01-31,2024-02-03,First Class,CUST-12562,United States,Athens,Georgia,30605,Chocolate,Gulf,PROD-0874,Wonka Bar - Milk Chocolate,397.6,35,230.13000000000002,167.47,3,57.8797786720322,6.575142857142858,4.784857142857143,11.360000000000001,Wicked Choccy's,32.076176,-81.088371
2295,US-2024-12295-CH,2025-01-25,2025-01-27,Standard Class,CUST-11027,United States,New York,New York,10001,Sugar,Atlantic,PROD-9885,Fun Dip,415.52,49,159.63,255.89,2,38.416923373122835,3.257755102040816,5.222244897959183,8.48,Sugar Shack,48.11914,-96.18115
2296,US-2024-12296-CH,2025-04-14,2025-04-18,Second Class,CUST-15489,United States,Chicago,Illinois,60601,Sugar,Interior,PROD-5646,Nerds,319.7,46,81.32,238.38,4,25.436346574913983,1.7678260869565217,5.182173913043478,6.95,Sugar Shack,48.11914,-96.18115
2297,US-2024-12297-CH,2024-01-05,2024-01-09,Standard Class,CUST-19755,United States,Henderson,Kentucky,42420,Other,Gulf,PROD-0345,Lickable Wallpaper,84.59,11,12.010000000000005,72.58,4,14.197895732356075,1.0918181818181822,6.598181818181818,7.69,Secret Factory,41.446333,-90.565487
2298,US-2024-12298-CH,2026-05-03,2026-05-06,Standard Class,CUST-11017,United States,New York,New York,10001,Sugar,Atlantic,PROD-2120,Everlasting Gobstopper,107.52,28,37.019999999999996,70.5,3,34.43080357142857,1.322142857142857,2.517857142857143,3.84,Secret Factory,41.446333,-90.565487
2299,US-2024-12299-CH,2025-10-23,2025-10-26,Standard Class,CUST-16829,United States,Chicago,Illinois,60601,Chocolate,Interior,PROD-7514,Wonka Bar - Triple Dazzle Caramel,45.55,5,20.279999999999998,25.27,3,44.522502744237094,4.055999999999999,5.054,9.11,Wicked Choccy's,32.076176,-81.088371
2300,US-2024-12300-CH,2025-09-11,2025-09-15,Standard Class,CUST-19176,United States,Los Angeles,California,90049,Sugar,Pacific,PROD-9885,Fun Dip,30.33,9,8.819999999999997,21.51,4,29.080118694362007,0.9799999999999996,2.39,3.3699999999999997,Sugar Shack,48.11914,-96.18115
2301,US-2024-12301-CH,2025-01-31,2025-02-07,Standard Class,CUST-19405,United States,New York,New York,10001,Chocolate,Atlantic,PROD-3893,Wonka Bar - Fudge Mallows,319.8,41,130.73000000000002,189.07,7,40.878674171357105,3.188536585365854,4.611463414634146,7.800000000000001,Lot's O' Nuts,32.881893,-111.768036
2302,US-2024-12302-CH,2024-02-28,2024-03-01,Second Class,CUST-19203,United States,Atlanta,Georgia,30301,Sugar,Gulf,PROD-9885,Fun Dip,346.05,45,152.8,193.25,2,44.15546886288109,3.3955555555555557,4.294444444444444,7.69,Sugar Shack,48.11914,-96.18115
2303,US-2024-12303-CH,2024-12-05,2024-12-07,Standard Class,CUST-10988,United States,Philadelphia,Pennsylvania,19143,Other,Atlantic,PROD-0345,Lickable Wallpaper,285.12,36,1.259999999999991,283.86,2,0.4419191919191887,0.03499999999999975,7.885000000000001,7.92,Secret Factory,41.446333,-90.565487
2304,US-2024-12304-CH,2026-03-15,2026-03-22,Second Class,CUST-13005,United States,Athens,Georgia,30605,Chocolate,Gulf,PROD-3776,Wonka Bar -Scrumdiddlyumptious,53.04,17,33.75,19.29,7,63.63122171945701,1.9852941176470589,1.1347058823529412,3.12,Lot's O' Nuts,32.881893,-111.768036
2305,US-2024-12305-CH,2026-04-15,2026-04-18,Same Day,CUST-15970,United States,Seattle,Washington,98101,Chocolate,Pacific,PROD-0874,Wonka Bar - Milk Chocolate,298.99,29,122.92000000000002,176.07,3,41.111742867654435,4.238620689655173,6.0713793103448275,10.31,Wicked Choccy's,32.076176,-81.088371
2306,US-2024-12306-CH,2025-04-10,2025-04-15,Standard Class,CUST-13137,United States,Philadelphia,Pennsylvania,19143,Chocolate,Atlantic,PROD-8572,Wonka Bar - Nutty Crunch Surprise,393.6,41,180.20000000000002,213.4,5,45.78252032520325,4.3951219512195125,5.204878048780488,9.600000000000001,Lot's O' Nuts,32.881893,-111.768036
2307,US-2024-12307-CH,2025-09-23,2025-09-25,Second Class,CUST-17906,United States,New York,New York,10001,Sugar,Atlantic,PROD-0725,Hair Toffee,169.65,29,20.22,149.43,2,11.918656056587091,0.6972413793103448,5.152758620689656,5.8500000000000005,The Other Factory,35.1175,-89.971107
2308,US-2024-12308-CH,2025-02-03,2025-02-05,Standard Class,CUST-19898,United States,Athens,Georgia,30605,Chocolate,Gulf,PROD-3776,Wonka Bar -Scrumdiddlyumptious,258.93,27,144.4,114.53,2,55.7679681767273,5.348148148148148,4.241851851851852,9.59,Lot's O' Nuts,32.881893,-111.768036
2309,US-2024-12309-CH,2024-12-05,2024-12-08,Standard Class,CUST-18503,United States,Houston,Texas,77095,Sugar,Gulf,PROD-9885,Fun Dip,163.06,31,58.5,104.56,3,35.876364528394454,1.8870967741935485,3.3729032258064517,5.26,Sugar Shack,48.11914,-96.18115
2310,US-2024-12310-CH,2024-05-08,2024-05-10,Standard Class,CUST-18995,United States,Naperville,Illinois,60540,Sugar,Interior,PROD-5646,Nerds,310.05,39,86.65,223.4,2,27.94710530559587,2.221794871794872,5.728205128205128,7.95,Sugar Shack,48.11914,-96.18115
2311,US-2024-12311-CH,2024-12-09,2024-12-11,Same Day,CUST-17669,United States,Henderson,Kentucky,42420,Chocolate,Gulf,PROD-0874,Wonka Bar - Milk Chocolate,192.4,40,124.49000000000001,67.91,2,64.70374220374221,3.1122500000000004,1.6977499999999999,4.8100000000000005,Wicked Choccy's,32.076176,-81.088371
2312,US-2024-12312-CH,2025-12-01,2025-12-03,Standard Class,CUST-16107,United States,Seattle,Washington,98101,Sugar,Pacific,PROD-2533,Laffy Taffy,311.08,28,84.75999999999999,226.32,2,27.247010415327246,3.0271428571428567,8.082857142857142,11.11,Sugar Shack,48.11914,-96.18115
2313,US-2024-12313-CH,2025-01-21,2025-01-24,Standard Class,CUST-10275,United States,Henderson,Kentucky,42420,Sugar,Gulf,PROD-2120,Everlasting Gobstopper,110.76,39,37.46000000000001,73.3,3,33.82087396171904,0.9605128205128207,1.8794871794871795,2.8400000000000003,Secret Factory,41.446333,-90.565487
2314,US-2024-12314-CH,2026-06-16,2026-06-20,Second Class,CUST-15870,United States,Houston,Texas,77095,Other,Gulf,PROD-2646,Kazookles,158.76,28,48.879999999999995,109.88,4,30.788611740992692,1.7457142857142856,3.924285714285714,5.67,The Other Factory,35.1175,-89.971107
2315,US-2024-12315-CH,2024-01-17,2024-01-20,Second Class,CUST-19047,United States,Chicago,Illinois,60601,Other,Interior,PROD-9415,Wonka Gum,60.48,21,20.639999999999993,39.84,3,34.12698412698412,0.9828571428571425,1.8971428571428572,2.88,Secret Factory,41.446333,-90.565487
2316,US-2024-12316-CH,2026-05-19,2026-05-26,Standard Class,CUST-14278,United States,Philadelphia,Pennsylvania,19143,Other,Atlantic,PROD-9359,Fizzy Lifting Drinks,192.66,38,9.310000000000002,183.35,7,4.832347140039449,0.24500000000000005,4.825,5.07,Sugar Shack,48.11914,-96.18115
2317,US-2024-12317-CH,2024-01-06,2024-01-08,Second Class,CUST-16783,United States,Naperville,Illinois,60540,Sugar,Interior,PROD-6629,SweeTARTS,142.66,14,53.53,89.13,2,37.522781438384975,3.823571428571429,6.366428571428571,10.19,Sugar Shack,48.11914,-96.18115
2318,US-2024-12318-CH,2024-02-20,2024-02-24,First Class,CUST-10970,United States,Philadelphia,Pennsylvania,19143,Sugar,Atlantic,PROD-2533,Laffy Taffy,96.6,21,24.169999999999987,72.43,4,25.020703933747402,1.1509523809523803,3.4490476190476196,4.6,Sugar Shack,48.11914,-96.18115
2319,US-2024-12319-CH,2025-05-16,2025-05-19,Standard Class,CUST-15188,United States,Seattle,Washington,98101,Sugar,Pacific,PROD-5646,Nerds,79.0,25,20.58,58.42,3,26.050632911392402,0.8231999999999999,2.3368,3.16,Sugar Shack,48.11914,-96.18115
2320,US-2024-12320-CH,2025-08-12,2025-08-15,Standard Class,CUST-19168,United States,Naperville,Illinois,60540,Other,Interior,PROD-9359,Fizzy Lifting Drinks,32.73,3,5.029999999999998,27.7,3,15.36816376413076,1.6766666666666659,9.233333333333333,10.909999999999998,Sugar Shack,48.11914,-96.18115
2321,US-2024-12321-CH,2025-08-20,2025-08-23,First Class,CUST-10140,United States,Houston,Texas,77095,Other,Gulf,PROD-0345,Lickable Wallpaper,264.1,38,31.78000000000003,232.32,3,12.033320711851582,0.836315789473685,6.113684210526316,6.95,Secret Factory,41.446333,-90.565487
2322,US-2024-12322-CH,2025-12-16,2025-12-18,Standard Class,CUST-10363,United States,New York,New York,10001,Other,Atlantic,PROD-9415,Wonka Gum,10.08,4,3.21,6.87,2,31.845238095238095,0.8025,1.7175,2.52,Secret Factory,41.446333,-90.565487
2323,US-2024-12323-CH,2025-11-08,2025-11-15,Standard Class,CUST-15437,United States,New York,New York,10001,Sugar,Atlantic,PROD-6629,SweeTARTS,12.36,3,4.4799999999999995,7.88,7,36.24595469255663,1.4933333333333332,2.6266666666666665,4.12,Sugar Shack,48.11914,-96.18115
2324,US-2024-12324-CH,2024-12-28,2024-12-31,Second Class,CUST-19974,United States,Philadelphia,Pennsylvania,19143,Sugar,Atlantic,PROD-2120,Everlasting Gobstopper,131.88,14,38.28999999999999,93.59,3,29.033970276008485,2.7349999999999994,6.6850000000000005,9.42,Secret Factory,41.446333,-90.565487
2325,US-2024-12325-CH,2026-03-14,2026-03-18,Standard Class,CUST-13526,United States,Chicago,Illinois,60601,Sugar,Interior,PROD-2533,Laffy Taffy,35.75,11,12.77,22.98,4,35.72027972027972,1.160909090909091,2.0890909090909093,3.25,Sugar Shack,48.11914,-96.18115
2326,US-2024-12326-CH,2024-04-03,2024-04-05,Standard Class,CUST-16137,United States,Houston,Texas,77095,Other,Gulf,PROD-9359,Fizzy Lifting Drinks,272.46,38,41.859999999999985,230.6,2,15.363723115319674,1.1015789473684208,6.068421052631579,7.169999999999999,Sugar Shack,48.11914,-96.18115
2327,US-2024-12327-CH,2025-06-09,2025-06-12,Standard Class,CUST-15593,United States,Naperville,Illinois,60540,Sugar,Interior,PROD-2533,Laffy Taffy,28.38,3,8.219999999999999,20.16,3,28.96405919661733,2.7399999999999998,6.72,9.459999999999999,Sugar Shack,48.11914,-96.18115
2328,US-2024-12328-CH,2025-03-22,2025-03-26,Second Class,CUST-10828,United States,Philadelphia,Pennsylvania,19143,Sugar,Atlantic,PROD-2120,Everlasting Gobstopper,36.2,5,9.530000000000001,26.67,4,26.32596685082873,1.9060000000000001,5.3340000000000005,7.24,Secret Factory,41.446333,-90.565487
2329,US-2024-12329-CH,2024-04-12,2024-04-15,First Class,CUST-16785,United States,Houston,Texas,77095,Other,Gulf,PROD-2646,Kazookles,182.84,28,40.78999999999999,142.05,3,22.309122730255957,1.456785714285714,5.073214285714286,6.53,The Other Factory,35.1175,-89.971107
2330,US-2024-12330-CH,2024-12-30,2025-01-03,Standard Class,CUST-12173,United States,Chicago,Illinois,60601,Sugar,Interior,PROD-6629,SweeTARTS,61.1,10,19.68,41.42,4,32.20949263502455,1.968,4.142,6.11,Sugar Shack,48.11914,-96.18115
2331,US-2024-12331-CH,2024-12-31,2025-01-04,Standard Class,CUST-10393,United States,Naperville,Illinois,60540,Chocolate,Interior,PROD-0874,Wonka Bar - Milk Chocolate,74.64,8,40.07,34.57,4,53.68435155412647,5.00875,4.32125,9.33,Wicked Choccy's,32.076176,-81.088371
2332,US-2024-12332-CH,2025-06-13,2025-06-18,Standard Class,CUST-16953,United States,Philadelphia,Pennsylvania,19143,Chocolate,Atlantic,PROD-3893,Wonka Bar - Fudge Mallows,46.8,6,21.819999999999997,24.98,5,46.62393162393162,3.6366666666666663,4.163333333333333,7.8,Lot's O' Nuts,32.881893,-111.768036
2333,US-2024-12333-CH,2025-11-20,2025-11-23,Standard Class,CUST-17445,United States,New York,New York,10001,Chocolate,Atlantic,PROD-8572,Wonka Bar - Nutty Crunch Surprise,150.24,16,82.51,67.73,3,54.91879659211928,5.156875,4.233125,9.39,Lot's O' Nuts,32.881893,-111.768036
2334,US-2024-12334-CH,2025-08-31,2025-09-03,Standard Class,CUST-15120,United States,Naperville,Illinois,60540,Other,Interior,PROD-9359,Fizzy Lifting Drinks,310.08,38,39.91999999999996,270.16,3,12.87409700722393,1.0505263157894726,7.109473684210527,8.16,Sugar Shack,48.11914,-96.18115
2335,US-2024-12335-CH,2025-08-23,2025-08-26,Standard Class,CUST-15690,United States,Chicago,Illinois,60601,Other,Interior,PROD-9415,Wonka Gum,88.24,8,17.679999999999993,70.56,3,20.03626473254759,2.209999999999999,8.82,11.03,Secret Factory,41.446333,-90.565487
2336,US-2024-12336-CH,2025-03-22,2025-03-26,Standard Class,CUST-15479,United States,Henderson,Kentucky,42420,Sugar,Gulf,PROD-2120,Everlasting Gobstopper,152.1,15,36.11999999999999,115.98,4,23.74753451676528,2.4079999999999995,7.732,10.139999999999999,Secret Factory,41.446333,-90.565487
2337,US-2024-12337-CH,2024-03-28,2024-04-01,Standard Class,CUST-15125,United States,Philadelphia,Pennsylvania,19143,Sugar,Atlantic,PROD-2120,Everlasting Gobstopper,98.64,24,32.18000000000001,66.46,4,32.623682076236825,1.3408333333333335,2.7691666666666666,4.11,Secret Factory,41.446333,-90.565487
2338,US-2024-12338-CH,2025-01-19,2025-01-22,Second Class,CUST-10836,United States,Henderson,Kentucky,42420,Other,Gulf,PROD-9415,Wonka Gum,68.38,26,19.359999999999992,49.02,3,28.31237203860777,0.7446153846153843,1.8853846153846154,2.63,Secret Factory,41.446333,-90.565487
2339,US-2024-12339-CH,2025-07-15,2025-07-18,Second Class,CUST-13822,United States,New York,New York,10001,Other,Atlantic,PROD-2646,Kazookles,66.8,10,18.33,48.47,3,27.440119760479043,1.8329999999999997,4.8469999999999995,6.68,The Other Factory,35.1175,-89.971107
2340,US-2024-12340-CH,2026-01-09,2026-01-12,First Class,CUST-14452,United States,Chicago,Illinois,60601,Other,Interior,PROD-9359,Fizzy Lifting Drinks,337.12,49,19.54000000000002,317.58,3,5.79615567157096,0.39877551020408203,6.481224489795918,6.88,Sugar Shack,48.11914,-96.18115
2341,US-2024-12341-CH,2024-09-17,2024-09-20,Second Class,CUST-17227,United States,New York,New York,10001,Sugar,Atlantic,PROD-2120,Everlasting Gobstopper,381.48,34,56.379999999999995,325.1,3,14.77928069623571,1.658235294117647,9.561764705882354,11.22,Secret Factory,41.446333,-90.565487
2342,US-2024-12342-CH,2024-12-14,2024-12-21,Standard Class,CUST-11978,United States,Philadelphia,Pennsylvania,19143,Other,Atlantic,PROD-0345,Lickable Wallpaper,331.1,35,2.3799999999999955,328.72,7,0.7188160676532755,0.06799999999999987,9.392000000000001,9.46,Secret Factory,41.446333,-90.565487
2343,US-2024-12343-CH,2025-09-06,2025-09-11,Standard Class,CUST-19109,United States,Athens,Georgia,30605,Other,Gulf,PROD-9359,Fizzy Lifting Drinks,194.56,19,6.340000000000003,188.22,5,3.2586348684210544,0.33368421052631597,9.906315789473684,10.24,Sugar Shack,48.11914,-96.18115
2344,US-2024-12344-CH,2025-08-20,2025-08-22,Second Class,CUST-14371,United States,Chicago,Illinois,60601,Chocolate,Interior,PROD-3893,Wonka Bar - Fudge Mallows,188.76,26,92.02999999999999,96.73,2,48.75503284594193,3.539615384615384,3.7203846153846154,7.26,Lot's O' Nuts,32.881893,-111.768036
2345,US-2024-12345-CH,2026-02-13,2026-02-17,Standard Class,CUST-15827,United States,Philadelphia,Pennsylvania,19143,Sugar,Atlantic,PROD-0725,Hair Toffee,113.2,20,27.820000000000007,85.38,4,24.57597173144877,1.3910000000000005,4.269,5.66,The Other Factory,35.1175,-89.971107
2346,US-2024-12346-CH,2025-04-13,2025-04-16,Standard Class,CUST-16091,United States,Houston,Texas,77095,Sugar,Gulf,PROD-0725,Hair Toffee,19.95,3,2.5500000000000007,17.4,3,12.781954887218049,0.8500000000000002,5.8,6.6499999999999995,The Other Factory,35.1175,-89.971107
2347,US-2024-12347-CH,2025-05-12,2025-05-14,Standard Class,CUST-14994,United States,Chicago,Illinois,60601,Sugar,Interior,PROD-9885,Fun Dip,251.46,33,87.93,163.53,2,34.96778811739441,2.6645454545454546,4.955454545454545,7.62,Sugar Shack,48.11914,-96.18115
2348,US-2024-12348-CH,2024-06-24,2024-06-27,Standard Class,CUST-17787,United States,Atlanta,Georgia,30301,Sugar,Gulf,PROD-9885,Fun Dip,36.6,6,11.990000000000002,24.61,3,32.75956284153006,1.9983333333333337,4.101666666666667,6.1000000000000005,Sugar Shack,48.11914,-96.18115
2349,US-2024-12349-CH,2025-11-18,2025-11-21,Standard Class,CUST-15137,United States,Houston,Texas,77095,Sugar,Gulf,PROD-2533,Laffy Taffy,279.51,33,121.41,158.1,3,43.43672856069551,3.679090909090909,4.790909090909091,8.469999999999999,Sugar Shack,48.11914,-96.18115
2350,US-2024-12350-CH,2024-11-23,2024-11-26,Same Day,CUST-15217,United States,Houston,Texas,77095,Sugar,Gulf,PROD-0725,Hair Toffee,152.1,39,16.210000000000008,135.89,3,10.65746219592374,0.41564102564102584,3.484358974358974,3.9,The Other Factory,35.1175,-89.971107
2351,US-2024-12351-CH,2025-07-04,2025-07-11,Standard Class,CUST-19095,United States,Chicago,Illinois,60601,Chocolate,Interior,PROD-3776,Wonka Bar -Scrumdiddlyumptious,76.14,27,32.01,44.13,7,42.040977147360124,1.1855555555555555,1.6344444444444446,2.82,Lot's O' Nuts,32.881893,-111.768036
2352,US-2024-12352-CH,2024-10-06,2024-10-09,Standard Class,CUST-19207,United States,Houston,Texas,77095,Chocolate,Gulf,PROD-3776,Wonka Bar -Scrumdiddlyumptious,163.62,18,102.12,61.5,3,62.412907957462416,5.673333333333334,3.4166666666666665,9.09,Lot's O' Nuts,32.881893,-111.768036
2353,US-2024-12353-CH,2025-04-14,2025-04-17,Standard Class,CUST-17847,United States,Athens,Georgia,30605,Chocolate,Gulf,PROD-3893,Wonka Bar - Fudge Mallows,295.75,25,129.89,165.86,3,43.91885038038883,5.1956,6.6344,11.83,Lot's O' Nuts,32.881893,-111.768036
2354,US-2024-12354-CH,2024-03-12,2024-03-15,Standard Class,CUST-19673,United States,Chicago,Illinois,60601,Other,Interior,PROD-9359,Fizzy Lifting Drinks,95.92,22,17.049999999999997,78.87,3,17.77522935779816,0.7749999999999999,3.5850000000000004,4.36,Sugar Shack,48.11914,-96.18115
2355,US-2024-12355-CH,2025-01-11,2025-01-14,Second Class,CUST-18148,United States,Houston,Texas,77095,Sugar,Gulf,PROD-0725,Hair Toffee,31.4,10,6.789999999999999,24.61,3,21.62420382165605,0.6789999999999999,2.461,3.1399999999999997,The Other Factory,35.1175,-89.971107
2356,US-2024-12356-CH,2025-05-08,2025-05-11,Standard Class,CUST-13399,United States,Houston,Texas,77095,Sugar,Gulf,PROD-2533,Laffy Taffy,60.17,11,25.700000000000003,34.47,3,42.71231510719628,2.3363636363636364,3.1336363636363633,5.47,Sugar Shack,48.11914,-96.18115
2357,US-2024-12357-CH,2026-04-13,2026-04-18,First Class,CUST-12261,United States,Houston,Texas,77095,Sugar,Gulf,PROD-0725,Hair Toffee,116.4,30,28.840000000000003,87.56,5,24.7766323024055,0.9613333333333335,2.9186666666666667,3.8800000000000003,The Other Factory,35.1175,-89.971107
2358,US-2024-12358-CH,2024-10-15,2024-10-22,First Class,CUST-15159,United States,Philadelphia,Pennsylvania,19143,Chocolate,Atlantic,PROD-3893,Wonka Bar - Fudge Mallows,20.43,3,10.86,9.57,7,53.15712187958884,3.6199999999999997,3.19,6.81,Lot's O' Nuts,32.881893,-111.768036
2359,US-2024-12359-CH,2024-07-28,2024-07-30,Standard Class,CUST-17166,United States,Athens,Georgia,30605,Sugar,Gulf,PROD-2533,Laffy Taffy,60.96,24,15.36,45.6,2,25.196850393700785,0.64,1.9000000000000001,2.54,Sugar Shack,48.11914,-96.18115
2360,US-2024-12360-CH,2025-12-22,2025-12-26,Standard Class,CUST-19183,United States,New York,New York,10001,Other,Atlantic,PROD-2646,Kazookles,45.52,4,7.290000000000006,38.23,4,16.014938488576462,1.8225000000000016,9.5575,11.38,The Other Factory,35.1175,-89.971107
2361,US-2024-12361-CH,2025-01-25,2025-01-28,First Class,CUST-19463,United States,Seattle,Washington,98101,Other,Pacific,PROD-9415,Wonka Gum,145.6,16,20.849999999999994,124.75,3,14.320054945054942,1.3031249999999996,7.796875,9.1,Secret Factory,41.446333,-90.565487
2362,US-2024-12362-CH,2024-01-05,2024-01-08,Standard Class,CUST-17437,United States,Henderson,Kentucky,42420,Other,Gulf,PROD-0345,Lickable Wallpaper,40.14,6,-1.4500000000000028,41.59,3,-3.612356751370211,-0.24166666666666714,6.9316666666666675,6.69,Secret Factory,41.446333,-90.565487
2363,US-2024-12363-CH,2024-03-22,2024-03-25,Standard Class,CUST-17258,United States,Atlanta,Georgia,30301,Sugar,Gulf,PROD-0725,Hair Toffee,318.5,35,94.91999999999999,223.58,3,29.8021978021978,2.7119999999999997,6.388000000000001,9.1,The Other Factory,35.1175,-89.971107
2364,US-2024-12364-CH,2024-09-05,2024-09-09,First Class,CUST-11494,United States,Philadelphia,Pennsylvania,19143,Chocolate,Atlantic,PROD-7514,Wonka Bar - Triple Dazzle Caramel,199.98,18,126.52,73.46,4,63.26632663266327,7.028888888888889,4.0811111111111105,11.11,Wicked Choccy's,32.076176,-81.088371
2365,US-2024-12365-CH,2024-10-01,2024-10-08,Standard Class,CUST-17957,United States,New York,New York,10001,Other,Atlantic,PROD-2646,Kazookles,203.28,42,50.91,152.37,7,25.04427390791027,1.212142857142857,3.627857142857143,4.84,The Other Factory,35.1175,-89.971107
2366,US-2024-12366-CH,2026-03-04,2026-03-08,Standard Class,CUST-15393,United States,Naperville,Illinois,60540,Sugar,Interior,PROD-2120,Everlasting Gobstopper,43.14,6,13.560000000000002,29.58,4,31.432545201668987,2.2600000000000002,4.93,7.19,Secret Factory,41.446333,-90.565487
2367,US-2024-12367-CH,2024-03-06,2024-03-10,Standard Class,CUST-19895,United States,Naperville,Illinois,60540,Other,Interior,PROD-2646,Kazookles,112.66,43,32.97,79.69,4,29.265045268950825,0.7667441860465116,1.8532558139534883,2.62,The Other Factory,35.1175,-89.971107
2368,US-2024-12368-CH,2024-06-27,2024-06-30,Standard Class,CUST-10835,United States,Naperville,Illinois,60540,Sugar,Interior,PROD-5646,Nerds,142.12,17,51.260000000000005,90.86,3,36.06811145510836,3.015294117647059,5.344705882352941,8.36,Sugar Shack,48.11914,-96.18115
2369,US-2024-12369-CH,2025-11-17,2025-11-19,First Class,CUST-18323,United States,Los Angeles,California,90049,Chocolate,Pacific,PROD-0874,Wonka Bar - Milk Chocolate,39.8,4,23.689999999999998,16.11,2,59.52261306532664,5.922499999999999,4.0275,9.95,Wicked Choccy's,32.076176,-81.088371
2370,US-2024-12370-CH,2025-05-27,2025-05-29,Standard Class,CUST-13985,United States,New York,New York,10001,Sugar,Atlantic,PROD-9885,Fun Dip,117.0,36,39.739999999999995,77.26,2,33.96581196581196,1.1038888888888887,2.1461111111111113,3.25,Sugar Shack,48.11914,-96.18115
2371,US-2024-12371-CH,2024-08-09,2024-08-12,Second Class,CUST-13460,United States,New York,New York,10001,Sugar,Atlantic,PROD-5646,Nerds,378.36,36,159.15,219.21,3,42.06311449413257,4.420833333333333,6.089166666666667,10.51,Sugar Shack,48.11914,-96.18115
2372,US-2024-12372-CH,2024-02-21,2024-02-23,Standard Class,CUST-15163,United States,Naperville,Illinois,60540,Other,Interior,PROD-0345,Lickable Wallpaper,47.52,8,4.640000000000001,42.88,2,9.764309764309765,0.5800000000000001,5.36,5.94,Secret Factory,41.446333,-90.565487
2373,US-2024-12373-CH,2025-08-07,2025-08-10,Standard Class,CUST-14757,United States,Atlanta,Georgia,30301,Other,Gulf,PROD-0345,Lickable Wallpaper,313.48,34,-2.509999999999991,315.99,3,-0.80068903917315,-0.07382352941176444,9.293823529411766,9.22,Secret Factory,41.446333,-90.565487
2374,US-2024-12374-CH,2024-07-04,2024-07-07,Second Class,CUST-15112,United States,Naperville,Illinois,60540,Chocolate,Interior,PROD-0874,Wonka Bar - Milk Chocolate,239.46,26,104.55000000000001,134.91,3,43.66073665747933,4.0211538461538465,5.188846153846153,9.21,Wicked Choccy's,32.076176,-81.088371
2375,US-2024-12375-CH,2025-07-22,2025-07-25,Standard Class,CUST-10834,United States,Seattle,Washington,98101,Sugar,Pacific,PROD-0725,Hair Toffee,104.13,13,26.879999999999995,77.25,3,25.813886488043785,2.0676923076923073,5.9423076923076925,8.01,The Other Factory,35.1175,-89.971107
2376,US-2024-12376-CH,2024-02-14,2024-02-16,Standard Class,CUST-11839,United States,Seattle,Washington,98101,Chocolate,Pacific,PROD-8572,Wonka Bar - Nutty Crunch Surprise,41.56,4,19.080000000000002,22.48,2,45.90952839268528,4.7700000000000005,5.62,10.39,Lot's O' Nuts,32.881893,-111.768036
2377,US-2024-12377-CH,2025-12-14,2025-12-21,Second Class,CUST-15213,United States,Atlanta,Georgia,30301,Chocolate,Gulf,PROD-3893,Wonka Bar - Fudge Mallows,49.7,7,25.700000000000003,24.0,7,51.7102615694165,3.6714285714285717,3.4285714285714284,7.1000000000000005,Lot's O' Nuts,32.881893,-111.768036
2378,US-2024-12378-CH,2024-02-27,2024-03-03,Standard Class,CUST-10436,United States,Athens,Georgia,30605,Sugar,Gulf,PROD-6629,SweeTARTS,220.16,32,81.75999999999999,138.4,5,37.13662790697674,2.5549999999999997,4.325,6.88,Sugar Shack,48.11914,-96.18115
2379,US-2024-12379-CH,2025-02-06,2025-02-08,Standard Class,CUST-10461,United States,Philadelphia,Pennsylvania,19143,Sugar,Atlantic,PROD-6629,SweeTARTS,78.54,11,32.56000000000001,45.98,2,41.45658263305323,2.960000000000001,4.18,7.140000000000001,Sugar Shack,48.11914,-96.18115
2380,US-2024-12380-CH,2024-06-10,2024-06-12,Standard Class,CUST-10088,United States,Henderson,Kentucky,42420,Other,Gulf,PROD-0345,Lickable Wallpaper,110.5,34,12.769999999999996,97.73,2,11.556561085972847,0.37558823529411756,2.8744117647058824,3.25,Secret Factory,41.446333,-90.565487
2381,US-2024-12381-CH,2026-03-11,2026-03-13,Standard Class,CUST-14433,United States,Philadelphia,Pennsylvania,19143,Sugar,Atlantic,PROD-2533,Laffy Taffy,80.08,26,34.739999999999995,45.34,2,43.381618381618374,1.336153846153846,1.743846153846154,3.08,Sugar Shack,48.11914,-96.18115
2382,US-2024-12382-CH,2024-12-20,2024-12-23,First Class,CUST-13764,United States,Houston,Texas,77095,Other,Gulf,PROD-9359,Fizzy Lifting Drinks,255.36,24,-2.329999999999984,257.69,3,-0.9124373433583898,-0.09708333333333267,10.737083333333333,10.64,Sugar Shack,48.11914,-96.18115
2383,US-2024-12383-CH,2024-07-21,2024-07-24,First Class,CUST-19651,United States,New York,New York,10001,Chocolate,Atlantic,PROD-0874,Wonka Bar - Milk Chocolate,188.37,21,100.92,87.45,3,53.57541009714922,4.805714285714286,4.164285714285715,8.97,Wicked Choccy's,32.076176,-81.088371
2384,US-2024-12384-CH,2025-06-25,2025-06-30,Standard Class,CUST-12122,United States,Henderson,Kentucky,42420,Sugar,Gulf,PROD-0725,Hair Toffee,295.75,35,50.33000000000001,245.42,5,17.017751479289945,1.4380000000000004,7.012,8.45,The Other Factory,35.1175,-89.971107
2385,US-2024-12385-CH,2025-05-12,2025-05-14,Second Class,CUST-11264,United States,Henderson,Kentucky,42420,Other,Gulf,PROD-0345,Lickable Wallpaper,219.83,19,37.05000000000001,182.78,2,16.853932584269668,1.9500000000000006,9.62,11.57,Secret Factory,41.446333,-90.565487
2386,US-2024-12386-CH,2024-08-07,2024-08-09,Standard Class,CUST-11747,United States,Los Angeles,California,90049,Other,Pacific,PROD-0345,Lickable Wallpaper,88.91,17,14.079999999999998,74.83,2,15.83623889326285,0.828235294117647,4.401764705882353,5.2299999999999995,Secret Factory,41.446333,-90.565487
2387,US-2024-12387-CH,2024-08-18,2024-08-25,Standard Class,CUST-16409,United States,Atlanta,Georgia,30301,Sugar,Gulf,PROD-2533,Laffy Taffy,270.25,25,109.97999999999999,160.27,7,40.69565217391304,4.3991999999999996,6.4108,10.81,Sugar Shack,48.11914,-96.18115
2388,US-2024-12388-CH,2026-01-26,2026-01-29,Second Class,CUST-16069,United States,Chicago,Illinois,60601,Sugar,Interior,PROD-2533,Laffy Taffy,35.55,9,13.029999999999998,22.52,3,36.65260196905766,1.4477777777777776,2.502222222222222,3.9499999999999997,Sugar Shack,48.11914,-96.18115
2389,US-2024-12389-CH,2025-03-22,2025-03-25,Standard Class,CUST-16210,United States,Chicago,Illinois,60601,Chocolate,Interior,PROD-3893,Wonka Bar - Fudge Mallows,30.4,4,14.36,16.04,3,47.23684210526316,3.59,4.01,7.6,Lot's O' Nuts,32.881893,-111.768036
2390,US-2024-12390-CH,2025-04-23,2025-04-26,Second Class,CUST-16705,United States,Seattle,Washington,98101,Chocolate,Pacific,PROD-7514,Wonka Bar - Triple Dazzle Caramel,91.8,27,39.86,51.94,3,43.42047930283224,1.4762962962962962,1.9237037037037037,3.4,Wicked Choccy's,32.076176,-81.088371
2391,US-2024-12391-CH,2026-04-10,2026-04-13,Standard Class,CUST-11580,United States,Henderson,Kentucky,42420,Sugar,Gulf,PROD-6629,SweeTARTS,89.54,22,24.970000000000013,64.57,3,27.8869778869779,1.1350000000000007,2.9349999999999996,4.07,Sugar Shack,48.11914,-96.18115
2392,US-2024-12392-CH,2024-02-22,2024-02-25,Standard Class,CUST-10693,United States,New York,New York,10001,Sugar,Atlantic,PROD-0725,Hair Toffee,38.72,4,7.759999999999998,30.96,3,20.04132231404958,1.9399999999999995,7.74,9.68,The Other Factory,35.1175,-89.971107
2393,US-2024-12393-CH,2024-06-30,2024-07-03,Standard Class,CUST-16634,United States,Los Angeles,California,90049,Sugar,Pacific,PROD-5646,Nerds,69.93,7,27.230000000000004,42.7,3,38.93893893893894,3.8900000000000006,6.1000000000000005,9.99,Sugar Shack,48.11914,-96.18115
2394,US-2024-12394-CH,2025-03-13,2025-03-20,Standard Class,CUST-17739,United States,Seattle,Washington,98101,Chocolate,Pacific,PROD-8572,Wonka Bar - Nutty Crunch Surprise,272.02,29,127.17999999999998,144.84,7,46.75391515329755,4.3855172413793095,4.9944827586206895,9.379999999999999,Lot's O' Nuts,32.881893,-111.768036
2395,US-2024-12395-CH,2025-04-06,2025-04-09,Second Class,CUST-16625,United States,Henderson,Kentucky,42420,Chocolate,Gulf,PROD-7514,Wonka Bar - Triple Dazzle Caramel,114.12,18,56.24,57.88,3,49.28145811426569,3.1244444444444444,3.2155555555555555,6.34,Wicked Choccy's,32.076176,-81.088371
2396,US-2024-12396-CH,2024-09-24,2024-09-29,Standard Class,CUST-17782,United States,Houston,Texas,77095,Other,Gulf,PROD-0345,Lickable Wallpaper,70.04,17,1.5100000000000051,68.53,5,2.1559109080525487,0.08882352941176501,4.031176470588235,4.12,Secret Factory,41.446333,-90.565487
2397,US-2024-12397-CH,2024-02-06,2024-02-11,Standard Class,CUST-16487,United States,Henderson,Kentucky,42420,Other,Gulf,PROD-2646,Kazookles,300.24,36,47.360000000000014,252.88,5,15.774047428723692,1.315555555555556,7.024444444444445,8.34,The Other Factory,35.1175,-89.971107
2398,US-2024-12398-CH,2025-01-11,2025-01-14,Standard Class,CUST-11017,United States,Naperville,Illinois,60540,Other,Interior,PROD-2646,Kazookles,363.28,38,43.40999999999997,319.87,3,11.949460471261828,1.1423684210526308,8.417631578947368,9.559999999999999,The Other Factory,35.1175,-89.971107
2399,US-2024-12399-CH,2025-03-11,2025-03-14,Standard Class,CUST-18454,United States,Henderson,Kentucky,42420,Chocolate,Gulf,PROD-3776,Wonka Bar -Scrumdiddlyumptious,434.6,41,192.72000000000003,241.88,3,44.34422457432122,4.700487804878049,5.899512195121951,10.600000000000001,Lot's O' Nuts,32.881893,-111.768036
2400,US-2024-12400-CH,2024-10-18,2024-10-22,Second Class,CUST-16625,United States,Henderson,Kentucky,42420,Sugar,Gulf,PROD-2533,Laffy Taffy,54.8,20,18.61,36.19,4,33.95985401459854,0.9305,1.8094999999999999,2.7399999999999998,Sugar Shack,48.11914,-96.18115
2401,US-2024-12401-CH,2024-06-23,2024-06-25,Same Day,CUST-14685,United States,Atlanta,Georgia,30301,Sugar,Gulf,PROD-2120,Everlasting Gobstopper,15.09,3,2.3599999999999994,12.73,2,15.639496355202118,0.7866666666666665,4.243333333333333,5.03,Secret Factory,41.446333,-90.565487
2402,US-2024-12402-CH,2024-03-02,2024-03-07,Standard Class,CUST-11902,United States,New York,New York,10001,Other,Atlantic,PROD-9359,Fizzy Lifting Drinks,337.59,33,58.73999999999995,278.85,5,17.39980449657868,1.7799999999999985,8.450000000000001,10.229999999999999,Sugar Shack,48.11914,-96.18115
2403,US-2024-12403-CH,2025-07-25,2025-07-29,Second Class,CUST-16243,United States,New York,New York,10001,Other,Atlantic,PROD-0345,Lickable Wallpaper,156.24,31,10.640000000000015,145.6,4,6.810035842293916,0.3432258064516134,4.696774193548387,5.04,Secret Factory,41.446333,-90.565487
2404,US-2024-12404-CH,2025-09-16,2025-09-20,Second Class,CUST-15243,United States,Chicago,Illinois,60601,Chocolate,Interior,PROD-3893,Wonka Bar - Fudge Mallows,154.66,37,75.72,78.94,4,48.959006853743695,2.0464864864864865,2.1335135135135133,4.18,Lot's O' Nuts,32.881893,-111.768036
2405,US-2024-12405-CH,2025-10-15,2025-10-18,Standard Class,CUST-17055,United States,Atlanta,Georgia,30301,Sugar,Gulf,PROD-5646,Nerds,172.77,39,62.390000000000015,110.38,3,36.11159344793657,1.59974358974359,2.83025641025641,4.430000000000001,Sugar Shack,48.11914,-96.18115
2406,US-2024-12406-CH,2024-10-11,2024-10-13,Standard Class,CUST-17115,United States,Philadelphia,Pennsylvania,19143,Other,Atlantic,PROD-0345,Lickable Wallpaper,35.91,3,5.299999999999997,30.61,2,14.75912002227791,1.7666666666666657,10.203333333333333,11.969999999999999,Secret Factory,41.446333,-90.565487
2407,US-2024-12407-CH,2025-08-22,2025-08-27,Second Class,CUST-10476,United States,Seattle,Washington,98101,Chocolate,Pacific,PROD-0874,Wonka Bar - Milk Chocolate,163.03,17,105.65,57.38,5,64.80402379930075,6.214705882352941,3.375294117647059,9.59,Wicked Choccy's,32.076176,-81.088371
2408,US-2024-12408-CH,2025-07-29,2025-08-01,Standard Class,CUST-11582,United States,Los Angeles,California,90049,Chocolate,Pacific,PROD-0874,Wonka Bar - Milk Chocolate,137.25,15,68.86,68.39,3,50.1712204007286,4.5906666666666665,4.559333333333333,9.15,Wicked Choccy's,32.076176,-81.088371
2409,US-2024-12409-CH,2025-05-13,2025-05-20,Standard Class,CUST-17228,United States,Atlanta,Georgia,30301,Sugar,Gulf,PROD-6629,SweeTARTS,130.39,13,34.219999999999985,96.17,7,26.244343891402703,2.632307692307691,7.397692307692308,10.03,Sugar Shack,48.11914,-96.18115
2410,US-2024-12410-CH,2025-05-04,2025-05-07,Standard Class,CUST-10837,United States,Houston,Texas,77095,Chocolate,Gulf,PROD-7514,Wonka Bar - Triple Dazzle Caramel,92.8,8,59.23,33.57,3,63.82543103448276,7.40375,4.19625,11.6,Wicked Choccy's,32.076176,-81.088371
2411,US-2024-12411-CH,2024-11-13,2024-11-16,Second Class,CUST-16381,United States,Houston,Texas,77095,Sugar,Gulf,PROD-2120,Everlasting Gobstopper,27.0,10,3.75,23.25,3,13.88888888888889,0.375,2.325,2.7,Secret Factory,41.446333,-90.565487
2412,US-2024-12412-CH,2026-05-12,2026-05-19,First Class,CUST-17318,United States,Naperville,Illinois,60540,Sugar,Interior,PROD-5646,Nerds,178.2,44,56.43999999999998,121.76,7,31.672278338945,1.2827272727272723,2.7672727272727276,4.05,Sugar Shack,48.11914,-96.18115
2413,US-2024-12413-CH,2024-08-07,2024-08-11,Standard Class,CUST-18801,United States,Seattle,Washington,98101,Other,Pacific,PROD-9415,Wonka Gum,331.76,29,85.07,246.69,4,25.642030383409693,2.9334482758620686,8.506551724137932,11.44,Secret Factory,41.446333,-90.565487
2414,US-2024-12414-CH,2024-06-05,2024-06-10,Standard Class,CUST-13421,United States,Naperville,Illinois,60540,Other,Interior,PROD-2646,Kazookles,295.68,48,33.78000000000003,261.9,5,11.424512987012998,0.7037500000000007,5.45625,6.16,The Other Factory,35.1175,-89.971107
2415,US-2024-12415-CH,2025-11-04,2025-11-07,Standard Class,CUST-14025,United States,Naperville,Illinois,60540,Sugar,Interior,PROD-5646,Nerds,87.5,14,29.369999999999997,58.13,3,33.56571428571428,2.097857142857143,4.152142857142858,6.25,Sugar Shack,48.11914,-96.18115
2416,US-2024-12416-CH,2025-08-20,2025-08-22,Standard Class,CUST-17176,United States,Henderson,Kentucky,42420,Chocolate,Gulf,PROD-7514,Wonka Bar - Triple Dazzle Caramel,220.8,46,90.29000000000002,130.51,2,40.892210144927546,1.9628260869565222,2.837173913043478,4.8,Wicked Choccy's,32.076176,-81.088371
2417,US-2024-12417-CH,2025-08-30,2025-09-04,Second Class,CUST-19874,United States,Athens,Georgia,30605,Chocolate,Gulf,PROD-3893,Wonka Bar - Fudge Mallows,183.04,16,98.88,84.16,5,54.02097902097902,6.18,5.26,11.44,Lot's O' Nuts,32.881893,-111.768036
2418,US-2024-12418-CH,2025-05-17,2025-05-21,First Class,CUST-18572,United States,New York,New York,10001,Sugar,Atlantic,PROD-9885,Fun Dip,343.2,48,94.98999999999998,248.21,4,27.677738927738922,1.978958333333333,5.1710416666666665,7.1499999999999995,Sugar Shack,48.11914,-96.18115
2419,US-2024-12419-CH,2024-01-19,2024-01-21,Second Class,CUST-10221,United States,Philadelphia,Pennsylvania,19143,Other,Atlantic,PROD-9359,Fizzy Lifting Drinks,17.82,2,2.25,15.57,2,12.626262626262626,1.125,7.785,8.91,Sugar Shack,48.11914,-96.18115
2420,US-2024-12420-CH,2025-02-19,2025-02-23,Standard Class,CUST-13309,United States,Houston,Texas,77095,Chocolate,Gulf,PROD-7514,Wonka Bar - Triple Dazzle Caramel,359.91,43,195.74000000000004,164.17,4,54.38581867689145,4.552093023255815,3.8179069767441858,8.370000000000001,Wicked Choccy's,32.076176,-81.088371
2421,US-2024-12421-CH,2024-01-13,2024-01-16,First Class,CUST-18136,United States,Chicago,Illinois,60601,Chocolate,Interior,PROD-8572,Wonka Bar - Nutty Crunch Surprise,35.01,3,19.269999999999996,15.74,3,55.04141673807482,6.423333333333332,5.246666666666667,11.67,Lot's O' Nuts,32.881893,-111.768036
2422,US-2024-12422-CH,2024-10-05,2024-10-12,Standard Class,CUST-14067,United States,Henderson,Kentucky,42420,Chocolate,Gulf,PROD-8572,Wonka Bar - Nutty Crunch Surprise,16.56,3,6.749999999999998,9.81,7,40.760869565217384,2.2499999999999996,3.27,5.52,Lot's O' Nuts,32.881893,-111.768036
2423,US-2024-12423-CH,2024-04-22,2024-04-25,Standard Class,CUST-17934,United States,New York,New York,10001,Sugar,Atlantic,PROD-0725,Hair Toffee,50.35,5,15.64,34.71,3,31.06256206554121,3.128,6.942,10.07,The Other Factory,35.1175,-89.971107
2424,US-2024-12424-CH,2024-06-03,2024-06-05,Standard Class,CUST-15526,United States,Henderson,Kentucky,42420,Sugar,Gulf,PROD-0725,Hair Toffee,49.76,16,14.100000000000001,35.66,2,28.336012861736336,0.8812500000000001,2.22875,3.11,The Other Factory,35.1175,-89.971107
2425,US-2024-12425-CH,2024-02-02,2024-02-06,Standard Class,CUST-15670,United States,Seattle,Washington,98101,Sugar,Pacific,PROD-6629,SweeTARTS,414.1,41,141.78000000000003,272.32,4,34.238106737503024,3.4580487804878057,6.641951219512195,10.100000000000001,Sugar Shack,48.11914,-96.18115
2426,US-2024-12426-CH,2026-01-25,2026-01-29,Standard Class,CUST-16034,United States,Seattle,Washington,98101,Other,Pacific,PROD-0345,Lickable Wallpaper,160.68,39,-7.8700000000000045,168.55,4,-4.89793378142893,-0.2017948717948719,4.321794871794872,4.12,Secret Factory,41.446333,-90.565487
2427,US-2024-12427-CH,2024-01-16,2024-01-19,Second Class,CUST-14444,United States,Seattle,Washington,98101,Sugar,Pacific,PROD-2120,Everlasting Gobstopper,92.16,12,25.989999999999995,66.17,3,28.200954861111104,2.165833333333333,5.514166666666667,7.68,Secret Factory,41.446333,-90.565487
2428,US-2024-12428-CH,2024-01-12,2024-01-16,First Class,CUST-18736,United States,Philadelphia,Pennsylvania,19143,Sugar,Atlantic,PROD-5646,Nerds,55.88,22,20.18,35.7,4,36.113099498926275,0.9172727272727272,1.6227272727272728,2.54,Sugar Shack,48.11914,-96.18115
2429,US-2024-12429-CH,2024-03-17,2024-03-20,Second Class,CUST-15805,United States,Atlanta,Georgia,30301,Sugar,Gulf,PROD-5646,Nerds,336.0,42,96.03,239.97,3,28.580357142857142,2.2864285714285715,5.713571428571429,8.0,Sugar Shack,48.11914,-96.18115
2430,US-2024-12430-CH,2024-04-02,2024-04-06,First Class,CUST-16325,United States,Houston,Texas,77095,Other,Gulf,PROD-9415,Wonka Gum,335.42,31,77.63,257.79,4,23.144117822431575,2.5041935483870965,8.315806451612904,10.82,Secret Factory,41.446333,-90.565487
2431,US-2024-12431-CH,2025-10-28,2025-11-01,First Class,CUST-12005,United States,Seattle,Washington,98101,Sugar,Pacific,PROD-2120,Everlasting Gobstopper,353.7,30,94.99000000000001,258.71,4,26.856092733955332,3.1663333333333337,8.623666666666667,11.79,Secret Factory,41.446333,-90.565487
2432,US-2024-12432-CH,2026-02-02,2026-02-05,Same Day,CUST-14198,United States,Athens,Georgia,30605,Sugar,Gulf,PROD-2533,Laffy Taffy,14.7,3,6.059999999999999,8.64,3,41.22448979591836,2.0199999999999996,2.8800000000000003,4.8999999999999995,Sugar Shack,48.11914,-96.18115
2433,US-2024-12433-CH,2026-01-02,2026-01-05,Standard Class,CUST-16116,United States,Los Angeles,California,90049,Chocolate,Pacific,PROD-0874,Wonka Bar - Milk Chocolate,192.5,25,119.43,73.07,3,62.04155844155844,4.777200000000001,2.9227999999999996,7.7,Wicked Choccy's,32.076176,-81.088371
2434,US-2024-12434-CH,2024-12-25,2024-12-27,First Class,CUST-11468,United States,Atlanta,Georgia,30301,Other,Gulf,PROD-9415,Wonka Gum,19.1,5,2.0600000000000023,17.04,2,10.785340314136137,0.4120000000000005,3.408,3.8200000000000003,Secret Factory,41.446333,-90.565487
2435,US-2024-12435-CH,2025-06-25,2025-06-30,First Class,CUST-19308,United States,Atlanta,Georgia,30301,Chocolate,Gulf,PROD-7514,Wonka Bar - Triple Dazzle Caramel,153.75,41,87.15,66.6,5,56.6829268292683,2.1256097560975613,1.624390243902439,3.75,Wicked Choccy's,32.076176,-81.088371
2436,US-2024-12436-CH,2025-01-28,2025-01-30,Same Day,CUST-14087,United States,Chicago,Illinois,60601,Sugar,Interior,PROD-5646,Nerds,54.85,5,23.25,31.6,2,42.38833181403828,4.65,6.32,10.97,Sugar Shack,48.11914,-96.18115
2437,US-2024-12437-CH,2026-02-22,2026-02-25,Same Day,CUST-15774,United States,Henderson,Kentucky,42420,Sugar,Gulf,PROD-0725,Hair Toffee,288.61,49,84.22000000000003,204.39,3,29.181248051003088,1.7187755102040823,4.171224489795918,5.890000000000001,The Other Factory,35.1175,-89.971107
2438,US-2024-12438-CH,2025-12-07,2025-12-12,First Class,CUST-14545,United States,Athens,Georgia,30605,Chocolate,Gulf,PROD-0874,Wonka Bar - Milk Chocolate,74.4,20,34.690000000000005,39.71,5,46.62634408602151,1.7345000000000002,1.9855,3.72,Wicked Choccy's,32.076176,-81.088371
2439,US-2024-12439-CH,2025-09-16,2025-09-19,First Class,CUST-15442,United States,New York,New York,10001,Sugar,Atlantic,PROD-2120,Everlasting Gobstopper,287.36,32,94.24000000000001,193.12,3,32.79510022271715,2.9450000000000003,6.035,8.98,Secret Factory,41.446333,-90.565487
2440,US-2024-12440-CH,2024-12-18,2024-12-21,Same Day,CUST-13503,United States,Houston,Texas,77095,Sugar,Gulf,PROD-5646,Nerds,86.8,14,35.669999999999995,51.13,3,41.09447004608294,2.5478571428571426,3.652142857142857,6.2,Sugar Shack,48.11914,-96.18115
2441,US-2024-12441-CH,2025-04-23,2025-04-30,Standard Class,CUST-13612,United States,Athens,Georgia,30605,Sugar,Gulf,PROD-5646,Nerds,96.56,34,42.5,54.06,7,44.01408450704225,1.25,1.59,2.84,Sugar Shack,48.11914,-96.18115
2442,US-2024-12442-CH,2026-03-29,2026-04-02,Second Class,CUST-12193,United States,Los Angeles,California,90049,Sugar,Pacific,PROD-2120,Everlasting Gobstopper,107.3,37,20.909999999999997,86.39,4,19.487418452935692,0.565135135135135,2.3348648648648647,2.9,Secret Factory,41.446333,-90.565487
2443,US-2024-12443-CH,2026-02-07,2026-02-10,Standard Class,CUST-12309,United States,Los Angeles,California,90049,Sugar,Pacific,PROD-0725,Hair Toffee,75.6,27,23.669999999999995,51.93,3,31.309523809523803,0.8766666666666665,1.9233333333333333,2.8,The Other Factory,35.1175,-89.971107
2444,US-2024-12444-CH,2025-03-18,2025-03-22,Second Class,CUST-17953,United States,Naperville,Illinois,60540,Sugar,Interior,PROD-6629,SweeTARTS,136.5,42,50.03,86.47,4,36.65201465201465,1.1911904761904761,2.058809523809524,3.25,Sugar Shack,48.11914,-96.18115
2445,US-2024-12445-CH,2024-01-23,2024-01-25,First Class,CUST-12665,United States,Naperville,Illinois,60540,Sugar,Interior,PROD-6629,SweeTARTS,113.1,26,42.08999999999999,71.01,2,37.21485411140583,1.6188461538461534,2.7311538461538465,4.35,Sugar Shack,48.11914,-96.18115
2446,US-2024-12446-CH,2024-03-19,2024-03-23,Second Class,CUST-12737,United States,New York,New York,10001,Sugar,Atlantic,PROD-5646,Nerds,342.63,47,110.79999999999998,231.83,4,32.33809065172343,2.357446808510638,4.932553191489362,7.29,Sugar Shack,48.11914,-96.18115
2447,US-2024-12447-CH,2025-09-07,2025-09-14,Second Class,CUST-15204,United States,Los Angeles,California,90049,Sugar,Pacific,PROD-0725,Hair Toffee,206.64,36,36.639999999999986,170.0,7,17.731320170344556,1.0177777777777774,4.722222222222222,5.739999999999999,The Other Factory,35.1175,-89.971107
2448,US-2024-12448-CH,2025-11-15,2025-11-18,Second Class,CUST-18079,United States,Seattle,Washington,98101,Other,Pacific,PROD-0345,Lickable Wallpaper,140.25,25,13.299999999999997,126.95,3,9.483065953654187,0.5319999999999999,5.078,5.61,Secret Factory,41.446333,-90.565487
2449,US-2024-12449-CH,2024-01-23,2024-01-26,Second Class,CUST-13993,United States,Henderson,Kentucky,42420,Sugar,Gulf,PROD-5646,Nerds,215.67,39,72.55999999999997,143.11,3,33.64399313766401,1.8605128205128199,3.66948717948718,5.529999999999999,Sugar Shack,48.11914,-96.18115
2450,US-2024-12450-CH,2024-05-29,2024-06-02,Second Class,CUST-16547,United States,Naperville,Illinois,60540,Other,Interior,PROD-0345,Lickable Wallpaper,469.66,46,61.120000000000005,408.54,4,13.013669463015798,1.328695652173913,8.881304347826088,10.21,Secret Factory,41.446333,-90.565487
2451,US-2024-12451-CH,2024-08-24,2024-08-27,Standard Class,CUST-17045,United States,Athens,Georgia,30605,Other,Gulf,PROD-0345,Lickable Wallpaper,34.56,9,-1.1999999999999957,35.76,3,-3.47222222222221,-0.13333333333333286,3.973333333333333,3.8400000000000003,Secret Factory,41.446333,-90.565487
2452,US-2024-12452-CH,2026-02-02,2026-02-09,Standard Class,CUST-11845,United States,Naperville,Illinois,60540,Sugar,Interior,PROD-5646,Nerds,371.85,37,147.40000000000003,224.45,7,39.63963963963965,3.983783783783785,6.066216216216216,10.05,Sugar Shack,48.11914,-96.18115
2453,US-2024-12453-CH,2025-02-02,2025-02-05,Standard Class,CUST-19115,United States,New York,New York,10001,Sugar,Atlantic,PROD-2120,Everlasting Gobstopper,125.46,17,18.11,107.35,3,14.434879642914074,1.0652941176470587,6.314705882352941,7.38,Secret Factory,41.446333,-90.565487
2454,US-2024-12454-CH,2025-04-23,2025-04-26,Standard Class,CUST-19244,United States,Henderson,Kentucky,42420,Sugar,Gulf,PROD-6629,SweeTARTS,320.96,34,142.73999999999998,178.22,3,44.47283150548355,4.198235294117646,5.241764705882353,9.44,Sugar Shack,48.11914,-96.18115
2455,US-2024-12455-CH,2025-01-31,2025-02-02,Standard Class,CUST-15605,United States,Chicago,Illinois,60601,Sugar,Interior,PROD-9885,Fun Dip,74.6,20,20.319999999999993,54.28,2,27.238605898123318,1.0159999999999996,2.714,3.7299999999999995,Sugar Shack,48.11914,-96.18115
2456,US-2024-12456-CH,2024-10-17,2024-10-22,Second Class,CUST-17928,United States,Seattle,Washington,98101,Chocolate,Pacific,PROD-7514,Wonka Bar - Triple Dazzle Caramel,280.5,30,150.79,129.71,5,53.75757575757576,5.026333333333333,4.323666666666667,9.35,Wicked Choccy's,32.076176,-81.088371
2457,US-2024-12457-CH,2026-05-17,2026-05-19,Standard Class,CUST-12555,United States,Philadelphia,Pennsylvania,19143,Other,Atlantic,PROD-2646,Kazookles,144.46,31,20.480000000000004,123.98,2,14.176934791637827,0.6606451612903227,3.9993548387096776,4.66,The Other Factory,35.1175,-89.971107
2458,US-2024-12458-CH,2024-04-16,2024-04-19,Standard Class,CUST-15786,United States,Naperville,Illinois,60540,Chocolate,Interior,PROD-7514,Wonka Bar - Triple Dazzle Caramel,178.35,29,75.50999999999999,102.84,3,42.33809924306139,2.6037931034482757,3.546206896551724,6.1499999999999995,Wicked Choccy's,32.076176,-81.088371
2459,US-2024-12459-CH,2025-02-16,2025-02-20,Standard Class,CUST-13229,United States,Philadelphia,Pennsylvania,19143,Sugar,Atlantic,PROD-2120,Everlasting Gobstopper,135.43,29,20.060000000000002,115.37,4,14.812080041349777,0.6917241379310346,3.9782758620689656,4.67,Secret Factory,41.446333,-90.565487
2460,US-2024-12460-CH,2024-08-12,2024-08-14,Standard Class,CUST-18540,United States,Chicago,Illinois,60601,Sugar,Interior,PROD-0725,Hair Toffee,87.12,33,27.900000000000006,59.22,2,32.02479338842976,0.8454545454545457,1.7945454545454544,2.64,The Other Factory,35.1175,-89.971107
2461,US-2024-12461-CH,2025-01-31,2025-02-02,Standard Class,CUST-15930,United States,Chicago,Illinois,60601,Sugar,Interior,PROD-9885,Fun Dip,348.5,34,139.07,209.43,2,39.905308464849355,4.090294117647058,6.159705882352942,10.25,Sugar Shack,48.11914,-96.18115
2462,US-2024-12462-CH,2024-11-19,2024-11-23,Standard Class,CUST-10907,United States,Seattle,Washington,98101,Sugar,Pacific,PROD-2120,Everlasting Gobstopper,82.8,12,25.479999999999997,57.32,4,30.772946859903378,2.123333333333333,4.776666666666666,6.8999999999999995,Secret Factory,41.446333,-90.565487
2463,US-2024-12463-CH,2026-05-07,2026-05-10,Standard Class,CUST-19452,United States,Henderson,Kentucky,42420,Sugar,Gulf,PROD-9885,Fun Dip,222.36,34,63.410000000000025,158.95,3,28.516819571865454,1.8650000000000007,4.675,6.54,Sugar Shack,48.11914,-96.18115
2464,US-2024-12464-CH,2026-02-26,2026-03-05,Standard Class,CUST-13844,United States,Los Angeles,California,90049,Sugar,Pacific,PROD-2120,Everlasting Gobstopper,370.23,43,51.400000000000034,318.83,7,13.883261756205611,1.195348837209303,7.4146511627906975,8.610000000000001,Secret Factory,41.446333,-90.565487
2465,US-2024-12465-CH,2024-11-18,2024-11-22,Standard Class,CUST-18998,United States,Naperville,Illinois,60540,Sugar,Interior,PROD-2533,Laffy Taffy,130.56,17,50.7,79.86,4,38.8327205882353,2.9823529411764707,4.697647058823529,7.68,Sugar Shack,48.11914,-96.18115
2466,US-2024-12466-CH,2024-09-13,2024-09-16,Standard Class,CUST-15708,United States,Atlanta,Georgia,30301,Other,Gulf,PROD-9359,Fizzy Lifting Drinks,329.94,47,48.50999999999999,281.43,3,14.70267321331151,1.032127659574468,5.987872340425532,7.02,Sugar Shack,48.11914,-96.18115
2467,US-2024-12467-CH,2025-05-05,2025-05-07,Standard Class,CUST-10500,United States,Naperville,Illinois,60540,Chocolate,Interior,PROD-3776,Wonka Bar -Scrumdiddlyumptious,139.68,18,60.510000000000005,79.17,2,43.320446735395194,3.361666666666667,4.398333333333333,7.760000000000001,Lot's O' Nuts,32.881893,-111.768036
2468,US-2024-12468-CH,2024-01-07,2024-01-11,Second Class,CUST-15781,United States,Atlanta,Georgia,30301,Sugar,Gulf,PROD-5646,Nerds,31.2,8,12.45,18.75,4,39.90384615384615,1.55625,2.34375,3.9,Sugar Shack,48.11914,-96.18115
2469,US-2024-12469-CH,2024-08-06,2024-08-11,First Class,CUST-12948,United States,Houston,Texas,77095,Chocolate,Gulf,PROD-0874,Wonka Bar - Milk Chocolate,152.26,46,81.24999999999999,71.01,5,53.36266911861289,1.7663043478260867,1.5436956521739131,3.3099999999999996,Wicked Choccy's,32.076176,-81.088371
2470,US-2024-12470-CH,2026-01-28,2026-01-31,Standard Class,CUST-15099,United States,Athens,Georgia,30605,Sugar,Gulf,PROD-2533,Laffy Taffy,100.44,18,27.299999999999997,73.14,3,27.180406212664277,1.5166666666666666,4.0633333333333335,5.58,Sugar Shack,48.11914,-96.18115
2471,US-2024-12471-CH,2026-01-25,2026-01-29,Standard Class,CUST-17012,United States,New York,New York,10001,Sugar,Atlantic,PROD-5646,Nerds,200.2,22,56.47,143.73,4,28.206793206793208,2.566818181818182,6.533181818181817,9.1,Sugar Shack,48.11914,-96.18115
2472,US-2024-12472-CH,2025-04-16,2025-04-19,Standard Class,CUST-15439,United States,New York,New York,10001,Other,Atlantic,PROD-9415,Wonka Gum,32.83,7,3.979999999999997,28.85,3,12.12305817849527,0.5685714285714282,4.121428571428572,4.6899999999999995,Secret Factory,41.446333,-90.565487
2473,US-2024-12473-CH,2024-10-20,2024-10-23,Same Day,CUST-10129,United States,Houston,Texas,77095,Sugar,Gulf,PROD-0725,Hair Toffee,336.0,28,58.629999999999995,277.37,3,17.44940476190476,2.093928571428571,9.906071428571428,12.0,The Other Factory,35.1175,-89.971107
2474,US-2024-12474-CH,2024-02-14,2024-02-18,Standard Class,CUST-18808,United States,Philadelphia,Pennsylvania,19143,Chocolate,Atlantic,PROD-3776,Wonka Bar -Scrumdiddlyumptious,173.4,17,102.64,70.76,4,59.19261822376009,6.03764705882353,4.162352941176471,10.200000000000001,Lot's O' Nuts,32.881893,-111.768036
2475,US-2024-12475-CH,2024-06-19,2024-06-26,Standard Class,CUST-10998,United States,Seattle,Washington,98101,Other,Pacific,PROD-0345,Lickable Wallpaper,239.04,36,2.1399999999999864,236.9,7,0.8952476572958443,0.059444444444444064,6.580555555555556,6.64,Secret Factory,41.446333,-90.565487
2476,US-2024-12476-CH,2024-03-10,2024-03-14,Standard Class,CUST-10204,United States,Atlanta,Georgia,30301,Other,Gulf,PROD-0345,Lickable Wallpaper,112.23,29,7.400000000000006,104.83,4,6.593602423594409,0.2551724137931036,3.6148275862068964,3.87,Secret Factory,41.446333,-90.565487
2477,US-2024-12477-CH,2024-06-13,2024-06-16,Standard Class,CUST-15578,United States,Los Angeles,California,90049,Chocolate,Pacific,PROD-8572,Wonka Bar - Nutty Crunch Surprise,63.0,18,30.28,32.72,3,48.06349206349206,1.6822222222222223,1.8177777777777777,3.5,Lot's O' Nuts,32.881893,-111.768036
2478,US-2024-12478-CH,2024-03-18,2024-03-23,Standard Class,CUST-17595,United States,Atlanta,Georgia,30301,Sugar,Gulf,PROD-9885,Fun Dip,200.0,25,75.43,124.57,5,37.715,3.0172000000000003,4.9828,8.0,Sugar Shack,48.11914,-96.18115
2479,US-2024-12479-CH,2024-08-26,2024-09-02,Second Class,CUST-13595,United States,Houston,Texas,77095,Sugar,Gulf,PROD-9885,Fun Dip,388.8,48,148.71,240.09,7,38.248456790123456,3.098125,5.001875,8.1,Sugar Shack,48.11914,-96.18115
2480,US-2024-12480-CH,2025-02-25,2025-03-04,Standard Class,CUST-18876,United States,Seattle,Washington,98101,Chocolate,Pacific,PROD-0874,Wonka Bar - Milk Chocolate,338.41,43,136.25000000000003,202.16,7,40.26181259419048,3.1686046511627914,4.7013953488372096,7.870000000000001,Wicked Choccy's,32.076176,-81.088371
2481,US-2024-12481-CH,2025-01-09,2025-01-13,Second Class,CUST-15659,United States,Henderson,Kentucky,42420,Chocolate,Gulf,PROD-3776,Wonka Bar -Scrumdiddlyumptious,213.75,19,114.17,99.58,4,53.41286549707603,6.008947368421053,5.241052631578947,11.25,Lot's O' Nuts,32.881893,-111.768036
2482,US-2024-12482-CH,2026-05-29,2026-06-01,Second Class,CUST-17248,United States,Houston,Texas,77095,Sugar,Gulf,PROD-2533,Laffy Taffy,340.13,43,110.50999999999999,229.62,3,32.49051833122629,2.57,5.34,7.91,Sugar Shack,48.11914,-96.18115
2483,US-2024-12483-CH,2025-06-19,2025-06-21,Standard Class,CUST-15118,United States,Houston,Texas,77095,Sugar,Gulf,PROD-0725,Hair Toffee,195.12,36,37.66,157.46,2,19.300943009430092,1.046111111111111,4.373888888888889,5.42,The Other Factory,35.1175,-89.971107
2484,US-2024-12484-CH,2024-03-08,2024-03-10,First Class,CUST-15405,United States,Philadelphia,Pennsylvania,19143,Chocolate,Atlantic,PROD-0874,Wonka Bar - Milk Chocolate,308.1,26,189.98000000000002,118.12,2,61.66179811749433,7.306923076923078,4.5430769230769235,11.850000000000001,Wicked Choccy's,32.076176,-81.088371
2485,US-2024-12485-CH,2025-10-13,2025-10-17,Second Class,CUST-17391,United States,Naperville,Illinois,60540,Chocolate,Interior,PROD-7514,Wonka Bar - Triple Dazzle Caramel,380.64,39,219.51,161.13,4,57.668663303909206,5.628461538461538,4.131538461538462,9.76,Wicked Choccy's,32.076176,-81.088371
2486,US-2024-12486-CH,2024-10-11,2024-10-14,Second Class,CUST-16986,United States,Houston,Texas,77095,Sugar,Gulf,PROD-5646,Nerds,272.6,29,86.52000000000001,186.08,3,31.73881144534116,2.9834482758620693,6.416551724137931,9.4,Sugar Shack,48.11914,-96.18115
2487,US-2024-12487-CH,2026-05-30,2026-06-02,Second Class,CUST-16097,United States,Athens,Georgia,30605,Sugar,Gulf,PROD-6629,SweeTARTS,124.32,48,40.269999999999996,84.05,3,32.39221364221364,0.8389583333333333,1.7510416666666666,2.59,Sugar Shack,48.11914,-96.18115
2488,US-2024-12488-CH,2025-12-12,2025-12-14,Standard Class,CUST-18334,United States,Naperville,Illinois,60540,Sugar,Interior,PROD-2120,Everlasting Gobstopper,275.9,31,90.73999999999998,185.16,2,32.8887277999275,2.9270967741935476,5.972903225806451,8.899999999999999,Secret Factory,41.446333,-90.565487
2489,US-2024-12489-CH,2024-06-29,2024-07-02,Standard Class,CUST-17300,United States,Chicago,Illinois,60601,Chocolate,Interior,PROD-3776,Wonka Bar -Scrumdiddlyumptious,196.33,29,86.25000000000001,110.08,3,43.931136352060314,2.974137931034483,3.7958620689655174,6.7700000000000005,Lot's O' Nuts,32.881893,-111.768036
2490,US-2024-12490-CH,2024-10-03,2024-10-05,Standard Class,CUST-10987,United States,Los Angeles,California,90049,Sugar,Pacific,PROD-6629,SweeTARTS,220.32,24,96.89999999999999,123.42,2,43.981481481481474,4.0375,5.1425,9.18,Sugar Shack,48.11914,-96.18115
2491,US-2024-12491-CH,2024-04-01,2024-04-08,Standard Class,CUST-15800,United States,Athens,Georgia,30605,Chocolate,Gulf,PROD-0874,Wonka Bar - Milk Chocolate,121.0,20,72.91,48.09,7,60.256198347107436,3.6454999999999997,2.4045,6.05,Wicked Choccy's,32.076176,-81.088371
2492,US-2024-12492-CH,2024-03-13,2024-03-17,Second Class,CUST-14358,United States,Philadelphia,Pennsylvania,19143,Sugar,Atlantic,PROD-9885,Fun Dip,98.52,12,37.129999999999995,61.39,4,37.68777913114088,3.0941666666666663,5.115833333333334,8.209999999999999,Sugar Shack,48.11914,-96.18115
2493,US-2024-12493-CH,2025-07-03,2025-07-06,Standard Class,CUST-16970,United States,Seattle,Washington,98101,Other,Pacific,PROD-2646,Kazookles,231.56,28,56.5,175.06,3,24.399723613750215,2.017857142857143,6.252142857142857,8.27,The Other Factory,35.1175,-89.971107
2494,US-2024-12494-CH,2025-02-15,2025-02-18,Standard Class,CUST-19261,United States,Henderson,Kentucky,42420,Other,Gulf,PROD-9359,Fizzy Lifting Drinks,30.6,3,0.5800000000000018,30.02,3,1.8954248366013133,0.19333333333333394,10.006666666666666,10.200000000000001,Sugar Shack,48.11914,-96.18115
2495,US-2024-12495-CH,2024-10-27,2024-10-29,Standard Class,CUST-11265,United States,Henderson,Kentucky,42420,Sugar,Gulf,PROD-0725,Hair Toffee,69.86,14,10.54,59.32,2,15.087317492127111,0.7528571428571428,4.2371428571428575,4.99,The Other Factory,35.1175,-89.971107
2496,US-2024-12496-CH,2026-03-06,2026-03-08,Second Class,CUST-13523,United States,Philadelphia,Pennsylvania,19143,Sugar,Atlantic,PROD-5646,Nerds,140.8,32,58.22000000000001,82.58,2,41.34943181818183,1.8193750000000004,2.580625,4.4,Sugar Shack,48.11914,-96.18115
2497,US-2024-12497-CH,2025-06-12,2025-06-15,Standard Class,CUST-13372,United States,Chicago,Illinois,60601,Sugar,Interior,PROD-9885,Fun Dip,160.23,21,42.889999999999986,117.34,3,26.767771328714968,2.0423809523809515,5.5876190476190475,7.63,Sugar Shack,48.11914,-96.18115
2498,US-2024-12498-CH,2026-03-25,2026-04-01,Same Day,CUST-18181,United States,New York,New York,10001,Chocolate,Atlantic,PROD-7514,Wonka Bar - Triple Dazzle Caramel,446.6,44,226.24,220.36,7,50.65830721003135,5.141818181818182,5.008181818181819,10.15,Wicked Choccy's,32.076176,-81.088371
2499,US-2024-12499-CH,2025-08-28,2025-08-30,First Class,CUST-14075,United States,Seattle,Washington,98101,Sugar,Pacific,PROD-5646,Nerds,329.76,48,121.64999999999998,208.11,2,36.890465793304216,2.5343749999999994,4.335625,6.87,Sugar Shack,48.11914,-96.18115
2500,US-2024-12500-CH,2024-06-23,2024-06-28,Standard Class,CUST-11493,United States,Houston,Texas,77095,Sugar,Gulf,PROD-2120,Everlasting Gobstopper,252.62,34,67.73000000000002,184.89,5,26.81102050510649,1.9920588235294123,5.437941176470588,7.43,Secret Factory,41.446333,-90.565487
